t_s,phase,displayed_frames,published,dropped,mailbox_age_ms,upload_count,upload_sum_us,upload_max_ms,rss_kb,footprint_kb,exposed,degraded,producer_fps,producer_rendered,producer_failed
0.992,warmup,49,49,0,5,49,31959,1.050,1144148,1356484,1,0,0.00,49,0
1.996,warmup,93,93,0,13,92,58303,1.050,1059832,1547332,1,0,49.75,93,0
2.996,warmup,143,143,0,12,142,87973,1.050,1060304,1545696,1,0,44.00,143,0
3.997,warmup,193,193,0,14,192,117842,1.050,1060304,1545696,1,0,50.00,193,0
4.991,warmup,243,243,0,8,242,147771,1.050,1060304,1433364,1,0,50.00,243,0
5.997,warmup,293,293,0,14,292,177732,1.050,1060300,1433360,1,0,50.00,293,0
6.997,warmup,343,343,0,14,342,207720,1.050,1060304,1433360,1,0,50.05,343,0
7.994,warmup,393,393,0,11,392,237924,1.050,1037776,1410808,1,0,50.00,393,0
8.997,warmup,443,443,0,14,442,268081,1.050,1037776,1410808,1,0,49.95,443,0
9.996,warmup,493,493,0,13,492,298154,1.050,1037780,1410808,1,0,50.05,493,0
10.997,warmup,543,543,0,14,542,327937,1.050,1037780,1410808,1,0,49.95,543,0
11.992,warmup,593,593,0,9,592,358055,1.050,1037780,1410808,1,0,50.05,593,0
12.997,warmup,643,643,0,13,642,388821,1.050,1037780,1410808,1,0,49.95,643,0
13.997,warmup,693,693,0,13,692,419024,1.050,1037780,1410808,1,0,50.00,693,0
14.997,warmup,743,743,0,12,742,449129,1.050,1037780,1410808,1,0,49.95,743,0
15.997,warmup,793,793,0,13,792,479358,1.050,1037780,1410808,1,0,50.10,793,0
16.997,warmup,843,843,0,13,842,509363,1.050,1037780,1410808,1,0,49.90,843,0
17.997,warmup,884,884,0,14,883,533525,1.050,1090124,1431352,1,0,50.10,884,0
18.992,warmup,934,934,0,9,933,563986,1.050,1090132,1431592,1,0,41.00,934,0
19.997,warmup,984,984,0,14,983,594091,1.050,1090132,1431592,1,0,49.95,984,0
20.997,warmup,1034,1034,0,13,1033,623770,1.050,1089956,1431284,1,0,50.05,1034,0
21.994,warmup,1084,1084,0,11,1083,653813,1.050,1089836,1431060,1,0,49.95,1084,0
22.996,warmup,1134,1134,0,12,1133,684045,1.050,1089852,1431060,1,0,49.95,1134,0
23.992,warmup,1183,1183,0,6,1181,712848,1.050,1067352,1517220,1,0,50.00,1183,0
24.992,warmup,1233,1233,0,8,1231,742495,1.050,1067356,1517220,1,0,49.00,1233,0
25.992,warmup,1283,1283,0,8,1281,772338,1.050,1067356,1517220,1,0,50.00,1283,0
26.994,warmup,1333,1333,0,10,1331,802274,1.050,1067356,1503392,1,0,50.05,1333,0
27.991,warmup,1383,1383,0,6,1381,831914,1.050,1067356,1503392,1,0,50.00,1383,0
28.997,warmup,1433,1433,0,12,1431,861781,1.050,1067356,1503392,1,0,50.00,1433,0
29.997,warmup,1483,1483,0,14,1481,891943,1.050,1050972,1486992,1,0,50.05,1483,0
30.992,warmup,1533,1533,0,7,1531,922267,1.050,1050972,1486992,1,0,50.00,1533,0
31.992,warmup,1583,1583,0,7,1581,952357,1.050,1050972,1486992,1,0,49.95,1583,0
32.992,warmup,1633,1633,0,8,1631,983528,1.050,1050976,1487056,1,0,50.00,1633,0
33.997,warmup,1683,1683,0,13,1681,1013455,1.050,1050976,1487056,1,0,50.00,1683,0
34.997,warmup,1733,1733,0,13,1731,1043583,1.050,1050976,1487056,1,0,50.00,1733,0
35.995,warmup,1783,1783,0,11,1781,1074429,1.050,1050976,1487056,1,0,50.00,1783,0
36.991,warmup,1833,1833,0,7,1831,1104281,1.050,1050992,1487056,1,0,50.00,1833,0
37.992,warmup,1883,1883,0,6,1881,1134403,1.050,1050992,1487056,1,0,50.00,1883,0
38.992,warmup,1933,1933,0,8,1931,1164266,1.050,1050992,1487056,1,0,50.00,1933,0
39.991,warmup,1983,1983,0,7,1981,1194121,1.050,1050992,1487056,1,0,49.95,1983,0
40.996,warmup,2033,2033,0,12,2031,1223751,1.050,1050992,1487056,1,0,50.05,2033,0
41.997,warmup,2083,2083,0,13,2081,1253775,1.050,1050992,1487056,1,0,50.00,2083,0
42.991,warmup,2133,2133,0,6,2131,1283621,1.050,1050992,1487056,1,0,49.95,2133,0
43.991,warmup,2183,2183,0,7,2181,1313480,1.050,1050992,1487056,1,0,50.05,2183,0
44.996,warmup,2233,2233,0,13,2231,1344248,1.050,1050992,1487056,1,0,50.00,2233,0
45.997,warmup,2283,2283,0,14,2281,1374602,1.050,1050992,1487056,1,0,50.05,2283,0
46.991,warmup,2333,2333,0,8,2331,1404777,1.050,1050992,1487056,1,0,49.95,2333,0
47.997,warmup,2383,2383,0,14,2381,1434396,1.050,1050904,1486916,1,0,50.05,2383,0
48.996,warmup,2433,2433,0,13,2431,1464227,1.050,1050904,1486916,1,0,49.95,2433,0
49.993,warmup,2483,2483,0,10,2481,1493848,1.050,1050904,1486916,1,0,50.00,2483,0
50.994,warmup,2533,2533,0,11,2531,1523187,1.050,1050904,1486916,1,0,50.00,2533,0
51.992,warmup,2583,2583,0,6,2581,1552476,1.050,1050904,1486916,1,0,50.00,2583,0
52.992,warmup,2633,2633,0,9,2631,1582163,1.050,1050956,1486916,1,0,50.05,2633,0
53.991,warmup,2683,2683,0,8,2681,1611497,1.050,1050968,1486936,1,0,49.95,2683,0
54.996,warmup,2733,2733,0,13,2731,1641465,1.050,1050968,1486936,1,0,50.05,2733,0
55.997,warmup,2783,2783,0,14,2781,1671194,1.050,1050968,1486936,1,0,49.95,2783,0
56.997,warmup,2833,2833,0,15,2831,1700531,1.050,1050968,1486936,1,0,50.00,2833,0
57.993,warmup,2883,2883,0,9,2881,1730212,1.050,1050968,1486936,1,0,49.90,2883,0
58.993,warmup,2933,2933,0,8,2931,1761482,1.430,1050972,1486936,1,0,50.10,2933,0
59.994,warmup,2983,2983,0,11,2981,1791268,1.430,1050972,1486936,1,0,50.00,2983,0
60.992,warmup,3033,3033,0,10,3031,1820143,1.430,1050972,1486936,1,0,50.00,3033,0
61.995,warmup,3083,3083,0,11,3081,1848823,1.430,1050972,1486936,1,0,50.05,3083,0
62.997,warmup,3133,3133,0,14,3131,1877897,1.430,1050972,1486936,1,0,50.00,3133,0
63.994,warmup,3183,3183,0,11,3181,1907168,1.430,1050972,1486936,1,0,50.00,3183,0
64.991,warmup,3233,3233,0,7,3231,1936533,1.430,1050972,1486936,1,0,50.00,3233,0
65.993,warmup,3283,3283,0,10,3281,1966056,1.430,1050972,1486936,1,0,49.95,3283,0
66.996,warmup,3333,3333,0,13,3331,1995112,1.430,1051000,1486960,1,0,50.05,3333,0
67.991,warmup,3383,3383,0,8,3381,2024099,1.430,1051000,1486960,1,0,50.00,3383,0
68.997,warmup,3433,3433,0,14,3431,2053323,1.430,1051000,1486960,1,0,50.00,3433,0
69.993,warmup,3483,3483,0,10,3481,2082255,1.430,1051000,1486960,1,0,50.00,3483,0
70.997,warmup,3533,3533,0,13,3531,2111628,1.430,1051000,1486960,1,0,50.00,3533,0
71.997,warmup,3583,3583,0,13,3581,2140354,1.430,1051000,1486960,1,0,50.00,3583,0
72.997,warmup,3633,3633,0,12,3631,2169866,1.430,1051000,1486960,1,0,50.00,3633,0
73.997,warmup,3683,3683,0,13,3681,2198981,1.430,1051004,1486960,1,0,49.95,3683,0
74.991,warmup,3733,3733,0,7,3731,2228295,1.430,1051004,1486960,1,0,50.05,3733,0
75.997,warmup,3783,3783,0,12,3781,2257144,1.430,1051004,1486960,1,0,49.90,3783,0
76.995,warmup,3833,3833,0,10,3831,2286087,1.430,1051004,1486960,1,0,50.10,3833,0
77.997,warmup,3883,3883,0,13,3881,2316040,1.430,1051004,1486960,1,0,49.95,3883,0
78.996,warmup,3933,3933,0,13,3931,2345343,1.430,1051004,1486960,1,0,50.00,3933,0
79.992,warmup,3983,3983,0,6,3981,2375256,1.430,1051004,1486960,1,0,49.95,3983,0
80.991,warmup,4033,4033,0,8,4031,2404180,1.430,1051004,1486960,1,0,50.10,4033,0
81.992,warmup,4083,4083,0,8,4081,2433752,1.430,1051004,1486960,1,0,49.95,4083,0
82.992,warmup,4133,4133,0,8,4131,2463428,1.430,1051004,1486960,1,0,50.00,4133,0
83.997,warmup,4183,4183,0,13,4181,2493269,1.430,1051004,1486960,1,0,50.00,4183,0
84.997,warmup,4233,4233,0,14,4231,2522370,1.430,1051004,1486960,1,0,50.00,4233,0
85.997,warmup,4283,4283,0,12,4281,2551604,1.430,1051004,1486960,1,0,50.00,4283,0
86.997,warmup,4333,4333,0,12,4331,2581044,1.430,1051004,1486960,1,0,50.05,4333,0
87.992,warmup,4383,4383,0,7,4381,2609856,1.430,1051004,1486960,1,0,49.95,4383,0
88.992,warmup,4433,4433,0,7,4431,2639046,1.430,1051008,1486964,1,0,50.05,4433,0
89.996,warmup,4483,4483,0,12,4481,2668653,1.430,1051008,1486964,1,0,49.95,4483,0
90.993,warmup,4533,4533,0,9,4531,2697855,1.430,1051012,1486964,1,0,50.00,4533,0
91.997,warmup,4583,4583,0,12,4581,2727145,1.430,1051012,1486964,1,0,50.00,4583,0
92.996,warmup,4633,4633,0,12,4631,2756239,1.430,1051012,1486964,1,0,50.00,4633,0
93.996,warmup,4683,4683,0,11,4681,2785528,1.430,1051012,1486964,1,0,50.00,4683,0
94.997,warmup,4733,4733,0,13,4731,2815256,1.430,1051012,1486964,1,0,50.00,4733,0
95.991,warmup,4783,4783,0,8,4781,2844353,1.430,1051012,1486964,1,0,50.00,4783,0
96.996,warmup,4833,4833,0,12,4831,2873255,1.430,1051012,1486964,1,0,50.05,4833,0
97.994,warmup,4883,4883,0,10,4881,2903060,1.430,1051012,1486964,1,0,49.95,4883,0
98.997,warmup,4933,4933,0,14,4931,2932117,1.430,1051012,1486964,1,0,50.05,4933,0
99.997,warmup,4983,4983,0,14,4981,2961659,1.430,1051012,1486964,1,0,49.95,4983,0
100.996,warmup,5033,5033,0,13,5031,2990354,1.430,1051012,1486964,1,0,50.05,5033,0
101.992,warmup,5083,5083,0,9,5081,3019522,1.430,1051012,1486964,1,0,50.00,5083,0
102.991,warmup,5133,5133,0,8,5131,3048964,1.430,1051012,1486964,1,0,50.00,5133,0
103.994,warmup,5183,5183,0,11,5181,3078203,1.430,1051012,1486964,1,0,49.95,5183,0
104.997,warmup,5233,5233,0,14,5231,3107231,1.430,1051012,1486964,1,0,50.00,5233,0
105.997,warmup,5283,5283,0,14,5281,3136221,1.430,1051012,1486964,1,0,50.00,5283,0
106.993,warmup,5333,5333,0,10,5331,3165313,1.430,1051012,1486964,1,0,50.00,5333,0
107.996,warmup,5383,5383,0,13,5381,3194934,1.430,1051012,1486964,1,0,50.00,5383,0
108.993,warmup,5433,5433,0,10,5431,3224383,1.430,1051012,1486964,1,0,50.00,5433,0
109.991,warmup,5483,5483,0,8,5481,3253449,1.430,1051012,1486964,1,0,49.95,5483,0
110.992,warmup,5533,5533,0,9,5531,3282733,1.430,1051012,1486964,1,0,50.10,5533,0
111.997,warmup,5583,5583,0,14,5581,3312557,1.430,1051012,1486964,1,0,49.95,5583,0
112.997,warmup,5633,5633,0,14,5631,3341547,1.430,1051012,1486964,1,0,50.05,5633,0
113.996,warmup,5683,5683,0,14,5681,3370766,1.430,1050984,1486912,1,0,50.00,5683,0
114.994,warmup,5733,5733,0,10,5731,3400283,1.430,1050984,1486912,1,0,49.95,5733,0
115.992,warmup,5783,5783,0,7,5781,3430385,1.430,1050984,1486912,1,0,50.00,5783,0
116.992,warmup,5833,5833,0,8,5831,3459825,1.430,1050984,1486912,1,0,50.00,5833,0
117.997,warmup,5883,5883,0,12,5881,3488779,1.430,1050984,1486912,1,0,50.05,5883,0
118.997,warmup,5933,5933,0,14,5931,3518166,1.430,1050984,1486912,1,0,50.00,5933,0
119.993,warmup,5983,5983,0,9,5981,3547289,1.430,1050984,1486912,1,0,49.95,5983,0
120.996,warmup,6033,6033,0,14,6031,3576177,1.430,1050984,1486912,1,0,50.00,6033,0
121.997,warmup,6083,6083,0,13,6081,3604938,1.430,1050952,1486852,1,0,50.00,6083,0
122.991,warmup,6133,6133,0,7,6131,3633977,1.430,1050956,1486852,1,0,50.00,6133,0
123.997,warmup,6183,6183,0,12,6181,3663707,1.430,1050956,1486852,1,0,50.00,6183,0
124.997,warmup,6233,6233,0,12,6231,3692763,1.430,1050956,1486852,1,0,50.05,6233,0
125.992,warmup,6283,6283,0,7,6281,3722214,1.430,1050956,1486852,1,0,49.95,6283,0
126.997,warmup,6333,6333,0,14,6331,3751704,1.430,1050956,1486852,1,0,50.00,6333,0
127.992,warmup,6383,6383,0,8,6381,3780949,1.430,1050956,1486852,1,0,50.00,6383,0
128.992,warmup,6433,6433,0,6,6431,3810728,1.430,1050956,1486852,1,0,50.00,6433,0
129.991,warmup,6483,6483,0,6,6481,3840508,1.430,1056840,1494076,1,0,50.00,6483,0
130.991,warmup,6533,6533,0,7,6531,3869642,1.430,1050956,1486852,1,0,50.00,6533,0
131.996,warmup,6583,6583,0,13,6581,3899139,1.430,1050956,1486852,1,0,50.05,6583,0
132.997,warmup,6633,6633,0,13,6631,3929366,1.430,1050956,1486852,1,0,49.95,6633,0
133.996,warmup,6683,6683,0,12,6681,3959175,1.430,1050956,1486852,1,0,50.00,6683,0
134.992,warmup,6733,6733,0,8,6731,3988178,1.430,1050956,1486852,1,0,50.00,6733,0
135.996,warmup,6783,6783,0,12,6781,4017192,1.430,1050956,1486852,1,0,49.95,6783,0
136.992,warmup,6833,6833,0,8,6831,4046245,1.430,1050956,1486852,1,0,50.05,6833,0
137.991,warmup,6883,6883,0,7,6881,4075389,1.430,1050956,1486852,1,0,50.00,6883,0
138.994,warmup,6933,6933,0,10,6931,4104650,1.430,1050956,1486852,1,0,50.00,6933,0
139.997,warmup,6983,6983,0,14,6981,4134330,1.430,1050956,1486852,1,0,49.95,6983,0
140.997,warmup,7033,7033,0,13,7031,4163940,1.430,1050956,1486852,1,0,50.05,7033,0
141.997,warmup,7083,7083,0,14,7081,4192654,1.430,1050956,1486852,1,0,50.00,7083,0
142.996,warmup,7133,7133,0,11,7131,4222110,1.430,1050956,1486852,1,0,50.00,7133,0
143.997,warmup,7183,7183,0,13,7181,4251669,1.430,1050956,1486852,1,0,50.00,7183,0
144.992,warmup,7233,7233,0,6,7231,4280721,1.430,1051008,1486908,1,0,50.00,7233,0
145.997,warmup,7283,7283,0,14,7281,4310021,1.430,1051008,1486908,1,0,50.05,7283,0
146.997,warmup,7333,7333,0,14,7331,4339409,1.430,1051008,1486908,1,0,50.00,7333,0
147.996,warmup,7383,7383,0,13,7381,4368066,1.430,1051008,1486908,1,0,50.00,7383,0
148.993,warmup,7433,7433,0,10,7431,4396989,1.430,1051008,1486908,1,0,50.00,7433,0
149.997,warmup,7483,7483,0,13,7481,4426429,1.430,1051008,1486908,1,0,50.00,7483,0
150.997,warmup,7533,7533,0,14,7531,4455642,1.430,1051008,1486908,1,0,50.00,7533,0
151.991,warmup,7583,7583,0,7,7581,4485080,1.430,1051008,1486908,1,0,50.00,7583,0
152.997,warmup,7633,7633,0,13,7631,4514575,1.430,1051008,1486908,1,0,50.00,7633,0
153.993,warmup,7683,7683,0,9,7681,4544187,1.430,1051008,1486908,1,0,49.95,7683,0
154.997,warmup,7733,7733,0,13,7731,4573493,1.430,1051012,1486908,1,0,50.00,7733,0
155.992,warmup,7783,7783,0,9,7781,4602420,1.430,1051012,1486908,1,0,50.05,7783,0
156.991,warmup,7833,7833,0,9,7831,4634544,3.871,1051012,1486908,1,0,49.95,7833,0
157.992,warmup,7883,7883,0,9,7881,4664653,3.871,1051012,1486908,1,0,49.95,7883,0
158.992,warmup,7933,7933,0,9,7931,4693617,3.871,1051040,1486936,1,0,50.00,7933,0
159.996,warmup,7983,7983,0,12,7981,4722664,3.871,1051040,1486936,1,0,50.05,7983,0
160.997,warmup,8033,8033,0,14,8031,4751663,3.871,1051040,1486936,1,0,49.95,8033,0
161.996,warmup,8083,8083,0,13,8081,4780811,3.871,1051040,1486936,1,0,50.05,8083,0
162.995,warmup,8133,8133,0,12,8131,4810072,3.871,1051044,1486936,1,0,49.90,8133,0
163.996,warmup,8183,8183,0,12,8181,4839401,3.871,1051044,1486936,1,0,50.05,8183,0
164.992,warmup,8233,8233,0,8,8231,4868995,3.871,1051044,1486936,1,0,50.00,8233,0
165.992,warmup,8283,8283,0,8,8281,4898467,3.871,1051044,1486936,1,0,50.00,8283,0
166.991,warmup,8333,8333,0,8,8331,4927576,3.871,1051048,1486936,1,0,50.00,8333,0
167.997,warmup,8383,8383,0,14,8381,4956748,3.871,1051048,1486936,1,0,50.00,8383,0
168.997,warmup,8433,8433,0,14,8431,4986387,3.871,1050732,1486936,1,0,50.00,8433,0
169.994,warmup,8483,8483,0,11,8481,5018616,3.871,1049180,1486936,1,0,50.00,8483,0
170.996,warmup,8533,8533,0,12,8531,5048790,3.871,1047164,1486936,1,0,49.80,8533,0
171.997,warmup,8583,8583,0,14,8581,5077760,3.871,1044828,1486936,1,0,50.15,8583,0
172.991,warmup,8633,8633,0,6,8631,5107248,3.871,1044128,1486936,1,0,50.10,8633,0
173.992,warmup,8683,8683,0,6,8681,5137032,3.871,1044124,1486936,1,0,49.95,8683,0
174.996,warmup,8733,8733,0,13,8731,5166997,3.871,1044120,1486936,1,0,50.00,8733,0
175.996,warmup,8783,8783,0,12,8781,5196829,3.871,1044116,1486936,1,0,50.00,8783,0
176.997,warmup,8833,8833,0,14,8831,5226362,3.871,1044116,1486936,1,0,50.00,8833,0
177.992,warmup,8883,8883,0,7,8881,5257162,3.871,1042200,1486936,1,0,49.90,8883,0
178.992,warmup,8933,8933,0,8,8931,5287537,3.871,1040516,1486936,1,0,50.10,8933,0
179.992,warmup,8983,8983,0,7,8981,5317622,3.871,1038200,1486936,1,0,50.00,8983,0
180.996,warmup,9033,9033,0,12,9031,5347854,3.871,1037308,1486936,1,0,49.95,9033,0
181.997,warmup,9083,9083,0,13,9081,5377436,3.871,1034344,1486936,1,0,50.00,9083,0
182.997,warmup,9133,9133,0,13,9131,5407353,3.871,1033384,1486936,1,0,50.05,9133,0
183.997,warmup,9183,9183,0,13,9181,5437041,3.871,1031132,1486936,1,0,50.00,9183,0
184.997,warmup,9233,9233,0,13,9231,5466712,3.871,1028500,1486936,1,0,49.95,9233,0
185.992,warmup,9283,9283,0,8,9281,5496047,3.871,1025996,1486936,1,0,50.05,9283,0
186.991,warmup,9333,9333,0,8,9331,5525602,3.871,1024048,1486936,1,0,50.00,9333,0
187.995,warmup,9383,9383,0,11,9381,5555115,3.871,1022808,1486936,1,0,50.00,9383,0
188.997,warmup,9433,9433,0,13,9431,5584608,3.871,1022184,1486936,1,0,50.00,9433,0
189.993,warmup,9483,9483,0,9,9481,5614423,3.871,1022132,1486936,1,0,50.00,9483,0
190.997,warmup,9533,9533,0,14,9531,5643992,3.871,1022136,1486936,1,0,50.05,9533,0
191.992,warmup,9583,9583,0,6,9581,5673295,3.871,1022136,1486936,1,0,49.95,9583,0
192.993,warmup,9633,9633,0,7,9631,5702274,3.871,1022140,1486936,1,0,49.95,9633,0
193.991,warmup,9683,9683,0,7,9681,5731338,3.871,1022140,1486936,1,0,50.00,9683,0
194.997,warmup,9733,9733,0,13,9731,5760334,3.871,1022140,1486936,1,0,50.05,9733,0
195.997,warmup,9783,9783,0,14,9781,5789220,3.871,1022136,1486936,1,0,50.00,9783,0
196.997,warmup,9833,9833,0,14,9831,5818196,3.871,1021844,1486936,1,0,50.00,9833,0
197.997,warmup,9883,9883,0,14,9881,5847530,3.871,1019144,1486936,1,0,50.05,9883,0
198.996,warmup,9933,9933,0,13,9931,5877431,3.871,1016080,1486936,1,0,50.00,9933,0
199.995,warmup,9983,9983,0,12,9981,5906873,3.871,1013532,1486936,1,0,50.00,9983,0
200.991,warmup,10033,10033,0,8,10031,5936721,3.871,1013296,1486936,1,0,50.00,10033,0
201.997,warmup,10083,10083,0,13,10081,5965661,3.871,1013296,1486936,1,0,50.00,10083,0
202.996,warmup,10133,10133,0,13,10131,5995595,3.871,1013300,1486936,1,0,49.95,10133,0
203.997,warmup,10183,10183,0,14,10181,6025172,3.871,1012060,1486936,1,0,50.05,10183,0
204.996,warmup,10233,10233,0,13,10231,6054523,3.871,1010348,1486936,1,0,50.00,10233,0
205.994,warmup,10283,10283,0,10,10281,6083778,3.871,1008088,1486936,1,0,50.00,10283,0
206.996,warmup,10333,10333,0,13,10331,6113482,3.871,1005192,1486936,1,0,50.00,10333,0
207.992,warmup,10383,10383,0,9,10381,6142664,3.871,1002292,1486936,1,0,50.00,10383,0
208.993,warmup,10433,10433,0,10,10431,6171528,3.871,1001280,1486936,1,0,50.00,10433,0
209.997,warmup,10483,10483,0,13,10481,6200878,3.871,1001280,1486936,1,0,50.00,10483,0
210.995,warmup,10533,10533,0,12,10531,6229894,3.871,1001284,1486936,1,0,50.00,10533,0
211.996,warmup,10583,10583,0,13,10581,6259195,3.871,1001284,1486936,1,0,50.00,10583,0
212.996,warmup,10633,10633,0,13,10631,6288568,3.871,1001288,1486940,1,0,50.00,10633,0
213.991,warmup,10683,10683,0,7,10681,6317722,3.871,1001292,1486940,1,0,50.00,10683,0
214.991,warmup,10733,10733,0,8,10731,6347338,3.871,1001292,1486940,1,0,49.95,10733,0
215.997,warmup,10783,10783,0,14,10781,6376586,3.871,1001296,1486940,1,0,50.00,10783,0
216.997,warmup,10833,10833,0,14,10831,6406062,3.871,1001296,1486940,1,0,50.00,10833,0
217.997,warmup,10883,10883,0,14,10881,6435258,3.871,1001296,1486940,1,0,50.05,10883,0
218.992,warmup,10933,10933,0,9,10931,6464798,3.871,1001304,1486940,1,0,49.95,10933,0
219.997,warmup,10983,10983,0,13,10981,6494546,3.871,999300,1486940,1,0,50.05,10983,0
220.993,warmup,11033,11033,0,9,11031,6523855,3.871,996396,1486940,1,0,50.00,11033,0
221.991,warmup,11083,11083,0,8,11081,6553836,3.871,993400,1486940,1,0,50.00,11083,0
222.992,warmup,11133,11133,0,7,11131,6583273,3.871,990536,1486940,1,0,49.95,11133,0
223.997,warmup,11183,11183,0,13,11181,6613460,3.871,988292,1486940,1,0,50.00,11183,0
224.996,warmup,11233,11233,0,13,11231,6642664,3.871,985504,1486940,1,0,49.95,11233,0
225.996,warmup,11283,11283,0,12,11281,6672328,3.871,982596,1486940,1,0,50.05,11283,0
226.996,warmup,11333,11333,0,12,11331,6701464,3.871,979688,1486940,1,0,50.00,11333,0
227.992,warmup,11383,11383,0,8,11381,6730777,3.871,976784,1486940,1,0,50.00,11383,0
228.991,warmup,11433,11433,0,7,11431,6761267,3.871,973848,1486940,1,0,50.00,11433,0
229.996,warmup,11483,11483,0,12,11481,6791424,3.871,970920,1486940,1,0,50.00,11483,0
230.996,warmup,11533,11533,0,13,11531,6821465,3.871,968152,1486940,1,0,50.05,11533,0
231.991,warmup,11583,11583,0,6,11581,6850870,3.871,965308,1486940,1,0,49.95,11583,0
232.993,warmup,11633,11633,0,9,11631,6880751,3.871,962408,1486940,1,0,49.95,11633,0
233.996,warmup,11683,11683,0,12,11681,6910343,3.871,959516,1486940,1,0,50.00,11683,0
234.992,warmup,11733,11733,0,7,11731,6939217,3.871,956644,1486940,1,0,50.05,11733,0
235.992,warmup,11783,11783,0,8,11781,6968788,3.871,953768,1486940,1,0,50.00,11783,0
236.996,warmup,11833,11833,0,13,11831,6998586,3.871,950940,1486940,1,0,50.00,11833,0
237.997,warmup,11883,11883,0,13,11881,7027793,3.871,948084,1486940,1,0,50.00,11883,0
238.997,warmup,11933,11933,0,13,11931,7057264,3.871,945520,1486940,1,0,50.00,11933,0
239.993,warmup,11983,11983,0,9,11981,7086850,3.871,943264,1486940,1,0,50.00,11983,0
240.993,warmup,12033,12033,0,8,12031,7116937,3.871,940592,1486940,1,0,50.00,12033,0
241.993,warmup,12083,12083,0,8,12081,7145895,3.871,937888,1486940,1,0,50.00,12083,0
242.992,warmup,12133,12133,0,7,12131,7175679,3.871,935260,1486940,1,0,50.00,12133,0
243.997,warmup,12183,12183,0,13,12181,7205107,3.871,932828,1487512,1,0,50.00,12183,0
244.992,warmup,12233,12233,0,7,12231,7234772,3.871,930028,1487512,1,0,50.00,12233,0
245.997,warmup,12283,12283,0,14,12281,7264597,3.871,927232,1487512,1,0,50.00,12283,0
246.992,warmup,12333,12333,0,9,12331,7294533,3.871,924448,1487512,1,0,49.95,12333,0
247.996,warmup,12383,12383,0,13,12381,7324572,3.871,921676,1487512,1,0,50.10,12383,0
248.997,warmup,12433,12433,0,14,12431,7354152,3.871,918912,1487512,1,0,50.00,12433,0
249.991,warmup,12483,12483,0,7,12481,7383758,3.871,916156,1487512,1,0,50.00,12483,0
250.997,warmup,12533,12533,0,14,12531,7413183,3.871,913404,1487512,1,0,50.00,12533,0
251.997,warmup,12583,12583,0,14,12581,7442184,3.871,910660,1487512,1,0,49.95,12583,0
252.991,warmup,12633,12633,0,7,12631,7471899,3.871,907916,1487512,1,0,50.00,12633,0
253.993,warmup,12683,12683,0,10,12681,7500905,3.871,905184,1487512,1,0,50.00,12683,0
254.995,warmup,12733,12733,0,11,12731,7529894,3.871,902464,1487512,1,0,50.00,12733,0
255.992,warmup,12783,12783,0,9,12781,7559478,3.871,899712,1487428,1,0,50.05,12783,0
256.991,warmup,12833,12833,0,8,12831,7588981,3.871,897012,1487428,1,0,49.95,12833,0
257.996,warmup,12883,12883,0,13,12881,7618481,3.871,894312,1487428,1,0,50.05,12883,0
258.996,warmup,12933,12933,0,13,12931,7648131,3.871,891620,1487428,1,0,49.95,12933,0
259.996,warmup,12983,12983,0,13,12981,7677873,3.871,888944,1487428,1,0,50.05,12983,0
260.996,warmup,13033,13033,0,14,13031,7707413,3.871,886268,1487428,1,0,50.00,13033,0
261.997,warmup,13083,13083,0,12,13081,7736469,3.871,883600,1487428,1,0,50.00,13083,0
262.994,warmup,13133,13133,0,10,13131,7765528,3.871,880948,1487428,1,0,50.00,13133,0
263.992,warmup,13183,13183,0,7,13181,7794753,3.871,878296,1487428,1,0,50.00,13183,0
264.992,warmup,13233,13233,0,9,13231,7823930,3.871,875656,1487428,1,0,50.00,13233,0
265.997,warmup,13283,13283,0,14,13281,7853030,3.871,873028,1487428,1,0,50.00,13283,0
266.997,warmup,13333,13333,0,14,13331,7882930,3.871,870420,1487428,1,0,50.00,13333,0
267.994,warmup,13383,13383,0,11,13381,7911817,3.871,867804,1487428,1,0,50.00,13383,0
268.997,warmup,13433,13433,0,14,13431,7940559,3.871,865228,1487428,1,0,50.00,13433,0
269.997,warmup,13483,13483,0,13,13481,7969842,3.871,862676,1487460,1,0,50.00,13483,0
270.991,warmup,13533,13533,0,9,13531,7999630,3.871,860096,1487460,1,0,50.00,13533,0
271.996,warmup,13583,13583,0,12,13581,8029301,3.871,857548,1487460,1,0,50.00,13583,0
272.994,warmup,13633,13633,0,10,13631,8059398,3.871,854968,1487460,1,0,49.95,13633,0
273.997,warmup,13683,13683,0,14,13681,8089292,3.871,852412,1487460,1,0,50.00,13683,0
274.997,warmup,13733,13733,0,14,13731,8119089,3.871,849900,1487460,1,0,50.00,13733,0
275.996,warmup,13783,13783,0,12,13781,8148274,3.871,847340,1487460,1,0,50.00,13783,0
276.991,warmup,13833,13833,0,7,13831,8178919,3.871,844788,1487460,1,0,50.00,13833,0
277.992,warmup,13883,13883,0,7,13881,8208994,3.871,842252,1487460,1,0,50.00,13883,0
278.996,warmup,13933,13933,0,13,13931,8239564,3.871,839716,1487460,1,0,50.00,13933,0
279.996,warmup,13983,13983,0,13,13981,8270001,3.871,837204,1487460,1,0,50.00,13983,0
280.993,warmup,14033,14033,0,9,14031,8300191,3.871,834692,1487460,1,0,50.05,14033,0
281.997,warmup,14083,14083,0,14,14081,8329794,3.871,832180,1487460,1,0,49.95,14083,0
282.994,warmup,14133,14133,0,10,14131,8359514,3.871,829684,1487460,1,0,50.00,14133,0
283.992,warmup,14183,14183,0,8,14181,8389999,3.871,827184,1487460,1,0,50.00,14183,0
284.991,warmup,14233,14233,0,7,14231,8419682,3.871,824696,1487460,1,0,50.00,14233,0
285.992,warmup,14283,14283,0,6,14281,8449609,3.871,822220,1487460,1,0,50.05,14283,0
286.997,warmup,14333,14333,0,13,14331,8478689,3.871,819744,1487460,1,0,50.00,14333,0
287.997,warmup,14383,14383,0,13,14381,8507997,3.871,817404,1487472,1,0,49.95,14383,0
288.997,warmup,14433,14433,0,13,14431,8537163,3.871,814940,1487472,1,0,50.00,14433,0
289.993,warmup,14483,14483,0,10,14481,8566826,3.871,812504,1487472,1,0,49.95,14483,0
290.992,warmup,14533,14533,0,8,14531,8596412,3.871,810080,1487472,1,0,50.05,14533,0
291.991,warmup,14583,14583,0,7,14581,8625903,3.871,807680,1487472,1,0,50.00,14583,0
292.996,warmup,14633,14633,0,12,14631,8655465,3.871,805264,1487472,1,0,50.00,14633,0
293.997,warmup,14683,14683,0,13,14681,8686018,3.871,802840,1487472,1,0,50.00,14683,0
294.997,warmup,14733,14733,0,13,14731,8715728,3.871,800492,1487472,1,0,50.00,14733,0
295.996,warmup,14783,14783,0,13,14781,8745617,3.871,798084,1487472,1,0,50.05,14783,0
296.994,warmup,14833,14833,0,11,14831,8775574,3.871,795700,1487472,1,0,50.00,14833,0
297.994,warmup,14883,14883,0,12,14881,8805932,3.871,793312,1487472,1,0,49.95,14883,0
298.991,warmup,14933,14933,0,8,14931,8835865,3.871,790928,1487472,1,0,50.00,14933,0
299.991,warmup,14983,14983,0,7,14981,8865540,3.871,788544,1487472,1,0,50.05,14983,0
300.997,warmup,15033,15033,0,14,15031,8895338,3.871,786172,1487472,1,0,50.00,15033,0
301.991,warmup,15083,15083,0,8,15081,8924660,3.871,783808,1487472,1,0,49.95,15083,0
302.997,warmup,15133,15133,0,14,15131,8953719,3.871,781464,1487472,1,0,50.05,15133,0
303.997,warmup,15183,15183,0,13,15181,8982656,3.871,779116,1487472,1,0,50.00,15183,0
304.997,warmup,15233,15233,0,15,15231,9012399,3.871,776768,1487472,1,0,50.00,15233,0
305.992,warmup,15283,15283,0,8,15281,9042130,3.871,774432,1487472,1,0,50.00,15283,0
306.997,warmup,15333,15333,0,13,15331,9071849,3.871,772100,1487472,1,0,50.00,15333,0
307.996,warmup,15383,15383,0,13,15381,9101040,3.871,769776,1487472,1,0,50.00,15383,0
308.996,warmup,15433,15433,0,14,15431,9131041,3.871,767460,1487472,1,0,50.00,15433,0
309.994,warmup,15483,15483,0,11,15481,9160622,3.871,765208,1487472,1,0,50.00,15483,0
310.997,warmup,15533,15533,0,14,15531,9192040,3.871,762916,1487472,1,0,50.00,15533,0
311.991,warmup,15583,15583,0,8,15581,9223029,3.871,748604,1487472,1,0,50.00,15583,0
312.991,warmup,15633,15633,0,8,15631,9253127,3.871,746664,1487472,1,0,50.00,15633,0
313.997,warmup,15683,15683,0,13,15681,9283553,3.871,744644,1487472,1,0,50.00,15683,0
314.997,warmup,15733,15733,0,14,15731,9314837,3.871,742852,1487472,1,0,50.00,15733,0
315.996,warmup,15783,15783,0,13,15781,9345164,3.871,740764,1487472,1,0,50.00,15783,0
316.994,warmup,15833,15833,0,12,15831,9375730,3.871,738544,1487472,1,0,50.00,15833,0
317.991,warmup,15883,15883,0,8,15881,9405992,3.871,736324,1487472,1,0,49.95,15883,0
318.997,warmup,15933,15933,0,14,15931,9436673,3.871,734120,1487472,1,0,50.05,15933,0
319.991,warmup,15983,15983,0,7,15981,9468535,3.871,731916,1487472,1,0,50.00,15983,0
320.995,warmup,16033,16033,0,12,16031,9498779,3.871,729736,1487472,1,0,49.95,16033,0
321.994,warmup,16083,16083,0,11,16081,9529533,3.871,727828,1487472,1,0,50.00,16083,0
322.994,warmup,16133,16133,0,10,16131,9559825,3.871,725868,1487472,1,0,50.00,16133,0
323.997,warmup,16183,16183,0,14,16181,9590371,3.871,723708,1487472,1,0,50.00,16183,0
324.997,warmup,16233,16233,0,12,16231,9620674,3.871,721524,1487472,1,0,50.00,16233,0
325.991,warmup,16283,16283,0,8,16281,9651274,3.871,719376,1487472,1,0,50.00,16283,0
326.992,warmup,16333,16333,0,8,16331,9682221,3.871,717244,1487472,1,0,50.00,16333,0
327.996,warmup,16383,16383,0,13,16381,9713023,3.871,715160,1487472,1,0,50.00,16383,0
328.994,warmup,16433,16433,0,10,16431,9744183,3.871,713072,1487472,1,0,50.00,16433,0
329.997,warmup,16483,16483,0,13,16481,9775012,3.871,710928,1487472,1,0,50.00,16483,0
330.996,warmup,16533,16533,0,13,16531,9805717,3.871,708980,1487472,1,0,50.00,16533,0
331.996,warmup,16583,16583,0,12,16581,9836266,3.871,706852,1487472,1,0,50.00,16583,0
332.995,warmup,16633,16633,0,11,16631,9866990,3.871,704728,1487472,1,0,50.00,16633,0
333.992,warmup,16683,16683,0,8,16681,9897247,3.871,702660,1487472,1,0,50.00,16683,0
334.997,warmup,16733,16733,0,13,16731,9927694,3.871,700624,1487472,1,0,50.00,16733,0
335.997,warmup,16783,16783,0,13,16781,9958993,3.871,698516,1487472,1,0,50.00,16783,0
336.992,warmup,16833,16833,0,8,16831,9990282,3.871,696608,1487472,1,0,50.00,16833,0
337.997,warmup,16883,16883,0,13,16881,10020763,3.871,694524,1487472,1,0,50.00,16883,0
338.997,warmup,16933,16933,0,12,16931,10051188,3.871,692512,1487472,1,0,49.95,16933,0
339.996,warmup,16983,16983,0,13,16981,10081694,3.871,690584,1487472,1,0,49.95,16983,0
340.992,warmup,17033,17033,0,8,17031,10112823,3.871,688632,1487472,1,0,50.05,17033,0
341.997,warmup,17083,17083,0,13,17081,10143377,3.871,686624,1487472,1,0,50.00,17083,0
342.995,warmup,17133,17133,0,11,17131,10173825,3.871,684556,1487472,1,0,50.00,17133,0
343.997,warmup,17183,17183,0,13,17181,10204883,3.871,682596,1487472,1,0,49.95,17183,0
344.993,warmup,17233,17233,0,9,17231,10235499,3.871,681244,1487472,1,0,50.00,17233,0
345.997,warmup,17283,17283,0,13,17281,10266124,3.871,680036,1487472,1,0,50.05,17283,0
346.997,warmup,17333,17333,0,14,17331,10296516,3.871,678060,1487472,1,0,50.05,17333,0
347.992,warmup,17383,17383,0,8,17381,10327126,3.871,676176,1487532,1,0,50.00,17383,0
348.996,warmup,17433,17433,0,13,17431,10358082,3.871,674220,1487564,1,0,50.00,17433,0
349.997,warmup,17483,17483,0,14,17481,10388519,3.871,672196,1487564,1,0,49.95,17483,0
350.996,warmup,17533,17533,0,14,17531,10418314,3.871,670188,1487564,1,0,50.05,17533,0
351.996,warmup,17583,17583,0,13,17581,10447858,3.871,668204,1487564,1,0,50.00,17583,0
352.994,warmup,17633,17633,0,11,17631,10477656,3.871,666192,1487564,1,0,49.95,17633,0
353.991,warmup,17683,17683,0,7,17681,10507321,3.871,664196,1487564,1,0,50.05,17683,0
354.992,warmup,17733,17733,0,9,17731,10537282,3.871,662196,1487564,1,0,49.95,17733,0
355.997,warmup,17783,17783,0,13,17781,10566634,3.871,660200,1487564,1,0,50.05,17783,0
356.993,warmup,17833,17833,0,10,17831,10596128,3.871,658212,1487564,1,0,50.00,17833,0
357.997,warmup,17883,17883,0,14,17881,10625729,3.871,656228,1487564,1,0,50.00,17883,0
358.993,warmup,17933,17933,0,10,17931,10654753,3.871,654248,1487564,1,0,49.95,17933,0
359.992,warmup,17983,17983,0,7,17981,10684517,3.871,652280,1487564,1,0,50.00,17983,0
360.996,warmup,18033,18033,0,12,18031,10714921,3.871,650312,1487564,1,0,50.05,18033,0
361.991,warmup,18083,18083,0,8,18081,10743865,3.871,648376,1487564,1,0,49.95,18083,0
362.991,warmup,18133,18133,0,8,18131,10772943,3.871,646416,1487564,1,0,50.05,18133,0
363.997,warmup,18183,18183,0,13,18181,10802334,3.871,639980,1487536,1,0,49.95,18183,0
364.997,warmup,18233,18233,0,14,18231,10832755,3.871,634208,1488396,1,0,50.00,18233,0
365.996,warmup,18283,18283,0,13,18281,10861786,3.871,629468,1488396,1,0,50.00,18283,0
366.997,warmup,18333,18333,0,13,18331,10891502,3.871,624076,1488396,1,0,50.00,18333,0
367.997,warmup,18383,18383,0,14,18381,10921121,3.871,617960,1488396,1,0,50.00,18383,0
368.991,warmup,18433,18433,0,8,18431,10950942,3.871,611844,1488396,1,0,50.00,18433,0
369.996,warmup,18483,18483,0,13,18481,10981089,3.871,605860,1488396,1,0,50.00,18483,0
370.997,warmup,18533,18533,0,14,18531,11010375,3.871,599824,1488396,1,0,50.00,18533,0
371.997,warmup,18583,18583,0,14,18581,11039851,3.871,593832,1488396,1,0,50.00,18583,0
372.997,warmup,18633,18633,0,13,18631,11068907,3.871,587984,1488396,1,0,50.05,18633,0
373.997,warmup,18683,18683,0,12,18681,11098703,3.871,582112,1488396,1,0,49.95,18683,0
374.991,warmup,18733,18733,0,7,18731,11127885,3.871,576296,1488396,1,0,49.95,18733,0
375.991,warmup,18783,18783,0,7,18781,11157435,3.871,571092,1488396,1,0,50.05,18783,0
376.995,warmup,18833,18833,0,11,18831,11188223,3.871,565616,1488396,1,0,50.00,18833,0
377.997,warmup,18883,18883,0,13,18881,11217798,3.871,560700,1488396,1,0,50.05,18883,0
378.997,warmup,18933,18933,0,13,18931,11248493,3.871,556560,1488396,1,0,50.00,18933,0
379.992,warmup,18983,18983,0,8,18981,11278423,3.871,552060,1488396,1,0,49.95,18983,0
380.996,warmup,19033,19033,0,12,19031,11308388,3.871,547644,1488396,1,0,50.00,19033,0
381.992,warmup,19083,19083,0,7,19081,11338123,3.871,543188,1488396,1,0,50.00,19083,0
382.991,warmup,19133,19133,0,8,19131,11367874,3.871,538100,1488396,1,0,50.00,19133,0
383.995,warmup,19183,19183,0,11,19181,11397873,3.871,533224,1488396,1,0,50.00,19183,0
384.996,warmup,19233,19233,0,12,19231,11426923,3.871,528060,1488396,1,0,49.95,19233,0
385.995,warmup,19283,19283,0,11,19281,11456123,3.871,523548,1488396,1,0,50.10,19283,0
386.997,warmup,19333,19333,0,14,19331,11485917,3.871,518664,1488396,1,0,50.00,19333,0
387.996,warmup,19383,19383,0,12,19381,11514928,3.871,513832,1488396,1,0,49.95,19383,0
388.992,warmup,19433,19433,0,7,19431,11544861,3.871,508808,1488396,1,0,50.00,19433,0
389.991,warmup,19483,19483,0,7,19481,11574451,3.871,503724,1488396,1,0,50.00,19483,0
390.993,warmup,19533,19533,0,9,19531,11603726,3.871,498912,1488396,1,0,50.00,19533,0
391.991,warmup,19583,19583,0,7,19581,11634144,3.871,494704,1488396,1,0,50.00,19583,0
392.994,warmup,19633,19633,0,10,19631,11663879,3.871,492664,1488396,1,0,50.00,19633,0
393.997,warmup,19683,19683,0,13,19681,11693885,3.871,487808,1488396,1,0,50.05,19683,0
394.992,warmup,19733,19733,0,8,19731,11723218,3.871,482988,1488396,1,0,49.95,19733,0
395.996,warmup,19783,19783,0,12,19781,11752440,3.871,478280,1488396,1,0,50.00,19783,0
396.992,warmup,19833,19833,0,9,19831,11782431,3.871,473756,1488396,1,0,50.05,19833,0
397.996,warmup,19883,19883,0,12,19881,11811853,3.871,469164,1488396,1,0,49.95,19883,0
398.996,warmup,19933,19933,0,13,19931,11842226,3.871,464608,1488396,1,0,50.00,19933,0
399.997,warmup,19983,19983,0,14,19981,11872515,3.871,460064,1488396,1,0,50.05,19983,0
400.996,warmup,20033,20033,0,12,20031,11902722,3.871,455440,1488396,1,0,50.00,20033,0
401.997,warmup,20083,20083,0,14,20081,11932743,3.871,450992,1488396,1,0,50.00,20083,0
402.997,warmup,20133,20133,0,14,20131,11962859,3.871,446644,1488396,1,0,49.95,20133,0
403.991,warmup,20183,20183,0,8,20181,11992621,3.871,444476,1490448,1,0,50.00,20183,0
404.993,warmup,20233,20233,0,10,20231,12023397,3.871,440264,1490448,1,0,50.00,20233,0
405.996,warmup,20283,20283,0,14,20281,12052729,3.871,435988,1490448,1,0,50.00,20283,0
406.994,warmup,20333,20333,0,11,20331,12081884,3.871,431788,1490448,1,0,50.05,20333,0
407.997,warmup,20383,20383,0,13,20381,12111403,3.871,427804,1490448,1,0,49.95,20383,0
408.997,warmup,20433,20433,0,13,20431,12140405,3.871,423680,1490448,1,0,50.00,20433,0
409.996,warmup,20483,20483,0,13,20481,12169893,3.871,418624,1489424,1,0,50.05,20483,0
410.991,warmup,20533,20533,0,8,20531,12199592,3.871,414660,1489424,1,0,50.00,20533,0
411.996,warmup,20583,20583,0,13,20581,12229915,3.871,410636,1489424,1,0,50.00,20583,0
412.996,warmup,20633,20633,0,12,20631,12260482,3.871,406516,1489424,1,0,49.95,20633,0
413.997,warmup,20683,20683,0,14,20681,12290315,3.871,402448,1489424,1,0,50.05,20683,0
414.996,warmup,20733,20733,0,13,20731,12319705,3.871,398404,1489424,1,0,49.95,20733,0
415.997,warmup,20783,20783,0,13,20781,12350052,3.871,397604,1489424,1,0,50.00,20783,0
416.997,warmup,20833,20833,0,14,20831,12379828,3.871,397204,1489424,1,0,50.05,20833,0
417.992,warmup,20883,20883,0,7,20881,12409179,3.871,396808,1489424,1,0,50.00,20883,0
418.997,warmup,20933,20933,0,14,20931,12440311,3.871,396408,1489424,1,0,49.95,20933,0
419.997,warmup,20983,20983,0,14,20981,12471071,3.871,396008,1489424,1,0,50.00,20983,0
420.997,warmup,21033,21033,0,13,21031,12501445,3.871,392028,1489424,1,0,50.00,21033,0
421.991,warmup,21083,21083,0,8,21081,12531489,3.871,388084,1489424,1,0,50.00,21083,0
422.996,warmup,21133,21133,0,12,21131,12560502,3.871,384192,1489424,1,0,50.05,21133,0
423.992,warmup,21183,21183,0,7,21181,12590634,3.871,380328,1489424,1,0,49.95,21183,0
424.992,warmup,21233,21233,0,8,21231,12620897,3.871,376508,1489424,1,0,50.00,21233,0
425.996,warmup,21283,21283,0,12,21281,12650770,3.871,372736,1489424,1,0,50.00,21283,0
426.997,warmup,21333,21333,0,13,21331,12680872,3.871,368996,1489424,1,0,50.00,21333,0
427.996,warmup,21383,21383,0,12,21381,12710704,3.871,365304,1489424,1,0,49.95,21383,0
428.993,warmup,21433,21433,0,10,21431,12740972,3.871,361628,1489424,1,0,50.05,21433,0
429.996,warmup,21483,21483,0,11,21481,12770638,3.871,357996,1489424,1,0,49.90,21483,0
430.992,warmup,21533,21533,0,8,21531,12800258,3.871,354416,1489424,1,0,50.10,21533,0
431.991,warmup,21583,21583,0,7,21581,12830465,3.871,350868,1489424,1,0,50.00,21583,0
432.996,warmup,21633,21633,0,13,21631,12860195,3.871,347388,1489424,1,0,50.00,21633,0
433.996,warmup,21683,21683,0,12,21681,12890219,3.871,343912,1489424,1,0,50.00,21683,0
434.997,warmup,21733,21733,0,13,21731,12920737,3.871,340544,1489424,1,0,50.00,21733,0
435.997,warmup,21783,21783,0,13,21781,12949692,3.871,337148,1489424,1,0,50.00,21783,0
436.992,warmup,21833,21833,0,6,21831,12979658,3.871,333796,1489424,1,0,50.00,21833,0
437.991,warmup,21883,21883,0,7,21881,13009493,3.871,330456,1489424,1,0,50.00,21883,0
438.991,warmup,21933,21933,0,8,21931,13038793,3.871,327168,1489424,1,0,50.00,21933,0
439.996,warmup,21983,21983,0,12,21981,13068550,3.871,323928,1489424,1,0,50.00,21983,0
440.996,warmup,22033,22033,0,12,22031,13098117,3.871,320700,1489424,1,0,49.95,22033,0
441.996,warmup,22083,22083,0,12,22081,13127541,3.871,317500,1489424,1,0,50.10,22083,0
442.991,warmup,22133,22133,0,8,22131,13156569,3.871,314832,1489424,1,0,49.95,22133,0
443.992,warmup,22183,22183,0,6,22181,13185763,3.871,314332,1489424,1,0,49.95,22183,0
444.991,warmup,22233,22233,0,9,22231,13215078,3.871,312492,1489424,1,0,50.10,22233,0
445.991,warmup,22283,22283,0,8,22281,13245264,3.871,312368,1489424,1,0,50.00,22283,0
446.997,warmup,22333,22333,0,14,22331,13274941,3.871,312220,1489424,1,0,50.00,22333,0
447.996,warmup,22383,22383,0,13,22381,13304956,3.871,311996,1489424,1,0,49.95,22383,0
448.992,warmup,22433,22433,0,8,22431,13335354,3.871,311792,1489424,1,0,50.00,22433,0
449.997,warmup,22483,22483,0,13,22481,13364996,3.871,311772,1489424,1,0,50.00,22483,0
450.997,warmup,22533,22533,0,14,22531,13393865,3.871,311776,1489424,1,0,50.00,22533,0
451.991,warmup,22583,22583,0,7,22581,13423987,3.871,311776,1489424,1,0,50.00,22583,0
452.991,warmup,22633,22633,0,8,22631,13453435,3.871,311776,1489424,1,0,50.00,22633,0
453.993,warmup,22683,22683,0,10,22681,13482562,3.871,311140,1489424,1,0,50.00,22683,0
454.997,warmup,22733,22733,0,14,22731,13512050,3.871,309512,1489424,1,0,50.00,22733,0
455.997,warmup,22783,22783,0,14,22781,13541105,3.871,307468,1489424,1,0,50.05,22783,0
456.991,warmup,22833,22833,0,8,22831,13570195,3.871,305296,1489308,1,0,50.00,22833,0
457.997,warmup,22883,22883,0,14,22881,13600943,3.871,305296,1489308,1,0,50.00,22883,0
458.992,warmup,22933,22933,0,9,22931,13631074,3.871,303280,1489308,1,0,49.95,22933,0
459.991,warmup,22983,22983,0,8,22981,13660622,3.871,300268,1489308,1,0,50.05,22983,0
460.994,warmup,23033,23033,0,11,23031,13690445,3.871,297296,1489308,1,0,49.95,23033,0
461.996,warmup,23083,23083,0,14,23081,13720894,3.871,294460,1489308,1,0,50.05,23083,0
462.997,warmup,23133,23133,0,14,23131,13751076,3.871,291552,1489308,1,0,49.95,23133,0
463.997,warmup,23183,23183,0,14,23181,13781193,3.871,288640,1489308,1,0,50.00,23183,0
464.997,warmup,23233,23233,0,12,23231,13811057,3.871,286536,1489308,1,0,50.00,23233,0
465.992,warmup,23283,23283,0,7,23281,13840119,3.871,284628,1489308,1,0,50.00,23283,0
466.991,warmup,23333,23333,0,8,23331,13869844,3.871,282108,1489308,1,0,50.00,23333,0
467.997,warmup,23383,23383,0,14,23381,13899117,3.871,280188,1489308,1,0,50.00,23383,0
468.994,warmup,23433,23433,0,10,23431,13928216,3.871,277356,1489308,1,0,50.00,23433,0
469.997,warmup,23483,23483,0,14,23481,13958286,3.871,274780,1489308,1,0,50.05,23483,0
470.997,warmup,23533,23533,0,14,23531,13987994,3.871,272096,1489308,1,0,50.00,23533,0
471.997,warmup,23583,23583,0,13,23581,14017908,3.871,270176,1489308,1,0,50.00,23583,0
472.991,warmup,23633,23633,0,7,23631,14048380,3.871,269576,1489308,1,0,49.95,23633,0
473.991,warmup,23683,23683,0,7,23681,14078060,3.871,267684,1489308,1,0,49.95,23683,0
474.996,warmup,23733,23733,0,13,23731,14107779,3.871,266016,1489308,1,0,50.05,23733,0
475.997,warmup,23783,23783,0,13,23781,14137852,3.871,264168,1489308,1,0,50.05,23783,0
476.995,warmup,23833,23833,0,11,23831,14167265,3.871,262576,1489308,1,0,49.95,23833,0
477.997,warmup,23883,23883,0,13,23881,14197129,3.871,260416,1489308,1,0,50.00,23883,0
478.997,warmup,23933,23933,0,12,23931,14226740,3.871,258484,1489308,1,0,50.05,23933,0
479.992,warmup,23983,23983,0,7,23981,14256581,3.871,256136,1489308,1,0,49.95,23983,0
480.992,warmup,24033,24033,0,8,24031,14286554,3.871,254040,1489308,1,0,50.00,24033,0
481.995,warmup,24083,24083,0,11,24081,14316334,3.871,251792,1489308,1,0,50.00,24083,0
482.994,warmup,24133,24133,0,10,24131,14346090,3.871,249732,1489308,1,0,49.95,24133,0
483.996,warmup,24183,24183,0,12,24181,14375563,3.871,247412,1489308,1,0,50.05,24183,0
484.997,warmup,24233,24233,0,14,24231,14405293,3.871,245304,1489308,1,0,50.05,24233,0
485.993,warmup,24283,24283,0,8,24281,14435372,3.871,243140,1489308,1,0,50.00,24283,0
486.992,warmup,24333,24333,0,7,24331,14465139,3.871,241208,1489308,1,0,49.95,24333,0
487.992,warmup,24383,24383,0,7,24381,14494228,3.871,239232,1489308,1,0,50.00,24383,0
488.992,warmup,24433,24433,0,7,24431,14524870,3.871,237352,1489308,1,0,50.05,24433,0
489.997,warmup,24483,24483,0,13,24481,14555176,3.871,235620,1489308,1,0,50.00,24483,0
490.997,warmup,24533,24533,0,13,24531,14584508,3.871,233704,1489308,1,0,49.95,24533,0
491.997,warmup,24583,24583,0,14,24581,14614053,3.871,231828,1489308,1,0,50.00,24583,0
492.996,warmup,24633,24633,0,12,24631,14643680,3.871,230052,1489308,1,0,50.00,24633,0
493.992,warmup,24683,24683,0,8,24681,14673331,3.871,228504,1489308,1,0,49.95,24683,0
494.991,warmup,24733,24733,0,8,24731,14702741,3.871,226296,1489308,1,0,49.95,24733,0
495.994,warmup,24783,24783,0,11,24781,14732770,3.871,224692,1489308,1,0,50.00,24783,0
496.997,warmup,24833,24833,0,14,24831,14762989,3.871,222528,1489308,1,0,50.10,24833,0
497.995,warmup,24883,24883,0,12,24881,14792697,3.871,220328,1489308,1,0,50.00,24883,0
498.996,warmup,24933,24933,0,14,24931,14823179,3.871,218112,1489308,1,0,49.95,24933,0
499.994,warmup,24983,24983,0,11,24981,14852879,3.871,216684,1489308,1,0,50.05,24983,0
500.996,warmup,25033,25033,0,14,25031,14883176,3.871,215988,1489308,1,0,50.00,25033,0
501.992,warmup,25083,25083,0,9,25081,14912311,3.871,214356,1489308,1,0,50.00,25083,0
502.995,warmup,25133,25133,0,11,25131,14942138,3.871,212588,1489308,1,0,49.95,25133,0
503.994,warmup,25183,25183,0,10,25181,14972982,3.871,210852,1489308,1,0,50.00,25183,0
504.992,warmup,25233,25233,0,8,25231,15002212,3.871,209252,1489308,1,0,50.00,25233,0
505.997,warmup,25283,25283,0,14,25281,15031272,3.871,207700,1489308,1,0,50.05,25283,0
506.995,warmup,25333,25333,0,12,25331,15062087,3.871,206068,1489308,1,0,50.00,25333,0
507.991,warmup,25383,25383,0,8,25381,15091987,3.871,204688,1489308,1,0,49.95,25383,0
508.992,warmup,25433,25433,0,8,25431,15122122,3.871,203204,1489308,1,0,50.10,25433,0
509.992,warmup,25483,25483,0,9,25481,15151677,3.871,201488,1489308,1,0,49.90,25483,0
510.997,warmup,25533,25533,0,14,25531,15181509,3.871,200160,1489308,1,0,50.05,25533,0
511.997,warmup,25583,25583,0,14,25581,15211235,3.871,198908,1489308,1,0,49.95,25583,0
512.997,warmup,25633,25633,0,14,25631,15240225,3.871,197800,1489308,1,0,50.10,25633,0
513.997,warmup,25683,25683,0,13,25681,15269078,3.871,196776,1489308,1,0,49.90,25683,0
514.992,warmup,25733,25733,0,9,25731,15298192,3.871,196352,1489308,1,0,50.05,25733,0
515.991,warmup,25783,25783,0,8,25781,15327287,3.871,196352,1489308,1,0,49.95,25783,0
516.995,warmup,25833,25833,0,12,25831,15356521,3.871,196352,1489308,1,0,50.00,25833,0
517.993,warmup,25883,25883,0,10,25881,15387098,3.871,196356,1489308,1,0,50.05,25883,0
518.994,warmup,25933,25933,0,9,25931,15416704,3.871,196356,1489308,1,0,49.95,25933,0
519.996,warmup,25983,25983,0,14,25981,15446311,3.871,196356,1489308,1,0,50.05,25983,0
520.991,warmup,26033,26033,0,8,26031,15476918,3.871,196360,1489308,1,0,50.00,26033,0
521.996,warmup,26083,26083,0,13,26081,15506938,3.871,195504,1489308,1,0,50.00,26083,0
522.992,warmup,26133,26133,0,7,26131,15536122,3.871,194796,1489308,1,0,50.00,26133,0
523.993,warmup,26183,26183,0,9,26181,15565830,3.871,192888,1489276,1,0,49.95,26183,0
524.997,warmup,26233,26233,0,13,26231,15594841,3.871,191144,1489276,1,0,50.00,26233,0
525.992,warmup,26283,26283,0,8,26281,15623853,3.871,190324,1489276,1,0,49.95,26283,0
526.991,warmup,26333,26333,0,8,26331,15652448,3.871,189812,1489276,1,0,50.05,26333,0
527.997,warmup,26383,26383,0,13,26381,15681280,3.871,189136,1489276,1,0,50.00,26383,0
528.993,warmup,26433,26433,0,9,26431,15710337,3.871,189136,1489276,1,0,49.95,26433,0
529.992,warmup,26483,26483,0,8,26481,15740096,3.871,189136,1489276,1,0,50.05,26483,0
530.996,warmup,26533,26533,0,12,26531,15769939,3.871,189140,1489276,1,0,50.00,26533,0
531.996,warmup,26583,26583,0,11,26581,15800382,3.871,189140,1489276,1,0,50.00,26583,0
532.997,warmup,26633,26633,0,12,26631,15829630,3.871,189144,1489276,1,0,50.00,26633,0
533.997,warmup,26683,26683,0,14,26681,15859618,3.871,189148,1489276,1,0,50.00,26683,0
534.992,warmup,26733,26733,0,8,26731,15888959,3.871,189148,1489276,1,0,50.00,26733,0
535.991,warmup,26783,26783,0,7,26781,15919161,3.871,189152,1489276,1,0,49.95,26783,0
536.991,warmup,26833,26833,0,7,26831,15948301,3.871,189152,1489276,1,0,50.00,26833,0
537.997,warmup,26883,26883,0,12,26881,15977399,3.871,189156,1489276,1,0,50.05,26883,0
538.997,warmup,26933,26933,0,13,26931,16006423,3.871,189196,1489340,1,0,50.00,26933,0
539.997,warmup,26983,26983,0,13,26981,16036210,3.871,189196,1489340,1,0,50.00,26983,0
540.997,warmup,27033,27033,0,14,27031,16066075,3.871,189200,1489340,1,0,50.00,27033,0
541.997,warmup,27083,27083,0,12,27081,16096328,3.871,188952,1489340,1,0,50.00,27083,0
542.995,warmup,27133,27133,0,11,27131,16125574,3.871,188952,1489340,1,0,50.00,27133,0
543.991,warmup,27183,27183,0,7,27181,16155429,3.871,188956,1489340,1,0,50.00,27183,0
544.994,warmup,27233,27233,0,10,27231,16185084,3.871,188956,1489340,1,0,49.95,27233,0
545.997,warmup,27283,27283,0,14,27281,16215152,3.871,188956,1489340,1,0,50.10,27283,0
546.994,warmup,27333,27333,0,11,27331,16245506,3.871,189636,1490628,1,0,50.00,27333,0
547.997,warmup,27383,27383,0,14,27381,16275779,3.871,188780,1490628,1,0,50.00,27383,0
548.996,warmup,27433,27433,0,13,27431,16306183,3.871,187872,1490656,1,0,50.00,27433,0
549.997,warmup,27483,27483,0,13,27481,16336274,3.871,187872,1490656,1,0,49.90,27483,0
550.991,warmup,27533,27533,0,8,27531,16365746,3.871,187876,1490656,1,0,50.10,27533,0
551.991,warmup,27583,27583,0,8,27581,16395317,3.871,187880,1490656,1,0,49.95,27583,0
552.997,warmup,27633,27633,0,13,27631,16425071,3.871,187880,1490656,1,0,50.05,27633,0
553.997,warmup,27683,27683,0,14,27681,16454628,3.871,187884,1490656,1,0,50.00,27683,0
554.997,warmup,27733,27733,0,14,27731,16484271,3.871,187884,1490656,1,0,49.95,27733,0
555.994,warmup,27783,27783,0,11,27781,16513775,3.871,187888,1490656,1,0,50.10,27783,0
556.991,warmup,27833,27833,0,8,27831,16544168,3.871,187888,1490656,1,0,49.95,27833,0
557.991,warmup,27883,27883,0,8,27881,16574629,3.871,187888,1490656,1,0,49.95,27883,0
558.996,warmup,27933,27933,0,13,27931,16605052,3.871,187892,1490656,1,0,50.05,27933,0
559.997,warmup,27983,27983,0,14,27981,16636110,3.871,187892,1490656,1,0,49.95,27983,0
560.991,warmup,28033,28033,0,8,28031,16665828,3.871,187896,1490656,1,0,50.00,28033,0
561.995,warmup,28083,28083,0,12,28081,16696336,3.871,187896,1490656,1,0,50.05,28083,0
562.996,warmup,28133,28133,0,14,28131,16726159,3.871,187896,1490656,1,0,50.00,28133,0
563.991,warmup,28183,28183,0,7,28181,16756539,3.871,187900,1490656,1,0,50.00,28183,0
564.991,warmup,28233,28233,0,7,28231,16786002,3.871,187904,1490656,1,0,49.95,28233,0
565.992,warmup,28283,28283,0,8,28281,16815368,3.871,187828,1490656,1,0,50.00,28283,0
566.994,warmup,28333,28333,0,11,28331,16845988,3.871,187524,1490656,1,0,50.00,28333,0
567.994,warmup,28383,28383,0,11,28381,16876121,3.871,187316,1490656,1,0,50.05,28383,0
568.997,warmup,28433,28433,0,14,28431,16906158,3.871,186748,1490656,1,0,50.00,28433,0
569.996,warmup,28483,28483,0,13,28481,16936158,3.871,186716,1490656,1,0,50.00,28483,0
570.997,warmup,28533,28533,0,14,28531,16966185,3.871,186644,1490656,1,0,49.95,28533,0
571.992,warmup,28583,28583,0,8,28581,16996501,3.871,186544,1490656,1,0,50.00,28583,0
572.997,warmup,28633,28633,0,12,28631,17027534,3.871,186332,1490656,1,0,50.00,28633,0
573.992,warmup,28683,28683,0,9,28681,17057859,3.871,186168,1490656,1,0,50.05,28683,0
574.997,warmup,28733,28733,0,13,28731,17087883,3.871,185940,1490656,1,0,49.95,28733,0
575.996,warmup,28783,28783,0,12,28781,17117291,3.871,185088,1490656,1,0,50.00,28783,0
576.992,warmup,28833,28833,0,7,28831,17147355,3.871,184864,1490656,1,0,50.00,28833,0
577.992,warmup,28883,28883,0,8,28881,17177626,3.871,184864,1490656,1,0,50.00,28883,0
578.992,warmup,28933,28933,0,8,28931,17207422,3.871,184640,1490660,1,0,50.05,28933,0
579.997,warmup,28983,28983,0,12,28981,17237622,3.871,183992,1490660,1,0,49.95,28983,0
580.995,warmup,29033,29033,0,11,29031,17267533,3.871,183732,1490660,1,0,50.00,29033,0
581.996,warmup,29083,29083,0,13,29081,17297354,3.871,183736,1490660,1,0,50.00,29083,0
582.993,warmup,29133,29133,0,9,29131,17327056,3.871,182628,1490660,1,0,50.00,29133,0
583.992,warmup,29183,29183,0,8,29181,17357277,3.871,182480,1490660,1,0,50.00,29183,0
584.992,warmup,29233,29233,0,8,29231,17386683,3.871,182400,1490660,1,0,50.00,29233,0
585.991,warmup,29283,29283,0,7,29281,17416638,3.871,182300,1490660,1,0,50.00,29283,0
586.997,warmup,29333,29333,0,12,29331,17447077,3.871,182236,1490660,1,0,50.00,29333,0
587.996,warmup,29383,29383,0,12,29381,17476979,3.871,182244,1490660,1,0,50.05,29383,0
588.996,warmup,29433,29433,0,12,29431,17506918,3.871,182196,1490660,1,0,49.95,29433,0
589.993,warmup,29483,29483,0,9,29481,17536960,3.871,182116,1490660,1,0,50.00,29483,0
590.997,warmup,29533,29533,0,11,29531,17566961,3.871,182124,1490660,1,0,50.00,29533,0
591.992,warmup,29583,29583,0,8,29581,17597125,3.871,182132,1490660,1,0,49.95,29583,0
592.991,warmup,29633,29633,0,7,29631,17627417,3.871,182140,1490660,1,0,50.05,29633,0
593.997,warmup,29683,29683,0,13,29681,17658502,3.871,182148,1490660,1,0,50.00,29683,0
594.994,warmup,29733,29733,0,10,29731,17688166,3.871,182156,1490660,1,0,50.00,29733,0
595.997,warmup,29783,29783,0,13,29781,17718295,3.871,182164,1490660,1,0,50.00,29783,0
596.997,warmup,29833,29833,0,14,29831,17747851,3.871,182188,1490660,1,0,50.00,29833,0
597.997,warmup,29883,29883,0,14,29881,17777332,3.871,182196,1490660,1,0,50.05,29883,0
598.996,warmup,29933,29933,0,13,29931,17807638,3.871,182204,1490660,1,0,50.00,29933,0
599.992,warmup,29983,29983,0,9,29981,17837935,3.871,182212,1490660,1,0,50.00,29983,0
600.991,warmup,30033,30033,0,9,30031,17867884,3.871,182220,1490660,1,0,50.00,30033,0
601.997,warmup,30083,30083,0,14,30081,17898022,3.871,182228,1490660,1,0,50.00,30083,0
602.996,warmup,30133,30133,0,13,30131,17928109,3.871,182240,1490660,1,0,50.00,30133,0
603.995,warmup,30183,30183,0,12,30181,17958195,3.871,182244,1490660,1,0,50.00,30183,0
604.997,warmup,30233,30233,0,13,30231,17988141,3.871,181244,1490660,1,0,50.00,30233,0
605.994,warmup,30283,30283,0,11,30281,18017647,3.871,181252,1490660,1,0,50.00,30283,0
606.991,warmup,30333,30333,0,9,30331,18047427,3.871,181260,1490660,1,0,49.95,30333,0
607.992,warmup,30383,30383,0,9,30381,18078505,3.871,181104,1490660,1,0,50.05,30383,0
608.991,warmup,30433,30433,0,8,30431,18108614,3.871,181112,1490660,1,0,49.95,30433,0
609.994,warmup,30483,30483,0,11,30481,18138260,3.871,181120,1490660,1,0,50.00,30483,0
610.993,warmup,30533,30533,0,10,30531,18167790,3.871,180544,1490660,1,0,50.00,30533,0
611.992,warmup,30583,30583,0,8,30581,18197268,3.871,180440,1490660,1,0,50.05,30583,0
612.994,warmup,30633,30633,0,11,30631,18226721,3.871,180444,1490660,1,0,49.95,30633,0
613.991,warmup,30683,30683,0,8,30681,18256512,3.871,180432,1490660,1,0,50.00,30683,0
614.997,warmup,30733,30733,0,12,30731,18286787,3.871,180404,1490660,1,0,50.05,30733,0
615.997,warmup,30783,30783,0,13,30781,18317085,3.871,180400,1490660,1,0,49.95,30783,0
616.995,warmup,30833,30833,0,12,30831,18347069,3.871,180340,1490660,1,0,50.05,30833,0
617.995,warmup,30883,30883,0,12,30881,18376916,3.871,180356,1490660,1,0,50.00,30883,0
618.997,warmup,30933,30933,0,13,30931,18407180,3.871,180340,1490660,1,0,50.00,30933,0
619.991,warmup,30983,30983,0,8,30981,18437585,3.871,180264,1490660,1,0,50.00,30983,0
620.991,warmup,31033,31033,0,8,31031,18467517,3.871,180132,1490660,1,0,50.00,31033,0
621.993,warmup,31083,31083,0,10,31081,18497026,3.871,179524,1490660,1,0,50.00,31083,0
622.996,warmup,31133,31133,0,13,31131,18527884,3.871,179320,1490660,1,0,49.95,31133,0
623.996,warmup,31183,31183,0,13,31181,18557828,3.871,179236,1490660,1,0,50.00,31183,0
624.997,warmup,31233,31233,0,13,31231,18587735,3.871,179136,1490660,1,0,50.00,31233,0
625.996,warmup,31283,31283,0,12,31281,18616955,3.871,179144,1490660,1,0,50.00,31283,0
626.991,warmup,31333,31333,0,7,31331,18646988,3.871,179152,1490660,1,0,50.00,31333,0
627.992,warmup,31383,31383,0,8,31381,18676964,3.871,179156,1490660,1,0,50.00,31383,0
628.995,warmup,31433,31433,0,11,31431,18706896,3.871,179172,1490660,1,0,50.00,31433,0
629.997,warmup,31483,31483,0,12,31481,18736659,3.871,179180,1490660,1,0,50.00,31483,0
630.996,warmup,31533,31533,0,12,31531,18766160,3.871,179188,1490660,1,0,50.00,31533,0
631.997,warmup,31583,31583,0,13,31581,18795795,3.871,179136,1490660,1,0,50.00,31583,0
632.996,warmup,31633,31633,0,12,31631,18825372,3.871,178700,1490660,1,0,50.00,31633,0
633.992,warmup,31683,31683,0,7,31681,18854823,3.871,178636,1490660,1,0,49.95,31683,0
634.992,warmup,31733,31733,0,7,31731,18884148,3.871,178540,1490660,1,0,50.05,31733,0
635.994,warmup,31783,31783,0,10,31781,18913280,3.871,178540,1490660,1,0,50.00,31783,0
636.997,warmup,31833,31833,0,13,31831,18942713,3.871,178556,1490660,1,0,50.00,31833,0
637.997,warmup,31883,31883,0,12,31881,18973046,3.871,178564,1490660,1,0,50.00,31883,0
638.997,warmup,31933,31933,0,13,31931,19002878,3.871,178568,1490660,1,0,50.00,31933,0
639.993,warmup,31983,31983,0,7,31981,19032837,3.871,178576,1490660,1,0,50.00,31983,0
640.993,warmup,32033,32033,0,9,32031,19063430,3.871,178588,1490660,1,0,50.00,32033,0
641.991,warmup,32083,32083,0,7,32081,19093197,3.871,178596,1490660,1,0,49.95,32083,0
642.997,warmup,32133,32133,0,12,32131,19123374,3.871,178600,1490660,1,0,50.05,32133,0
643.996,warmup,32183,32183,0,12,32181,19153274,3.871,178608,1490660,1,0,50.00,32183,0
644.991,warmup,32233,32233,0,6,32231,19182825,3.871,178620,1490660,1,0,50.00,32233,0
645.997,warmup,32283,32283,0,14,32281,19212520,3.871,178628,1490660,1,0,50.05,32283,0
646.997,warmup,32333,32333,0,13,32331,19242388,3.871,178632,1490660,1,0,50.00,32333,0
647.997,warmup,32383,32383,0,14,32381,19272030,3.871,178640,1490660,1,0,50.00,32383,0
648.991,warmup,32433,32433,0,9,32431,19301914,3.871,178656,1490660,1,0,50.00,32433,0
649.995,warmup,32483,32483,0,12,32481,19332239,3.871,178584,1490660,1,0,50.00,32483,0
650.997,warmup,32533,32533,0,12,32531,19362012,3.871,178596,1490660,1,0,50.00,32533,0
651.996,warmup,32583,32583,0,12,32581,19391780,3.871,178604,1490660,1,0,49.95,32583,0
652.996,warmup,32633,32633,0,13,32631,19422541,3.871,178616,1490660,1,0,50.00,32633,0
653.992,warmup,32683,32683,0,7,32681,19452778,3.871,178628,1490660,1,0,49.95,32683,0
654.997,warmup,32733,32733,0,14,32731,19482987,3.871,178604,1490660,1,0,49.95,32733,0
655.992,warmup,32783,32783,0,9,32781,19513309,3.871,178284,1490660,1,0,50.05,32783,0
656.997,warmup,32833,32833,0,13,32831,19543241,3.871,178292,1490660,1,0,50.05,32833,0
657.998,warmup,32883,32883,0,15,32881,19572992,3.871,178300,1490660,1,0,49.95,32883,0
658.997,warmup,32933,32933,0,14,32931,19602624,3.871,178312,1490660,1,0,50.05,32933,0
659.994,warmup,32983,32983,0,10,32981,19632078,3.871,178320,1490660,1,0,50.00,32983,0
660.997,warmup,33033,33033,0,13,33031,19662250,3.871,178336,1490660,1,0,50.00,33033,0
661.997,warmup,33083,33083,0,14,33081,19692307,3.871,178344,1490660,1,0,50.00,33083,0
662.992,warmup,33133,33133,0,7,33131,19722694,3.871,178348,1490660,1,0,49.95,33133,0
663.997,warmup,33183,33183,0,14,33181,19752916,3.871,178352,1490660,1,0,50.00,33183,0
664.997,warmup,33233,33233,0,13,33231,19783116,3.871,178352,1490660,1,0,50.00,33233,0
665.994,warmup,33283,33283,0,11,33281,19812855,3.871,178356,1490660,1,0,50.00,33283,0
666.997,warmup,33333,33333,0,13,33331,19843050,3.871,178356,1490660,1,0,50.00,33333,0
667.997,warmup,33383,33383,0,14,33381,19872919,3.871,178356,1490660,1,0,50.00,33383,0
668.996,warmup,33433,33433,0,13,33431,19902801,3.871,178360,1490660,1,0,50.00,33433,0
669.992,warmup,33483,33483,0,9,33481,19933142,3.871,178360,1490660,1,0,50.05,33483,0
670.997,warmup,33533,33533,0,14,33531,19962871,3.871,178364,1490660,1,0,50.00,33533,0
671.997,warmup,33583,33583,0,13,33581,19992414,3.871,178368,1490660,1,0,50.00,33583,0
672.992,warmup,33633,33633,0,8,33631,20022046,3.871,178368,1490660,1,0,49.95,33633,0
673.996,warmup,33683,33683,0,12,33681,20051449,3.871,178352,1490660,1,0,50.00,33683,0
674.997,warmup,33733,33733,0,12,33731,20081148,3.871,178080,1490660,1,0,50.00,33733,0
675.991,warmup,33783,33783,0,7,33781,20110834,3.871,178012,1490660,1,0,50.00,33783,0
676.992,warmup,33833,33833,0,7,33831,20140655,3.871,178008,1490660,1,0,49.95,33833,0
677.995,warmup,33883,33883,0,11,33881,20170620,3.871,177964,1490660,1,0,50.05,33883,0
678.997,warmup,33933,33933,0,12,33931,20200513,3.871,177968,1490660,1,0,50.00,33933,0
679.997,warmup,33983,33983,0,13,33981,20230760,3.871,177872,1490660,1,0,50.00,33983,0
680.994,warmup,34033,34033,0,10,34031,20260938,3.871,177868,1490660,1,0,50.00,34033,0
681.992,warmup,34083,34083,0,6,34081,20290337,3.871,177868,1490660,1,0,50.00,34083,0
682.992,warmup,34133,34133,0,8,34131,20320846,3.871,177788,1490660,1,0,50.00,34133,0
683.992,warmup,34183,34183,0,7,34181,20350710,3.871,177552,1490660,1,0,50.00,34183,0
684.992,warmup,34233,34233,0,8,34231,20380926,3.871,177572,1490660,1,0,50.00,34233,0
685.993,warmup,34283,34283,0,10,34281,20410704,3.871,176916,1490660,1,0,50.00,34283,0
686.996,warmup,34333,34333,0,12,34331,20440685,3.871,176296,1490660,1,0,50.00,34333,0
687.994,warmup,34383,34383,0,11,34381,20470605,3.871,176236,1490660,1,0,50.00,34383,0
688.992,warmup,34433,34433,0,6,34431,20500594,3.871,176220,1490660,1,0,50.00,34433,0
689.993,warmup,34483,34483,0,8,34481,20530178,3.871,175344,1490660,1,0,50.05,34483,0
690.991,warmup,34533,34533,0,7,34531,20559973,3.871,175352,1490660,1,0,50.00,34533,0
691.992,warmup,34583,34583,0,7,34581,20589805,3.871,175360,1490660,1,0,49.90,34583,0
692.997,warmup,34633,34633,0,13,34631,20619257,3.871,175372,1490660,1,0,50.05,34633,0
693.993,warmup,34683,34683,0,9,34681,20648579,3.871,175380,1490660,1,0,49.95,34683,0
694.997,warmup,34733,34733,0,13,34731,20677860,3.871,175400,1490660,1,0,50.00,34733,0
695.992,warmup,34783,34783,0,8,34781,20707320,3.871,175408,1490660,1,0,50.00,34783,0
696.993,warmup,34833,34833,0,10,34831,20737828,3.871,175412,1490660,1,0,50.05,34833,0
697.992,warmup,34883,34883,0,8,34881,20767609,3.871,175424,1490660,1,0,50.10,34883,0
698.997,warmup,34933,34933,0,14,34931,20797626,3.871,175432,1490660,1,0,49.90,34933,0
699.992,warmup,34983,34983,0,7,34981,20827349,3.871,175440,1490660,1,0,50.00,34983,0
700.997,warmup,35033,35033,0,13,35031,20856895,3.871,175444,1490660,1,0,50.05,35033,0
701.997,warmup,35083,35083,0,12,35081,20886363,3.871,175456,1490660,1,0,49.95,35083,0
702.992,warmup,35133,35133,0,6,35131,20916063,3.871,175464,1490660,1,0,50.05,35133,0
703.995,warmup,35183,35183,0,11,35181,20945766,3.871,175472,1490660,1,0,49.95,35183,0
704.992,warmup,35233,35233,0,8,35231,20975628,3.871,175480,1490660,1,0,50.05,35233,0
705.997,warmup,35283,35283,0,14,35281,21005518,3.871,175492,1490660,1,0,49.95,35283,0
706.992,warmup,35333,35333,0,9,35331,21035043,3.871,175500,1490660,1,0,50.05,35333,0
707.995,warmup,35383,35383,0,12,35381,21065513,3.871,175484,1490660,1,0,50.00,35383,0
708.993,warmup,35433,35433,0,10,35431,21095027,3.871,174920,1490660,1,0,50.00,35433,0
709.997,warmup,35483,35483,0,14,35481,21125334,3.871,174376,1490660,1,0,50.00,35483,0
710.991,warmup,35533,35533,0,8,35531,21155652,3.871,174364,1490660,1,0,49.95,35533,0
711.991,warmup,35583,35583,0,8,35581,21185983,3.871,174268,1490660,1,0,50.05,35583,0
712.997,warmup,35633,35633,0,13,35631,21215814,3.871,174868,1490660,1,0,49.95,35633,0
713.997,warmup,35683,35683,0,13,35681,21245629,3.871,174792,1490660,1,0,50.00,35683,0
714.997,warmup,35733,35733,0,14,35731,21275551,3.871,174428,1490660,1,0,50.05,35733,0
715.997,warmup,35783,35783,0,14,35781,21305608,3.871,173576,1490660,1,0,50.00,35783,0
716.992,warmup,35833,35833,0,8,35831,21335351,3.871,172452,1490660,1,0,49.95,35833,0
717.994,warmup,35883,35883,0,12,35881,21365277,3.871,172424,1490660,1,0,50.00,35883,0
718.992,warmup,35933,35933,0,8,35931,21394728,3.871,172028,1490660,1,0,50.00,35933,0
719.996,warmup,35983,35983,0,13,35981,21424820,3.871,171012,1490660,1,0,50.05,35983,0
720.996,warmup,36033,36033,0,13,36031,21454732,3.871,170672,1490660,1,0,50.00,36033,0
721.997,warmup,36083,36083,0,14,36081,21484648,3.871,170116,1490660,1,0,49.95,36083,0
722.996,warmup,36133,36133,0,12,36131,21514470,3.871,169136,1490660,1,0,50.00,36133,0
723.992,warmup,36183,36183,0,7,36181,21544396,3.871,168904,1490660,1,0,49.90,36183,0
724.992,warmup,36233,36233,0,8,36231,21574100,3.871,172628,1490628,1,0,50.10,36233,0
725.992,warmup,36283,36283,0,8,36281,21604323,3.871,172636,1490628,1,0,50.00,36283,0
726.997,warmup,36333,36333,0,13,36331,21634172,3.871,172644,1490628,1,0,50.00,36333,0
727.996,warmup,36383,36383,0,12,36381,21664438,3.871,172652,1490628,1,0,50.05,36383,0
728.996,warmup,36433,36433,0,12,36431,21694277,3.871,172660,1490628,1,0,49.95,36433,0
729.996,warmup,36483,36483,0,12,36481,21724694,3.871,172672,1490628,1,0,50.00,36483,0
730.995,warmup,36533,36533,0,10,36531,21754756,3.871,172680,1490628,1,0,49.95,36533,0
731.992,warmup,36583,36583,0,8,36581,21784951,3.871,172644,1490628,1,0,50.00,36583,0
732.991,warmup,36633,36633,0,7,36631,21815409,3.871,172556,1490628,1,0,50.05,36633,0
733.996,warmup,36683,36683,0,13,36681,21845310,3.871,172552,1490628,1,0,50.00,36683,0
734.995,warmup,36733,36733,0,11,36731,21875752,3.871,172556,1490628,1,0,50.00,36733,0
735.997,warmup,36783,36783,0,12,36781,21906147,3.871,172568,1490628,1,0,50.00,36783,0
736.993,warmup,36833,36833,0,10,36831,21936273,3.871,172576,1490628,1,0,50.00,36833,0
737.997,warmup,36883,36883,0,13,36881,21966257,3.871,172588,1490628,1,0,50.00,36883,0
738.992,warmup,36933,36933,0,7,36931,21996475,3.871,172596,1490628,1,0,50.00,36933,0
739.992,warmup,36983,36983,0,7,36981,22026172,3.871,172604,1490628,1,0,50.00,36983,0
740.997,warmup,37033,37033,0,12,37031,22056331,3.871,172616,1490628,1,0,50.00,37033,0
741.996,warmup,37083,37083,0,12,37081,22085638,3.871,172624,1490628,1,0,50.00,37083,0
742.993,warmup,37133,37133,0,9,37131,22115962,3.871,172644,1490628,1,0,50.05,37133,0
743.997,warmup,37183,37183,0,13,37181,22145844,3.871,172652,1490628,1,0,49.90,37183,0
744.997,warmup,37233,37233,0,13,37231,22176108,3.871,172660,1490628,1,0,50.05,37233,0
745.995,warmup,37283,37283,0,12,37281,22206235,3.871,172672,1490628,1,0,50.00,37283,0
746.992,warmup,37333,37333,0,7,37331,22236417,3.871,172680,1490628,1,0,50.05,37333,0
747.996,warmup,37383,37383,0,13,37381,22266531,3.871,172692,1490628,1,0,50.00,37383,0
748.991,warmup,37433,37433,0,8,37431,22297029,3.871,172700,1490628,1,0,49.95,37433,0
749.991,warmup,37483,37483,0,8,37481,22327140,3.871,172692,1490628,1,0,50.05,37483,0
750.996,warmup,37533,37533,0,13,37531,22356949,3.871,172712,1490628,1,0,49.95,37533,0
751.995,warmup,37583,37583,0,10,37581,22387168,3.871,172720,1490628,1,0,50.00,37583,0
752.997,warmup,37633,37633,0,14,37631,22416687,3.871,172732,1490628,1,0,50.00,37633,0
753.992,warmup,37683,37683,0,9,37681,22445804,3.871,172740,1490628,1,0,50.00,37683,0
754.997,warmup,37733,37733,0,14,37731,22475275,3.871,172748,1490628,1,0,50.00,37733,0
755.992,warmup,37783,37783,0,8,37781,22504573,3.871,172676,1490628,1,0,50.05,37783,0
756.991,warmup,37833,37833,0,8,37831,22534155,3.871,172684,1490628,1,0,50.00,37833,0
757.991,warmup,37883,37883,0,8,37881,22564281,3.871,172692,1490628,1,0,50.00,37883,0
758.996,warmup,37933,37933,0,12,37931,22594058,3.871,172704,1490628,1,0,50.00,37933,0
759.997,warmup,37983,37983,0,13,37981,22624154,3.871,172712,1490628,1,0,50.00,37983,0
760.992,warmup,38033,38033,0,8,38031,22654737,3.871,172724,1490628,1,0,50.00,38033,0
761.997,warmup,38083,38083,0,12,38081,22685272,3.871,172732,1490628,1,0,49.95,38083,0
762.995,warmup,38133,38133,0,10,38131,22714721,3.871,172740,1490628,1,0,50.00,38133,0
763.997,warmup,38183,38183,0,14,38181,22744376,3.871,172752,1490628,1,0,50.00,38183,0
764.996,warmup,38233,38233,0,13,38231,22774489,3.871,172760,1490628,1,0,50.00,38233,0
765.993,warmup,38283,38283,0,9,38281,22804442,3.871,172808,1490628,1,0,50.00,38283,0
766.997,warmup,38333,38333,0,14,38331,22834271,3.871,172816,1490628,1,0,50.00,38333,0
767.991,warmup,38383,38383,0,8,38381,22863647,3.871,172824,1490628,1,0,50.05,38383,0
768.993,warmup,38433,38433,0,10,38431,22893550,3.871,172832,1490628,1,0,50.00,38433,0
769.997,warmup,38483,38483,0,14,38481,22923141,3.871,172844,1490628,1,0,49.95,38483,0
770.997,warmup,38533,38533,0,14,38531,22955333,3.871,172916,1490628,1,0,50.05,38533,0
771.991,warmup,38583,38583,0,8,38581,22986177,3.871,172924,1490628,1,0,49.90,38583,0
772.996,warmup,38633,38633,0,11,38631,23016511,3.871,172936,1490628,1,0,50.05,38633,0
773.992,warmup,38683,38683,0,7,38681,23047533,3.871,172948,1490628,1,0,50.00,38683,0
774.992,warmup,38733,38733,0,8,38731,23077528,3.871,172956,1490628,1,0,49.95,38733,0
775.996,warmup,38783,38783,0,12,38781,23107370,3.871,172960,1490628,1,0,50.05,38783,0
776.997,warmup,38833,38833,0,13,38831,23136609,3.871,172968,1490628,1,0,50.00,38833,0
777.996,warmup,38883,38883,0,12,38881,23166548,3.871,172980,1490628,1,0,49.95,38883,0
778.993,warmup,38933,38933,0,10,38931,23196223,3.871,172988,1490628,1,0,50.05,38933,0
779.991,warmup,38983,38983,0,6,38981,23225487,3.871,172980,1490628,1,0,50.00,38983,0
780.992,warmup,39033,39033,0,8,39031,23255276,3.871,172944,1490628,1,0,50.05,39033,0
781.992,warmup,39083,39083,0,8,39081,23284669,3.871,172964,1490628,1,0,49.95,39083,0
782.997,warmup,39133,39133,0,13,39131,23314901,3.871,172980,1490628,1,0,50.00,39133,0
783.997,warmup,39183,39183,0,13,39181,23344625,3.871,172984,1490628,1,0,50.05,39183,0
784.997,warmup,39233,39233,0,13,39231,23374557,3.871,172992,1490628,1,0,49.95,39233,0
785.997,warmup,39283,39283,0,13,39281,23404303,3.871,172992,1490628,1,0,50.00,39283,0
786.993,warmup,39333,39333,0,9,39331,23434239,3.871,173000,1490628,1,0,50.00,39333,0
787.992,warmup,39383,39383,0,7,39381,23463452,3.871,173000,1490628,1,0,50.00,39383,0
788.992,warmup,39433,39433,0,7,39431,23492947,3.871,172992,1490628,1,0,50.00,39433,0
789.997,warmup,39483,39483,0,13,39481,23522887,3.871,173008,1490628,1,0,50.00,39483,0
790.997,warmup,39533,39533,0,12,39531,23552923,3.871,173016,1490628,1,0,50.00,39533,0
791.996,warmup,39583,39583,0,12,39581,23582751,3.871,172596,1490628,1,0,50.00,39583,0
792.997,warmup,39633,39633,0,13,39631,23612572,3.871,172176,1490628,1,0,50.00,39633,0
793.992,warmup,39683,39683,0,6,39681,23642754,3.871,172180,1490628,1,0,50.00,39683,0
794.997,warmup,39733,39733,0,13,39731,23672920,3.871,172188,1490628,1,0,50.00,39733,0
795.992,warmup,39783,39783,0,9,39781,23703285,3.871,172196,1490628,1,0,50.00,39783,0
796.995,warmup,39833,39833,0,12,39831,23736526,3.871,172204,1490628,1,0,50.05,39833,0
797.997,warmup,39883,39883,0,14,39881,23766919,3.871,172196,1490628,1,0,49.95,39883,0
798.993,warmup,39933,39933,0,10,39931,23798743,3.871,172196,1490628,1,0,50.00,39933,0
799.997,warmup,39983,39983,0,14,39981,23829617,3.871,172204,1490628,1,0,50.05,39983,0
800.997,warmup,40033,40033,0,13,40031,23860274,3.871,172216,1490628,1,0,49.95,40033,0
801.992,warmup,40083,40083,0,8,40081,23890928,3.871,172400,1490628,1,0,50.00,40083,0
802.992,warmup,40133,40133,0,7,40131,23921798,3.871,172408,1490628,1,0,50.05,40133,0
803.994,warmup,40183,40183,0,10,40181,23953476,3.871,172532,1490820,1,0,49.95,40183,0
804.994,warmup,40233,40233,0,10,40231,23984349,3.871,172556,1490820,1,0,50.00,40233,0
805.996,warmup,40283,40283,0,12,40281,24014979,3.871,172564,1490820,1,0,50.00,40283,0
806.993,warmup,40333,40333,0,10,40331,24046181,3.871,172576,1490756,1,0,50.00,40333,0
807.994,warmup,40383,40383,0,10,40381,24076988,3.871,172584,1490756,1,0,50.05,40383,0
808.997,warmup,40433,40433,0,14,40431,24107595,3.871,172604,1490756,1,0,49.95,40433,0
809.991,warmup,40483,40483,0,8,40481,24138597,3.871,172608,1490756,1,0,50.05,40483,0
810.996,warmup,40533,40533,0,12,40531,24170012,3.871,172684,1490756,1,0,49.95,40533,0
811.997,warmup,40583,40583,0,13,40581,24200306,3.871,172696,1490756,1,0,50.00,40583,0
812.992,warmup,40633,40633,0,9,40631,24230843,3.871,172704,1490756,1,0,50.00,40633,0
813.997,warmup,40683,40683,0,14,40681,24261777,3.871,172716,1490756,1,0,50.00,40683,0
814.992,warmup,40733,40733,0,8,40731,24292227,3.871,172868,1490756,1,0,50.05,40733,0
815.991,warmup,40783,40783,0,7,40781,24322657,3.871,172884,1490756,1,0,49.95,40783,0
816.991,warmup,40833,40833,0,8,40831,24354196,3.871,172896,1490756,1,0,50.00,40833,0
817.997,warmup,40883,40883,0,12,40881,24385207,3.871,172904,1490756,1,0,50.00,40883,0
818.995,warmup,40933,40933,0,11,40931,24415719,3.871,172916,1490756,1,0,50.00,40933,0
819.992,warmup,40983,40983,0,8,40981,24446715,3.871,173896,1491400,1,0,49.95,40983,0
820.996,warmup,41033,41033,0,14,41031,24477298,3.871,173908,1491400,1,0,49.95,41033,0
821.992,warmup,41083,41083,0,7,41081,24507938,3.871,173920,1491400,1,0,50.10,41083,0
822.993,warmup,41133,41133,0,9,41131,24539166,3.871,173940,1491400,1,0,49.95,41133,0
823.992,warmup,41183,41183,0,8,41181,24568748,3.871,173948,1491400,1,0,50.00,41183,0
824.997,warmup,41233,41233,0,13,41231,24598689,3.871,173960,1491400,1,0,50.00,41233,0
825.997,warmup,41283,41283,0,13,41281,24629098,3.871,173964,1491400,1,0,49.95,41283,0
826.996,warmup,41333,41333,0,12,41331,24660138,3.871,173964,1491400,1,0,50.10,41333,0
827.997,warmup,41383,41383,0,13,41381,24690598,3.871,173956,1491400,1,0,49.90,41383,0
828.992,warmup,41433,41433,0,8,41431,24721845,3.871,173964,1491400,1,0,50.00,41433,0
829.997,warmup,41483,41483,0,13,41481,24752309,3.871,173976,1491400,1,0,50.00,41483,0
830.991,warmup,41533,41533,0,7,41531,24783380,3.871,173984,1491400,1,0,50.05,41533,0
831.997,warmup,41583,41583,0,13,41581,24815076,3.871,173992,1491400,1,0,50.00,41583,0
832.997,warmup,41633,41633,0,13,41631,24846435,3.871,174000,1491400,1,0,50.00,41633,0
833.996,warmup,41683,41683,0,12,41681,24876856,3.871,174004,1491400,1,0,50.00,41683,0
834.997,warmup,41733,41733,0,13,41731,24906674,3.871,174008,1491400,1,0,49.95,41733,0
835.997,warmup,41783,41783,0,13,41781,24936536,3.871,174016,1491400,1,0,50.05,41783,0
836.992,warmup,41833,41833,0,8,41831,24966121,3.871,174024,1491400,1,0,50.00,41833,0
837.991,warmup,41883,41883,0,7,41881,24996001,3.871,174032,1491400,1,0,50.00,41883,0
838.996,warmup,41933,41933,0,12,41931,25025769,3.871,174044,1491400,1,0,50.00,41933,0
839.997,warmup,41983,41983,0,13,41981,25055430,3.871,174052,1491400,1,0,49.95,41983,0
840.994,warmup,42033,42033,0,9,42031,25085630,3.871,174060,1491400,1,0,50.05,42033,0
841.997,warmup,42083,42083,0,14,42081,25115721,3.871,174068,1491400,1,0,50.00,42083,0
842.997,warmup,42133,42133,0,12,42131,25145410,3.871,174084,1491400,1,0,50.00,42133,0
843.992,warmup,42183,42183,0,8,42181,25175229,3.871,174092,1491400,1,0,50.00,42183,0
844.992,warmup,42233,42233,0,8,42231,25204767,3.871,173852,1491400,1,0,50.00,42233,0
845.997,warmup,42283,42283,0,13,42281,25234734,3.871,173808,1491400,1,0,50.00,42283,0
846.994,warmup,42333,42333,0,11,42331,25264840,3.871,175080,1491424,1,0,50.00,42333,0
847.997,warmup,42383,42383,0,14,42381,25294725,3.871,175300,1491448,1,0,50.05,42383,0
848.997,warmup,42433,42433,0,15,42431,25324329,3.871,175308,1491448,1,0,50.00,42433,0
849.996,warmup,42483,42483,0,13,42481,25354061,3.871,177232,1491384,1,0,50.00,42483,0
850.994,warmup,42533,42533,0,12,42531,25383930,3.871,177264,1491384,1,0,50.00,42533,0
851.991,warmup,42583,42583,0,8,42581,25413083,3.871,177268,1491384,1,0,50.00,42583,0
852.996,warmup,42633,42633,0,12,42631,25442174,3.871,177284,1491384,1,0,49.95,42633,0
853.991,warmup,42683,42683,0,8,42681,25471929,3.871,177292,1491384,1,0,50.00,42683,0
854.997,warmup,42733,42733,0,14,42731,25501573,3.871,177304,1491384,1,0,50.00,42733,0
855.996,warmup,42783,42783,0,12,42781,25531475,3.871,177312,1491384,1,0,50.05,42783,0
856.994,warmup,42833,42833,0,11,42831,25561411,3.871,177380,1491384,1,0,50.00,42833,0
857.996,warmup,42883,42883,0,14,42881,25591167,3.871,177392,1491384,1,0,49.95,42883,0
858.992,warmup,42933,42933,0,9,42931,25620752,3.871,177400,1491384,1,0,50.05,42933,0
859.994,warmup,42983,42983,0,12,42981,25650749,3.871,177408,1491384,1,0,50.00,42983,0
860.995,warmup,43033,43033,0,12,43031,25680642,3.871,177420,1491384,1,0,50.00,43033,0
861.996,warmup,43083,43083,0,13,43081,25710384,3.871,177428,1491384,1,0,49.95,43083,0
862.997,warmup,43133,43133,0,13,43131,25739896,3.871,177436,1491384,1,0,50.00,43133,0
863.997,warmup,43183,43183,0,12,43181,25769675,3.871,177448,1491384,1,0,50.00,43183,0
864.992,warmup,43233,43233,0,8,43231,25798994,3.871,177456,1491384,1,0,50.00,43233,0
865.992,warmup,43283,43283,0,7,43281,25828849,3.871,177468,1491384,1,0,50.00,43283,0
866.995,warmup,43333,43333,0,12,43331,25858912,3.871,177476,1491384,1,0,50.00,43333,0
867.996,warmup,43383,43383,0,13,43381,25888669,3.871,177344,1491384,1,0,50.05,43383,0
868.997,warmup,43433,43433,0,14,43431,25918511,3.871,177336,1491384,1,0,50.00,43433,0
869.997,warmup,43483,43483,0,15,43481,25947708,3.871,177344,1491384,1,0,50.00,43483,0
870.991,warmup,43533,43533,0,7,43531,25977703,3.871,177356,1491384,1,0,49.95,43533,0
871.996,warmup,43583,43583,0,13,43581,26007036,3.871,177364,1491384,1,0,50.05,43583,0
872.991,warmup,43633,43633,0,8,43631,26036431,3.871,177372,1491384,1,0,50.00,43633,0
873.997,warmup,43683,43683,0,13,43681,26066023,3.871,177384,1491384,1,0,49.95,43683,0
874.996,warmup,43733,43733,0,12,43731,26096029,3.871,177392,1491384,1,0,49.95,43733,0
875.997,warmup,43783,43783,0,13,43781,26125540,3.871,177404,1491384,1,0,50.05,43783,0
876.993,warmup,43833,43833,0,10,43831,26155129,3.871,177412,1491384,1,0,50.00,43833,0
877.992,warmup,43883,43883,0,6,43881,26184924,3.871,177420,1491384,1,0,50.00,43883,0
878.992,warmup,43933,43933,0,7,43931,26214717,3.871,177432,1491384,1,0,50.00,43933,0
879.991,warmup,43983,43983,0,7,43981,26244062,3.871,177440,1491384,1,0,50.05,43983,0
880.996,warmup,44033,44033,0,13,44031,26274005,3.871,177452,1491384,1,0,49.95,44033,0
881.996,warmup,44083,44083,0,12,44081,26304051,3.871,177460,1491384,1,0,50.00,44083,0
882.997,warmup,44133,44133,0,14,44131,26334102,3.871,177468,1491384,1,0,49.95,44133,0
883.997,warmup,44183,44183,0,13,44181,26368757,5.545,177480,1491384,1,0,50.10,44183,0
884.994,warmup,44233,44233,0,9,44231,26398476,5.545,177488,1491384,1,0,50.00,44233,0
885.992,warmup,44283,44283,0,7,44281,26427966,5.545,177496,1491384,1,0,50.00,44283,0
886.991,warmup,44333,44333,0,7,44331,26457163,5.545,177568,1491384,1,0,49.95,44333,0
887.997,warmup,44383,44383,0,13,44381,26486423,5.545,178384,1491348,1,0,50.00,44383,0
888.997,warmup,44433,44433,0,13,44431,26516323,5.545,178388,1491348,1,0,50.00,44433,0
889.992,warmup,44483,44483,0,8,44481,26546224,5.545,178396,1491348,1,0,50.00,44483,0
890.997,warmup,44533,44533,0,13,44531,26575944,5.545,178388,1491348,1,0,49.95,44533,0
891.992,warmup,44583,44583,0,7,44581,26605639,5.545,178404,1491348,1,0,50.00,44583,0
892.997,warmup,44633,44633,0,13,44631,26635728,5.545,178316,1491348,1,0,50.05,44633,0
893.992,warmup,44683,44683,0,8,44681,26665263,5.545,178324,1491348,1,0,50.00,44683,0
894.997,warmup,44733,44733,0,13,44731,26694833,5.545,178328,1491348,1,0,50.00,44733,0
895.997,warmup,44783,44783,0,14,44781,26724561,5.545,178332,1491348,1,0,50.00,44783,0
896.991,warmup,44833,44833,0,8,44831,26754527,5.545,178200,1491348,1,0,50.05,44833,0
897.997,warmup,44883,44883,0,14,44881,26783822,5.545,178208,1491348,1,0,49.90,44883,0
898.997,warmup,44933,44933,0,14,44931,26813644,5.545,177988,1491348,1,0,50.10,44933,0
899.997,warmup,44983,44983,0,14,44981,26843366,5.545,177744,1491348,1,0,49.95,44983,0
900.991,measure,45033,45033,0,8,45031,26873038,5.545,177752,1491348,1,0,50.00,45033,0
901.996,measure,45083,45083,0,13,45081,26902569,5.545,177756,1491348,1,0,50.00,45083,0
902.996,measure,45133,45133,0,13,45131,26932510,5.545,177644,1491348,1,0,50.05,45133,0
903.996,measure,45183,45183,0,13,45181,26962498,5.545,177652,1491348,1,0,50.00,45183,0
904.997,measure,45233,45233,0,14,45231,26992286,5.545,177660,1491348,1,0,50.00,45233,0
905.997,measure,45283,45283,0,12,45281,27022277,5.545,177664,1491348,1,0,49.90,45283,0
906.992,measure,45333,45333,0,8,45331,27052146,5.545,177676,1491348,1,0,50.10,45333,0
907.991,measure,45383,45383,0,7,45381,27082063,5.545,177684,1491348,1,0,50.00,45383,0
908.995,measure,45433,45433,0,11,45431,27111322,5.545,177696,1491348,1,0,49.95,45433,0
909.997,measure,45483,45483,0,13,45481,27141426,5.545,177700,1491348,1,0,50.00,45483,0
910.997,measure,45533,45533,0,13,45531,27171533,5.545,177712,1491348,1,0,50.00,45533,0
911.997,measure,45583,45583,0,14,45581,27200857,5.545,177720,1491348,1,0,49.95,45583,0
912.991,measure,45633,45633,0,6,45631,27230336,5.545,177728,1491348,1,0,50.10,45633,0
913.995,measure,45683,45683,0,11,45681,27260125,5.545,177732,1491348,1,0,49.95,45683,0
914.991,measure,45733,45733,0,7,45731,27289825,5.545,177744,1491348,1,0,49.95,45733,0
915.996,measure,45783,45783,0,13,45781,27319648,5.545,177752,1491348,1,0,50.10,45783,0
916.992,measure,45833,45833,0,9,45831,27349245,5.545,177756,1491348,1,0,50.00,45833,0
917.997,measure,45883,45883,0,14,45881,27378845,5.545,178112,1491408,1,0,49.95,45883,0
918.997,measure,45933,45933,0,14,45931,27408262,5.545,178124,1491408,1,0,50.05,45933,0
919.997,measure,45983,45983,0,13,45981,27437575,5.545,178124,1491408,1,0,49.95,45983,0
920.996,measure,46033,46033,0,13,46031,27467622,5.545,178132,1491408,1,0,50.05,46033,0
921.991,measure,46083,46083,0,7,46081,27496833,5.545,178136,1491408,1,0,49.95,46083,0
922.996,measure,46133,46133,0,13,46131,27526363,5.545,178084,1491408,1,0,49.95,46133,0
923.997,measure,46183,46183,0,13,46181,27556123,5.545,178080,1491408,1,0,50.10,46183,0
924.997,measure,46233,46233,0,13,46231,27586158,5.545,178084,1491408,1,0,49.95,46233,0
925.992,measure,46283,46283,0,8,46281,27615789,5.545,178088,1491408,1,0,50.00,46283,0
926.997,measure,46333,46333,0,13,46331,27645968,5.545,178100,1491408,1,0,50.00,46333,0
927.992,measure,46383,46383,0,8,46381,27676179,5.545,178136,1491408,1,0,50.05,46383,0
928.991,measure,46433,46433,0,7,46431,27706188,5.545,178140,1491408,1,0,49.95,46433,0
929.994,measure,46483,46483,0,10,46481,27736395,5.545,178148,1491408,1,0,50.00,46483,0
930.997,measure,46533,46533,0,13,46531,27766600,5.545,178136,1491408,1,0,50.00,46533,0
931.997,measure,46583,46583,0,13,46581,27796818,5.545,178100,1491408,1,0,50.00,46583,0
932.995,measure,46633,46633,0,12,46631,27826439,5.545,178092,1491408,1,0,50.00,46633,0
933.997,measure,46683,46683,0,13,46681,27855683,5.545,177724,1491408,1,0,50.05,46683,0
934.997,measure,46733,46733,0,13,46731,27885126,5.545,176792,1491408,1,0,50.00,46733,0
935.992,measure,46783,46783,0,8,46781,27915056,5.545,176668,1491408,1,0,49.95,46783,0
936.992,measure,46833,46833,0,6,46831,27944999,5.545,176676,1491408,1,0,50.00,46833,0
937.997,measure,46883,46883,0,13,46881,27974433,5.545,176684,1491408,1,0,49.95,46883,0
938.994,measure,46933,46933,0,10,46931,28004187,5.545,176692,1491408,1,0,50.05,46933,0
939.996,measure,46983,46983,0,13,46981,28033941,5.545,176700,1491408,1,0,49.95,46983,0
940.996,measure,47033,47033,0,11,47031,28063731,5.545,176712,1491408,1,0,50.05,47033,0
941.997,measure,47083,47083,0,13,47081,28093744,5.545,176720,1491408,1,0,49.95,47083,0
942.991,measure,47133,47133,0,7,47131,28123479,5.545,176728,1491408,1,0,50.05,47133,0
943.996,measure,47183,47183,0,12,47181,28153350,5.545,176736,1491408,1,0,50.00,47183,0
944.997,measure,47233,47233,0,13,47231,28182880,5.545,176736,1491408,1,0,50.00,47233,0
945.997,measure,47283,47283,0,14,47281,28212402,5.545,176744,1491408,1,0,50.00,47283,0
946.997,measure,47333,47333,0,13,47331,28241859,5.545,176720,1491408,1,0,50.05,47333,0
947.995,measure,47383,47383,0,12,47381,28271512,5.545,176728,1491408,1,0,50.00,47383,0
948.997,measure,47433,47433,0,14,47431,28301525,5.545,176736,1491408,1,0,50.00,47433,0
949.991,measure,47483,47483,0,7,47481,28331056,5.545,176744,1491408,1,0,50.00,47483,0
950.995,measure,47533,47533,0,12,47531,28360583,5.545,176752,1491408,1,0,49.95,47533,0
951.997,measure,47583,47583,0,14,47581,28390279,5.545,176760,1491408,1,0,50.05,47583,0
952.996,measure,47633,47633,0,13,47631,28420508,5.545,176768,1491408,1,0,50.00,47633,0
953.996,measure,47683,47683,0,14,47681,28450573,5.545,176776,1491408,1,0,50.00,47683,0
954.996,measure,47733,47733,0,13,47731,28479945,5.545,176788,1491408,1,0,49.95,47733,0
955.997,measure,47783,47783,0,13,47781,28509595,5.545,176796,1491408,1,0,50.00,47783,0
956.991,measure,47833,47833,0,8,47831,28539158,5.545,176804,1491408,1,0,50.00,47833,0
957.997,measure,47883,47883,0,12,47881,28569145,5.545,176812,1491408,1,0,50.00,47883,0
958.996,measure,47933,47933,0,12,47931,28598885,5.545,176820,1491408,1,0,50.00,47933,0
959.997,measure,47983,47983,0,13,47981,28628429,5.545,176828,1491408,1,0,50.00,47983,0
960.995,measure,48033,48033,0,13,48031,28658010,5.545,176836,1491408,1,0,50.00,48033,0
961.997,measure,48083,48083,0,13,48081,28687961,5.545,176824,1491408,1,0,50.00,48083,0
962.992,measure,48133,48133,0,7,48131,28717740,5.545,176832,1491408,1,0,50.00,48133,0
963.991,measure,48183,48183,0,8,48181,28747322,5.545,176840,1491408,1,0,50.00,48183,0
964.997,measure,48233,48233,0,13,48231,28776930,5.545,176848,1491408,1,0,49.95,48233,0
965.997,measure,48283,48283,0,13,48281,28806940,5.545,176856,1491408,1,0,50.10,48283,0
966.994,measure,48333,48333,0,11,48331,28836324,5.545,176856,1491408,1,0,50.00,48333,0
967.998,measure,48383,48383,0,14,48381,28865979,5.545,176468,1491408,1,0,50.00,48383,0
968.997,measure,48433,48433,0,13,48431,28896291,5.545,176480,1491408,1,0,50.00,48433,0
969.991,measure,48483,48483,0,7,48481,28926323,5.545,176488,1491408,1,0,49.90,48483,0
970.992,measure,48533,48533,0,9,48531,28956343,5.545,176500,1491408,1,0,50.10,48533,0
971.997,measure,48583,48583,0,13,48581,28986438,5.545,176512,1491408,1,0,50.00,48583,0
972.995,measure,48633,48633,0,11,48631,29016492,5.545,176528,1491408,1,0,49.95,48633,0
973.996,measure,48683,48683,0,12,48681,29046309,5.545,176540,1491408,1,0,50.00,48683,0
974.997,measure,48733,48733,0,14,48731,29076104,5.545,176544,1491408,1,0,50.00,48733,0
975.991,measure,48783,48783,0,5,48781,29105457,5.545,176560,1491408,1,0,50.00,48783,0
976.991,measure,48833,48833,0,7,48831,29134995,5.545,176568,1491408,1,0,50.05,48833,0
977.992,measure,48883,48883,0,8,48881,29164733,5.545,176572,1491408,1,0,49.95,48883,0
978.996,measure,48933,48933,0,12,48931,29194147,5.545,176584,1491408,1,0,50.00,48933,0
979.997,measure,48983,48983,0,12,48981,29223681,5.545,176596,1491408,1,0,50.00,48983,0
980.997,measure,49033,49033,0,13,49031,29253520,5.545,176608,1491408,1,0,50.05,49033,0
981.995,measure,49083,49083,0,12,49081,29282443,5.545,176612,1491408,1,0,49.90,49083,0
982.991,measure,49133,49133,0,6,49131,29312146,5.545,176620,1491408,1,0,50.00,49133,0
983.992,measure,49183,49183,0,8,49181,29341841,5.545,176636,1491408,1,0,50.10,49183,0
984.991,measure,49233,49233,0,8,49231,29371498,5.545,176644,1491408,1,0,50.00,49233,0
985.997,measure,49283,49283,0,12,49281,29401164,5.545,176652,1491408,1,0,49.95,49283,0
986.997,measure,49333,49333,0,13,49331,29431148,5.545,176520,1491408,1,0,50.00,49333,0
987.995,measure,49383,49383,0,12,49381,29461096,5.545,176420,1491408,1,0,50.00,49383,0
988.997,measure,49433,49433,0,14,49431,29490851,5.545,176424,1491408,1,0,50.00,49433,0
989.997,measure,49483,49483,0,13,49481,29520401,5.545,176412,1491408,1,0,50.00,49483,0
990.991,measure,49533,49533,0,8,49531,29550183,5.545,176420,1491408,1,0,50.00,49533,0
991.992,measure,49583,49583,0,8,49581,29579737,5.545,176360,1491408,1,0,50.00,49583,0
992.996,measure,49633,49633,0,12,49631,29609115,5.545,176676,1491320,1,0,49.95,49633,0
993.995,measure,49683,49683,0,11,49681,29638508,5.545,176668,1491320,1,0,49.95,49683,0
994.996,measure,49733,49733,0,12,49731,29668150,5.545,176600,1491320,1,0,50.05,49733,0
995.997,measure,49783,49783,0,14,49781,29697416,5.545,176488,1491320,1,0,50.00,49783,0
996.995,measure,49833,49833,0,11,49831,29727105,5.545,176496,1491320,1,0,50.00,49833,0
997.993,measure,49883,49883,0,10,49881,29756948,5.545,176284,1491320,1,0,50.00,49883,0
998.991,measure,49933,49933,0,8,49931,29786677,5.545,175304,1491320,1,0,50.00,49933,0
999.997,measure,49983,49983,0,14,49981,29816830,5.545,175264,1491320,1,0,50.05,49983,0
1000.996,measure,50033,50033,0,13,50031,29846901,5.545,176332,1491320,1,0,49.95,50033,0
1001.997,measure,50083,50083,0,14,50081,29876800,5.545,176300,1491320,1,0,50.00,50083,0
1002.993,measure,50133,50133,0,9,50131,29906127,5.545,176308,1491320,1,0,50.00,50133,0
1003.995,measure,50183,50183,0,12,50181,29935334,5.545,176320,1491320,1,0,50.00,50183,0
1004.996,measure,50233,50233,0,13,50231,29969753,5.545,176332,1491320,1,0,50.00,50233,0
1005.992,measure,50283,50283,0,8,50281,29999317,5.545,176340,1491320,1,0,50.00,50283,0
1006.996,measure,50333,50333,0,12,50331,30028760,5.545,176352,1491320,1,0,50.00,50333,0
1007.992,measure,50383,50383,0,8,50381,30058448,5.545,176360,1491320,1,0,50.00,50383,0
1008.997,measure,50433,50433,0,13,50431,30088453,5.545,176432,1491320,1,0,50.00,50433,0
1009.995,measure,50483,50483,0,13,50481,30118215,5.545,176440,1491320,1,0,50.00,50483,0
1010.997,measure,50533,50533,0,12,50531,30148042,5.545,176448,1491320,1,0,50.00,50533,0
1011.991,measure,50583,50583,0,7,50581,30177942,5.545,176456,1491320,1,0,50.00,50583,0
1012.991,measure,50633,50633,0,7,50631,30207706,5.545,176472,1491320,1,0,50.00,50633,0
1013.997,measure,50683,50683,0,13,50681,30237376,5.545,176480,1491320,1,0,50.00,50683,0
1014.997,measure,50733,50733,0,13,50731,30266860,5.545,176488,1491320,1,0,50.00,50733,0
1015.996,measure,50783,50783,0,12,50781,30296575,5.545,176496,1491320,1,0,50.05,50783,0
1016.995,measure,50833,50833,0,12,50831,30325906,5.545,176504,1491320,1,0,49.95,50833,0
1017.996,measure,50883,50883,0,13,50881,30355292,5.545,176512,1491320,1,0,50.05,50883,0
1018.991,measure,50933,50933,0,7,50931,30385232,5.545,176520,1491320,1,0,50.00,50933,0
1019.991,measure,50983,50983,0,8,50981,30415376,5.545,176524,1491320,1,0,50.00,50983,0
1020.997,measure,51033,51033,0,14,51031,30445124,5.545,176528,1491320,1,0,49.95,51033,0
1021.996,measure,51083,51083,0,13,51081,30475174,5.545,176528,1491320,1,0,50.00,51083,0
1022.997,measure,51133,51133,0,13,51131,30504976,5.545,176532,1491320,1,0,50.00,51133,0
1023.997,measure,51183,51183,0,13,51181,30540871,6.663,176480,1491320,1,0,50.00,51183,0
1024.997,measure,51233,51233,0,13,51231,30570890,6.663,176480,1491320,1,0,50.05,51233,0
1025.992,measure,51283,51283,0,7,51281,30600999,6.663,176248,1491320,1,0,50.00,51283,0
1026.991,measure,51333,51333,0,8,51331,30630703,6.663,176120,1491320,1,0,49.95,51333,0
1027.997,measure,51383,51383,0,13,51381,30660425,6.663,175916,1491320,1,0,50.00,51383,0
1028.997,measure,51433,51433,0,14,51431,30690489,6.663,175720,1491320,1,0,50.00,51433,0
1029.995,measure,51483,51483,0,11,51481,30719929,6.663,175728,1491320,1,0,50.00,51483,0
1030.997,measure,51533,51533,0,13,51531,30749300,6.663,175588,1491320,1,0,50.00,51533,0
1031.992,measure,51583,51583,0,7,51581,30778975,6.663,175460,1491320,1,0,49.95,51583,0
1032.992,measure,51633,51633,0,8,51631,30808838,6.663,175204,1491320,1,0,50.05,51633,0
1033.991,measure,51683,51683,0,7,51681,30838360,6.663,174828,1491320,1,0,50.00,51683,0
1034.997,measure,51733,51733,0,13,51731,30868480,6.663,174468,1491320,1,0,50.00,51733,0
1035.996,measure,51783,51783,0,12,51781,30898560,6.663,174368,1491320,1,0,50.00,51783,0
1036.997,measure,51833,51833,0,13,51831,30928651,6.663,174380,1491320,1,0,50.00,51833,0
1037.997,measure,51883,51883,0,13,51881,30958253,6.663,174392,1491320,1,0,50.00,51883,0
1038.992,measure,51933,51933,0,7,51931,30987631,6.663,174400,1491320,1,0,49.95,51933,0
1039.992,measure,51983,51983,0,8,51981,31017598,6.663,174412,1491320,1,0,50.05,51983,0
1040.992,measure,52033,52033,0,8,52031,31047355,6.663,174420,1491320,1,0,50.00,52033,0
1041.992,measure,52083,52083,0,8,52081,31076661,6.663,174428,1491320,1,0,50.00,52083,0
1042.997,measure,52133,52133,0,13,52131,31106098,6.663,174188,1491320,1,0,50.00,52133,0
1043.997,measure,52183,52183,0,13,52181,31135861,6.663,173380,1491320,1,0,49.95,52183,0
1044.997,measure,52233,52233,0,13,52231,31165366,6.663,173312,1491320,1,0,50.10,52233,0
1045.997,measure,52283,52283,0,14,52281,31195127,6.663,173220,1491320,1,0,50.00,52283,0
1046.997,measure,52333,52333,0,13,52331,31225063,6.663,173204,1491320,1,0,50.00,52333,0
1047.991,measure,52383,52383,0,8,52381,31255117,6.663,173216,1491320,1,0,49.95,52383,0
1048.997,measure,52433,52433,0,14,52431,31285022,6.663,173224,1491320,1,0,50.05,52433,0
1049.995,measure,52483,52483,0,12,52481,31314603,6.663,173236,1491320,1,0,50.00,52483,0
1050.997,measure,52533,52533,0,14,52531,31344292,6.663,173244,1491320,1,0,50.00,52533,0
1051.992,measure,52583,52583,0,9,52581,31373578,6.663,173256,1491320,1,0,49.95,52583,0
1052.993,measure,52633,52633,0,9,52631,31403229,6.663,173268,1491320,1,0,50.00,52633,0
1053.996,measure,52683,52683,0,13,52681,31432996,6.663,173276,1491320,1,0,50.05,52683,0
1054.992,measure,52733,52733,0,8,52731,31462652,6.663,173280,1491320,1,0,50.00,52733,0
1055.991,measure,52783,52783,0,8,52781,31492288,6.663,173296,1491320,1,0,50.00,52783,0
1056.995,measure,52833,52833,0,10,52831,31521999,6.663,173304,1491320,1,0,50.00,52833,0
1057.996,measure,52883,52883,0,13,52881,31552023,6.663,173316,1491320,1,0,50.00,52883,0
1058.996,measure,52933,52933,0,13,52931,31581782,6.663,173324,1491320,1,0,49.95,52933,0
1059.992,measure,52983,52983,0,5,52981,31611638,6.663,173336,1491320,1,0,50.05,52983,0
1060.992,measure,53033,53033,0,7,53031,31641420,6.663,173344,1491320,1,0,50.00,53033,0
1061.992,measure,53083,53083,0,8,53081,31671080,6.663,173336,1491320,1,0,49.95,53083,0
1062.994,measure,53133,53133,0,10,53131,31700888,6.663,173356,1491320,1,0,50.00,53133,0
1063.997,measure,53183,53183,0,13,53181,31730337,6.663,173368,1491320,1,0,50.00,53183,0
1064.996,measure,53233,53233,0,13,53231,31760038,6.663,173376,1491320,1,0,50.00,53233,0
1065.994,measure,53283,53283,0,10,53281,31789374,6.663,173388,1491320,1,0,50.00,53283,0
1066.997,measure,53333,53333,0,13,53331,31818888,6.663,173388,1491320,1,0,50.00,53333,0
1067.991,measure,53383,53383,0,7,53381,31848196,6.663,174088,1491320,1,0,50.05,53383,0
1068.992,measure,53433,53433,0,9,53431,31877836,6.663,174108,1491320,1,0,50.00,53433,0
1069.994,measure,53483,53483,0,11,53481,31907691,6.663,174116,1491320,1,0,50.00,53483,0
1070.994,measure,53533,53533,0,10,53531,31937804,6.663,174128,1491320,1,0,49.95,53533,0
1071.993,measure,53583,53583,0,9,53581,31967748,6.663,174132,1491320,1,0,50.00,53583,0
1072.997,measure,53633,53633,0,13,53631,31997261,6.663,174144,1491320,1,0,50.00,53633,0
1073.992,measure,53683,53683,0,7,53681,32026946,6.663,174152,1491320,1,0,50.00,53683,0
1074.997,measure,53733,53733,0,13,53731,32056716,6.663,174160,1491320,1,0,50.00,53733,0
1075.992,measure,53783,53783,0,8,53781,32086399,6.663,174172,1491320,1,0,49.95,53783,0
1076.996,measure,53833,53833,0,12,53831,32115891,6.663,174180,1491320,1,0,50.10,53833,0
1077.993,measure,53883,53883,0,9,53881,32145321,6.663,174188,1491320,1,0,49.95,53883,0
1078.997,measure,53933,53933,0,13,53931,32175043,6.663,174200,1491320,1,0,50.00,53933,0
1079.996,measure,53983,53983,0,14,53981,32204753,6.663,174208,1491320,1,0,50.05,53983,0
1080.992,measure,54033,54033,0,6,54031,32234404,6.663,174220,1491320,1,0,49.95,54033,0
1081.992,measure,54083,54083,0,8,54081,32264493,6.663,174232,1491320,1,0,50.00,54083,0
1082.991,measure,54133,54133,0,7,54131,32298539,6.663,174240,1491320,1,0,50.00,54133,0
1083.997,measure,54183,54183,0,13,54181,32328482,6.663,174252,1491320,1,0,50.00,54183,0
1084.996,measure,54233,54233,0,13,54231,32358405,6.663,174260,1491320,1,0,50.00,54233,0
1085.996,measure,54283,54283,0,12,54281,32387716,6.663,174272,1491320,1,0,50.00,54283,0
1086.997,measure,54333,54333,0,14,54331,32416919,6.663,174244,1491320,1,0,50.05,54333,0
1087.996,measure,54383,54383,0,11,54381,32446130,6.663,174244,1491320,1,0,50.00,54383,0
1088.995,measure,54433,54433,0,11,54431,32475919,6.663,174256,1491320,1,0,49.95,54433,0
1089.991,measure,54483,54483,0,7,54481,32506185,6.663,174264,1491320,1,0,50.00,54483,0
1090.997,measure,54533,54533,0,13,54531,32536125,6.663,174336,1491320,1,0,50.05,54533,0
1091.994,measure,54583,54583,0,10,54581,32565810,6.663,174348,1491320,1,0,49.95,54583,0
1092.997,measure,54633,54633,0,13,54631,32595525,6.663,174356,1491320,1,0,50.00,54633,0
1093.997,measure,54683,54683,0,13,54681,32625349,6.663,174364,1491320,1,0,50.00,54683,0
1094.992,measure,54733,54733,0,7,54731,32655057,6.663,174356,1491320,1,0,50.00,54733,0
1095.991,measure,54783,54783,0,6,54781,32684906,6.663,174264,1491320,1,0,50.00,54783,0
1096.991,measure,54833,54833,0,8,54831,32714459,6.663,174272,1491320,1,0,50.05,54833,0
1097.996,measure,54883,54883,0,13,54881,32744251,6.663,174124,1491320,1,0,50.00,54883,0
1098.995,measure,54933,54933,0,11,54931,32773699,6.663,173512,1491320,1,0,49.95,54933,0
1099.997,measure,54983,54983,0,14,54981,32803103,6.663,173420,1491320,1,0,50.05,54983,0
1100.991,measure,55033,55033,0,8,55031,32832807,6.663,173424,1491320,1,0,50.00,55033,0
1101.993,measure,55083,55083,0,7,55081,32862333,6.663,173368,1491320,1,0,50.00,55083,0
1102.992,measure,55133,55133,0,9,55131,32891587,6.663,173384,1491320,1,0,50.00,55133,0
1103.992,measure,55183,55183,0,8,55181,32920971,6.663,173388,1491320,1,0,50.00,55183,0
1104.997,measure,55233,55233,0,14,55231,32950919,6.663,173400,1491320,1,0,50.00,55233,0
1105.997,measure,55283,55283,0,13,55281,32980844,6.663,173408,1491320,1,0,49.95,55283,0
1106.997,measure,55333,55333,0,14,55331,33010967,6.663,173416,1491320,1,0,50.05,55333,0
1107.997,measure,55383,55383,0,14,55381,33040861,6.663,173420,1491320,1,0,49.95,55383,0
1108.991,measure,55433,55433,0,7,55431,33070488,6.663,173432,1491320,1,0,50.00,55433,0
1109.997,measure,55483,55483,0,13,55481,33100660,6.663,173440,1491320,1,0,50.00,55483,0
1110.992,measure,55533,55533,0,8,55531,33130454,6.663,173448,1491320,1,0,50.00,55533,0
1111.996,measure,55583,55583,0,12,55581,33160412,6.663,173452,1491320,1,0,50.05,55583,0
1112.997,measure,55633,55633,0,12,55631,33190470,6.663,173464,1491320,1,0,49.95,55633,0
1113.997,measure,55683,55683,0,13,55681,33220318,6.663,173472,1491320,1,0,50.00,55683,0
1114.997,measure,55733,55733,0,13,55731,33250296,6.663,173476,1491320,1,0,50.00,55733,0
1115.992,measure,55783,55783,0,8,55781,33279573,6.663,173488,1491320,1,0,50.00,55783,0
1116.991,measure,55833,55833,0,8,55831,33309818,6.663,173500,1491320,1,0,50.00,55833,0
1117.992,measure,55883,55883,0,9,55881,33339818,6.663,173508,1491320,1,0,50.00,55883,0
1118.997,measure,55933,55933,0,14,55931,33369885,6.663,173512,1491320,1,0,50.05,55933,0
1119.991,measure,55983,55983,0,8,55981,33400144,6.663,173516,1491320,1,0,49.95,55983,0
1120.995,measure,56033,56033,0,12,56031,33429771,6.663,172900,1491320,1,0,50.05,56033,0
1121.996,measure,56083,56083,0,12,56081,33459696,6.663,172420,1491320,1,0,49.95,56083,0
1122.997,measure,56133,56133,0,13,56131,33489533,6.663,172404,1491320,1,0,50.00,56133,0
1123.997,measure,56183,56183,0,13,56181,33519166,6.663,172348,1491320,1,0,50.05,56183,0
1124.991,measure,56233,56233,0,7,56231,33548776,6.663,172356,1491320,1,0,50.00,56233,0
1125.997,measure,56283,56283,0,12,56281,33578677,6.663,172268,1491320,1,0,49.95,56283,0
1126.997,measure,56333,56333,0,13,56331,33608430,6.663,171980,1491320,1,0,50.00,56333,0
1127.995,measure,56383,56383,0,11,56381,33638041,6.663,171260,1491320,1,0,49.95,56383,0
1128.997,measure,56433,56433,0,13,56431,33667999,6.663,170620,1491320,1,0,50.05,56433,0
1129.992,measure,56483,56483,0,7,56481,33697864,6.663,170516,1491320,1,0,50.00,56483,0
1130.992,measure,56533,56533,0,8,56531,33727820,6.663,169936,1491320,1,0,50.00,56533,0
1131.992,measure,56583,56583,0,7,56581,33757556,6.663,169544,1491320,1,0,50.05,56583,0
1132.997,measure,56633,56633,0,13,56631,33787245,6.663,169224,1491320,1,0,49.95,56633,0
1133.992,measure,56683,56683,0,7,56681,33816897,6.663,169032,1491320,1,0,50.00,56683,0
1134.996,measure,56733,56733,0,12,56731,33846769,6.663,168944,1491320,1,0,50.00,56733,0
1135.997,measure,56783,56783,0,13,56781,33876490,6.663,168952,1491320,1,0,50.00,56783,0
1136.992,measure,56833,56833,0,7,56831,33905808,6.663,168960,1491320,1,0,50.05,56833,0
1137.997,measure,56883,56883,0,13,56881,33935479,6.663,168968,1491320,1,0,49.90,56883,0
1138.991,measure,56933,56933,0,7,56931,33965162,6.663,168976,1491320,1,0,50.05,56933,0
1139.997,measure,56983,56983,0,13,56981,33994967,6.663,168984,1491320,1,0,50.00,56983,0
1140.993,measure,57033,57033,0,9,57031,34024510,6.663,168992,1491320,1,0,50.00,57033,0
1141.997,measure,57083,57083,0,13,57081,34055118,6.663,169000,1491320,1,0,50.00,57083,0
1142.994,measure,57133,57133,0,10,57131,34084653,6.663,168896,1491320,1,0,50.00,57133,0
1143.992,measure,57183,57183,0,6,57181,34114370,6.663,168824,1491320,1,0,50.00,57183,0
1144.992,measure,57233,57233,0,8,57231,34144362,6.663,168800,1491320,1,0,50.00,57233,0
1145.992,measure,57283,57283,0,8,57281,34174028,6.663,168784,1491320,1,0,50.00,57283,0
1146.996,measure,57333,57333,0,13,57331,34203283,6.663,168792,1491320,1,0,50.00,57333,0
1147.995,measure,57383,57383,0,11,57381,34232586,6.663,168800,1491320,1,0,50.10,57383,0
1148.996,measure,57433,57433,0,13,57431,34262005,6.663,168808,1491320,1,0,49.90,57433,0
1149.997,measure,57483,57483,0,14,57481,34291615,6.663,168820,1491320,1,0,50.00,57483,0
1150.997,measure,57533,57533,0,13,57531,34321255,6.663,168828,1491320,1,0,50.00,57533,0
1151.994,measure,57583,57583,0,10,57581,34351402,6.663,168836,1491320,1,0,50.00,57583,0
1152.992,measure,57633,57633,0,9,57631,34380988,6.663,168844,1491320,1,0,50.00,57633,0
1153.995,measure,57683,57683,0,10,57681,34411144,6.663,168852,1491320,1,0,49.95,57683,0
1154.997,measure,57733,57733,0,13,57731,34440842,6.663,168860,1491320,1,0,50.00,57733,0
1155.991,measure,57783,57783,0,8,57781,34470458,6.663,168868,1491320,1,0,50.00,57783,0
1156.996,measure,57833,57833,0,13,57831,34499708,6.663,168876,1491320,1,0,50.05,57833,0
1157.993,measure,57883,57883,0,9,57881,34529115,6.663,168884,1491320,1,0,50.00,57883,0
1158.997,measure,57933,57933,0,14,57931,34558799,6.663,168900,1491320,1,0,50.00,57933,0
1159.992,measure,57983,57983,0,8,57981,34588360,6.663,168912,1491320,1,0,50.00,57983,0
1160.996,measure,58033,58033,0,13,58031,34618291,6.663,168872,1491320,1,0,50.00,58033,0
1161.997,measure,58083,58083,0,13,58081,34647920,6.663,168880,1491320,1,0,50.00,58083,0
1162.997,measure,58133,58133,0,12,58131,34677422,6.663,168888,1491320,1,0,50.05,58133,0
1163.992,measure,58183,58183,0,8,58181,34708324,6.663,168896,1491320,1,0,49.95,58183,0
1164.997,measure,58233,58233,0,13,58231,34738392,6.663,168904,1491320,1,0,50.05,58233,0
1165.992,measure,58283,58283,0,8,58281,34768666,6.663,168912,1491320,1,0,49.95,58283,0
1166.992,measure,58333,58333,0,9,58331,34798405,6.663,168772,1491320,1,0,50.00,58333,0
1167.997,measure,58383,58383,0,14,58381,34828626,6.663,168540,1491320,1,0,50.00,58383,0
1168.995,measure,58433,58433,0,11,58431,34858322,6.663,168548,1491320,1,0,50.05,58433,0
1169.996,measure,58483,58483,0,13,58481,34887681,6.663,168556,1491320,1,0,50.00,58483,0
1170.996,measure,58533,58533,0,12,58531,34917345,6.663,168564,1491320,1,0,49.95,58533,0
1171.995,measure,58583,58583,0,9,58581,34946691,6.663,168572,1491320,1,0,49.95,58583,0
1172.991,measure,58633,58633,0,8,58631,34976177,6.663,168644,1491320,1,0,50.05,58633,0
1173.991,measure,58683,58683,0,7,58681,35005462,6.663,168652,1491320,1,0,50.00,58683,0
1174.994,measure,58733,58733,0,10,58731,35035950,6.663,168660,1491320,1,0,50.00,58733,0
1175.997,measure,58783,58783,0,13,58781,35065652,6.663,168668,1491320,1,0,50.00,58783,0
1176.996,measure,58833,58833,0,12,58831,35095581,6.663,168676,1491320,1,0,50.00,58833,0
1177.997,measure,58883,58883,0,13,58881,35125254,6.663,168684,1491320,1,0,49.95,58883,0
1178.991,measure,58933,58933,0,6,58931,35155172,6.663,173180,1498544,1,0,50.00,58933,0
1179.991,measure,58983,58983,0,7,58981,35184818,6.663,168696,1491320,1,0,50.05,58983,0
1180.992,measure,59033,59033,0,8,59031,35214533,6.663,168708,1491320,1,0,50.00,59033,0
1181.995,measure,59083,59083,0,11,59081,35244030,6.663,168716,1491320,1,0,50.00,59083,0
1182.997,measure,59133,59133,0,13,59131,35274703,6.663,168724,1491320,1,0,50.00,59133,0
1183.994,measure,59183,59183,0,11,59181,35303972,6.663,168732,1491320,1,0,50.00,59183,0
1184.997,measure,59233,59233,0,12,59231,35333290,6.663,168744,1491320,1,0,50.00,59233,0
1185.992,measure,59283,59283,0,9,59281,35362725,6.663,168752,1491320,1,0,50.00,59283,0
1186.991,measure,59333,59333,0,7,59331,35392196,6.663,168748,1491320,1,0,49.95,59333,0
1187.992,measure,59383,59383,0,8,59381,35421594,6.663,169424,1491324,1,0,50.05,59383,0
1188.994,measure,59433,59433,0,10,59431,35451326,6.663,169412,1491324,1,0,50.00,59433,0
1189.992,measure,59483,59483,0,8,59481,35481224,6.663,169416,1491324,1,0,50.05,59483,0
1190.997,measure,59533,59533,0,13,59531,35511144,6.663,169388,1491324,1,0,50.00,59533,0
1191.996,measure,59583,59583,0,13,59581,35541145,6.663,169388,1491324,1,0,49.95,59583,0
1192.992,measure,59633,59633,0,7,59631,35570858,6.663,169336,1491324,1,0,50.00,59633,0
1193.992,measure,59683,59683,0,8,59681,35600678,6.663,169336,1491324,1,0,50.00,59683,0
1194.991,measure,59733,59733,0,6,59731,35630741,6.663,169336,1491324,1,0,50.00,59733,0
1195.997,measure,59783,59783,0,14,59781,35660251,6.663,169276,1491324,1,0,50.05,59783,0
1196.997,measure,59833,59833,0,13,59831,35689829,6.663,169048,1491324,1,0,50.00,59833,0
1197.992,measure,59883,59883,0,8,59881,35719372,6.663,169052,1491324,1,0,50.00,59883,0
1198.997,measure,59933,59933,0,14,59931,35749109,6.663,168704,1491324,1,0,50.00,59933,0
1199.997,measure,59983,59983,0,13,59981,35778270,6.663,168332,1491324,1,0,50.00,59983,0
1200.997,measure,60033,60033,0,14,60031,35807752,6.663,168612,1491324,1,0,50.00,60033,0
1201.991,measure,60083,60083,0,7,60081,35837503,6.663,168584,1491324,1,0,49.95,60083,0
1202.997,measure,60133,60133,0,14,60131,35867183,6.663,168648,1491324,1,0,49.95,60133,0
1203.997,measure,60183,60183,0,14,60181,35897129,6.663,168656,1491324,1,0,50.05,60183,0
1204.995,measure,60233,60233,0,12,60231,35926807,6.663,168664,1491324,1,0,50.00,60233,0
1205.997,measure,60283,60283,0,14,60281,35956667,6.663,168672,1491324,1,0,50.00,60283,0
1206.995,measure,60333,60333,0,12,60331,35986105,6.663,168680,1491324,1,0,50.00,60333,0
1207.994,measure,60383,60383,0,11,60381,36016077,6.663,168688,1491324,1,0,50.00,60383,0
1208.991,measure,60433,60433,0,8,60431,36045576,6.663,168696,1491324,1,0,49.95,60433,0
1209.991,measure,60483,60483,0,7,60481,36075079,6.663,168704,1491324,1,0,50.05,60483,0
1210.997,measure,60533,60533,0,13,60531,36104702,6.663,168712,1491324,1,0,50.00,60533,0
1211.996,measure,60583,60583,0,13,60581,36133973,6.663,168720,1491324,1,0,50.05,60583,0
1212.994,measure,60633,60633,0,10,60631,36164897,6.663,168728,1491324,1,0,50.00,60633,0
1213.997,measure,60683,60683,0,13,60681,36195013,6.663,168448,1491324,1,0,49.90,60683,0
1214.992,measure,60733,60733,0,7,60731,36224720,6.663,168456,1491324,1,0,50.05,60733,0
1215.992,measure,60783,60783,0,7,60781,36254427,6.663,168464,1491324,1,0,50.00,60783,0
1216.997,measure,60833,60833,0,14,60831,36284036,6.663,168476,1491324,1,0,50.00,60833,0
1217.995,measure,60883,60883,0,12,60881,36313503,6.663,168780,1491324,1,0,50.00,60883,0
1218.993,measure,60933,60933,0,9,60931,36343440,6.663,168792,1491324,1,0,50.00,60933,0
1219.991,measure,60983,60983,0,8,60981,36372685,6.663,168800,1491324,1,0,50.05,60983,0
1220.995,measure,61033,61033,0,10,61031,36402353,6.663,168808,1491324,1,0,50.00,61033,0
1221.992,measure,61083,61083,0,8,61081,36432307,6.663,168816,1491324,1,0,49.95,61083,0
1222.991,measure,61133,61133,0,7,61131,36462417,6.663,168828,1491324,1,0,50.00,61133,0
1223.997,measure,61183,61183,0,13,61181,36492429,6.663,168836,1491324,1,0,49.95,61183,0
1224.992,measure,61233,61233,0,6,61231,36522140,6.663,168848,1491324,1,0,50.05,61233,0
1225.996,measure,61283,61283,0,12,61281,36551896,6.663,168860,1491324,1,0,50.00,61283,0
1226.997,measure,61333,61333,0,14,61331,36581352,6.663,168872,1491324,1,0,50.00,61333,0
1227.992,measure,61383,61383,0,9,61381,36611294,6.663,168880,1491324,1,0,49.95,61383,0
1228.997,measure,61433,61433,0,14,61431,36641169,6.663,168888,1491324,1,0,50.05,61433,0
1229.991,measure,61483,61483,0,6,61481,36670525,6.663,170512,1492288,1,0,50.00,61483,0
1230.991,measure,61533,61533,0,8,61531,36699461,6.663,170528,1492288,1,0,50.00,61533,0
1231.997,measure,61583,61583,0,13,61581,36728964,6.663,170540,1492288,1,0,50.00,61583,0
1232.995,measure,61633,61633,0,13,61631,36758336,6.663,170552,1492288,1,0,50.00,61633,0
1233.996,measure,61683,61683,0,12,61681,36787381,6.663,170560,1492288,1,0,50.00,61683,0
1234.992,measure,61733,61733,0,6,61731,36816917,6.663,170572,1492288,1,0,50.05,61733,0
1235.997,measure,61783,61783,0,14,61781,36846426,6.663,170540,1492288,1,0,49.90,61783,0
1236.992,measure,61833,61833,0,8,61831,36875849,6.663,170552,1492288,1,0,50.05,61833,0
1237.997,measure,61883,61883,0,14,61881,36904860,6.663,170560,1492288,1,0,50.00,61883,0
1238.995,measure,61933,61933,0,11,61931,36933666,6.663,170568,1492288,1,0,49.95,61933,0
1239.997,measure,61983,61983,0,14,61981,36962799,6.663,170580,1492288,1,0,50.05,61983,0
1240.994,measure,62033,62033,0,10,62031,36992198,6.663,170584,1492288,1,0,50.00,62033,0
1241.997,measure,62083,62083,0,13,62081,37021293,6.663,170600,1492288,1,0,50.00,62083,0
1242.995,measure,62133,62133,0,11,62131,37050218,6.663,170608,1492288,1,0,50.00,62133,0
1243.991,measure,62183,62183,0,7,62181,37078972,6.663,170600,1492288,1,0,50.00,62183,0
1244.996,measure,62233,62233,0,13,62231,37107994,6.663,170608,1492288,1,0,50.00,62233,0
1245.997,measure,62283,62283,0,14,62281,37137576,6.663,170616,1492288,1,0,50.00,62283,0
1246.996,measure,62333,62333,0,13,62331,37166250,6.663,170624,1492288,1,0,50.00,62333,0
1247.997,measure,62383,62383,0,14,62381,37195430,6.663,170636,1492288,1,0,50.10,62383,0
1248.997,measure,62433,62433,0,14,62431,37224928,6.663,170640,1492288,1,0,49.95,62433,0
1249.997,measure,62483,62483,0,13,62481,37254265,6.663,170656,1492288,1,0,50.00,62483,0
1250.992,measure,62533,62533,0,9,62531,37288275,6.663,170664,1492288,1,0,49.95,62533,0
1251.995,measure,62583,62583,0,12,62581,37317733,6.663,170672,1492288,1,0,50.00,62583,0
1252.997,measure,62633,62633,0,13,62631,37347697,6.663,170684,1492288,1,0,50.00,62633,0
1253.996,measure,62683,62683,0,13,62681,37376687,6.663,170696,1492288,1,0,50.05,62683,0
1254.997,measure,62733,62733,0,14,62731,37405715,6.663,170712,1492288,1,0,49.95,62733,0
1255.995,measure,62783,62783,0,12,62781,37434527,6.663,170716,1492288,1,0,50.00,62783,0
1256.997,measure,62833,62833,0,14,62831,37463394,6.663,170724,1492288,1,0,50.05,62833,0
1257.992,measure,62883,62883,0,8,62881,37492599,6.663,170740,1492288,1,0,49.95,62883,0
1258.995,measure,62933,62933,0,10,62931,37521307,6.663,170744,1492288,1,0,49.95,62933,0
1259.995,measure,62983,62983,0,12,62981,37550320,6.663,170756,1492288,1,0,50.05,62983,0
1260.996,measure,63033,63033,0,13,63031,37579409,6.663,170764,1492288,1,0,50.00,63033,0
1261.996,measure,63083,63083,0,14,63081,37608477,6.663,170776,1492288,1,0,50.00,63083,0
1262.997,measure,63133,63133,0,13,63131,37637555,6.663,170788,1492288,1,0,50.05,63133,0
1263.995,measure,63183,63183,0,12,63181,37666856,6.663,170796,1492288,1,0,49.95,63183,0
1264.991,measure,63233,63233,0,8,63231,37696833,6.663,170808,1492288,1,0,50.00,63233,0
1265.997,measure,63283,63283,0,13,63281,37725945,6.663,170820,1492288,1,0,50.05,63283,0
1266.994,measure,63333,63333,0,11,63331,37754486,6.663,170820,1492288,1,0,49.95,63333,0
1267.996,measure,63383,63383,0,13,63381,37783466,6.663,170792,1492288,1,0,50.00,63383,0
1268.995,measure,63433,63433,0,12,63431,37812339,6.663,170800,1492288,1,0,50.05,63433,0
1269.997,measure,63483,63483,0,15,63481,37841548,6.663,170808,1492288,1,0,49.95,63483,0
1270.997,measure,63533,63533,0,14,63531,37870674,6.663,170820,1492288,1,0,50.00,63533,0
1271.991,measure,63583,63583,0,8,63581,37899823,6.663,170828,1492288,1,0,50.00,63583,0
1272.997,measure,63633,63633,0,14,63631,37929076,6.663,170840,1492288,1,0,50.00,63633,0
1273.997,measure,63683,63683,0,14,63681,37958298,6.663,170848,1492288,1,0,50.00,63683,0
1274.996,measure,63733,63733,0,13,63731,37987836,6.663,170856,1492288,1,0,50.00,63733,0
1275.991,measure,63783,63783,0,7,63781,38016926,6.663,170868,1492288,1,0,50.00,63783,0
1276.996,measure,63833,63833,0,13,63831,38046045,6.663,170876,1492288,1,0,49.95,63833,0
1277.993,measure,63883,63883,0,7,63881,38074934,6.663,170908,1492288,1,0,50.05,63883,0
1278.992,measure,63933,63933,0,8,63931,38103761,6.663,170920,1492288,1,0,50.00,63933,0
1279.997,measure,63983,63983,0,13,63981,38132762,6.663,170928,1492288,1,0,50.00,63983,0
1280.995,measure,64033,64033,0,12,64031,38161692,6.663,170944,1492288,1,0,50.00,64033,0
1281.996,measure,64083,64083,0,14,64081,38191149,6.663,170952,1492288,1,0,50.00,64083,0
1282.995,measure,64133,64133,0,13,64131,38220217,6.663,170976,1492288,1,0,50.05,64133,0
1283.994,measure,64183,64183,0,10,64181,38249412,6.663,170984,1492288,1,0,50.00,64183,0
1284.992,measure,64233,64233,0,8,64231,38278809,6.663,170996,1492288,1,0,50.00,64233,0
1285.991,measure,64283,64283,0,8,64281,38308112,6.663,171016,1492288,1,0,49.95,64283,0
1286.997,measure,64333,64333,0,14,64331,38338137,6.663,171000,1492288,1,0,50.05,64333,0
1287.997,measure,64383,64383,0,14,64381,38367486,6.663,170928,1492288,1,0,50.00,64383,0
1288.997,measure,64433,64433,0,13,64431,38396894,6.663,170692,1492288,1,0,50.00,64433,0
1289.997,measure,64483,64483,0,14,64481,38425625,6.663,170688,1492288,1,0,50.00,64483,0
1290.997,measure,64533,64533,0,12,64531,38456686,6.663,170704,1492288,1,0,50.00,64533,0
1291.993,measure,64583,64583,0,10,64581,38485859,6.663,170716,1492288,1,0,49.95,64583,0
1292.991,measure,64633,64633,0,8,64631,38515855,6.663,170728,1492288,1,0,49.95,64633,0
1293.997,measure,64683,64683,0,14,64681,38545126,6.663,170740,1492288,1,0,50.05,64683,0
1294.996,measure,64733,64733,0,13,64731,38574345,6.663,170752,1492288,1,0,50.00,64733,0
1295.997,measure,64783,64783,0,14,64781,38603697,6.663,170744,1492288,1,0,50.00,64783,0
1296.996,measure,64833,64833,0,14,64831,38633512,6.663,170756,1492288,1,0,50.00,64833,0
1297.996,measure,64883,64883,0,13,64881,38662959,6.663,170748,1492288,1,0,50.00,64883,0
1298.997,measure,64933,64933,0,14,64931,38692411,6.663,170712,1492288,1,0,50.00,64933,0
1299.992,measure,64983,64983,0,9,64981,38722167,6.663,170696,1492288,1,0,50.00,64983,0
1300.996,measure,65033,65033,0,14,65031,38751351,6.663,170708,1492288,1,0,50.05,65033,0
1301.997,measure,65083,65083,0,14,65081,38780358,6.663,170476,1492288,1,0,50.00,65083,0
1302.997,measure,65133,65133,0,14,65131,38809427,6.663,169896,1492288,1,0,50.00,65133,0
1303.996,measure,65183,65183,0,12,65181,38838262,6.663,169964,1492288,1,0,49.90,65183,0
1304.997,measure,65233,65233,0,14,65231,38867662,6.663,169968,1492288,1,0,50.05,65233,0
1305.996,measure,65283,65283,0,13,65281,38896607,6.663,169972,1492288,1,0,50.05,65283,0
1306.992,measure,65333,65333,0,8,65331,38925219,6.663,169980,1492288,1,0,49.95,65333,0
1307.996,measure,65383,65383,0,14,65381,38954385,6.663,169992,1492288,1,0,50.05,65383,0
1308.996,measure,65433,65433,0,13,65431,38983728,6.663,170000,1492288,1,0,50.00,65433,0
1309.995,measure,65483,65483,0,12,65481,39012813,6.663,170092,1492288,1,0,49.95,65483,0
1310.993,measure,65533,65533,0,11,65531,39041954,6.663,170100,1492288,1,0,50.00,65533,0
1311.995,measure,65583,65583,0,12,65581,39070929,6.663,170112,1492288,1,0,50.00,65583,0
1312.997,measure,65633,65633,0,14,65631,39099923,6.663,170120,1492288,1,0,50.00,65633,0
1313.992,measure,65683,65683,0,8,65681,39129364,6.663,170132,1492288,1,0,50.00,65683,0
1314.992,measure,65733,65733,0,9,65731,39158782,6.663,170144,1492288,1,0,50.05,65733,0
1315.993,measure,65783,65783,0,10,65781,39187580,6.663,170152,1492288,1,0,50.00,65783,0
1316.997,measure,65833,65833,0,14,65831,39216550,6.663,170160,1492288,1,0,49.95,65833,0
1317.997,measure,65883,65883,0,14,65881,39245353,6.663,170172,1492288,1,0,50.00,65883,0
1318.996,measure,65933,65933,0,13,65931,39274573,6.663,170188,1492288,1,0,50.00,65933,0
1319.997,measure,65983,65983,0,14,65981,39303907,6.663,170204,1492288,1,0,50.05,65983,0
1320.991,measure,66033,66033,0,8,66031,39333218,6.663,170208,1492288,1,0,49.95,66033,0
1321.993,measure,66083,66083,0,10,66081,39365339,6.663,170224,1492288,1,0,50.05,66083,0
1322.997,measure,66133,66133,0,14,66131,39407812,13.701,170288,1492288,1,0,49.95,66133,0
1323.997,measure,66183,66183,0,14,66181,39436883,13.701,170300,1492288,1,0,50.00,66183,0
1324.997,measure,66233,66233,0,14,66231,39466567,13.701,170300,1492288,1,0,50.00,66233,0
1325.995,measure,66283,66283,0,11,66281,39496047,13.701,170320,1492288,1,0,49.95,66283,0
1326.992,measure,66333,66333,0,8,66331,39525087,13.701,170320,1492288,1,0,50.05,66333,0
1327.991,measure,66383,66383,0,7,66381,39554013,13.701,170324,1492288,1,0,50.00,66383,0
1328.997,measure,66433,66433,0,13,66431,39582846,13.701,170336,1492288,1,0,49.95,66433,0
1329.996,measure,66483,66483,0,13,66481,39612015,13.701,170308,1492288,1,0,50.05,66483,0
1330.997,measure,66533,66533,0,14,66531,39641332,13.701,170224,1492288,1,0,50.00,66533,0
1331.997,measure,66583,66583,0,13,66581,39670646,13.701,170072,1492288,1,0,50.00,66583,0
1332.996,measure,66633,66633,0,13,66631,39699966,13.701,170080,1492288,1,0,50.00,66633,0
1333.992,measure,66683,66683,0,8,66681,39729237,13.701,169984,1492288,1,0,49.95,66683,0
1334.991,measure,66733,66733,0,8,66731,39758253,13.701,169808,1492288,1,0,50.05,66733,0
1335.996,measure,66783,66783,0,14,66781,39787782,13.701,173256,1492316,1,0,50.00,66783,0
1336.997,measure,66833,66833,0,13,66831,39817383,13.701,172080,1492316,1,0,49.95,66833,0
1337.992,measure,66883,66883,0,9,66881,39846538,13.701,172080,1492316,1,0,50.00,66883,0
1338.997,measure,66933,66933,0,14,66931,39875247,13.701,172092,1492316,1,0,50.05,66933,0
1339.994,measure,66983,66983,0,10,66981,39904322,13.701,172100,1492316,1,0,50.00,66983,0
1340.995,measure,67033,67033,0,12,67031,39933670,13.701,172112,1492316,1,0,50.00,67033,0
1341.992,measure,67083,67083,0,7,67081,39962719,13.701,172120,1492316,1,0,50.00,67083,0
1342.997,measure,67133,67133,0,12,67131,39991945,13.701,172132,1492316,1,0,50.00,67133,0
1343.996,measure,67183,67183,0,11,67181,40021214,13.701,172144,1492316,1,0,50.00,67183,0
1344.997,measure,67233,67233,0,14,67231,40050480,13.701,172156,1492316,1,0,50.00,67233,0
1345.994,measure,67283,67283,0,11,67281,40079240,13.701,172140,1492316,1,0,50.00,67283,0
1346.996,measure,67333,67333,0,13,67331,40108698,13.701,172144,1492316,1,0,50.00,67333,0
1347.996,measure,67383,67383,0,13,67381,40138456,13.701,172156,1492316,1,0,50.00,67383,0
1348.991,measure,67433,67433,0,8,67431,40167594,13.701,172160,1492316,1,0,50.05,67433,0
1349.996,measure,67483,67483,0,13,67481,40196537,13.701,172172,1492316,1,0,50.00,67483,0
1350.997,measure,67533,67533,0,14,67531,40225835,13.701,172204,1492316,1,0,49.95,67533,0
1351.996,measure,67583,67583,0,13,67581,40255272,13.701,172212,1492316,1,0,50.00,67583,0
1352.994,measure,67633,67633,0,12,67631,40283972,13.701,172228,1492316,1,0,50.05,67633,0
1353.995,measure,67683,67683,0,11,67681,40313259,13.701,172236,1492316,1,0,49.95,67683,0
1354.996,measure,67733,67733,0,12,67731,40342269,13.701,172256,1492316,1,0,50.05,67733,0
1355.991,measure,67783,67783,0,7,67781,40371740,13.701,172268,1492316,1,0,49.95,67783,0
1356.992,measure,67833,67833,0,9,67831,40401043,13.701,172276,1492316,1,0,50.00,67833,0
1357.996,measure,67883,67883,0,13,67881,40430425,13.701,172292,1492316,1,0,50.00,67883,0
1358.995,measure,67933,67933,0,11,67931,40459701,13.701,172304,1492316,1,0,50.00,67933,0
1359.997,measure,67983,67983,0,15,67981,40488815,13.701,172324,1492316,1,0,50.05,67983,0
1360.996,measure,68033,68033,0,13,68031,40518117,13.701,172344,1492316,1,0,49.95,68033,0
1361.994,measure,68083,68083,0,10,68081,40547763,13.701,172352,1492316,1,0,50.00,68083,0
1362.992,measure,68133,68133,0,9,68131,40576475,13.701,172368,1492316,1,0,50.05,68133,0
1363.994,measure,68183,68183,0,11,68181,40605149,13.701,172376,1492316,1,0,49.95,68183,0
1364.997,measure,68233,68233,0,14,68231,40634031,13.701,172392,1492316,1,0,50.05,68233,0
1365.994,measure,68283,68283,0,11,68281,40662968,13.701,172404,1492316,1,0,49.95,68283,0
1366.997,measure,68333,68333,0,14,68331,40692161,13.701,172412,1492316,1,0,50.00,68333,0
1367.993,measure,68383,68383,0,9,68381,40720822,13.701,172428,1492316,1,0,50.00,68383,0
1368.994,measure,68433,68433,0,11,68431,40749908,13.701,172432,1492316,1,0,50.00,68433,0
1369.991,measure,68483,68483,0,8,68481,40778593,13.701,172448,1492316,1,0,50.00,68483,0
1370.997,measure,68533,68533,0,14,68531,40808925,13.701,172428,1492316,1,0,50.00,68533,0
1371.995,measure,68583,68583,0,11,68581,40838438,13.701,172632,1492316,1,0,50.00,68583,0
1372.997,measure,68633,68633,0,14,68631,40867613,13.701,172676,1492316,1,0,50.00,68633,0
1373.992,measure,68683,68683,0,8,68681,40896563,13.701,172684,1492316,1,0,50.00,68683,0
1374.996,measure,68733,68733,0,12,68731,40925211,13.701,172712,1492316,1,0,50.00,68733,0
1375.997,measure,68783,68783,0,14,68781,40954385,13.701,172788,1492316,1,0,50.00,68783,0
1376.991,measure,68833,68833,0,8,68831,40983558,13.701,172880,1492316,1,0,50.00,68833,0
1377.992,measure,68883,68883,0,7,68881,41012502,13.701,172892,1492316,1,0,50.05,68883,0
1378.997,measure,68933,68933,0,13,68931,41042209,13.701,172904,1492316,1,0,49.95,68933,0
1379.997,measure,68983,68983,0,13,68981,41071126,13.701,172916,1492316,1,0,50.05,68983,0
1380.995,measure,69033,69033,0,12,69031,41100275,13.701,172928,1492316,1,0,49.95,69033,0
1381.991,measure,69083,69083,0,7,69081,41129612,13.701,172936,1492316,1,0,50.05,69083,0
1382.998,measure,69133,69133,0,14,69131,41159010,13.701,172956,1492316,1,0,50.00,69133,0
1383.992,measure,69183,69183,0,7,69181,41188422,13.701,172968,1492316,1,0,50.00,69183,0
1384.997,measure,69233,69233,0,13,69231,41217588,13.701,172980,1492316,1,0,49.95,69233,0
1385.994,measure,69283,69283,0,11,69281,41247161,13.701,173048,1492316,1,0,50.00,69283,0
1386.994,measure,69333,69333,0,11,69331,41278014,13.701,173064,1492316,1,0,50.00,69333,0
1387.997,measure,69383,69383,0,14,69381,41306879,13.701,173072,1492316,1,0,50.00,69383,0
1388.994,measure,69433,69433,0,11,69431,41335835,13.701,173084,1492316,1,0,50.00,69433,0
1389.992,measure,69483,69483,0,8,69481,41365610,13.701,173096,1492316,1,0,49.95,69483,0
1390.991,measure,69533,69533,0,8,69531,41394819,13.701,173108,1492316,1,0,50.05,69533,0
1391.996,measure,69583,69583,0,13,69581,41423865,13.701,173120,1492316,1,0,50.00,69583,0
1392.991,measure,69633,69633,0,8,69631,41453061,13.701,173124,1492316,1,0,50.05,69633,0
1393.996,measure,69683,69683,0,13,69681,41482509,13.701,173136,1492316,1,0,49.95,69683,0
1394.993,measure,69733,69733,0,10,69731,41511624,13.701,173152,1492316,1,0,50.00,69733,0
1395.996,measure,69783,69783,0,13,69781,41540738,13.701,173160,1492316,1,0,50.00,69783,0
1396.996,measure,69833,69833,0,13,69831,41569627,13.701,173168,1492316,1,0,50.05,69833,0
1397.991,measure,69883,69883,0,8,69881,41598314,13.701,173176,1492316,1,0,50.00,69883,0
1398.996,measure,69933,69933,0,13,69931,41627316,13.701,173192,1492316,1,0,49.90,69933,0
1399.991,measure,69983,69983,0,8,69981,41656516,13.701,173196,1492316,1,0,50.10,69983,0
1400.994,measure,70033,70033,0,11,70031,41685746,13.701,173192,1492316,1,0,50.00,70033,0
1401.997,measure,70083,70083,0,15,70081,41714831,13.701,173196,1492316,1,0,49.95,70083,0
1402.994,measure,70133,70133,0,10,70131,41744159,13.701,173208,1492316,1,0,50.00,70133,0
1403.997,measure,70183,70183,0,14,70181,41773178,13.701,173216,1492316,1,0,50.05,70183,0
1404.992,measure,70233,70233,0,7,70231,41802158,13.701,173224,1492316,1,0,50.00,70233,0
1405.997,measure,70283,70283,0,14,70281,41831287,13.701,173236,1492316,1,0,49.95,70283,0
1406.996,measure,70333,70333,0,14,70331,41860411,13.701,173184,1492316,1,0,50.00,70333,0
1407.994,measure,70383,70383,0,11,70381,41889797,13.701,173192,1492316,1,0,50.00,70383,0
1408.997,measure,70433,70433,0,13,70431,41919073,13.701,173192,1492316,1,0,50.00,70433,0
1409.997,measure,70483,70483,0,13,70481,41948333,13.701,173000,1492316,1,0,50.05,70483,0
1410.993,measure,70533,70533,0,9,70531,41977872,13.701,173000,1492316,1,0,50.00,70533,0
1411.991,measure,70583,70583,0,8,70581,42006666,13.701,173008,1492316,1,0,50.00,70583,0
1412.997,measure,70633,70633,0,14,70631,42035345,13.701,172468,1492316,1,0,49.95,70633,0
1413.995,measure,70683,70683,0,12,70681,42064354,13.701,172248,1492316,1,0,50.05,70683,0
1414.991,measure,70733,70733,0,8,70731,42093798,13.701,172256,1492316,1,0,50.00,70733,0
1415.997,measure,70783,70783,0,14,70781,42122644,13.701,172228,1492316,1,0,49.95,70783,0
1416.996,measure,70833,70833,0,14,70831,42152276,13.701,172236,1492316,1,0,50.05,70833,0
1417.996,measure,70883,70883,0,13,70881,42181650,13.701,172256,1492316,1,0,50.00,70883,0
1418.992,measure,70933,70933,0,9,70931,42210551,13.701,172268,1492316,1,0,50.00,70933,0
1419.997,measure,70983,70983,0,14,70981,42239558,13.701,172276,1492316,1,0,49.95,70983,0
1420.994,measure,71033,71033,0,11,71031,42269056,13.701,172288,1492316,1,0,50.05,71033,0
1421.996,measure,71083,71083,0,13,71081,42298318,13.701,172296,1492316,1,0,49.90,71083,0
1422.997,measure,71133,71133,0,14,71131,42327345,13.701,172320,1492316,1,0,50.05,71133,0
1423.997,measure,71183,71183,0,13,71181,42356700,13.701,172328,1492316,1,0,50.00,71183,0
1424.991,measure,71233,71233,0,7,71231,42385504,13.701,172340,1492316,1,0,50.00,71233,0
1425.992,measure,71283,71283,0,7,71281,42414646,13.701,172352,1492316,1,0,50.00,71283,0
1426.997,measure,71333,71333,0,13,71331,42443818,13.701,172424,1492316,1,0,50.00,71333,0
1427.994,measure,71383,71383,0,10,71381,42472980,13.701,172436,1492316,1,0,50.00,71383,0
1428.997,measure,71433,71433,0,14,71431,42502444,13.701,172444,1492316,1,0,50.00,71433,0
1429.997,measure,71483,71483,0,14,71481,42531186,13.701,172460,1492316,1,0,50.00,71483,0
1430.992,measure,71533,71533,0,7,71531,42560415,13.701,172472,1492316,1,0,50.00,71533,0
1431.992,measure,71583,71583,0,7,71581,42589772,13.701,172480,1492316,1,0,50.00,71583,0
1432.992,measure,71633,71633,0,9,71631,42618839,13.701,172492,1492316,1,0,50.00,71633,0
1433.996,measure,71683,71683,0,13,71681,42647994,13.701,172500,1492316,1,0,50.00,71683,0
1434.996,measure,71733,71733,0,13,71731,42676964,13.701,172508,1492316,1,0,50.00,71733,0
1435.993,measure,71783,71783,0,10,71781,42705939,13.701,172520,1492316,1,0,50.00,71783,0
1436.997,measure,71833,71833,0,14,71831,42735048,13.701,172524,1492316,1,0,50.05,71833,0
1437.997,measure,71883,71883,0,12,71881,42763896,13.701,172536,1492316,1,0,50.00,71883,0
1438.991,measure,71933,71933,0,7,71931,42793383,13.701,172540,1492316,1,0,49.95,71933,0
1439.991,measure,71983,71983,0,7,71981,42822445,13.701,172544,1492316,1,0,50.00,71983,0
1440.996,measure,72033,72033,0,13,72031,42851633,13.701,172552,1492316,1,0,50.00,72033,0
1441.995,measure,72083,72083,0,10,72081,42880730,13.701,172564,1492316,1,0,49.95,72083,0
1442.995,measure,72133,72133,0,12,72131,42909798,13.701,172576,1492316,1,0,50.05,72133,0
1443.995,measure,72183,72183,0,12,72181,42938637,13.701,172584,1492316,1,0,50.05,72183,0
1444.997,measure,72233,72233,0,12,72231,42968321,13.701,172596,1492316,1,0,49.90,72233,0
1445.995,measure,72283,72283,0,12,72281,42997590,13.701,172604,1492316,1,0,49.90,72283,0
1446.992,measure,72333,72333,0,9,72331,43026456,13.701,172596,1492316,1,0,50.05,72333,0
1447.993,measure,72383,72383,0,10,72381,43055370,13.701,172380,1492316,1,0,50.00,72383,0
1448.996,measure,72433,72433,0,14,72431,43084154,13.701,172260,1492316,1,0,50.00,72433,0
1449.994,measure,72483,72483,0,10,72481,43113010,13.701,172272,1492316,1,0,50.05,72483,0
1450.994,measure,72533,72533,0,11,72531,43142310,13.701,172280,1492316,1,0,50.00,72533,0
1451.997,measure,72583,72583,0,14,72581,43171834,13.701,172292,1492316,1,0,49.95,72583,0
1452.997,measure,72633,72633,0,14,72631,43200562,13.701,172300,1492316,1,0,50.00,72633,0
1453.991,measure,72683,72683,0,8,72681,43229465,13.701,172308,1492316,1,0,50.00,72683,0
1454.996,measure,72733,72733,0,13,72731,43258171,13.701,172324,1492316,1,0,50.00,72733,0
1455.992,measure,72783,72783,0,9,72781,43287202,13.701,172332,1492316,1,0,50.00,72783,0
1456.997,measure,72833,72833,0,13,72831,43316172,13.701,172212,1492316,1,0,50.00,72833,0
1457.996,measure,72883,72883,0,14,72881,43345158,13.701,172168,1492316,1,0,50.00,72883,0
1458.994,measure,72933,72933,0,11,72931,43373959,13.701,172132,1492316,1,0,50.05,72933,0
1459.997,measure,72983,72983,0,14,72981,43402777,13.701,172132,1492316,1,0,49.95,72983,0
1460.991,measure,73033,73033,0,7,73031,43431742,13.701,172136,1492316,1,0,50.05,73033,0
1461.997,measure,73083,73083,0,13,73081,43460551,13.701,172924,1492292,1,0,49.95,73083,0
1462.997,measure,73133,73133,0,14,73131,43489134,13.701,172952,1492292,1,0,49.95,73133,0
1463.997,measure,73183,73183,0,14,73181,43518787,13.701,172968,1492292,1,0,50.10,73183,0
1464.997,measure,73233,73233,0,15,73231,43547789,13.701,172976,1492292,1,0,50.00,73233,0
1465.997,measure,73283,73283,0,14,73281,43576996,13.701,172984,1492292,1,0,50.00,73283,0
1466.992,measure,73333,73333,0,9,73331,43606117,13.701,173000,1492292,1,0,50.00,73333,0
1467.992,measure,73383,73383,0,8,73381,43634781,13.701,173012,1492292,1,0,50.00,73383,0
1468.997,measure,73433,73433,0,14,73431,43663631,13.701,173024,1492292,1,0,50.00,73433,0
1469.997,measure,73483,73483,0,13,73481,43692165,13.701,173036,1492292,1,0,50.00,73483,0
1470.997,measure,73533,73533,0,14,73531,43721355,13.701,173052,1492292,1,0,50.00,73533,0
1471.991,measure,73583,73583,0,7,73581,43749989,13.701,173060,1492292,1,0,50.00,73583,0
1472.996,measure,73633,73633,0,12,73631,43779022,13.701,173072,1492292,1,0,49.95,73633,0
1473.996,measure,73683,73683,0,13,73681,43808504,13.701,173084,1492292,1,0,50.00,73683,0
1474.992,measure,73733,73733,0,7,73731,43837616,13.701,173080,1492292,1,0,50.00,73733,0
1475.991,measure,73783,73783,0,8,73781,43866621,13.701,173092,1492292,1,0,50.00,73783,0
1476.991,measure,73833,73833,0,8,73831,43895819,13.701,173104,1492292,1,0,50.00,73833,0
1477.992,measure,73883,73883,0,9,73881,43925121,13.701,173116,1492292,1,0,50.00,73883,0
1478.996,measure,73933,73933,0,14,73931,43954715,13.701,173128,1492292,1,0,50.00,73933,0
1479.996,measure,73983,73983,0,13,73981,43983959,13.701,173128,1492292,1,0,50.00,73983,0
1480.992,measure,74033,74033,0,8,74031,44012984,13.701,172980,1492292,1,0,50.00,74033,0
1481.991,measure,74083,74083,0,8,74081,44041599,13.701,172988,1492292,1,0,50.00,74083,0
1482.997,measure,74133,74133,0,14,74131,44070607,13.701,173004,1492292,1,0,50.00,74133,0
1483.991,measure,74183,74183,0,7,74181,44099970,13.701,173016,1492292,1,0,50.00,74183,0
1484.997,measure,74233,74233,0,14,74231,44129244,13.701,173024,1492292,1,0,50.00,74233,0
1485.997,measure,74283,74283,0,13,74281,44158289,13.701,173048,1492292,1,0,50.00,74283,0
1486.993,measure,74333,74333,0,8,74331,44187455,13.701,173060,1492292,1,0,50.00,74333,0
1487.991,measure,74383,74383,0,7,74381,44216701,13.701,173520,1492292,1,0,50.00,74383,0
1488.992,measure,74433,74433,0,8,74431,44246046,13.701,173532,1492292,1,0,49.95,74433,0
1489.997,measure,74483,74483,0,14,74481,44274591,13.701,173540,1492292,1,0,50.05,74483,0
1490.996,measure,74533,74533,0,12,74531,44304276,13.701,173568,1492292,1,0,50.00,74533,0
1491.996,measure,74583,74583,0,13,74581,44333404,13.701,173576,1492292,1,0,50.00,74583,0
1492.997,measure,74633,74633,0,13,74631,44362476,13.701,173592,1492292,1,0,50.00,74633,0
1493.997,measure,74683,74683,0,12,74681,44392192,13.701,173612,1492292,1,0,50.00,74683,0
1494.992,measure,74733,74733,0,7,74731,44421150,13.701,173620,1492292,1,0,50.00,74733,0
1495.992,measure,74783,74783,0,9,74781,44450257,13.701,173636,1492292,1,0,50.00,74783,0
1496.992,measure,74833,74833,0,8,74831,44479656,13.701,173668,1492292,1,0,50.05,74833,0
1497.993,measure,74883,74883,0,11,74881,44508956,13.701,173688,1492292,1,0,50.00,74883,0
1498.997,measure,74933,74933,0,13,74931,44538228,13.701,173696,1492292,1,0,49.95,74933,0
1499.997,measure,74983,74983,0,13,74981,44567789,13.701,173676,1492292,1,0,50.00,74983,0
1500.996,measure,75033,75033,0,13,75031,44597235,13.701,174740,1492292,1,0,50.00,75033,0
1501.996,measure,75083,75083,0,13,75081,44626274,13.701,174744,1492292,1,0,50.00,75083,0
1502.992,measure,75133,75133,0,9,75131,44655092,13.701,174748,1492292,1,0,50.00,75133,0
1503.994,measure,75183,75183,0,11,75181,44683642,13.701,174760,1492292,1,0,50.05,75183,0
1504.994,measure,75233,75233,0,11,75231,44712971,13.701,174768,1492292,1,0,50.00,75233,0
1505.997,measure,75283,75283,0,14,75281,44742284,13.701,174784,1492292,1,0,50.00,75283,0
1506.997,measure,75333,75333,0,15,75331,44771242,13.701,174800,1492292,1,0,49.95,75333,0
1507.997,measure,75383,75383,0,14,75381,44800363,13.701,174788,1492292,1,0,50.00,75383,0
1508.997,measure,75433,75433,0,13,75431,44829555,13.701,174532,1492292,1,0,50.05,75433,0
1509.992,measure,75483,75483,0,8,75481,44858208,13.701,174544,1492292,1,0,49.95,75483,0
1510.997,measure,75533,75533,0,14,75531,44887769,13.701,174484,1492292,1,0,50.00,75533,0
1511.997,measure,75583,75583,0,14,75581,44917190,13.701,173860,1492292,1,0,50.00,75583,0
1512.995,measure,75633,75633,0,11,75631,44946689,13.701,173848,1492292,1,0,50.00,75633,0
1513.997,measure,75683,75683,0,14,75681,44975897,13.701,173836,1492292,1,0,50.00,75683,0
1514.996,measure,75733,75733,0,13,75731,45005449,13.701,173848,1492292,1,0,50.00,75733,0
1515.991,measure,75783,75783,0,7,75781,45034239,13.701,173864,1492292,1,0,50.00,75783,0
1516.992,measure,75833,75833,0,9,75831,45063097,13.701,173876,1492292,1,0,50.00,75833,0
1517.995,measure,75883,75883,0,12,75881,45092135,13.701,173888,1492292,1,0,50.00,75883,0
1518.993,measure,75933,75933,0,9,75931,45121574,13.701,173892,1492292,1,0,50.00,75933,0
1519.995,measure,75983,75983,0,12,75981,45150558,13.701,173908,1492292,1,0,50.05,75983,0
1520.997,measure,76033,76033,0,14,76031,45179986,13.701,173916,1492292,1,0,49.95,76033,0
1521.991,measure,76083,76083,0,6,76081,45209147,13.701,173932,1492292,1,0,50.00,76083,0
1522.997,measure,76133,76133,0,13,76131,45238654,13.701,173940,1492292,1,0,50.00,76133,0
1523.991,measure,76183,76183,0,8,76181,45267791,13.701,173980,1492292,1,0,50.00,76183,0
1524.997,measure,76233,76233,0,13,76231,45296793,13.701,173996,1492292,1,0,50.00,76233,0
1525.996,measure,76283,76283,0,12,76281,45325822,13.701,174000,1492292,1,0,50.00,76283,0
1526.996,measure,76333,76333,0,12,76331,45354462,13.701,174012,1492292,1,0,50.00,76333,0
1527.994,measure,76383,76383,0,11,76381,45383276,13.701,174024,1492292,1,0,50.00,76383,0
1528.993,measure,76433,76433,0,9,76431,45412431,13.701,174272,1492264,1,0,49.95,76433,0
1529.995,measure,76483,76483,0,11,76481,45441423,13.701,174280,1492264,1,0,50.05,76483,0
1530.991,measure,76533,76533,0,8,76531,45470351,13.701,174288,1492264,1,0,49.95,76533,0
1531.993,measure,76583,76583,0,10,76581,45499421,13.701,174304,1492264,1,0,50.05,76583,0
1532.991,measure,76633,76633,0,7,76631,45528257,13.701,174304,1492264,1,0,50.05,76633,0
1533.997,measure,76683,76683,0,13,76681,45557221,13.701,174324,1492264,1,0,49.90,76683,0
1534.992,measure,76733,76733,0,9,76731,45586319,13.701,174340,1492264,1,0,50.05,76733,0
1535.996,measure,76783,76783,0,12,76781,45615369,13.701,174348,1492264,1,0,50.00,76783,0
1536.995,measure,76833,76833,0,11,76831,45644981,13.701,174344,1492264,1,0,50.00,76833,0
1537.992,measure,76883,76883,0,8,76881,45673781,13.701,174352,1492264,1,0,50.00,76883,0
1538.996,measure,76933,76933,0,11,76931,45703077,13.701,174352,1492264,1,0,50.00,76933,0
1539.994,measure,76983,76983,0,10,76981,45732295,13.701,174288,1492264,1,0,50.00,76983,0
1540.997,measure,77033,77033,0,13,77031,45761181,13.701,174184,1492264,1,0,50.00,77033,0
1541.997,measure,77083,77083,0,14,77081,45789917,13.701,174116,1492264,1,0,50.00,77083,0
1542.997,measure,77133,77133,0,12,77131,45818884,13.701,174096,1492264,1,0,50.05,77133,0
1543.992,measure,77183,77183,0,7,77181,45847990,13.701,174008,1492264,1,0,49.95,77183,0
1544.991,measure,77233,77233,0,7,77231,45876989,13.701,173932,1492264,1,0,50.00,77233,0
1545.996,measure,77283,77283,0,14,77281,45906613,13.701,173872,1492264,1,0,50.00,77283,0
1546.997,measure,77333,77333,0,14,77331,45935568,13.701,173692,1492264,1,0,50.00,77333,0
1547.996,measure,77383,77383,0,13,77381,45964783,13.701,173696,1492264,1,0,50.00,77383,0
1548.997,measure,77433,77433,0,14,77431,45994202,13.701,173764,1492264,1,0,50.05,77433,0
1549.997,measure,77483,77483,0,13,77481,46023106,13.701,174600,1492292,1,0,50.00,77483,0
1550.996,measure,77533,77533,0,14,77531,46052146,13.701,174612,1492292,1,0,50.00,77533,0
1551.991,measure,77583,77583,0,8,77581,46081187,13.701,174632,1492292,1,0,49.95,77583,0
1552.997,measure,77633,77633,0,13,77631,46110585,13.701,174704,1492292,1,0,50.00,77633,0
1553.991,measure,77683,77683,0,8,77681,46139984,13.701,174716,1492292,1,0,50.05,77683,0
1554.997,measure,77733,77733,0,14,77731,46168811,13.701,174728,1492292,1,0,49.95,77733,0
1555.993,measure,77783,77783,0,10,77781,46197393,13.701,174724,1492292,1,0,50.00,77783,0
1556.997,measure,77833,77833,0,13,77831,46226471,13.701,174732,1492292,1,0,50.00,77833,0
1557.996,measure,77883,77883,0,13,77881,46255468,13.701,174740,1492292,1,0,50.00,77883,0
1558.992,measure,77933,77933,0,8,77931,46284411,13.701,174756,1492292,1,0,50.00,77933,0
1559.997,measure,77983,77983,0,14,77981,46313410,13.701,174772,1492292,1,0,50.00,77983,0
1560.997,measure,78033,78033,0,14,78031,46342633,13.701,174784,1492292,1,0,50.05,78033,0
1561.997,measure,78083,78083,0,14,78081,46371758,13.701,174792,1492292,1,0,49.90,78083,0
1562.997,measure,78133,78133,0,13,78131,46401033,13.701,174804,1492292,1,0,50.05,78133,0
1563.993,measure,78183,78183,0,9,78181,46430413,13.701,174820,1492292,1,0,50.00,78183,0
1564.997,measure,78233,78233,0,13,78231,46459938,13.701,174832,1492292,1,0,50.00,78233,0
1565.991,measure,78283,78283,0,8,78281,46488676,13.701,174844,1492292,1,0,50.00,78283,0
1566.997,measure,78333,78333,0,14,78331,46517871,13.701,174848,1492292,1,0,49.95,78333,0
1567.996,measure,78383,78383,0,13,78381,46546885,13.701,174868,1492292,1,0,50.10,78383,0
1568.997,measure,78433,78433,0,13,78431,46576208,13.701,174876,1492292,1,0,50.00,78433,0
1569.995,measure,78483,78483,0,11,78481,46605144,13.701,174892,1492292,1,0,50.00,78483,0
1570.992,measure,78533,78533,0,9,78531,46634595,13.701,174904,1492292,1,0,49.95,78533,0
1571.996,measure,78583,78583,0,14,78581,46663615,13.701,174912,1492292,1,0,50.00,78583,0
1572.992,measure,78633,78633,0,8,78631,46692522,13.701,174928,1492292,1,0,49.95,78633,0
1573.997,measure,78683,78683,0,13,78681,46722025,13.701,174936,1492292,1,0,50.10,78683,0
1574.996,measure,78733,78733,0,13,78731,46751177,13.701,174952,1492292,1,0,49.90,78733,0
1575.991,measure,78783,78783,0,7,78781,46780426,13.701,175080,1492324,1,0,50.05,78783,0
1576.994,measure,78833,78833,0,11,78831,46809613,13.701,175088,1492324,1,0,50.00,78833,0
1577.996,measure,78883,78883,0,11,78881,46838933,13.701,175124,1492324,1,0,50.05,78883,0
1578.996,measure,78933,78933,0,13,78931,46867980,13.701,175136,1492324,1,0,49.95,78933,0
1579.991,measure,78983,78983,0,8,78981,46896901,13.701,175148,1492324,1,0,50.00,78983,0
1580.997,measure,79033,79033,0,14,79031,46926059,13.701,175152,1492324,1,0,50.00,79033,0
1581.997,measure,79083,79083,0,13,79081,46955397,13.701,175184,1492324,1,0,50.00,79083,0
1582.993,measure,79133,79133,0,9,79131,46984795,13.701,175200,1492324,1,0,50.00,79133,0
1583.994,measure,79183,79183,0,10,79181,47014108,13.701,175212,1492324,1,0,50.00,79183,0
1584.997,measure,79233,79233,0,13,79231,47043240,13.701,175228,1492324,1,0,50.00,79233,0
1585.992,measure,79283,79283,0,8,79281,47072890,13.701,175236,1492324,1,0,50.00,79283,0
1586.991,measure,79333,79333,0,8,79331,47101999,13.701,175244,1492324,1,0,50.05,79333,0
1587.997,measure,79383,79383,0,14,79381,47131250,13.701,175264,1492324,1,0,49.95,79383,0
1588.997,measure,79433,79433,0,12,79431,47160325,13.701,175272,1492324,1,0,50.00,79433,0
1589.997,measure,79483,79483,0,14,79481,47189439,13.701,175284,1492324,1,0,50.00,79483,0
1590.997,measure,79533,79533,0,14,79531,47218334,13.701,175352,1492324,1,0,50.00,79533,0
1591.996,measure,79583,79583,0,13,79581,47247354,13.701,175368,1492324,1,0,50.00,79583,0
1592.997,measure,79633,79633,0,15,79631,47276550,13.701,175380,1492324,1,0,50.00,79633,0
1593.992,measure,79683,79683,0,8,79681,47305629,13.701,175388,1492324,1,0,50.00,79683,0
1594.997,measure,79733,79733,0,12,79731,47334736,13.701,175396,1492324,1,0,50.00,79733,0
1595.996,measure,79783,79783,0,13,79781,47363888,13.701,175408,1492324,1,0,50.00,79783,0
1596.997,measure,79833,79833,0,15,79831,47393792,13.701,175420,1492324,1,0,50.05,79833,0
1597.996,measure,79883,79883,0,14,79881,47423057,13.701,175408,1492324,1,0,49.95,79883,0
1598.996,measure,79933,79933,0,13,79931,47451987,13.701,175352,1492324,1,0,50.00,79933,0
1599.996,measure,79983,79983,0,13,79981,47481093,13.701,175356,1492324,1,0,50.00,79983,0
1600.992,measure,80033,80033,0,9,80031,47513278,13.701,176172,1492324,1,0,50.00,80033,0
1601.994,measure,80083,80083,0,10,80081,47542114,13.701,176172,1492324,1,0,50.00,80083,0
1602.997,measure,80133,80133,0,14,80131,47571133,13.701,176180,1492324,1,0,50.00,80133,0
1603.993,measure,80183,80183,0,10,80181,47600214,13.701,176184,1492324,1,0,50.05,80183,0
1604.996,measure,80233,80233,0,13,80231,47629166,13.701,176196,1492324,1,0,49.95,80233,0
1605.997,measure,80283,80283,0,14,80281,47658428,13.701,176192,1492324,1,0,50.00,80283,0
1606.994,measure,80333,80333,0,11,80331,47687232,13.701,176196,1492324,1,0,50.05,80333,0
1607.991,measure,80383,80383,0,7,80381,47716199,13.701,175904,1492324,1,0,50.00,80383,0
1608.997,measure,80433,80433,0,14,80431,47745201,13.701,175912,1492324,1,0,50.00,80433,0
1609.997,measure,80483,80483,0,14,80481,47774456,13.701,175616,1492324,1,0,50.00,80483,0
1610.996,measure,80533,80533,0,13,80531,47803778,13.701,175192,1492324,1,0,50.00,80533,0
1611.997,measure,80583,80583,0,13,80581,47833200,13.701,175188,1492324,1,0,49.95,80583,0
1612.997,measure,80633,80633,0,12,80631,47862334,13.701,175168,1492324,1,0,49.95,80633,0
1613.995,measure,80683,80683,0,12,80681,47891965,13.701,175184,1492324,1,0,49.95,80683,0
1614.992,measure,80733,80733,0,9,80731,47921041,13.701,175192,1492324,1,0,50.05,80733,0
1615.997,measure,80783,80783,0,13,80781,47949928,13.701,175208,1492324,1,0,50.05,80783,0
1616.996,measure,80833,80833,0,13,80831,47978808,13.701,175240,1492324,1,0,49.90,80833,0
1617.997,measure,80883,80883,0,14,80881,48007914,13.701,175248,1492324,1,0,50.05,80883,0
1618.997,measure,80933,80933,0,14,80931,48036761,13.701,175264,1492324,1,0,50.05,80933,0
1619.996,measure,80983,80983,0,13,80981,48065794,13.701,175360,1492324,1,0,50.00,80983,0
1620.994,measure,81033,81033,0,11,81031,48094799,13.701,175372,1492324,1,0,49.95,81033,0
1621.991,measure,81083,81083,0,8,81081,48123927,13.701,175388,1492324,1,0,50.00,81083,0
1622.992,measure,81133,81133,0,8,81131,48152791,13.701,175396,1492324,1,0,50.00,81133,0
1623.994,measure,81183,81183,0,10,81181,48181551,13.701,175408,1492324,1,0,50.00,81183,0
1624.997,measure,81233,81233,0,13,81231,48210772,13.701,175416,1492324,1,0,50.00,81233,0
1625.996,measure,81283,81283,0,13,81281,48239710,13.701,175428,1492324,1,0,50.00,81283,0
1626.997,measure,81333,81333,0,12,81331,48268729,13.701,175436,1492324,1,0,50.00,81333,0
1627.992,measure,81383,81383,0,9,81381,48297658,13.701,175448,1492324,1,0,50.00,81383,0
1628.991,measure,81433,81433,0,7,81431,48326893,13.701,175460,1492324,1,0,50.00,81433,0
1629.992,measure,81483,81483,0,8,81481,48356103,13.701,175468,1492324,1,0,49.90,81483,0
1630.997,measure,81533,81533,0,14,81531,48385661,13.701,175480,1492324,1,0,49.95,81533,0
1631.991,measure,81583,81583,0,8,81581,48415081,13.701,175552,1492324,1,0,50.15,81583,0
1632.994,measure,81633,81633,0,11,81631,48444719,13.701,175548,1492324,1,0,50.00,81633,0
1633.996,measure,81683,81683,0,11,81681,48473747,13.701,174512,1492324,1,0,50.00,81683,0
1634.992,measure,81733,81733,0,7,81731,48503217,13.701,174528,1492324,1,0,50.00,81733,0
1635.992,measure,81783,81783,0,8,81781,48532265,13.701,174516,1492324,1,0,50.00,81783,0
1636.996,measure,81833,81833,0,12,81831,48562082,13.701,174508,1492324,1,0,49.95,81833,0
1637.996,measure,81883,81883,0,12,81881,48591567,13.701,174520,1492324,1,0,50.05,81883,0
1638.997,measure,81933,81933,0,12,81931,48621063,13.701,174528,1492324,1,0,50.00,81933,0
1639.997,measure,81983,81983,0,13,81981,48649660,13.701,174536,1492324,1,0,50.05,81983,0
1640.996,measure,82033,82033,0,10,82031,48678340,13.701,174464,1492324,1,0,49.95,82033,0
1641.996,measure,82083,82083,0,13,82081,48707425,13.701,174368,1492324,1,0,50.00,82083,0
1642.992,measure,82133,82133,0,8,82131,48740429,13.701,181620,1499544,1,0,50.00,82133,0
1643.991,measure,82183,82183,0,6,82181,48769491,13.701,174416,1492324,1,0,50.00,82183,0
1644.996,measure,82233,82233,0,13,82231,48798721,13.701,174296,1492324,1,0,50.00,82233,0
1645.997,measure,82283,82283,0,14,82281,48828024,13.701,174268,1492324,1,0,50.00,82283,0
1646.992,measure,82333,82333,0,10,82331,48856624,13.701,174124,1492324,1,0,50.00,82333,0
1647.992,measure,82383,82383,0,10,82381,48885574,13.701,173980,1492324,1,0,50.05,82383,0
1648.997,measure,82433,82433,0,14,82431,48914157,13.701,173936,1492324,1,0,50.00,82433,0
1649.991,measure,82483,82483,0,8,82481,48943498,13.701,173952,1492324,1,0,50.00,82483,0
1650.993,measure,82533,82533,0,10,82531,48972470,13.701,174028,1492324,1,0,50.00,82533,0
1651.995,measure,82583,82583,0,12,82581,49001588,13.701,174036,1492324,1,0,49.95,82583,0
1652.996,measure,82633,82633,0,13,82631,49030809,13.701,174048,1492324,1,0,50.00,82633,0
1653.993,measure,82683,82683,0,11,82681,49059747,13.701,174056,1492324,1,0,50.00,82683,0
1654.995,measure,82733,82733,0,12,82731,49088648,13.701,174076,1492324,1,0,50.00,82733,0
1655.997,measure,82783,82783,0,14,82781,49117943,13.701,174080,1492324,1,0,50.00,82783,0
1656.991,measure,82833,82833,0,7,82831,49147183,13.701,174012,1492324,1,0,50.00,82833,0
1657.997,measure,82883,82883,0,14,82881,49176562,13.701,173964,1492324,1,0,50.05,82883,0
1658.994,measure,82933,82933,0,11,82931,49205533,13.701,173968,1492324,1,0,49.95,82933,0
1659.997,measure,82983,82983,0,14,82981,49234776,13.701,173968,1492324,1,0,49.95,82983,0
1660.996,measure,83033,83033,0,15,83031,49263368,13.701,173980,1492324,1,0,50.00,83033,0
1661.997,measure,83083,83083,0,14,83081,49292455,13.701,173992,1492324,1,0,50.10,83083,0
1662.996,measure,83133,83133,0,13,83131,49321067,13.701,174000,1492324,1,0,50.00,83133,0
1663.992,measure,83183,83183,0,9,83181,49349992,13.701,174008,1492324,1,0,49.95,83183,0
1664.994,measure,83233,83233,0,11,83231,49379011,13.701,174024,1492324,1,0,50.00,83233,0
1665.997,measure,83283,83283,0,13,83281,49408450,13.701,174036,1492324,1,0,50.05,83283,0
1666.996,measure,83333,83333,0,13,83331,49437678,13.701,174044,1492324,1,0,50.00,83333,0
1667.997,measure,83383,83383,0,14,83381,49466494,13.701,174052,1492324,1,0,49.95,83383,0
1668.993,measure,83433,83433,0,10,83431,49496060,13.701,174068,1492324,1,0,50.00,83433,0
1669.997,measure,83483,83483,0,14,83481,49525029,13.701,174080,1492324,1,0,50.05,83483,0
1670.991,measure,83533,83533,0,8,83531,49554153,13.701,174084,1492324,1,0,49.95,83533,0
1671.997,measure,83583,83583,0,12,83581,49583278,13.701,174096,1492324,1,0,50.00,83583,0
1672.997,measure,83633,83633,0,13,83631,49612504,13.701,174112,1492324,1,0,50.00,83633,0
1673.996,measure,83683,83683,0,13,83681,49641897,13.701,174120,1492324,1,0,50.00,83683,0
1674.994,measure,83733,83733,0,11,83731,49670809,13.701,174148,1492324,1,0,50.00,83733,0
1675.997,measure,83783,83783,0,12,83781,49699651,13.701,174156,1492324,1,0,50.00,83783,0
1676.997,measure,83833,83833,0,13,83831,49729346,13.701,174172,1492324,1,0,50.00,83833,0
1677.992,measure,83883,83883,0,8,83881,49758448,13.701,174180,1492324,1,0,50.00,83883,0
1678.996,measure,83933,83933,0,14,83931,49787746,13.701,174192,1492324,1,0,50.00,83933,0
1679.995,measure,83983,83983,0,11,83981,49817044,13.701,174196,1492324,1,0,50.00,83983,0
1680.997,measure,84033,84033,0,14,84031,49846640,13.701,174060,1492324,1,0,50.00,84033,0
1681.997,measure,84083,84083,0,14,84081,49876042,13.701,174072,1492324,1,0,50.00,84083,0
1682.992,measure,84133,84133,0,9,84131,49905260,13.701,174084,1492324,1,0,50.05,84133,0
1683.997,measure,84183,84183,0,14,84181,49933965,13.701,174104,1492324,1,0,49.95,84183,0
1684.992,measure,84233,84233,0,9,84231,49962773,13.701,174116,1492324,1,0,50.00,84233,0
1685.991,measure,84283,84283,0,7,84281,49991916,13.701,174128,1492324,1,0,50.00,84283,0
1686.993,measure,84333,84333,0,9,84331,50021080,13.701,174140,1492324,1,0,50.00,84333,0
1687.995,measure,84383,84383,0,11,84381,50050254,13.701,174152,1492324,1,0,50.05,84383,0
1688.996,measure,84433,84433,0,14,84431,50079111,13.701,174168,1492324,1,0,49.95,84433,0
1689.996,measure,84483,84483,0,12,84481,50108009,13.701,174180,1492324,1,0,50.00,84483,0
1690.992,measure,84533,84533,0,7,84531,50137176,13.701,174192,1492324,1,0,50.00,84533,0
1691.992,measure,84583,84583,0,9,84581,50166106,13.701,174208,1492324,1,0,49.95,84583,0
1692.996,measure,84633,84633,0,13,84631,50194891,13.701,174224,1492324,1,0,50.10,84633,0
1693.991,measure,84683,84683,0,7,84681,50224425,13.701,174236,1492324,1,0,49.90,84683,0
1694.991,measure,84733,84733,0,7,84731,50253492,13.701,174244,1492324,1,0,50.05,84733,0
1695.997,measure,84783,84783,0,14,84781,50282858,13.701,174260,1492324,1,0,50.00,84783,0
1696.996,measure,84833,84833,0,13,84831,50312286,13.701,174268,1492324,1,0,50.05,84833,0
1697.996,measure,84883,84883,0,14,84881,50341574,13.701,174288,1492324,1,0,49.95,84883,0
1698.991,measure,84933,84933,0,8,84931,50370352,13.701,174292,1492324,1,0,50.00,84933,0
1699.994,measure,84983,84983,0,12,84981,50399072,13.701,174216,1492324,1,0,50.05,84983,0
1700.997,measure,85033,85033,0,13,85031,50428314,13.701,174164,1492324,1,0,49.95,85033,0
1701.996,measure,85083,85083,0,12,85081,50457561,13.701,174168,1492324,1,0,50.05,85083,0
1702.997,measure,85133,85133,0,14,85131,50486675,13.701,174152,1492324,1,0,50.00,85133,0
1703.997,measure,85183,85183,0,14,85181,50515958,13.701,174164,1492324,1,0,50.00,85183,0
1704.996,measure,85233,85233,0,14,85231,50544972,13.701,174080,1492324,1,0,50.00,85233,0
1705.991,measure,85283,85283,0,8,85281,50574044,13.701,174092,1492324,1,0,50.00,85283,0
1706.996,measure,85333,85333,0,14,85331,50605110,13.701,174096,1492324,1,0,49.95,85333,0
1707.997,measure,85383,85383,0,13,85381,50634384,13.701,174032,1492324,1,0,50.00,85383,0
1708.996,measure,85433,85433,0,13,85431,50663255,13.701,173640,1492352,1,0,50.05,85433,0
1709.997,measure,85483,85483,0,14,85481,50692284,13.701,173652,1492352,1,0,49.95,85483,0
1710.997,measure,85533,85533,0,14,85531,50720855,13.701,173500,1492352,1,0,50.05,85533,0
1711.994,measure,85583,85583,0,11,85581,50749912,13.701,172892,1492352,1,0,49.95,85583,0
1712.992,measure,85633,85633,0,9,85631,50778879,13.701,172908,1492352,1,0,50.00,85633,0
1713.996,measure,85683,85683,0,12,85681,50807696,13.701,172912,1492352,1,0,50.00,85683,0
1714.996,measure,85733,85733,0,13,85731,50836856,13.701,172604,1492352,1,0,50.00,85733,0
1715.997,measure,85783,85783,0,13,85781,50865744,13.701,172620,1492352,1,0,50.05,85783,0
1716.997,measure,85833,85833,0,14,85831,50894649,13.701,172628,1492352,1,0,50.00,85833,0
1717.995,measure,85883,85883,0,11,85881,50924226,13.701,172640,1492352,1,0,50.00,85883,0
1718.997,measure,85933,85933,0,15,85931,50953349,13.701,172656,1492352,1,0,49.95,85933,0
1719.991,measure,85983,85983,0,8,85981,50982112,13.701,172672,1492352,1,0,50.05,85983,0
1720.996,measure,86033,86033,0,13,86031,51011225,13.701,172692,1492352,1,0,49.95,86033,0
1721.996,measure,86083,86083,0,13,86081,51040354,13.701,172700,1492352,1,0,50.00,86083,0
1722.994,measure,86133,86133,0,11,86131,51069241,13.701,172712,1492352,1,0,50.00,86133,0
1723.997,measure,86183,86183,0,14,86181,51098287,13.701,172720,1492352,1,0,50.00,86183,0
1724.991,measure,86233,86233,0,8,86231,51127212,13.701,172732,1492352,1,0,50.00,86233,0
1725.996,measure,86283,86283,0,14,86281,51156321,13.701,172740,1492352,1,0,50.00,86283,0
1726.992,measure,86333,86333,0,8,86331,51185503,13.701,172752,1492352,1,0,50.00,86333,0
1727.997,measure,86383,86383,0,14,86381,51214823,13.701,172760,1492352,1,0,50.00,86383,0
1728.997,measure,86433,86433,0,13,86431,51243731,13.701,172772,1492352,1,0,50.00,86433,0
1729.996,measure,86483,86483,0,13,86481,51272589,13.701,172792,1492352,1,0,50.00,86483,0
1730.996,measure,86533,86533,0,13,86531,51301514,13.701,172800,1492352,1,0,50.00,86533,0
1731.996,measure,86583,86583,0,11,86581,51330844,13.701,172808,1492352,1,0,50.05,86583,0
1732.995,measure,86633,86633,0,11,86631,51359927,13.701,172880,1492352,1,0,49.95,86633,0
1733.992,measure,86683,86683,0,9,86681,51389381,13.701,172888,1492352,1,0,50.00,86683,0
1734.996,measure,86733,86733,0,13,86731,51418821,13.701,172904,1492352,1,0,50.00,86733,0
1735.997,measure,86783,86783,0,13,86781,51447755,13.701,172912,1492352,1,0,50.00,86783,0
1736.992,measure,86833,86833,0,9,86831,51477101,13.701,172928,1492352,1,0,50.00,86833,0
1737.995,measure,86883,86883,0,10,86881,51505998,13.701,172924,1492352,1,0,50.00,86883,0
1738.997,measure,86933,86933,0,12,86931,51534974,13.701,172932,1492352,1,0,50.00,86933,0
1739.997,measure,86983,86983,0,14,86981,51564068,13.701,172944,1492352,1,0,50.05,86983,0
1740.991,measure,87033,87033,0,8,87031,51593379,13.701,172956,1492352,1,0,49.95,87033,0
1741.997,measure,87083,87083,0,13,87081,51622622,13.701,172968,1492352,1,0,50.00,87083,0
1742.992,measure,87133,87133,0,9,87131,51651326,13.701,172972,1492352,1,0,50.00,87133,0
1743.996,measure,87183,87183,0,14,87181,51680142,13.701,172984,1492352,1,0,50.05,87183,0
1744.997,measure,87233,87233,0,14,87231,51709047,13.701,172996,1492352,1,0,49.95,87233,0
1745.991,measure,87283,87283,0,7,87281,51737703,13.701,172992,1492352,1,0,50.00,87283,0
1746.994,measure,87333,87333,0,11,87331,51766557,13.701,172840,1492352,1,0,50.00,87333,0
1747.991,measure,87383,87383,0,8,87381,51795763,13.701,172764,1492352,1,0,50.00,87383,0
1748.996,measure,87433,87433,0,13,87431,51825236,13.701,172776,1492352,1,0,50.05,87433,0
1749.997,measure,87483,87483,0,14,87481,51854156,13.701,172788,1492352,1,0,49.95,87483,0
1750.996,measure,87533,87533,0,13,87531,51883576,13.701,173080,1492352,1,0,50.00,87533,0
1751.996,measure,87583,87583,0,14,87581,51912601,13.701,173092,1492352,1,0,50.05,87583,0
1752.997,measure,87633,87633,0,13,87631,51941900,13.701,173104,1492352,1,0,49.95,87633,0
1753.997,measure,87683,87683,0,14,87681,51970964,13.701,173120,1492352,1,0,50.00,87683,0
1754.991,measure,87733,87733,0,8,87731,51999835,13.701,173116,1492352,1,0,50.00,87733,0
1755.997,measure,87783,87783,0,14,87781,52028432,13.701,173100,1492352,1,0,50.05,87783,0
1756.997,measure,87833,87833,0,14,87831,52057315,13.701,173104,1492352,1,0,49.95,87833,0
1757.991,measure,87883,87883,0,8,87881,52085775,13.701,173108,1492352,1,0,50.00,87883,0
1758.997,measure,87933,87933,0,15,87931,52114417,13.701,173120,1492352,1,0,50.00,87933,0
1759.994,measure,87983,87983,0,10,87981,52143184,13.701,173132,1492352,1,0,50.05,87983,0
1760.996,measure,88033,88033,0,13,88031,52172278,13.701,173148,1492352,1,0,49.95,88033,0
1761.991,measure,88083,88083,0,8,88081,52202622,13.701,173164,1492352,1,0,50.00,88083,0
1762.997,measure,88133,88133,0,14,88131,52232105,13.701,173220,1492352,1,0,50.05,88133,0
1763.993,measure,88183,88183,0,9,88181,52261793,13.701,173232,1492352,1,0,49.95,88183,0
1764.997,measure,88233,88233,0,13,88231,52290829,13.701,173244,1492352,1,0,50.00,88233,0
1765.995,measure,88283,88283,0,12,88281,52319777,13.701,173256,1492352,1,0,50.00,88283,0
1766.991,measure,88333,88333,0,7,88331,52348843,13.701,173268,1492352,1,0,50.05,88333,0
1767.994,measure,88383,88383,0,11,88381,52378070,13.701,173284,1492352,1,0,50.00,88383,0
1768.991,measure,88433,88433,0,8,88431,52406960,13.701,173296,1492352,1,0,50.00,88433,0
1769.997,measure,88483,88483,0,13,88481,52435933,13.701,173308,1492352,1,0,50.00,88483,0
1770.994,measure,88533,88533,0,11,88531,52464532,13.701,173320,1492352,1,0,50.00,88533,0
1771.992,measure,88583,88583,0,10,88581,52493372,13.701,173332,1492352,1,0,49.90,88583,0
1772.997,measure,88633,88633,0,12,88631,52522350,13.701,173332,1492352,1,0,50.00,88633,0
1773.994,measure,88683,88683,0,10,88681,52551279,13.701,173344,1492352,1,0,50.05,88683,0
1774.997,measure,88733,88733,0,13,88731,52580036,13.701,173356,1492352,1,0,50.00,88733,0
1775.991,measure,88783,88783,0,8,88781,52609082,13.701,173368,1492352,1,0,50.00,88783,0
1776.997,measure,88833,88833,0,14,88831,52638053,13.701,173380,1492352,1,0,50.00,88833,0
1777.996,measure,88883,88883,0,12,88881,52667287,13.701,173392,1492352,1,0,50.00,88883,0
1778.997,measure,88933,88933,0,14,88931,52696947,13.701,173280,1492352,1,0,50.00,88933,0
1779.997,measure,88983,88983,0,13,88981,52726068,13.701,173292,1492352,1,0,50.00,88983,0
1780.992,measure,89033,89033,0,7,89031,52755424,13.701,173304,1492352,1,0,50.00,89033,0
1781.992,measure,89083,89083,0,9,89081,52784981,13.701,173312,1492352,1,0,50.00,89083,0
1782.992,measure,89133,89133,0,6,89131,52814604,13.701,173328,1492352,1,0,50.00,89133,0
1783.994,measure,89183,89183,0,10,89181,52843294,13.701,173336,1492352,1,0,50.00,89183,0
1784.996,measure,89233,89233,0,13,89231,52872332,13.701,173352,1492352,1,0,50.00,89233,0
1785.993,measure,89283,89283,0,10,89281,52901269,13.701,173364,1492352,1,0,50.00,89283,0
1786.994,measure,89333,89333,0,11,89331,52930521,13.701,173380,1492352,1,0,50.00,89333,0
1787.996,measure,89383,89383,0,14,89381,52959691,13.701,173920,1492352,1,0,50.00,89383,0
1788.991,measure,89433,89433,0,8,89431,52989031,13.701,173928,1492352,1,0,50.00,89433,0
1789.992,measure,89483,89483,0,9,89481,53018027,13.701,173944,1492352,1,0,50.05,89483,0
1790.991,measure,89533,89533,0,7,89531,53046985,13.701,173956,1492352,1,0,49.95,89533,0
1791.996,measure,89583,89583,0,13,89581,53076072,13.701,173964,1492352,1,0,50.00,89583,0
1792.995,measure,89633,89633,0,12,89631,53105656,13.701,173976,1492352,1,0,50.00,89633,0
1793.995,measure,89683,89683,0,12,89681,53134377,13.701,173988,1492352,1,0,50.05,89683,0
1794.994,measure,89733,89733,0,9,89731,53163419,13.701,174008,1492352,1,0,49.95,89733,0
1795.991,measure,89783,89783,0,7,89781,53192395,13.701,174016,1492352,1,0,50.00,89783,0
1796.992,measure,89833,89833,0,9,89831,53221352,13.701,174048,1492352,1,0,50.00,89833,0
1797.995,measure,89883,89883,0,12,89881,53250271,13.701,174064,1492352,1,0,50.00,89883,0
1798.997,measure,89933,89933,0,14,89931,53279481,13.701,174072,1492352,1,0,50.00,89933,0
1799.997,measure,89983,89983,0,13,89981,53308541,13.701,174080,1492352,1,0,50.05,89983,0
1800.997,measure,90033,90033,0,14,90031,53337640,13.701,174092,1492352,1,0,49.95,90033,0
1801.996,measure,90083,90083,0,13,90081,53366732,13.701,174108,1492352,1,0,50.05,90083,0
1802.997,measure,90133,90133,0,14,90131,53395551,13.701,174124,1492352,1,0,49.95,90133,0
1803.991,measure,90183,90183,0,8,90181,53424140,13.701,174128,1492352,1,0,50.00,90183,0
1804.996,measure,90233,90233,0,13,90231,53453480,13.701,174140,1492352,1,0,50.00,90233,0
1805.992,measure,90283,90283,0,9,90281,53482507,13.701,174144,1492352,1,0,50.00,90283,0
1806.997,measure,90333,90333,0,13,90331,53511296,13.701,173920,1492352,1,0,50.00,90333,0
1807.996,measure,90383,90383,0,13,90381,53540161,13.701,173928,1492352,1,0,50.00,90383,0
1808.997,measure,90433,90433,0,14,90431,53569198,13.701,173924,1492352,1,0,50.00,90433,0
1809.992,measure,90483,90483,0,9,90481,53597917,13.701,173300,1492352,1,0,50.05,90483,0
1810.991,measure,90533,90533,0,7,90531,53627125,13.701,173092,1492352,1,0,50.00,90533,0
1811.997,measure,90583,90583,0,14,90581,53656341,13.701,173352,1492376,1,0,49.95,90583,0
1812.997,measure,90633,90633,0,14,90631,53685461,13.701,173296,1492376,1,0,50.05,90633,0
1813.996,measure,90683,90683,0,13,90681,53714195,13.701,173312,1492376,1,0,49.95,90683,0
1814.994,measure,90733,90733,0,11,90731,53742807,13.701,173324,1492376,1,0,50.00,90733,0
1815.997,measure,90783,90783,0,15,90781,53771430,13.701,173336,1492376,1,0,50.00,90783,0
1816.997,measure,90833,90833,0,13,90831,53799948,13.701,173348,1492376,1,0,50.00,90833,0
1817.992,measure,90883,90883,0,9,90881,53828772,13.701,173364,1492376,1,0,50.00,90883,0
1818.994,measure,90933,90933,0,11,90931,53857916,13.701,173376,1492376,1,0,50.00,90933,0
1819.997,measure,90983,90983,0,13,90981,53886641,13.701,173388,1492376,1,0,50.00,90983,0
1820.996,measure,91033,91033,0,13,91031,53915655,13.701,173408,1492376,1,0,50.05,91033,0
1821.996,measure,91083,91083,0,13,91081,53944532,13.701,173420,1492376,1,0,49.95,91083,0
1822.997,measure,91133,91133,0,12,91131,53973626,13.701,173432,1492376,1,0,50.00,91133,0
1823.992,measure,91183,91183,0,8,91181,54003078,13.701,173452,1492376,1,0,50.00,91183,0
1824.992,measure,91233,91233,0,8,91231,54032581,13.701,173460,1492376,1,0,50.00,91233,0
1825.996,measure,91283,91283,0,14,91281,54061678,13.701,173472,1492376,1,0,50.00,91283,0
1826.997,measure,91333,91333,0,13,91331,54090679,13.701,173484,1492376,1,0,49.95,91333,0
1827.997,measure,91383,91383,0,14,91381,54119781,13.701,173492,1492376,1,0,50.00,91383,0
1828.997,measure,91433,91433,0,14,91431,54148759,13.701,173512,1492376,1,0,50.05,91433,0
1829.996,measure,91483,91483,0,12,91481,54177615,13.701,173520,1492376,1,0,50.00,91483,0
1830.996,measure,91533,91533,0,13,91531,54206566,13.701,173540,1492376,1,0,50.00,91533,0
1831.991,measure,91583,91583,0,9,91581,54236075,13.701,173552,1492376,1,0,50.00,91583,0
1832.991,measure,91633,91633,0,7,91631,54265127,13.701,173560,1492376,1,0,50.00,91633,0
1833.992,measure,91683,91683,0,9,91681,54294145,13.701,173564,1492376,1,0,50.00,91683,0
1834.997,measure,91733,91733,0,14,91731,54322895,13.701,175000,1492312,1,0,50.05,91733,0
1835.997,measure,91783,91783,0,13,91781,54351963,13.701,175016,1492312,1,0,49.95,91783,0
1836.991,measure,91833,91833,0,6,91831,54381217,13.701,175024,1492312,1,0,50.00,91833,0
1837.991,measure,91883,91883,0,8,91881,54410441,13.701,175028,1492312,1,0,50.00,91883,0
1838.992,measure,91933,91933,0,9,91931,54439522,13.701,175044,1492312,1,0,50.00,91933,0
1839.997,measure,91983,91983,0,14,91981,54468499,13.701,175052,1492312,1,0,50.00,91983,0
1840.996,measure,92033,92033,0,12,92031,54497282,13.701,175064,1492312,1,0,50.00,92033,0
1841.997,measure,92083,92083,0,13,92081,54526353,13.701,175080,1492312,1,0,50.00,92083,0
1842.997,measure,92133,92133,0,14,92131,54555276,13.701,175064,1492312,1,0,50.00,92133,0
1843.997,measure,92183,92183,0,12,92181,54584602,13.701,177624,1493752,1,0,50.00,92183,0
1844.991,measure,92233,92233,0,8,92231,54613615,13.701,177624,1493752,1,0,49.95,92233,0
1845.992,measure,92283,92283,0,9,92281,54642825,13.701,177632,1493752,1,0,50.10,92283,0
1846.996,measure,92333,92333,0,13,92331,54672212,13.701,177640,1493752,1,0,50.00,92333,0
1847.997,measure,92383,92383,0,14,92381,54701527,13.701,177648,1493752,1,0,50.00,92383,0
1848.997,measure,92433,92433,0,14,92431,54730995,13.701,177664,1493752,1,0,50.00,92433,0
1849.993,measure,92483,92483,0,11,92481,54759620,13.701,177672,1493752,1,0,50.00,92483,0
1850.997,measure,92533,92533,0,13,92531,54789390,13.701,177684,1493752,1,0,50.00,92533,0
1851.993,measure,92583,92583,0,10,92581,54818740,13.701,177696,1493752,1,0,50.00,92583,0
1852.991,measure,92633,92633,0,8,92631,54848183,13.701,177708,1493752,1,0,50.00,92633,0
1853.997,measure,92683,92683,0,14,92681,54877692,13.701,177720,1493752,1,0,50.00,92683,0
1854.997,measure,92733,92733,0,14,92731,54906601,13.701,177736,1493752,1,0,50.00,92733,0
1855.996,measure,92783,92783,0,13,92781,54935853,13.701,177740,1493752,1,0,50.00,92783,0
1856.994,measure,92833,92833,0,12,92831,54964672,13.701,177736,1493752,1,0,49.95,92833,0
1857.997,measure,92883,92883,0,14,92881,54994086,13.701,177744,1493752,1,0,50.00,92883,0
1858.996,measure,92933,92933,0,14,92931,55023205,13.701,177748,1493752,1,0,50.00,92933,0
1859.991,measure,92983,92983,0,8,92981,55052522,13.701,177760,1493752,1,0,50.00,92983,0
1860.993,measure,93033,93033,0,10,93031,55081598,13.701,177772,1493752,1,0,50.05,93033,0
1861.991,measure,93083,93083,0,7,93081,55110665,13.701,177784,1493752,1,0,49.95,93083,0
1862.994,measure,93133,93133,0,11,93131,55140084,13.701,177796,1493752,1,0,50.00,93133,0
1863.997,measure,93183,93183,0,14,93181,55168672,13.701,177804,1493752,1,0,50.00,93183,0
1864.992,measure,93233,93233,0,9,93231,55197937,13.701,177816,1493752,1,0,50.00,93233,0
1865.997,measure,93283,93283,0,14,93281,55226627,13.701,177828,1493752,1,0,50.05,93283,0
1866.992,measure,93333,93333,0,9,93331,55255356,13.701,177844,1493752,1,0,49.95,93333,0
1867.997,measure,93383,93383,0,14,93381,55284371,13.701,177856,1493752,1,0,50.00,93383,0
1868.997,measure,93433,93433,0,14,93431,55313662,13.701,177860,1493752,1,0,50.05,93433,0
1869.996,measure,93483,93483,0,13,93481,55343065,13.701,177880,1493752,1,0,49.95,93483,0
1870.997,measure,93533,93533,0,14,93531,55372536,13.701,177888,1493752,1,0,50.05,93533,0
1871.997,measure,93583,93583,0,13,93581,55401776,13.701,177904,1493752,1,0,49.95,93583,0
1872.997,measure,93633,93633,0,14,93631,55431769,13.701,177912,1493752,1,0,50.00,93633,0
1873.991,measure,93683,93683,0,7,93681,55461045,13.701,177924,1493752,1,0,50.00,93683,0
1874.996,measure,93733,93733,0,12,93731,55490086,13.701,177940,1493752,1,0,50.00,93733,0
1875.997,measure,93783,93783,0,14,93781,55519007,13.701,177944,1493752,1,0,50.00,93783,0
1876.993,measure,93833,93833,0,10,93831,55547898,13.701,177960,1493752,1,0,49.95,93833,0
1877.992,measure,93883,93883,0,9,93881,55576680,13.701,177976,1493752,1,0,50.10,93883,0
1878.997,measure,93933,93933,0,14,93931,55605839,13.701,177976,1493752,1,0,49.95,93933,0
1879.993,measure,93983,93983,0,10,93981,55634897,13.701,177988,1493752,1,0,50.05,93983,0
1880.991,measure,94033,94033,0,8,94031,55664033,13.701,177996,1493752,1,0,49.95,94033,0
1881.993,measure,94083,94083,0,9,94081,55693273,13.701,178016,1493752,1,0,50.05,94083,0
1882.997,measure,94133,94133,0,13,94131,55722459,13.701,178020,1493752,1,0,50.00,94133,0
1883.991,measure,94183,94183,0,6,94181,55751991,13.701,178008,1493752,1,0,49.95,94183,0
1884.991,measure,94233,94233,0,8,94231,55780704,13.701,178016,1493752,1,0,50.00,94233,0
1885.996,measure,94283,94283,0,12,94281,55809078,13.701,178028,1493752,1,0,50.00,94283,0
1886.991,measure,94333,94333,0,8,94331,55838603,13.701,178036,1493752,1,0,50.00,94333,0
1887.992,measure,94383,94383,0,8,94381,55867218,13.701,178048,1493752,1,0,50.00,94383,0
1888.993,measure,94433,94433,0,9,94431,55896350,13.701,178064,1493752,1,0,50.00,94433,0
1889.997,measure,94483,94483,0,13,94481,55925545,13.701,178080,1493752,1,0,50.00,94483,0
1890.994,measure,94533,94533,0,11,94531,55954725,13.701,178088,1493752,1,0,49.95,94533,0
1891.997,measure,94583,94583,0,14,94581,55984475,13.701,178100,1493752,1,0,50.05,94583,0
1892.992,measure,94633,94633,0,7,94631,56013949,13.701,178112,1493752,1,0,50.00,94633,0
1893.992,measure,94683,94683,0,8,94681,56043616,13.701,178212,1493752,1,0,50.00,94683,0
1894.992,measure,94733,94733,0,8,94731,56073069,13.701,178224,1493752,1,0,50.00,94733,0
1895.992,measure,94783,94783,0,9,94781,56102751,13.701,178236,1493752,1,0,49.95,94783,0
1896.997,measure,94833,94833,0,14,94831,56132507,13.701,178248,1493752,1,0,50.05,94833,0
1897.997,measure,94883,94883,0,14,94881,56161995,13.701,178260,1493752,1,0,49.95,94883,0
1898.996,measure,94933,94933,0,14,94931,56191130,13.701,178272,1493752,1,0,50.05,94933,0
1899.995,measure,94983,94983,0,12,94981,56220387,13.701,178284,1493752,1,0,50.00,94983,0
1900.997,measure,95033,95033,0,14,95031,56249787,13.701,178296,1493752,1,0,50.05,95033,0
1901.992,measure,95083,95083,0,9,95081,56278952,13.701,178308,1493752,1,0,49.95,95083,0
1902.995,measure,95133,95133,0,12,95131,56307917,13.701,178340,1493752,1,0,50.00,95133,0
1903.995,measure,95183,95183,0,12,95181,56337120,13.701,178260,1493752,1,0,49.95,95183,0
1904.997,measure,95233,95233,0,14,95231,56366294,13.701,178268,1493752,1,0,50.10,95233,0
1905.994,measure,95283,95283,0,11,95281,56395286,13.701,178276,1493752,1,0,50.00,95283,0
1906.997,measure,95333,95333,0,14,95331,56424594,13.701,178288,1493752,1,0,49.95,95333,0
1907.994,measure,95383,95383,0,11,95381,56453395,13.701,178208,1493752,1,0,50.00,95383,0
1908.992,measure,95433,95433,0,8,95431,56482065,13.701,178220,1493752,1,0,50.00,95433,0
1909.997,measure,95483,95483,0,13,95481,56510592,13.701,178224,1493752,1,0,50.00,95483,0
1910.994,measure,95533,95533,0,11,95531,56539887,13.701,178200,1493752,1,0,50.00,95533,0
1911.997,measure,95583,95583,0,14,95581,56569308,13.701,177860,1493752,1,0,50.00,95583,0
1912.996,measure,95633,95633,0,14,95631,56597798,13.701,177880,1493752,1,0,50.00,95633,0
1913.996,measure,95683,95683,0,13,95681,56627379,13.701,177788,1493752,1,0,49.95,95683,0
1914.997,measure,95733,95733,0,14,95731,56656658,13.701,177272,1493752,1,0,50.00,95733,0
1915.991,measure,95783,95783,0,8,95781,56685793,13.701,177228,1493752,1,0,50.10,95783,0
1916.996,measure,95833,95833,0,13,95831,56714798,13.701,177216,1493752,1,0,50.00,95833,0
1917.994,measure,95883,95883,0,12,95881,56743659,13.701,177176,1493752,1,0,50.00,95883,0
1918.996,measure,95933,95933,0,13,95931,56779567,13.701,177188,1493752,1,0,50.00,95933,0
1919.997,measure,95983,95983,0,14,95981,56808814,13.701,177196,1493752,1,0,49.95,95983,0
1920.997,measure,96033,96033,0,14,96031,56838270,13.701,177208,1493752,1,0,50.05,96033,0
1921.993,measure,96083,96083,0,10,96081,56867792,13.701,177216,1493752,1,0,49.95,96083,0
1922.992,measure,96133,96133,0,9,96131,56896529,13.701,177232,1493752,1,0,50.00,96133,0
1923.997,measure,96183,96183,0,14,96181,56925696,13.701,177240,1493752,1,0,49.95,96183,0
1924.996,measure,96233,96233,0,13,96231,56954655,13.701,177252,1493752,1,0,50.05,96233,0
1925.992,measure,96283,96283,0,9,96281,56983861,13.701,177264,1493752,1,0,50.00,96283,0
1926.997,measure,96333,96333,0,14,96331,57013648,13.701,177272,1493752,1,0,50.00,96333,0
1927.991,measure,96383,96383,0,7,96381,57043276,13.701,177284,1493752,1,0,50.00,96383,0
1928.992,measure,96433,96433,0,9,96431,57072486,13.701,177292,1493752,1,0,50.00,96433,0
1929.991,measure,96483,96483,0,7,96481,57101387,13.701,177376,1493752,1,0,50.00,96483,0
1930.996,measure,96533,96533,0,14,96531,57130575,13.701,177392,1493752,1,0,50.00,96533,0
1931.996,measure,96583,96583,0,13,96581,57159527,13.701,177400,1493752,1,0,50.00,96583,0
1932.992,measure,96633,96633,0,9,96631,57188985,13.701,177412,1493752,1,0,50.00,96633,0
1933.997,measure,96683,96683,0,14,96681,57218488,13.701,177416,1493752,1,0,50.00,96683,0
1934.997,measure,96733,96733,0,14,96731,57247633,13.701,177432,1493752,1,0,50.00,96733,0
1935.997,measure,96783,96783,0,14,96781,57276710,13.701,177432,1493752,1,0,50.00,96783,0
1936.991,measure,96833,96833,0,8,96831,57305614,13.701,177368,1493752,1,0,50.00,96833,0
1937.996,measure,96883,96883,0,13,96881,57335223,13.701,177376,1493752,1,0,50.00,96883,0
1938.994,measure,96933,96933,0,11,96931,57364894,13.701,177324,1493752,1,0,50.00,96933,0
1939.996,measure,96983,96983,0,13,96981,57394148,13.701,177332,1493752,1,0,50.00,96983,0
1940.997,measure,97033,97033,0,13,97031,57423355,13.701,177056,1493752,1,0,50.00,97033,0
1941.997,measure,97083,97083,0,13,97081,57453005,13.701,176492,1493752,1,0,50.00,97083,0
1942.996,measure,97133,97133,0,13,97131,57482194,13.701,175620,1493752,1,0,50.00,97133,0
1943.991,measure,97183,97183,0,9,97181,57511570,13.701,175108,1493752,1,0,50.00,97183,0
1944.997,measure,97233,97233,0,13,97231,57540377,13.701,174952,1493752,1,0,50.05,97233,0
1945.996,measure,97283,97283,0,13,97281,57569151,13.701,174080,1493752,1,0,49.95,97283,0
1946.997,measure,97333,97333,0,14,97331,57597827,13.701,173732,1493752,1,0,50.00,97333,0
1947.996,measure,97383,97383,0,14,97381,57626758,13.701,173324,1493752,1,0,50.05,97383,0
1948.994,measure,97433,97433,0,11,97431,57655851,13.701,172352,1493752,1,0,49.95,97433,0
1949.996,measure,97483,97483,0,14,97481,57684877,13.701,170600,1493752,1,0,50.00,97483,0
1950.991,measure,97533,97533,0,9,97531,57714384,13.701,170288,1493752,1,0,50.00,97533,0
1951.996,measure,97583,97583,0,13,97581,57743385,13.701,170112,1493752,1,0,50.00,97583,0
1952.996,measure,97633,97633,0,12,97631,57772769,13.701,170120,1493752,1,0,50.00,97633,0
1953.997,measure,97683,97683,0,15,97681,57801952,13.701,170132,1493752,1,0,50.00,97683,0
1954.997,measure,97733,97733,0,14,97731,57831000,13.701,170148,1493752,1,0,50.00,97733,0
1955.996,measure,97783,97783,0,12,97781,57860623,13.701,170152,1493752,1,0,50.00,97783,0
1956.996,measure,97833,97833,0,12,97831,57889766,13.701,170164,1493752,1,0,50.00,97833,0
1957.992,measure,97883,97883,0,7,97881,57919213,13.701,170176,1493752,1,0,50.05,97883,0
1958.997,measure,97933,97933,0,13,97931,57948475,13.701,170188,1493752,1,0,49.95,97933,0
1959.997,measure,97983,97983,0,13,97981,57978213,13.701,169300,1493752,1,0,50.00,97983,0
1960.996,measure,98033,98033,0,14,98031,58007730,13.701,169244,1493752,1,0,50.00,98033,0
1961.996,measure,98083,98083,0,12,98081,58037059,13.701,169208,1493752,1,0,50.00,98083,0
1962.996,measure,98133,98133,0,13,98131,58066363,13.701,169196,1493752,1,0,50.00,98133,0
1963.994,measure,98183,98183,0,11,98181,58095573,13.701,169208,1493752,1,0,50.00,98183,0
1964.991,measure,98233,98233,0,9,98231,58124454,13.701,169216,1493752,1,0,49.95,98233,0
1965.993,measure,98283,98283,0,10,98281,58153375,13.701,169228,1493752,1,0,50.05,98283,0
1966.991,measure,98333,98333,0,8,98331,58182527,13.701,169240,1493752,1,0,50.00,98333,0
1967.996,measure,98383,98383,0,13,98381,58211509,13.701,169248,1493752,1,0,50.00,98383,0
1968.996,measure,98433,98433,0,13,98431,58240692,13.701,169260,1493752,1,0,50.00,98433,0
1969.996,measure,98483,98483,0,13,98481,58270351,13.701,169268,1493752,1,0,50.00,98483,0
1970.997,measure,98533,98533,0,14,98531,58299917,13.701,169288,1493752,1,0,50.00,98533,0
1971.992,measure,98583,98583,0,8,98581,58329221,13.701,169300,1493752,1,0,50.00,98583,0
1972.996,measure,98633,98633,0,13,98631,58358639,13.701,169316,1493752,1,0,50.00,98633,0
1973.996,measure,98683,98683,0,13,98681,58387837,13.701,169328,1493752,1,0,49.95,98683,0
1974.997,measure,98733,98733,0,14,98731,58416955,13.701,169336,1493752,1,0,50.05,98733,0
1975.997,measure,98783,98783,0,14,98781,58446033,13.701,169348,1493752,1,0,50.00,98783,0
1976.992,measure,98833,98833,0,6,98831,58475267,13.701,169364,1493752,1,0,50.00,98833,0
1977.997,measure,98883,98883,0,14,98881,58504810,13.701,169372,1493752,1,0,50.00,98883,0
1978.991,measure,98933,98933,0,7,98931,58533832,13.701,169384,1493752,1,0,50.00,98933,0
1979.997,measure,98983,98983,0,13,98981,58563344,13.701,169396,1493752,1,0,50.00,98983,0
1980.994,measure,99033,99033,0,11,99031,58592278,13.701,169408,1493752,1,0,50.00,99033,0
1981.997,measure,99083,99083,0,14,99081,58621489,13.701,169376,1493752,1,0,50.00,99083,0
1982.997,measure,99133,99133,0,14,99131,58650669,13.701,169388,1493752,1,0,50.00,99133,0
1983.997,measure,99183,99183,0,13,99181,58679657,13.701,169400,1493752,1,0,49.95,99183,0
1984.993,measure,99233,99233,0,10,99231,58708861,13.701,169412,1493752,1,0,50.00,99233,0
1985.992,measure,99283,99283,0,9,99281,58737510,13.701,169424,1493752,1,0,50.05,99283,0
1986.995,measure,99333,99333,0,10,99331,58767092,13.701,169436,1493752,1,0,50.05,99333,0
1987.993,measure,99383,99383,0,10,99381,58795937,13.701,169312,1493752,1,0,49.95,99383,0
1988.997,measure,99433,99433,0,14,99431,58825242,13.701,169252,1493752,1,0,50.00,99433,0
1989.997,measure,99483,99483,0,14,99481,58854218,13.701,169264,1493752,1,0,50.05,99483,0
1990.992,measure,99533,99533,0,6,99531,58883352,13.701,169284,1493752,1,0,49.95,99533,0
1991.996,measure,99583,99583,0,13,99581,58912498,13.701,169300,1493752,1,0,50.00,99583,0
1992.992,measure,99633,99633,0,8,99631,58941581,13.701,169316,1493752,1,0,50.00,99633,0
1993.995,measure,99683,99683,0,11,99681,58970531,13.701,169324,1493752,1,0,50.00,99683,0
1994.997,measure,99733,99733,0,13,99731,58999573,13.701,169352,1493752,1,0,50.00,99733,0
1995.991,measure,99783,99783,0,8,99781,59029321,13.701,169364,1493752,1,0,50.00,99783,0
1996.995,measure,99833,99833,0,12,99831,59058111,13.701,169372,1493752,1,0,50.00,99833,0
1997.993,measure,99883,99883,0,9,99881,59088058,13.701,173544,1493696,1,0,50.00,99883,0
1998.996,measure,99933,99933,0,13,99931,59117083,13.701,173552,1493696,1,0,50.05,99933,0
1999.991,measure,99983,99983,0,8,99981,59145959,13.701,173584,1493696,1,0,49.95,99983,0
2000.997,measure,100033,100033,0,14,100031,59175185,13.701,174648,1493696,1,0,50.00,100033,0
2001.997,measure,100083,100083,0,14,100081,59204293,13.701,174656,1493696,1,0,50.05,100083,0
2002.996,measure,100133,100133,0,14,100131,59233837,13.701,174700,1493696,1,0,50.00,100133,0
2003.994,measure,100183,100183,0,11,100181,59262640,13.701,174716,1493696,1,0,50.00,100183,0
2004.997,measure,100233,100233,0,13,100231,59291509,13.701,174732,1493696,1,0,49.95,100233,0
2005.994,measure,100283,100283,0,10,100281,59320325,13.701,174744,1493696,1,0,50.00,100283,0
2006.991,measure,100333,100333,0,8,100331,59348899,13.701,174756,1493696,1,0,50.00,100333,0
2007.997,measure,100383,100383,0,13,100381,59377839,13.701,174696,1493696,1,0,50.00,100383,0
2008.997,measure,100433,100433,0,14,100431,59407415,13.701,174700,1493696,1,0,50.05,100433,0
2009.996,measure,100483,100483,0,11,100481,59436381,13.701,174704,1493696,1,0,49.95,100483,0
2010.996,measure,100533,100533,0,12,100531,59466007,13.701,174704,1493696,1,0,50.00,100533,0
2011.994,measure,100583,100583,0,10,100581,59495080,13.701,174716,1493696,1,0,50.05,100583,0
2012.996,measure,100633,100633,0,13,100631,59524320,13.701,174728,1493696,1,0,50.00,100633,0
2013.991,measure,100683,100683,0,8,100681,59553749,13.701,174732,1493696,1,0,49.95,100683,0
2014.993,measure,100733,100733,0,10,100731,59582620,13.701,174744,1493696,1,0,50.00,100733,0
2015.995,measure,100783,100783,0,12,100781,59611719,13.701,174756,1493696,1,0,50.00,100783,0
2016.993,measure,100833,100833,0,10,100831,59641240,13.701,174404,1493696,1,0,50.05,100833,0
2017.992,measure,100883,100883,0,9,100881,59670371,13.701,174420,1493696,1,0,50.00,100883,0
2018.996,measure,100933,100933,0,13,100931,59699485,13.701,174252,1493696,1,0,49.95,100933,0
2019.996,measure,100983,100983,0,13,100981,59728613,13.701,173544,1493696,1,0,50.10,100983,0
2020.991,measure,101033,101033,0,8,101031,59757502,13.701,173480,1493696,1,0,49.85,101033,0
2021.995,measure,101083,101083,0,11,101081,59786919,13.701,173492,1493696,1,0,50.10,101083,0
2022.996,measure,101133,101133,0,12,101131,59816267,13.701,173492,1493696,1,0,50.00,101133,0
2023.997,measure,101183,101183,0,13,101181,59845556,13.701,173500,1493696,1,0,49.95,101183,0
2024.991,measure,101233,101233,0,8,101231,59874782,13.701,173512,1493696,1,0,50.00,101233,0
2025.996,measure,101283,101283,0,12,101281,59903886,13.701,173588,1493696,1,0,50.00,101283,0
2026.997,measure,101333,101333,0,13,101331,59933096,13.701,173600,1493696,1,0,50.00,101333,0
2027.991,measure,101383,101383,0,8,101381,59962046,13.701,173608,1493696,1,0,50.00,101383,0
2028.992,measure,101433,101433,0,9,101431,59991238,13.701,173620,1493696,1,0,50.00,101433,0
2029.997,measure,101483,101483,0,14,101481,60020355,13.701,173632,1493696,1,0,50.00,101483,0
2030.997,measure,101533,101533,0,13,101531,60049658,13.701,173640,1493696,1,0,50.00,101533,0
2031.995,measure,101583,101583,0,12,101581,60078728,13.701,173652,1493696,1,0,50.00,101583,0
2032.996,measure,101633,101633,0,12,101631,60107943,13.701,173660,1493696,1,0,50.00,101633,0
2033.997,measure,101683,101683,0,15,101681,60137326,13.701,173676,1493696,1,0,50.00,101683,0
2034.992,measure,101733,101733,0,8,101731,60166974,13.701,173688,1493696,1,0,50.00,101733,0
2035.997,measure,101783,101783,0,13,101781,60196554,13.701,173704,1493696,1,0,50.00,101783,0
2036.995,measure,101833,101833,0,11,101831,60225949,13.701,173716,1493696,1,0,50.00,101833,0
2037.997,measure,101883,101883,0,14,101881,60255263,13.701,173724,1493696,1,0,50.00,101883,0
2038.997,measure,101933,101933,0,14,101931,60284663,13.701,173736,1493696,1,0,50.00,101933,0
2039.991,measure,101983,101983,0,6,101981,60313658,13.701,173744,1493696,1,0,50.00,101983,0
2040.991,measure,102033,102033,0,8,102031,60342622,13.701,173752,1493696,1,0,50.00,102033,0
2041.991,measure,102083,102083,0,8,102081,60371468,13.701,173760,1493696,1,0,50.00,102083,0
2042.996,measure,102133,102133,0,13,102131,60400040,13.701,173768,1493696,1,0,50.00,102133,0
2043.997,measure,102183,102183,0,13,102181,60428906,13.701,173780,1493696,1,0,50.00,102183,0
2044.997,measure,102233,102233,0,13,102231,60458392,13.701,173788,1493696,1,0,49.95,102233,0
2045.997,measure,102283,102283,0,14,102281,60487269,13.701,173800,1493696,1,0,50.05,102283,0
2046.992,measure,102333,102333,0,8,102331,60516441,13.701,173808,1493696,1,0,50.00,102333,0
2047.991,measure,102383,102383,0,7,102381,60545466,13.701,173796,1493696,1,0,50.05,102383,0
2048.992,measure,102433,102433,0,8,102431,60574702,13.701,173804,1493696,1,0,49.95,102433,0
2049.995,measure,102483,102483,0,12,102481,60603564,13.701,173812,1493696,1,0,50.05,102483,0
2050.997,measure,102533,102533,0,12,102531,60632922,13.701,173824,1493696,1,0,49.95,102533,0
2051.994,measure,102583,102583,0,11,102581,60662342,13.701,173832,1493696,1,0,50.00,102583,0
2052.997,measure,102633,102633,0,14,102631,60691049,13.701,173836,1493696,1,0,50.05,102633,0
2053.997,measure,102683,102683,0,12,102681,60720640,13.701,173824,1493696,1,0,50.00,102683,0
2054.996,measure,102733,102733,0,13,102731,60750095,13.701,173664,1493696,1,0,49.95,102733,0
2055.991,measure,102783,102783,0,9,102781,60779490,13.701,173676,1493696,1,0,50.00,102783,0
2056.996,measure,102833,102833,0,14,102831,60808505,13.701,173684,1493696,1,0,50.00,102833,0
2057.997,measure,102883,102883,0,13,102881,60837613,13.701,173696,1493696,1,0,50.05,102883,0
2058.997,measure,102933,102933,0,13,102931,60866704,13.701,173708,1493696,1,0,50.00,102933,0
2059.993,measure,102983,102983,0,11,102981,60896263,13.701,173724,1493696,1,0,49.95,102983,0
2060.995,measure,103033,103033,0,12,103031,60925704,13.701,173736,1493696,1,0,50.00,103033,0
2061.997,measure,103083,103083,0,14,103081,60954898,13.701,173744,1493696,1,0,50.00,103083,0
2062.991,measure,103133,103133,0,8,103131,60984244,13.701,173676,1493696,1,0,50.05,103133,0
2063.994,measure,103183,103183,0,12,103181,61013784,13.701,173660,1493696,1,0,50.00,103183,0
2064.996,measure,103233,103233,0,14,103231,61042900,13.701,173916,1493668,1,0,50.00,103233,0
2065.997,measure,103283,103283,0,14,103281,61071685,13.701,173924,1493668,1,0,50.00,103283,0
2066.997,measure,103333,103333,0,13,103331,61100716,13.701,173996,1493668,1,0,50.00,103333,0
2067.997,measure,103383,103383,0,15,103381,61129905,13.701,174016,1493668,1,0,50.00,103383,0
2068.996,measure,103433,103433,0,11,103431,61159084,13.701,174028,1493668,1,0,50.00,103433,0
2069.991,measure,103483,103483,0,8,103481,61188485,13.701,174040,1493668,1,0,49.95,103483,0
2070.993,measure,103533,103533,0,10,103531,61217350,13.701,174048,1493668,1,0,50.00,103533,0
2071.997,measure,103583,103583,0,13,103581,61247429,13.701,174064,1493668,1,0,50.00,103583,0
2072.996,measure,103633,103633,0,13,103631,61276803,13.701,174080,1493668,1,0,50.00,103633,0
2073.992,measure,103683,103683,0,7,103681,61306500,13.701,174092,1493668,1,0,50.00,103683,0
2074.997,measure,103733,103733,0,12,103731,61335626,13.701,174108,1493668,1,0,50.00,103733,0
2075.997,measure,103783,103783,0,14,103781,61364997,13.701,174124,1493668,1,0,50.00,103783,0
2076.991,measure,103833,103833,0,7,103831,61395123,13.701,174136,1493668,1,0,50.00,103833,0
2077.997,measure,103883,103883,0,14,103881,61424401,13.701,174148,1493668,1,0,50.00,103883,0
2078.997,measure,103933,103933,0,13,103931,61453986,13.701,174156,1493668,1,0,50.00,103933,0
2079.997,measure,103983,103983,0,15,103981,61482948,13.701,174172,1493668,1,0,50.00,103983,0
2080.996,measure,104033,104033,0,13,104031,61512440,13.701,174184,1493668,1,0,49.95,104033,0
2081.993,measure,104083,104083,0,9,104081,61541417,13.701,174200,1493668,1,0,50.00,104083,0
2082.991,measure,104133,104133,0,8,104131,61570798,13.701,174228,1493668,1,0,50.05,104133,0
2083.991,measure,104183,104183,0,8,104181,61600125,13.701,174236,1493668,1,0,50.00,104183,0
2084.997,measure,104233,104233,0,14,104231,61629528,13.701,174252,1493668,1,0,50.00,104233,0
2085.997,measure,104283,104283,0,13,104281,61658429,13.701,174256,1493668,1,0,50.00,104283,0
2086.996,measure,104333,104333,0,13,104331,61687939,13.701,174272,1493668,1,0,50.00,104333,0
2087.997,measure,104383,104383,0,15,104381,61717445,13.701,174772,1493668,1,0,50.00,104383,0
2088.994,measure,104433,104433,0,9,104431,61746734,13.701,174768,1493668,1,0,50.00,104433,0
2089.991,measure,104483,104483,0,8,104481,61776351,13.701,174720,1493668,1,0,50.00,104483,0
2090.992,measure,104533,104533,0,7,104531,61805946,13.701,175172,1493668,1,0,50.00,104533,0
2091.997,measure,104583,104583,0,14,104581,61835676,13.701,175192,1493668,1,0,50.00,104583,0
2092.996,measure,104633,104633,0,12,104631,61865468,13.701,175200,1493668,1,0,50.00,104633,0
2093.997,measure,104683,104683,0,13,104681,61896033,13.701,175216,1493668,1,0,50.00,104683,0
2094.997,measure,104733,104733,0,13,104731,61925438,13.701,175232,1493668,1,0,50.00,104733,0
2095.991,measure,104783,104783,0,7,104781,61954717,13.701,175244,1493668,1,0,50.05,104783,0
2096.997,measure,104833,104833,0,14,104831,61984265,13.701,175284,1493668,1,0,50.00,104833,0
2097.992,measure,104883,104883,0,9,104881,62013735,13.701,175292,1493668,1,0,50.00,104883,0
2098.997,measure,104933,104933,0,14,104931,62042498,13.701,175304,1493668,1,0,50.00,104933,0
2099.997,measure,104983,104983,0,14,104981,62071885,13.701,175328,1493668,1,0,50.00,104983,0
2100.996,measure,105033,105033,0,13,105031,62101361,13.701,175340,1493668,1,0,50.00,105033,0
2101.996,measure,105083,105083,0,13,105081,62131183,13.701,175352,1493668,1,0,49.95,105083,0
2102.992,measure,105133,105133,0,7,105131,62160484,13.701,175364,1493668,1,0,50.05,105133,0
2103.994,measure,105183,105183,0,11,105181,62189806,13.701,175372,1493668,1,0,50.00,105183,0
2104.992,measure,105233,105233,0,8,105231,62219362,13.701,175388,1493668,1,0,50.00,105233,0
2105.996,measure,105283,105283,0,12,105281,62248388,13.701,175396,1493668,1,0,49.95,105283,0
2106.992,measure,105333,105333,0,8,105331,62277638,13.701,175408,1493668,1,0,50.00,105333,0
2107.997,measure,105383,105383,0,14,105381,62307147,13.701,175476,1493668,1,0,50.00,105383,0
2108.996,measure,105433,105433,0,11,105431,62336367,13.701,175388,1493668,1,0,50.05,105433,0
2109.997,measure,105483,105483,0,12,105481,62365628,13.701,175372,1493668,1,0,50.00,105483,0
2110.993,measure,105533,105533,0,10,105531,62394942,13.701,175384,1493668,1,0,50.00,105533,0
2111.992,measure,105583,105583,0,8,105581,62424048,13.701,175372,1493668,1,0,49.95,105583,0
2112.993,measure,105633,105633,0,9,105631,62453111,13.701,175380,1493668,1,0,50.05,105633,0
2113.997,measure,105683,105683,0,14,105681,62481635,13.701,175376,1493668,1,0,50.00,105683,0
2114.994,measure,105733,105733,0,11,105731,62512366,13.701,175384,1493668,1,0,49.95,105733,0
2115.997,measure,105783,105783,0,14,105781,62541632,13.701,175048,1493668,1,0,50.00,105783,0
2116.995,measure,105833,105833,0,11,105831,62570827,13.701,175060,1493668,1,0,50.05,105833,0
2117.991,measure,105883,105883,0,8,105881,62599880,13.701,175356,1493668,1,0,49.95,105883,0
2118.991,measure,105933,105933,0,7,105931,62629305,13.701,175288,1493668,1,0,50.00,105933,0
2119.996,measure,105983,105983,0,13,105981,62658586,13.701,175048,1493668,1,0,50.00,105983,0
2120.994,measure,106033,106033,0,11,106031,62688140,13.701,175064,1493668,1,0,49.95,106033,0
2121.992,measure,106083,106083,0,10,106081,62718121,13.701,174684,1493668,1,0,50.05,106083,0
2122.997,measure,106133,106133,0,14,106131,62747436,13.701,174276,1493668,1,0,50.00,106133,0
2123.991,measure,106183,106183,0,7,106181,62776389,13.701,174276,1493668,1,0,50.00,106183,0
2124.992,measure,106233,106233,0,8,106231,62806468,13.701,174272,1493668,1,0,50.00,106233,0
2125.991,measure,106283,106283,0,8,106281,62835785,13.701,174288,1493668,1,0,50.00,106283,0
2126.996,measure,106333,106333,0,13,106331,62865429,13.701,174296,1493668,1,0,50.00,106333,0
2127.997,measure,106383,106383,0,13,106381,62894547,13.701,174316,1493668,1,0,50.00,106383,0
2128.996,measure,106433,106433,0,14,106431,62923922,13.701,174328,1493668,1,0,50.00,106433,0
2129.997,measure,106483,106483,0,14,106481,62954057,13.701,174336,1493668,1,0,50.00,106483,0
2130.992,measure,106533,106533,0,7,106531,62983526,13.701,174352,1493668,1,0,50.00,106533,0
2131.997,measure,106583,106583,0,13,106581,63013082,13.701,174360,1493668,1,0,50.00,106583,0
2132.991,measure,106633,106633,0,9,106631,63043270,13.701,174376,1493668,1,0,50.00,106633,0
2133.996,measure,106683,106683,0,12,106681,63072983,13.701,174388,1493668,1,0,50.00,106683,0
2134.997,measure,106733,106733,0,13,106731,63102927,13.701,174396,1493668,1,0,50.00,106733,0
2135.995,measure,106783,106783,0,11,106781,63132254,13.701,174412,1493668,1,0,50.00,106783,0
2136.996,measure,106833,106833,0,13,106831,63161748,13.701,174420,1493668,1,0,50.00,106833,0
2137.996,measure,106883,106883,0,12,106881,63190904,13.701,174436,1493668,1,0,49.95,106883,0
2138.991,measure,106933,106933,0,8,106931,63220558,13.701,174444,1493668,1,0,49.95,106933,0
2139.991,measure,106983,106983,0,6,106981,63250218,13.701,174460,1493668,1,0,50.05,106983,0
2140.996,measure,107033,107033,0,13,107031,63279462,13.701,174476,1493668,1,0,50.00,107033,0
2141.996,measure,107083,107083,0,12,107081,63309146,13.701,174484,1493668,1,0,49.95,107083,0
2142.997,measure,107133,107133,0,14,107131,63339519,13.701,174492,1493668,1,0,50.00,107133,0
2143.997,measure,107183,107183,0,14,107181,63368845,13.701,174500,1493668,1,0,50.05,107183,0
2144.991,measure,107233,107233,0,6,107231,63398381,13.701,173476,1493668,1,0,49.95,107233,0
2145.991,measure,107283,107283,0,8,107281,63427913,13.701,173496,1493668,1,0,50.05,107283,0
2146.991,measure,107333,107333,0,8,107331,63457137,13.701,173484,1493668,1,0,50.00,107333,0
2147.997,measure,107383,107383,0,14,107381,63486256,13.701,173500,1493668,1,0,50.05,107383,0
2148.997,measure,107433,107433,0,14,107431,63515191,13.701,173564,1493668,1,0,50.00,107433,0
2149.997,measure,107483,107483,0,13,107481,63543722,13.701,173572,1493668,1,0,49.95,107483,0
2150.991,measure,107533,107533,0,8,107531,63573212,13.701,173580,1493668,1,0,50.00,107533,0
2151.994,measure,107583,107583,0,10,107581,63602877,13.701,173584,1493668,1,0,50.00,107583,0
2152.992,measure,107633,107633,0,8,107631,63632062,13.701,173596,1493668,1,0,50.05,107633,0
2153.991,measure,107683,107683,0,9,107681,63661556,13.701,173604,1493668,1,0,50.00,107683,0
2154.997,measure,107733,107733,0,14,107731,63691004,13.701,173616,1493668,1,0,49.95,107733,0
2155.996,measure,107783,107783,0,13,107781,63720902,13.701,173620,1493668,1,0,50.00,107783,0
2156.991,measure,107833,107833,0,8,107831,63750772,13.701,173488,1493668,1,0,50.05,107833,0
2157.994,measure,107883,107883,0,11,107881,63780275,13.701,173344,1493668,1,0,50.00,107883,0
2158.995,measure,107933,107933,0,11,107931,63810772,13.701,173328,1493668,1,0,49.95,107933,0
2159.997,measure,107983,107983,0,13,107981,63840565,13.701,173344,1493668,1,0,50.00,107983,0
2160.991,measure,108033,108033,0,8,108031,63870301,13.701,173408,1493668,1,0,50.00,108033,0
2161.996,measure,108083,108083,0,13,108081,63899705,13.701,173424,1493668,1,0,50.00,108083,0
2162.992,measure,108133,108133,0,9,108131,63928519,13.701,173436,1493668,1,0,50.05,108133,0
2163.993,measure,108183,108183,0,10,108181,63957288,13.701,173448,1493668,1,0,50.00,108183,0
2164.996,measure,108233,108233,0,13,108231,63986423,13.701,173460,1493668,1,0,50.00,108233,0
2165.995,measure,108283,108283,0,11,108281,64015527,13.701,173376,1493668,1,0,50.00,108283,0
2166.997,measure,108333,108333,0,14,108331,64045310,13.701,173260,1493668,1,0,50.00,108333,0
2167.991,measure,108383,108383,0,8,108381,64074796,13.701,173248,1493668,1,0,49.95,108383,0
2168.994,measure,108433,108433,0,11,108431,64103780,13.701,173220,1493668,1,0,50.00,108433,0
2169.995,measure,108483,108483,0,12,108481,64132956,13.701,173232,1493668,1,0,50.00,108483,0
2170.997,measure,108533,108533,0,14,108531,64162235,13.701,173240,1493668,1,0,50.05,108533,0
2171.997,measure,108583,108583,0,14,108581,64191277,13.701,173256,1493668,1,0,50.00,108583,0
2172.994,measure,108633,108633,0,9,108631,64220507,13.701,173264,1493668,1,0,49.90,108633,0
2173.997,measure,108683,108683,0,14,108681,64249726,13.701,173276,1493668,1,0,50.00,108683,0
2174.991,measure,108733,108733,0,7,108731,64279294,13.701,173288,1493668,1,0,50.05,108733,0
2175.991,measure,108783,108783,0,7,108781,64309156,13.701,173296,1493668,1,0,50.00,108783,0
2176.997,measure,108833,108833,0,13,108831,64338568,13.701,173312,1493668,1,0,50.00,108833,0
2177.992,measure,108883,108883,0,8,108881,64367834,13.701,173320,1493668,1,0,50.00,108883,0
2178.997,measure,108933,108933,0,14,108931,64397199,13.701,173332,1493668,1,0,50.00,108933,0
2179.997,measure,108983,108983,0,13,108981,64427037,13.701,173340,1493668,1,0,50.00,108983,0
2180.997,measure,109033,109033,0,13,109031,64456776,13.701,173352,1493668,1,0,50.00,109033,0
2181.991,measure,109083,109083,0,8,109081,64486284,13.701,173364,1493668,1,0,50.00,109083,0
2182.996,measure,109133,109133,0,13,109131,64515436,13.701,173504,1493668,1,0,50.00,109133,0
2183.993,measure,109183,109183,0,11,109181,64545206,13.701,173492,1493668,1,0,50.00,109183,0
2184.994,measure,109233,109233,0,11,109231,64574909,13.701,173504,1493668,1,0,50.00,109233,0
2185.997,measure,109283,109283,0,14,109281,64604079,13.701,173516,1493668,1,0,50.00,109283,0
2186.992,measure,109333,109333,0,6,109331,64633381,13.701,173528,1493668,1,0,50.00,109333,0
2187.996,measure,109383,109383,0,13,109381,64662052,13.701,173536,1493668,1,0,50.00,109383,0
2188.992,measure,109433,109433,0,8,109431,64691559,13.701,173548,1493668,1,0,50.00,109433,0
2189.996,measure,109483,109483,0,13,109481,64721179,13.701,173340,1493668,1,0,50.00,109483,0
2190.992,measure,109533,109533,0,6,109531,64750973,13.701,173344,1493668,1,0,50.00,109533,0
2191.997,measure,109583,109583,0,14,109581,64780885,13.701,173356,1493668,1,0,50.00,109583,0
2192.997,measure,109633,109633,0,14,109631,64810879,13.701,173368,1493668,1,0,49.95,109633,0
2193.995,measure,109683,109683,0,10,109681,64840401,13.701,173380,1493668,1,0,50.00,109683,0
2194.997,measure,109733,109733,0,14,109731,64870015,13.701,173392,1493668,1,0,50.05,109733,0
2195.991,measure,109783,109783,0,8,109781,64899434,13.701,173408,1493668,1,0,50.00,109783,0
2196.994,measure,109833,109833,0,11,109831,64928403,13.701,173420,1493668,1,0,50.00,109833,0
2197.993,measure,109883,109883,0,10,109881,64957105,13.701,173436,1493668,1,0,50.05,109883,0
2198.992,measure,109933,109933,0,9,109931,64986647,13.701,173448,1493668,1,0,50.00,109933,0
2199.992,measure,109983,109983,0,9,109981,65015999,13.701,173464,1493668,1,0,50.00,109983,0
2200.996,measure,110033,110033,0,12,110031,65045375,13.701,173476,1493668,1,0,50.00,110033,0
2201.997,measure,110083,110083,0,14,110081,65074917,13.701,173492,1493668,1,0,49.95,110083,0
2202.991,measure,110133,110133,0,7,110131,65104164,13.701,173504,1493668,1,0,50.00,110133,0
2203.997,measure,110183,110183,0,14,110181,65133708,13.701,173512,1493668,1,0,50.00,110183,0
2204.992,measure,110233,110233,0,8,110231,65163089,13.701,173528,1493668,1,0,50.00,110233,0
2205.996,measure,110283,110283,0,14,110281,65192231,13.701,173544,1493668,1,0,50.00,110283,0
2206.997,measure,110333,110333,0,14,110331,65221721,13.701,173552,1493668,1,0,50.00,110333,0
2207.994,measure,110383,110383,0,11,110381,65250911,13.701,173564,1493668,1,0,50.00,110383,0
2208.997,measure,110433,110433,0,14,110431,65279870,13.701,173548,1493668,1,0,50.05,110433,0
2209.992,measure,110483,110483,0,9,110481,65309125,13.701,173436,1493668,1,0,50.00,110483,0
2210.996,measure,110533,110533,0,13,110531,65338490,13.701,173440,1493668,1,0,49.95,110533,0
2211.996,measure,110583,110583,0,12,110581,65368093,13.701,173448,1493668,1,0,50.00,110583,0
2212.997,measure,110633,110633,0,12,110631,65398304,13.701,174420,1493696,1,0,50.00,110633,0
2213.997,measure,110683,110683,0,14,110681,65427576,13.701,174416,1493696,1,0,50.00,110683,0
2214.993,measure,110733,110733,0,9,110731,65456914,13.701,174360,1493696,1,0,49.95,110733,0
2215.997,measure,110783,110783,0,14,110781,65486658,13.701,174372,1493696,1,0,50.10,110783,0
2216.991,measure,110833,110833,0,8,110831,65516132,13.701,174364,1493696,1,0,50.00,110833,0
2217.997,measure,110883,110883,0,14,110881,65545512,13.701,173976,1493696,1,0,50.00,110883,0
2218.991,measure,110933,110933,0,8,110931,65574993,13.701,173984,1493696,1,0,50.00,110933,0
2219.997,measure,110983,110983,0,14,110981,65604447,13.701,174004,1493696,1,0,50.00,110983,0
2220.997,measure,111033,111033,0,14,111031,65633531,13.701,173384,1493696,1,0,50.00,111033,0
2221.997,measure,111083,111083,0,13,111081,65663620,13.701,173144,1493696,1,0,49.95,111083,0
2222.991,measure,111133,111133,0,7,111131,65693797,13.701,173160,1493696,1,0,50.00,111133,0
2223.991,measure,111183,111183,0,8,111181,65723051,13.701,173068,1493696,1,0,50.05,111183,0
2224.996,measure,111233,111233,0,13,111231,65752304,13.701,173088,1493696,1,0,49.95,111233,0
2225.997,measure,111283,111283,0,14,111281,65782728,13.701,173092,1493696,1,0,50.00,111283,0
2226.997,measure,111333,111333,0,14,111331,65812532,13.701,173104,1493696,1,0,50.00,111333,0
2227.997,measure,111383,111383,0,14,111381,65841875,13.701,173124,1493696,1,0,50.00,111383,0
2228.993,measure,111433,111433,0,10,111431,65871137,13.701,173136,1493696,1,0,50.00,111433,0
2229.995,measure,111483,111483,0,12,111481,65901440,13.701,173144,1493696,1,0,50.05,111483,0
2230.992,measure,111533,111533,0,8,111531,65931431,13.701,173220,1493696,1,0,49.95,111533,0
2231.997,measure,111583,111583,0,13,111581,65961221,13.701,173232,1493696,1,0,50.00,111583,0
2232.996,measure,111633,111633,0,14,111631,65990807,13.701,173256,1493696,1,0,50.00,111633,0
2233.996,measure,111683,111683,0,11,111681,66019665,13.701,173268,1493696,1,0,50.00,111683,0
2234.992,measure,111733,111733,0,9,111731,66049317,13.701,173280,1493696,1,0,50.00,111733,0
2235.996,measure,111783,111783,0,12,111781,66078564,13.701,173288,1493696,1,0,50.00,111783,0
2236.997,measure,111833,111833,0,13,111831,66109084,13.701,173300,1493696,1,0,49.90,111833,0
2237.992,measure,111883,111883,0,8,111881,66138817,13.701,173308,1493696,1,0,50.10,111883,0
2238.992,measure,111933,111933,0,8,111931,66168694,13.701,173320,1493696,1,0,50.00,111933,0
2239.991,measure,111983,111983,0,7,111981,66198124,13.701,173420,1493696,1,0,50.00,111983,0
2240.996,measure,112033,112033,0,13,112031,66227931,13.701,173428,1493696,1,0,50.00,112033,0
2241.997,measure,112083,112083,0,14,112081,66257165,13.701,173436,1493696,1,0,50.00,112083,0
2242.995,measure,112133,112133,0,11,112131,66287780,13.701,173436,1493696,1,0,50.00,112133,0
2243.993,measure,112183,112183,0,10,112181,66317892,13.701,173448,1493696,1,0,50.00,112183,0
2244.991,measure,112233,112233,0,8,112231,66348157,13.701,173444,1493696,1,0,50.00,112233,0
2245.992,measure,112283,112283,0,9,112281,66377301,13.701,173444,1493696,1,0,50.05,112283,0
2246.994,measure,112333,112333,0,11,112331,66406099,13.701,173452,1493696,1,0,49.95,112333,0
2247.996,measure,112383,112383,0,14,112381,66434847,13.701,173456,1493696,1,0,50.05,112383,0
2248.997,measure,112433,112433,0,15,112431,66463849,13.701,173420,1493696,1,0,50.00,112433,0
2249.996,measure,112483,112483,0,13,112481,66493264,13.701,173348,1493696,1,0,50.00,112483,0
2250.995,measure,112533,112533,0,12,112531,66522625,13.701,173200,1493696,1,0,50.00,112533,0
2251.992,measure,112583,112583,0,9,112581,66552351,13.701,173208,1493696,1,0,50.00,112583,0
2252.996,measure,112633,112633,0,13,112631,66581833,13.701,173140,1493696,1,0,49.95,112633,0
2253.992,measure,112683,112683,0,9,112681,66611614,13.701,173064,1493696,1,0,50.00,112683,0
2254.996,measure,112733,112733,0,13,112731,66641516,13.701,172916,1493696,1,0,50.00,112733,0
2255.996,measure,112783,112783,0,14,112781,66670157,13.701,172760,1493696,1,0,50.00,112783,0
2256.997,measure,112833,112833,0,14,112831,66699737,13.701,172716,1493696,1,0,50.00,112833,0
2257.991,measure,112883,112883,0,8,112881,66729652,13.701,172724,1493696,1,0,50.00,112883,0
2258.991,measure,112933,112933,0,8,112931,66759128,13.701,172736,1493696,1,0,50.00,112933,0
2259.991,measure,112983,112983,0,8,112981,66788965,13.701,172748,1493696,1,0,50.00,112983,0
2260.996,measure,113033,113033,0,13,113031,66818095,13.701,172760,1493696,1,0,50.00,113033,0
2261.996,measure,113083,113083,0,13,113081,66848167,13.701,172772,1493696,1,0,50.05,113083,0
2262.997,measure,113133,113133,0,13,113131,66878071,13.701,172780,1493696,1,0,49.95,113133,0
2263.997,measure,113183,113183,0,13,113181,66907631,13.701,172792,1493696,1,0,50.05,113183,0
2264.997,measure,113233,113233,0,13,113231,66937365,13.701,172732,1493696,1,0,50.00,113233,0
2265.991,measure,113283,113283,0,7,113281,66966605,13.701,172724,1493696,1,0,50.00,113283,0
2266.995,measure,113333,113333,0,11,113331,66995855,13.701,172720,1493696,1,0,49.95,113333,0
2267.996,measure,113383,113383,0,13,113381,67025267,13.701,172728,1493696,1,0,50.05,113383,0
2268.992,measure,113433,113433,0,9,113431,67055055,13.701,172740,1493696,1,0,50.00,113433,0
2269.994,measure,113483,113483,0,11,113481,67083713,13.701,172748,1493696,1,0,50.00,113483,0
2270.996,measure,113533,113533,0,13,113531,67113323,13.701,172760,1493696,1,0,50.00,113533,0
2271.993,measure,113583,113583,0,10,113581,67143322,13.701,172772,1493696,1,0,49.95,113583,0
2272.991,measure,113633,113633,0,8,113631,67172841,13.701,172796,1493696,1,0,49.95,113633,0
2273.993,measure,113683,113683,0,10,113681,67202082,13.701,172824,1493696,1,0,50.05,113683,0
2274.993,measure,113733,113733,0,10,113731,67232502,13.701,172832,1493696,1,0,50.00,113733,0
2275.996,measure,113783,113783,0,13,113781,67261820,13.701,172840,1493696,1,0,50.00,113783,0
2276.992,measure,113833,113833,0,9,113831,67291211,13.701,172856,1493696,1,0,50.00,113833,0
2277.996,measure,113883,113883,0,12,113881,67321007,13.701,172868,1493696,1,0,50.00,113883,0
2278.996,measure,113933,113933,0,13,113931,67350278,13.701,172884,1493696,1,0,50.00,113933,0
2279.991,measure,113983,113983,0,8,113981,67380023,13.701,172892,1493696,1,0,50.00,113983,0
2280.996,measure,114033,114033,0,12,114031,67410095,13.701,172908,1493696,1,0,50.00,114033,0
2281.993,measure,114083,114083,0,11,114081,67440108,13.701,172920,1493696,1,0,50.00,114083,0
2282.996,measure,114133,114133,0,13,114131,67470578,13.701,172932,1493696,1,0,50.00,114133,0
2283.996,measure,114183,114183,0,13,114181,67499497,13.701,172940,1493696,1,0,50.00,114183,0
2284.992,measure,114233,114233,0,8,114231,67528679,13.701,172956,1493696,1,0,50.00,114233,0
2285.996,measure,114283,114283,0,12,114281,67559033,13.701,172968,1493696,1,0,50.00,114283,0
2286.992,measure,114333,114333,0,9,114331,67589018,13.701,172976,1493696,1,0,50.00,114333,0
2287.996,measure,114383,114383,0,12,114381,67618605,13.701,172988,1493696,1,0,49.95,114383,0
2288.997,measure,114433,114433,0,14,114431,67653076,13.701,172992,1493696,1,0,50.05,114433,0
2289.997,measure,114483,114483,0,13,114481,67682987,13.701,173008,1493696,1,0,50.00,114483,0
2290.996,measure,114533,114533,0,13,114531,67713121,13.701,173016,1493696,1,0,50.00,114533,0
2291.997,measure,114583,114583,0,12,114581,67743797,13.701,173028,1493696,1,0,50.00,114583,0
2292.997,measure,114633,114633,0,13,114631,67774613,13.701,173044,1493696,1,0,50.00,114633,0
2293.991,measure,114683,114683,0,6,114681,67803649,13.701,173052,1493696,1,0,50.00,114683,0
2294.997,measure,114733,114733,0,13,114731,67833315,13.701,173068,1493696,1,0,50.00,114733,0
2295.997,measure,114783,114783,0,14,114781,67862919,13.701,173076,1493696,1,0,50.00,114783,0
2296.997,measure,114833,114833,0,14,114831,67891837,13.701,173104,1493696,1,0,50.00,114833,0
2297.997,measure,114883,114883,0,14,114881,67921040,13.701,173112,1493696,1,0,50.00,114883,0
2298.997,measure,114933,114933,0,13,114931,67950802,13.701,173124,1493696,1,0,50.05,114933,0
2299.991,measure,114983,114983,0,9,114981,67980365,13.701,173144,1493696,1,0,50.00,114983,0
2300.991,measure,115033,115033,0,9,115031,68010131,13.701,173152,1493696,1,0,49.95,115033,0
2301.997,measure,115083,115083,0,14,115081,68039817,13.701,173180,1493696,1,0,50.00,115083,0
2302.997,measure,115133,115133,0,14,115131,68069730,13.701,173192,1493696,1,0,50.00,115133,0
2303.996,measure,115183,115183,0,13,115181,68098956,13.701,173200,1493696,1,0,50.05,115183,0
2304.995,measure,115233,115233,0,12,115231,68128340,13.701,173216,1493696,1,0,50.00,115233,0
2305.997,measure,115283,115283,0,14,115281,68157328,13.701,173224,1493696,1,0,50.00,115283,0
2306.997,measure,115333,115333,0,14,115331,68186470,13.701,173240,1493696,1,0,50.00,115333,0
2307.992,measure,115383,115383,0,9,115381,68216130,13.701,173240,1493696,1,0,49.95,115383,0
2308.997,measure,115433,115433,0,14,115431,68245874,13.701,173248,1493696,1,0,50.05,115433,0
2309.997,measure,115483,115483,0,14,115481,68275359,13.701,173268,1493696,1,0,50.00,115483,0
2310.997,measure,115533,115533,0,14,115531,68305148,13.701,173276,1493696,1,0,50.00,115533,0
2311.993,measure,115583,115583,0,10,115581,68334099,13.701,173288,1493696,1,0,49.95,115583,0
2312.991,measure,115633,115633,0,7,115631,68363158,13.701,173348,1493696,1,0,50.00,115633,0
2313.993,measure,115683,115683,0,10,115681,68392575,13.701,173360,1493696,1,0,50.00,115683,0
2314.991,measure,115733,115733,0,8,115731,68421799,13.701,173368,1493696,1,0,50.00,115733,0
2315.997,measure,115783,115783,0,14,115781,68451172,13.701,173344,1493696,1,0,50.05,115783,0
2316.996,measure,115833,115833,0,12,115831,68480430,13.701,173084,1493696,1,0,49.90,115833,0
2317.997,measure,115883,115883,0,14,115881,68510590,13.701,173092,1493696,1,0,49.90,115883,0
2318.994,measure,115933,115933,0,11,115931,68540143,13.701,172844,1493696,1,0,50.10,115933,0
2319.997,measure,115983,115983,0,14,115981,68570474,13.701,172260,1493696,1,0,50.00,115983,0
2320.993,measure,116033,116033,0,10,116031,68599896,13.701,172260,1493696,1,0,49.95,116033,0
2321.991,measure,116083,116083,0,8,116081,68630106,13.701,172260,1493696,1,0,50.00,116083,0
2322.997,measure,116133,116133,0,13,116131,68659831,13.701,172268,1493696,1,0,50.00,116133,0
2323.997,measure,116183,116183,0,13,116181,68688615,13.701,172284,1493696,1,0,50.00,116183,0
2324.993,measure,116233,116233,0,10,116231,68719364,13.701,172292,1493696,1,0,50.00,116233,0
2325.997,measure,116283,116283,0,14,116281,68748956,13.701,172304,1493696,1,0,50.00,116283,0
2326.997,measure,116333,116333,0,13,116331,68778603,13.701,172320,1493696,1,0,50.00,116333,0
2327.991,measure,116383,116383,0,8,116381,68807911,13.701,172328,1493696,1,0,50.00,116383,0
2328.991,measure,116433,116433,0,8,116431,68837306,13.701,172344,1493696,1,0,50.00,116433,0
2329.997,measure,116483,116483,0,14,116481,68868701,13.701,172360,1493696,1,0,49.95,116483,0
2330.997,measure,116533,116533,0,14,116531,68898321,13.701,172372,1493696,1,0,50.05,116533,0
2331.991,measure,116583,116583,0,9,116581,68927858,13.701,172384,1493696,1,0,50.00,116583,0
2332.996,measure,116633,116633,0,13,116631,68957488,13.701,172396,1493696,1,0,49.95,116633,0
2333.997,measure,116683,116683,0,13,116681,68987531,13.701,172408,1493696,1,0,50.05,116683,0
2334.996,measure,116733,116733,0,13,116731,69017345,13.701,172416,1493696,1,0,49.95,116733,0
2335.992,measure,116783,116783,0,9,116781,69047494,13.701,172428,1493696,1,0,50.05,116783,0
2336.997,measure,116833,116833,0,14,116831,69077070,13.701,172436,1493696,1,0,50.05,116833,0
2337.996,measure,116883,116883,0,13,116881,69106731,13.701,172448,1493696,1,0,49.95,116883,0
2338.997,measure,116933,116933,0,14,116931,69135632,13.701,172460,1493696,1,0,50.00,116933,0
2339.997,measure,116983,116983,0,14,116981,69164489,13.701,172476,1493696,1,0,50.00,116983,0
2340.996,measure,117033,117033,0,12,117031,69194096,13.701,172488,1493696,1,0,50.00,117033,0
2341.997,measure,117083,117083,0,14,117081,69224285,13.701,172496,1493696,1,0,50.00,117083,0
2342.991,measure,117133,117133,0,8,117131,69254172,13.701,172432,1493696,1,0,50.00,117133,0
2343.995,measure,117183,117183,0,12,117181,69283710,13.701,172384,1493696,1,0,50.00,117183,0
2344.996,measure,117233,117233,0,12,117231,69313630,13.701,172388,1493696,1,0,50.00,117233,0
2345.992,measure,117283,117283,0,8,117281,69343408,13.701,172332,1493696,1,0,50.00,117283,0
2346.997,measure,117333,117333,0,15,117331,69372846,13.701,172096,1493696,1,0,50.00,117333,0
2347.991,measure,117383,117383,0,9,117381,69402557,13.701,171288,1493696,1,0,50.00,117383,0
2348.997,measure,117433,117433,0,14,117431,69432233,13.701,170532,1493696,1,0,50.00,117433,0
2349.991,measure,117483,117483,0,7,117481,69461780,13.701,170500,1493696,1,0,50.10,117483,0
2350.996,measure,117533,117533,0,14,117531,69491976,13.701,169996,1493696,1,0,49.90,117533,0
2351.996,measure,117583,117583,0,13,117581,69521596,13.701,169404,1493696,1,0,50.05,117583,0
2352.997,measure,117633,117633,0,13,117631,69550805,13.701,169120,1493696,1,0,49.90,117633,0
2353.995,measure,117683,117683,0,12,117681,69580041,13.701,168952,1493696,1,0,50.05,117683,0
2354.996,measure,117733,117733,0,13,117731,69609674,13.701,168964,1493696,1,0,50.00,117733,0
2355.993,measure,117783,117783,0,10,117781,69639148,13.701,168712,1493696,1,0,50.00,117783,0
2356.991,measure,117833,117833,0,8,117831,69668550,13.701,168676,1493696,1,0,50.05,117833,0
2357.996,measure,117883,117883,0,13,117881,69698241,13.701,168704,1493696,1,0,49.90,117883,0
2358.992,measure,117933,117933,0,9,117931,69728262,13.701,168708,1493696,1,0,50.05,117933,0
2359.994,measure,117983,117983,0,11,117981,69757403,13.701,168724,1493696,1,0,50.00,117983,0
2360.997,measure,118033,118033,0,14,118031,69787164,13.701,168736,1493696,1,0,50.05,118033,0
2361.997,measure,118083,118083,0,14,118081,69816829,13.701,168744,1493696,1,0,49.95,118083,0
2362.991,measure,118133,118133,0,8,118131,69846613,13.701,168756,1493696,1,0,50.00,118133,0
2363.992,measure,118183,118183,0,9,118181,69876632,13.701,168764,1493696,1,0,50.05,118183,0
2364.992,measure,118233,118233,0,8,118231,69906409,13.701,168564,1493696,1,0,49.95,118233,0
2365.996,measure,118283,118283,0,12,118281,69935489,13.701,168544,1493696,1,0,50.00,118283,0
2366.996,measure,118333,118333,0,13,118331,69964514,13.701,168528,1493696,1,0,50.00,118333,0
2367.996,measure,118383,118383,0,13,118381,69994173,13.701,168540,1493696,1,0,50.00,118383,0
2368.993,measure,118433,118433,0,9,118431,70023493,13.701,168548,1493696,1,0,50.05,118433,0
2369.995,measure,118483,118483,0,13,118481,70067457,14.529,168564,1493696,1,0,50.00,118483,0
2370.992,measure,118533,118533,0,9,118531,70097040,14.529,168572,1493696,1,0,50.00,118533,0
2371.997,measure,118583,118583,0,14,118581,70127378,14.529,168588,1493696,1,0,49.95,118583,0
2372.997,measure,118633,118633,0,14,118631,70157726,14.529,168600,1493696,1,0,50.00,118633,0
2373.997,measure,118683,118683,0,14,118681,70187553,14.529,168608,1493696,1,0,50.00,118683,0
2374.997,measure,118733,118733,0,12,118731,70217731,14.529,168620,1493696,1,0,49.95,118733,0
2375.997,measure,118783,118783,0,13,118781,70247079,14.529,168628,1493696,1,0,50.05,118783,0
2376.993,measure,118833,118833,0,10,118831,70277553,14.529,168640,1493696,1,0,50.00,118833,0
2377.992,measure,118883,118883,0,9,118881,70307210,14.529,168648,1493696,1,0,50.00,118883,0
2378.996,measure,118933,118933,0,13,118931,70336691,14.529,168660,1493696,1,0,50.00,118933,0
2379.997,measure,118983,118983,0,13,118981,70366588,14.529,168704,1493760,1,0,50.00,118983,0
2380.996,measure,119033,119033,0,14,119031,70396443,14.529,168712,1493760,1,0,50.00,119033,0
2381.994,measure,119083,119083,0,12,119081,70426353,14.529,168724,1493760,1,0,50.00,119083,0
2382.996,measure,119133,119133,0,12,119131,70456990,14.529,168712,1493760,1,0,50.00,119133,0
2383.996,measure,119183,119183,0,13,119181,70486526,14.529,168724,1493760,1,0,50.00,119183,0
2384.991,measure,119233,119233,0,8,119231,70515731,14.529,168736,1493760,1,0,50.00,119233,0
2385.992,measure,119283,119283,0,9,119281,70545015,14.529,169240,1493760,1,0,50.00,119283,0
2386.996,measure,119333,119333,0,13,119331,70574316,14.529,169252,1493760,1,0,50.00,119333,0
2387.997,measure,119383,119383,0,14,119381,70603693,14.529,169964,1493760,1,0,50.00,119383,0
2388.997,measure,119433,119433,0,14,119431,70632532,14.529,169896,1493760,1,0,50.00,119433,0
2389.993,measure,119483,119483,0,9,119481,70661872,14.529,169908,1493760,1,0,50.00,119483,0
2390.997,measure,119533,119533,0,13,119531,70692325,14.529,169916,1493760,1,0,50.00,119533,0
2391.991,measure,119583,119583,0,8,119581,70722231,14.529,169928,1493760,1,0,50.00,119583,0
2392.996,measure,119633,119633,0,12,119631,70751882,14.529,169936,1493760,1,0,50.00,119633,0
2393.991,measure,119683,119683,0,8,119681,70782025,14.529,170012,1493760,1,0,50.00,119683,0
2394.997,measure,119733,119733,0,14,119731,70812330,14.529,170020,1493760,1,0,49.95,119733,0
2395.996,measure,119783,119783,0,13,119781,70842496,14.529,170032,1493760,1,0,50.05,119783,0
2396.995,measure,119833,119833,0,13,119831,70872281,14.529,170068,1493760,1,0,50.00,119833,0
2397.997,measure,119883,119883,0,14,119881,70901862,14.529,170076,1493760,1,0,50.00,119883,0
2398.992,measure,119933,119933,0,9,119931,70931625,14.529,170088,1493760,1,0,50.05,119933,0
2399.997,measure,119983,119983,0,13,119981,70960644,14.529,174612,1493708,1,0,50.00,119983,0
2400.996,measure,120033,120033,0,12,120031,70989813,14.529,174624,1493708,1,0,50.00,120033,0
2401.997,measure,120083,120083,0,14,120081,71019460,14.529,175444,1493736,1,0,49.95,120083,0
2402.996,measure,120133,120133,0,13,120131,71049518,14.529,175452,1493736,1,0,50.00,120133,0
2403.994,measure,120183,120183,0,10,120181,71078600,14.529,175464,1493736,1,0,50.00,120183,0
2404.992,measure,120233,120233,0,7,120231,71109067,14.529,175472,1493736,1,0,50.00,120233,0
2405.992,measure,120283,120283,0,9,120281,71138914,14.529,175488,1493736,1,0,50.00,120283,0
2406.991,measure,120333,120333,0,8,120331,71168559,14.529,175496,1493736,1,0,50.00,120333,0
2407.997,measure,120383,120383,0,13,120381,71198469,14.529,175496,1493736,1,0,49.95,120383,0
2408.996,measure,120433,120433,0,14,120431,71228191,14.529,175484,1493736,1,0,50.05,120433,0
2409.997,measure,120483,120483,0,14,120481,71257906,14.529,175488,1493736,1,0,50.05,120483,0
2410.996,measure,120533,120533,0,12,120531,71287920,14.529,175500,1493736,1,0,49.95,120533,0
2411.992,measure,120583,120583,0,7,120581,71317883,14.529,175504,1493736,1,0,49.95,120583,0
2412.991,measure,120633,120633,0,8,120631,71346974,14.529,175568,1493736,1,0,50.10,120633,0
2413.995,measure,120683,120683,0,12,120681,71376294,14.529,175564,1493736,1,0,49.95,120683,0
2414.996,measure,120733,120733,0,12,120731,71405521,14.529,175572,1493736,1,0,50.00,120733,0
2415.996,measure,120783,120783,0,13,120781,71434518,14.529,175592,1493736,1,0,50.00,120783,0
2416.993,measure,120833,120833,0,10,120831,71464137,14.529,175300,1493736,1,0,50.00,120833,0
2417.996,measure,120883,120883,0,13,120881,71494023,14.529,175324,1493736,1,0,50.00,120883,0
2418.997,measure,120933,120933,0,14,120931,71523747,14.529,175336,1493736,1,0,50.00,120933,0
2419.992,measure,120983,120983,0,9,120981,71553390,14.529,174860,1493736,1,0,50.00,120983,0
2420.997,measure,121033,121033,0,13,121031,71583845,14.529,174716,1493736,1,0,50.00,121033,0
2421.994,measure,121083,121083,0,11,121081,71613935,14.529,174728,1493736,1,0,50.00,121083,0
2422.996,measure,121133,121133,0,13,121131,71643529,14.529,174740,1493736,1,0,50.05,121133,0
2423.997,measure,121183,121183,0,14,121181,71673359,14.529,174748,1493736,1,0,49.95,121183,0
2424.997,measure,121233,121233,0,13,121231,71702430,14.529,174760,1493736,1,0,50.00,121233,0
2425.996,measure,121283,121283,0,14,121281,71731566,14.529,174780,1493736,1,0,50.00,121283,0
2426.991,measure,121333,121333,0,6,121331,71760853,14.529,174788,1493736,1,0,50.00,121333,0
2427.997,measure,121383,121383,0,14,121381,71790385,14.529,174796,1493736,1,0,50.00,121383,0
2428.994,measure,121433,121433,0,11,121431,71819656,14.529,174804,1493736,1,0,50.00,121433,0
2429.997,measure,121483,121483,0,13,121481,71849177,14.529,174820,1493736,1,0,50.00,121483,0
2430.997,measure,121533,121533,0,14,121531,71878969,14.529,174828,1493736,1,0,50.00,121533,0
2431.992,measure,121583,121583,0,8,121581,71909219,14.529,174836,1493736,1,0,50.00,121583,0
2432.992,measure,121633,121633,0,7,121631,71939783,14.529,174848,1493736,1,0,50.00,121633,0
2433.991,measure,121683,121683,0,7,121681,71969620,14.529,174856,1493736,1,0,50.00,121683,0
2434.997,measure,121733,121733,0,14,121731,71998793,14.529,174932,1493736,1,0,49.95,121733,0
2435.997,measure,121783,121783,0,14,121781,72028025,14.529,174940,1493736,1,0,50.05,121783,0
2436.996,measure,121833,121833,0,13,121831,72057521,14.529,174952,1493736,1,0,50.00,121833,0
2437.996,measure,121883,121883,0,13,121881,72087623,14.529,174968,1493736,1,0,50.00,121883,0
2438.992,measure,121933,121933,0,7,121931,72117791,14.529,174976,1493736,1,0,50.00,121933,0
2439.997,measure,121983,121983,0,13,121981,72148050,14.529,174992,1493736,1,0,49.95,121983,0
2440.992,measure,122033,122033,0,8,122031,72177772,14.529,175000,1493736,1,0,50.00,122033,0
2441.997,measure,122083,122083,0,13,122081,72207098,14.529,175012,1493736,1,0,50.00,122083,0
2442.997,measure,122133,122133,0,13,122131,72237669,14.529,175024,1493736,1,0,50.05,122133,0
2443.992,measure,122183,122183,0,8,122181,72267410,14.529,175036,1493736,1,0,50.00,122183,0
2444.996,measure,122233,122233,0,14,122231,72297245,14.529,175048,1493736,1,0,50.00,122233,0
2445.991,measure,122283,122283,0,7,122281,72326836,14.529,175052,1493736,1,0,50.00,122283,0
2446.993,measure,122333,122333,0,10,122331,72357327,14.529,175056,1493736,1,0,50.00,122333,0
2447.991,measure,122383,122383,0,8,122381,72387960,14.529,175064,1493736,1,0,50.00,122383,0
2448.996,measure,122433,122433,0,13,122431,72417818,14.529,175076,1493736,1,0,50.00,122433,0
2449.994,measure,122483,122483,0,11,122481,72446821,14.529,175088,1493736,1,0,50.05,122483,0
2450.997,measure,122533,122533,0,14,122531,72476637,14.529,175096,1493736,1,0,50.00,122533,0
2451.997,measure,122583,122583,0,14,122581,72507147,14.529,175108,1493736,1,0,49.95,122583,0
2452.992,measure,122633,122633,0,9,122631,72537422,14.529,175120,1493736,1,0,50.05,122633,0
2453.996,measure,122683,122683,0,13,122681,72567889,14.529,175128,1493736,1,0,49.95,122683,0
2454.992,measure,122733,122733,0,8,122731,72598091,14.529,175140,1493736,1,0,50.00,122733,0
2455.997,measure,122783,122783,0,13,122781,72627932,14.529,174968,1493736,1,0,50.00,122783,0
2456.992,measure,122833,122833,0,9,122831,72657960,14.529,174980,1493736,1,0,50.00,122833,0
2457.991,measure,122883,122883,0,8,122881,72687649,14.529,174988,1493736,1,0,50.05,122883,0
2458.996,measure,122933,122933,0,13,122931,72717351,14.529,175000,1493736,1,0,50.00,122933,0
2459.996,measure,122983,122983,0,13,122981,72746800,14.529,175016,1493736,1,0,50.00,122983,0
2460.992,measure,123033,123033,0,8,123031,72777139,14.529,175024,1493736,1,0,49.95,123033,0
2461.992,measure,123083,123083,0,9,123081,72806781,14.529,175036,1493736,1,0,50.00,123083,0
2462.997,measure,123133,123133,0,14,123131,72836264,14.529,175044,1493736,1,0,50.00,123133,0
2463.997,measure,123183,123183,0,13,123181,72865829,14.529,174980,1493736,1,0,50.00,123183,0
2464.996,measure,123233,123233,0,13,123231,72895159,14.529,174976,1493736,1,0,50.05,123233,0
2465.997,measure,123283,123283,0,14,123281,72924520,14.529,174984,1493736,1,0,49.95,123283,0
2466.993,measure,123333,123333,0,9,123331,72954529,14.529,174988,1493736,1,0,50.00,123333,0
2467.996,measure,123383,123383,0,13,123381,72984942,14.529,174996,1493736,1,0,50.05,123383,0
2468.991,measure,123433,123433,0,8,123431,73015168,14.529,175008,1493736,1,0,50.00,123433,0
2469.997,measure,123483,123483,0,14,123481,73045229,14.529,175020,1493736,1,0,50.00,123483,0
2470.997,measure,123533,123533,0,13,123531,73074882,14.529,175032,1493736,1,0,49.95,123533,0
2471.992,measure,123583,123583,0,8,123581,73105053,14.529,175044,1493736,1,0,50.00,123583,0
2472.997,measure,123633,123633,0,14,123631,73134748,14.529,175052,1493736,1,0,49.95,123633,0
2473.994,measure,123683,123683,0,10,123681,73163677,14.529,175064,1493736,1,0,50.05,123683,0
2474.997,measure,123733,123733,0,14,123731,73192795,14.529,175072,1493736,1,0,50.00,123733,0
2475.991,measure,123783,123783,0,8,123781,73222790,14.529,175088,1493736,1,0,50.00,123783,0
2476.997,measure,123833,123833,0,14,123831,73252049,14.529,175096,1493736,1,0,49.95,123833,0
2477.997,measure,123883,123883,0,14,123881,73281006,14.529,175104,1493736,1,0,50.05,123883,0
2478.997,measure,123933,123933,0,13,123931,73310370,14.529,175124,1493736,1,0,50.00,123933,0
2479.996,measure,123983,123983,0,13,123981,73340332,14.529,175132,1493736,1,0,50.00,123983,0
2480.993,measure,124033,124033,0,10,124031,73369932,14.529,175148,1493736,1,0,50.00,124033,0
2481.997,measure,124083,124083,0,13,124081,73399494,14.529,175152,1493736,1,0,50.05,124083,0
2482.991,measure,124133,124133,0,8,124131,73429355,14.529,175168,1493736,1,0,49.95,124133,0
2483.997,measure,124183,124183,0,13,124181,73459390,14.529,175184,1493736,1,0,50.00,124183,0
2484.997,measure,124233,124233,0,14,124231,73489599,14.529,175188,1493736,1,0,50.00,124233,0
2485.993,measure,124283,124283,0,9,124281,73519478,14.529,175200,1493736,1,0,49.95,124283,0
2486.997,measure,124333,124333,0,13,124331,73549268,14.529,175148,1493736,1,0,50.05,124333,0
2487.996,measure,124383,124383,0,12,124381,73579066,14.529,175008,1493736,1,0,49.95,124383,0
2488.991,measure,124433,124433,0,7,124431,73609198,14.529,175020,1493736,1,0,49.95,124433,0
2489.992,measure,124483,124483,0,9,124481,73639070,14.529,175028,1493736,1,0,50.05,124483,0
2490.992,measure,124533,124533,0,9,124531,73669752,14.529,175044,1493736,1,0,50.00,124533,0
2491.996,measure,124583,124583,0,13,124581,73699401,14.529,175056,1493736,1,0,49.95,124583,0
2492.996,measure,124633,124633,0,13,124631,73728944,14.529,175064,1493736,1,0,50.00,124633,0
2493.992,measure,124683,124683,0,9,124681,73758244,14.529,175076,1493736,1,0,50.00,124683,0
2494.997,measure,124733,124733,0,12,124731,73787715,14.529,175096,1493736,1,0,50.05,124733,0
2495.991,measure,124783,124783,0,7,124781,73817117,14.529,175108,1493736,1,0,50.00,124783,0
2496.991,measure,124833,124833,0,8,124831,73847020,14.529,175120,1493736,1,0,50.00,124833,0
2497.993,measure,124883,124883,0,10,124881,73876906,14.529,175140,1493736,1,0,50.00,124883,0
2498.993,measure,124933,124933,0,9,124931,73907324,14.529,175156,1493736,1,0,50.00,124933,0
2499.996,measure,124983,124983,0,14,124981,73937422,14.529,175168,1493736,1,0,50.05,124983,0
2500.997,measure,125033,125033,0,14,125031,73967849,14.529,176232,1493736,1,0,50.00,125033,0
2501.991,measure,125083,125083,0,8,125081,73997874,14.529,176248,1493736,1,0,50.00,125083,0
2502.995,measure,125133,125133,0,11,125131,74027781,14.529,176264,1493736,1,0,49.95,125133,0
2503.991,measure,125183,125183,0,8,125181,74057685,14.529,176268,1493736,1,0,50.05,125183,0
2504.997,measure,125233,125233,0,14,125231,74087311,14.529,176284,1493736,1,0,49.95,125233,0
2505.996,measure,125283,125283,0,13,125281,74117304,14.529,176284,1493736,1,0,50.00,125283,0
2506.995,measure,125333,125333,0,12,125331,74146206,14.529,176100,1493736,1,0,50.05,125333,0
2507.996,measure,125383,125383,0,13,125381,74175804,14.529,176040,1493736,1,0,50.00,125383,0
2508.992,measure,125433,125433,0,7,125431,74205385,14.529,176048,1493736,1,0,49.95,125433,0
2509.997,measure,125483,125483,0,13,125481,74234447,14.529,176028,1493736,1,0,50.00,125483,0
2510.991,measure,125533,125533,0,8,125531,74264519,14.529,176036,1493736,1,0,50.00,125533,0
2511.995,measure,125583,125583,0,11,125581,74294826,14.529,175992,1493736,1,0,50.05,125583,0
2512.996,measure,125633,125633,0,13,125631,74325020,14.529,176000,1493736,1,0,49.95,125633,0
2513.997,measure,125683,125683,0,14,125681,74354689,14.529,176000,1493736,1,0,50.00,125683,0
2514.997,measure,125733,125733,0,14,125731,74385185,14.529,175940,1493736,1,0,50.00,125733,0
2515.995,measure,125783,125783,0,11,125781,74415305,14.529,175544,1493736,1,0,49.95,125783,0
2516.997,measure,125833,125833,0,14,125831,74444639,14.529,175560,1493736,1,0,50.05,125833,0
2517.991,measure,125883,125883,0,8,125881,74474940,14.529,175200,1493736,1,0,50.00,125883,0
2518.996,measure,125933,125933,0,13,125931,74505530,14.529,174560,1493736,1,0,50.00,125933,0
2519.991,measure,125983,125983,0,8,125981,74536284,14.529,174532,1493736,1,0,50.05,125983,0
2520.997,measure,126033,126033,0,13,126031,74567034,14.529,174480,1493736,1,0,50.00,126033,0
2521.995,measure,126083,126083,0,12,126081,74597666,14.529,173876,1493736,1,0,49.95,126083,0
2522.995,measure,126133,126133,0,11,126131,74628093,14.529,173888,1493736,1,0,50.00,126133,0
2523.992,measure,126183,126183,0,8,126181,74659150,14.529,174328,1493768,1,0,50.00,126183,0
2524.992,measure,126233,126233,0,8,126231,74690313,14.529,174344,1493768,1,0,50.00,126233,0
2525.997,measure,126283,126283,0,13,126281,74720520,14.529,174352,1493768,1,0,50.00,126283,0
2526.996,measure,126333,126333,0,12,126331,74751995,14.529,174364,1493768,1,0,50.00,126333,0
2527.997,measure,126383,126383,0,14,126381,74782888,14.529,174376,1493768,1,0,50.00,126383,0
2528.996,measure,126433,126433,0,12,126431,74813578,14.529,174396,1493768,1,0,50.05,126433,0
2529.997,measure,126483,126483,0,13,126481,74844146,14.529,174412,1493768,1,0,50.00,126483,0
2530.997,measure,126533,126533,0,13,126531,74876044,14.529,174420,1493768,1,0,49.95,126533,0
2531.992,measure,126583,126583,0,8,126581,74906251,14.529,174432,1493768,1,0,49.95,126583,0
2532.997,measure,126633,126633,0,13,126631,74936628,14.529,174444,1493768,1,0,50.05,126633,0
2533.993,measure,126683,126683,0,9,126681,74967049,14.529,174464,1493768,1,0,50.05,126683,0
2534.996,measure,126733,126733,0,14,126731,74997234,14.529,174476,1493768,1,0,50.00,126733,0
2535.992,measure,126783,126783,0,9,126781,75027413,14.529,174488,1493768,1,0,49.95,126783,0
2536.997,measure,126833,126833,0,12,126831,75058344,14.529,174500,1493768,1,0,50.00,126833,0
2537.992,measure,126883,126883,0,8,126881,75088907,14.529,174512,1493768,1,0,50.00,126883,0
2538.991,measure,126933,126933,0,8,126931,75119649,14.529,174524,1493768,1,0,50.00,126933,0
2539.996,measure,126983,126983,0,13,126981,75150596,14.529,174528,1493768,1,0,50.00,126983,0
2540.997,measure,127033,127033,0,13,127031,75182483,14.529,174532,1493768,1,0,50.00,127033,0
2541.997,measure,127083,127083,0,13,127081,75213185,14.529,174544,1493768,1,0,50.05,127083,0
2542.996,measure,127133,127133,0,13,127131,75243811,14.529,174536,1493768,1,0,49.95,127133,0
2543.994,measure,127183,127183,0,10,127181,75274380,14.529,174536,1493768,1,0,50.00,127183,0
2544.997,measure,127233,127233,0,13,127231,75304483,14.529,174544,1493768,1,0,50.00,127233,0
2545.992,measure,127283,127283,0,8,127281,75334055,14.529,174540,1493768,1,0,50.00,127283,0
2546.994,measure,127333,127333,0,11,127331,75363910,14.529,174504,1493768,1,0,50.00,127333,0
2547.997,measure,127383,127383,0,14,127381,75393830,14.529,174412,1493768,1,0,50.00,127383,0
2548.994,measure,127433,127433,0,10,127431,75424539,14.529,174240,1493768,1,0,50.00,127433,0
2549.997,measure,127483,127483,0,13,127481,75455008,14.529,174352,1493768,1,0,50.05,127483,0
2550.997,measure,127533,127533,0,14,127531,75485449,14.529,174300,1493768,1,0,49.95,127533,0
2551.991,measure,127583,127583,0,7,127581,75516302,14.529,174236,1493768,1,0,50.05,127583,0
2552.991,measure,127633,127633,0,7,127631,75547001,14.529,174048,1493768,1,0,50.00,127633,0
2553.995,measure,127683,127683,0,12,127681,75577443,14.529,174036,1493768,1,0,49.95,127683,0
2554.996,measure,127733,127733,0,13,127731,75608146,14.529,173816,1493768,1,0,50.00,127733,0
2555.997,measure,127783,127783,0,14,127781,75639197,14.529,173840,1493768,1,0,50.00,127783,0
2556.997,measure,127833,127833,0,14,127831,75670403,14.529,173848,1493768,1,0,50.00,127833,0
2557.991,measure,127883,127883,0,7,127881,75701337,14.529,173860,1493768,1,0,50.00,127883,0
2558.991,measure,127933,127933,0,7,127931,75732107,14.529,173876,1493768,1,0,50.00,127933,0
2559.991,measure,127983,127983,0,8,127981,75762510,14.529,173884,1493768,1,0,50.00,127983,0
2560.996,measure,128033,128033,0,13,128031,75792895,14.529,173896,1493768,1,0,50.00,128033,0
2561.996,measure,128083,128083,0,13,128081,75823451,14.529,173904,1493768,1,0,50.00,128083,0
2562.995,measure,128133,128133,0,12,128131,75853967,14.529,173860,1493768,1,0,50.00,128133,0
2563.997,measure,128183,128183,0,14,128181,75884186,14.529,173780,1493768,1,0,50.00,128183,0
2564.995,measure,128233,128233,0,11,128231,75914538,14.529,173784,1493768,1,0,50.00,128233,0
2565.997,measure,128283,128283,0,14,128281,75944114,14.529,173800,1493768,1,0,50.00,128283,0
2566.992,measure,128333,128333,0,7,128331,75973958,14.529,173812,1493768,1,0,50.00,128333,0
2567.997,measure,128383,128383,0,14,128381,76004036,14.529,173820,1493768,1,0,50.00,128383,0
2568.997,measure,128433,128433,0,12,128431,76035291,14.529,173832,1493768,1,0,50.00,128433,0
2569.996,measure,128483,128483,0,13,128481,76066595,14.529,173844,1493768,1,0,50.00,128483,0
2570.994,measure,128533,128533,0,11,128531,76096554,14.529,173864,1493768,1,0,50.00,128533,0
2571.992,measure,128583,128583,0,6,128581,76126961,14.529,173868,1493768,1,0,50.00,128583,0
2572.995,measure,128633,128633,0,12,128631,76156830,14.529,173880,1493768,1,0,50.00,128633,0
2573.991,measure,128683,128683,0,8,128681,76187050,14.529,173892,1493768,1,0,50.00,128683,0
2574.997,measure,128733,128733,0,14,128731,76217371,14.529,173904,1493768,1,0,49.95,128733,0
2575.997,measure,128783,128783,0,13,128781,76247796,14.529,173916,1493768,1,0,50.10,128783,0
2576.996,measure,128833,128833,0,13,128831,76277708,14.529,173928,1493768,1,0,49.95,128833,0
2577.997,measure,128883,128883,0,14,128881,76307158,14.529,173940,1493768,1,0,50.00,128883,0
2578.997,measure,128933,128933,0,12,128931,76336917,14.529,173952,1493768,1,0,50.05,128933,0
2579.994,measure,128983,128983,0,11,128981,76366599,14.529,173964,1493768,1,0,49.90,128983,0
2580.992,measure,129033,129033,0,8,129031,76396602,14.529,173980,1493768,1,0,50.10,129033,0
2581.997,measure,129083,129083,0,14,129081,76426645,14.529,173992,1493768,1,0,49.90,129083,0
2582.997,measure,129133,129133,0,14,129131,76456923,14.529,174004,1493768,1,0,50.10,129133,0
2583.995,measure,129183,129183,0,11,129181,76487083,14.529,173984,1493768,1,0,50.00,129183,0
2584.996,measure,129233,129233,0,13,129231,76517499,14.529,174060,1493768,1,0,49.95,129233,0
2585.993,measure,129283,129283,0,8,129281,76547481,14.529,174072,1493768,1,0,50.00,129283,0
2586.996,measure,129333,129333,0,12,129331,76577482,14.529,174084,1493768,1,0,49.95,129333,0
2587.992,measure,129383,129383,0,8,129381,76607386,14.529,174096,1493768,1,0,50.00,129383,0
2588.997,measure,129433,129433,0,14,129431,76637255,14.529,174108,1493768,1,0,50.10,129433,0
2589.994,measure,129483,129483,0,12,129481,76667290,14.529,174016,1493768,1,0,49.95,129483,0
2590.997,measure,129533,129533,0,14,129531,76697737,14.529,174008,1493768,1,0,50.00,129533,0
2591.997,measure,129583,129583,0,14,129581,76728903,14.529,174028,1493768,1,0,50.00,129583,0
2592.991,measure,129633,129633,0,7,129631,76759173,14.529,174036,1493768,1,0,50.05,129633,0
2593.992,measure,129683,129683,0,8,129681,76789174,14.529,174048,1493768,1,0,49.95,129683,0
2594.992,measure,129733,129733,0,9,129731,76819611,14.529,174060,1493768,1,0,50.00,129733,0
2595.996,measure,129783,129783,0,12,129781,76849830,14.529,174072,1493768,1,0,50.00,129783,0
2596.996,measure,129833,129833,0,13,129831,76880463,14.529,174092,1493768,1,0,50.05,129833,0
2597.996,measure,129883,129883,0,14,129881,76910400,14.529,174120,1493772,1,0,50.00,129883,0
2598.994,measure,129933,129933,0,12,129931,76939773,14.529,174196,1493772,1,0,49.95,129933,0
2599.993,measure,129983,129983,0,10,129981,76969516,14.529,174220,1493772,1,0,50.00,129983,0
2600.997,measure,130033,130033,0,13,130031,76999919,14.529,174596,1493744,1,0,50.00,130033,0
2601.991,measure,130083,130083,0,9,130081,77029836,14.529,174608,1493744,1,0,50.05,130083,0
2602.992,measure,130133,130133,0,9,130131,77059982,14.529,174616,1493744,1,0,50.00,130133,0
2603.996,measure,130183,130183,0,14,130181,77090455,14.529,174628,1493744,1,0,49.95,130183,0
2604.997,measure,130233,130233,0,14,130231,77121183,14.529,174636,1493744,1,0,50.05,130233,0
2605.994,measure,130283,130283,0,11,130281,77150644,14.529,174648,1493744,1,0,50.00,130283,0
2606.997,measure,130333,130333,0,14,130331,77180108,14.529,174660,1493744,1,0,50.00,130333,0
2607.992,measure,130383,130383,0,7,130381,77210837,14.529,174668,1493744,1,0,50.00,130383,0
2608.992,measure,130433,130433,0,8,130431,77241109,14.529,174680,1493744,1,0,49.95,130433,0
2609.997,measure,130483,130483,0,13,130481,77271139,14.529,174684,1493744,1,0,50.05,130483,0
2610.996,measure,130533,130533,0,13,130531,77301212,14.529,174692,1493744,1,0,49.95,130533,0
2611.997,measure,130583,130583,0,13,130581,77330943,14.529,174712,1493744,1,0,50.00,130583,0
2612.996,measure,130633,130633,0,14,130631,77361231,14.529,174716,1493744,1,0,49.95,130633,0
2613.994,measure,130683,130683,0,10,130681,77390730,14.529,174728,1493744,1,0,50.05,130683,0
2614.991,measure,130733,130733,0,8,130731,77420365,14.529,174736,1493744,1,0,50.00,130733,0
2615.991,measure,130783,130783,0,7,130781,77449763,14.529,174756,1493744,1,0,50.00,130783,0
2616.994,measure,130833,130833,0,10,130831,77479312,14.529,174768,1493744,1,0,50.00,130833,0
2617.996,measure,130883,130883,0,13,130881,77509174,14.529,174772,1493744,1,0,50.00,130883,0
2618.997,measure,130933,130933,0,13,130931,77539331,14.529,174488,1493744,1,0,50.05,130933,0
2619.994,measure,130983,130983,0,12,130981,77569543,14.529,174496,1493744,1,0,49.95,130983,0
2620.996,measure,131033,131033,0,13,131031,77599970,14.529,174508,1493744,1,0,50.05,131033,0
2621.992,measure,131083,131083,0,8,131081,77631096,14.529,173808,1493744,1,0,49.95,131083,0
2622.991,measure,131133,131133,0,8,131131,77661063,14.529,173816,1493744,1,0,50.05,131133,0
2623.996,measure,131183,131183,0,13,131181,77690952,14.529,173832,1493744,1,0,50.00,131183,0
2624.996,measure,131233,131233,0,13,131231,77720981,14.529,173828,1493744,1,0,49.95,131233,0
2625.994,measure,131283,131283,0,11,131281,77750509,14.529,173836,1493744,1,0,50.00,131283,0
2626.997,measure,131333,131333,0,13,131331,77779749,14.529,173844,1493744,1,0,50.00,131333,0
2627.997,measure,131383,131383,0,14,131381,77808990,14.529,173860,1493744,1,0,49.95,131383,0
2628.994,measure,131433,131433,0,11,131431,77839127,14.529,173872,1493744,1,0,50.10,131433,0
2629.992,measure,131483,131483,0,9,131481,77868554,14.529,173880,1493744,1,0,49.95,131483,0
2630.993,measure,131533,131533,0,10,131531,77898457,14.529,173896,1493744,1,0,50.00,131533,0
2631.995,measure,131583,131583,0,11,131581,77928750,14.529,173908,1493744,1,0,50.05,131583,0
2632.997,measure,131633,131633,0,14,131631,77958844,14.529,173932,1493744,1,0,49.95,131633,0
2633.991,measure,131683,131683,0,8,131681,77989595,14.529,173940,1493744,1,0,50.00,131683,0
2634.997,measure,131733,131733,0,13,131731,78019704,14.529,173952,1493744,1,0,50.00,131733,0
2635.997,measure,131783,131783,0,13,131781,78050219,14.529,173968,1493744,1,0,50.00,131783,0
2636.991,measure,131833,131833,0,9,131831,78080577,14.529,173972,1493744,1,0,50.00,131833,0
2637.997,measure,131883,131883,0,14,131881,78110458,14.529,173984,1493744,1,0,49.95,131883,0
2638.997,measure,131933,131933,0,13,131931,78139968,14.529,173992,1493744,1,0,50.05,131933,0
2639.995,measure,131983,131983,0,11,131981,78169086,14.529,174072,1493744,1,0,50.00,131983,0
2640.996,measure,132033,132033,0,13,132031,78198609,14.529,174080,1493744,1,0,50.00,132033,0
2641.991,measure,132083,132083,0,8,132081,78227795,14.529,174088,1493744,1,0,50.00,132083,0
2642.996,measure,132133,132133,0,13,132131,78257728,14.529,174100,1493744,1,0,50.00,132133,0
2643.991,measure,132183,132183,0,6,132181,78287737,14.529,173268,1493744,1,0,50.00,132183,0
2644.994,measure,132233,132233,0,10,132231,78317408,14.529,173064,1493744,1,0,50.00,132233,0
2645.997,measure,132283,132283,0,14,132281,78347807,14.529,173068,1493744,1,0,50.00,132283,0
2646.996,measure,132333,132333,0,13,132331,78378524,14.529,173064,1493744,1,0,50.00,132333,0
2647.992,measure,132383,132383,0,10,132381,78408035,14.529,173072,1493744,1,0,50.00,132383,0
2648.997,measure,132433,132433,0,14,132431,78438402,14.529,173072,1493744,1,0,50.00,132433,0
2649.996,measure,132483,132483,0,13,132481,78468737,14.529,173036,1493744,1,0,50.05,132483,0
2650.992,measure,132533,132533,0,8,132531,78498281,14.529,172920,1493744,1,0,49.95,132533,0
2651.997,measure,132583,132583,0,13,132581,78527584,14.529,172812,1493744,1,0,50.00,132583,0
2652.996,measure,132633,132633,0,13,132631,78557541,14.529,172796,1493744,1,0,50.00,132633,0
2653.996,measure,132683,132683,0,13,132681,78586871,14.529,172692,1493744,1,0,50.00,132683,0
2654.996,measure,132733,132733,0,14,132731,78616284,14.529,172608,1493744,1,0,50.00,132733,0
2655.997,measure,132783,132783,0,14,132781,78646135,14.529,172548,1493744,1,0,50.00,132783,0
2656.997,measure,132833,132833,0,14,132831,78676427,14.529,172592,1493744,1,0,50.00,132833,0
2657.991,measure,132883,132883,0,7,132881,78706268,14.529,172364,1493744,1,0,50.05,132883,0
2658.996,measure,132933,132933,0,13,132931,78736014,14.529,172364,1493744,1,0,50.00,132933,0
2659.997,measure,132983,132983,0,14,132981,78765984,14.529,172376,1493744,1,0,50.00,132983,0
2660.995,measure,133033,133033,0,11,133031,78795996,14.529,172388,1493744,1,0,49.95,133033,0
2661.997,measure,133083,133083,0,14,133081,78825352,14.529,172404,1493744,1,0,50.05,133083,0
2662.996,measure,133133,133133,0,13,133131,78855643,14.529,172416,1493744,1,0,50.00,133133,0
2663.996,measure,133183,133183,0,13,133181,78885677,14.529,172432,1493744,1,0,50.00,133183,0
2664.992,measure,133233,133233,0,8,133231,78916205,14.529,172448,1493744,1,0,50.00,133233,0
2665.996,measure,133283,133283,0,13,133281,78945147,14.529,172420,1493744,1,0,49.95,133283,0
2666.992,measure,133333,133333,0,9,133331,78974139,14.529,172388,1493744,1,0,50.00,133333,0
2667.997,measure,133383,133383,0,14,133381,79003808,14.529,172384,1493744,1,0,50.00,133383,0
2668.992,measure,133433,133433,0,9,133431,79033459,14.529,172384,1493744,1,0,50.00,133433,0
2669.996,measure,133483,133483,0,13,133481,79063869,14.529,172396,1493744,1,0,50.00,133483,0
2670.997,measure,133533,133533,0,14,133531,79093348,14.529,172408,1493744,1,0,50.00,133533,0
2671.992,measure,133583,133583,0,8,133581,79123023,14.529,172420,1493744,1,0,50.00,133583,0
2672.996,measure,133633,133633,0,13,133631,79152680,14.529,172432,1493744,1,0,50.00,133633,0
2673.996,measure,133683,133683,0,12,133681,79182256,14.529,172444,1493744,1,0,50.00,133683,0
2674.996,measure,133733,133733,0,13,133731,79211393,14.529,172456,1493744,1,0,49.95,133733,0
2675.996,measure,133783,133783,0,13,133781,79247439,14.529,172468,1493744,1,0,50.05,133783,0
2676.993,measure,133833,133833,0,9,133831,79277107,14.529,172480,1493744,1,0,49.95,133833,0
2677.996,measure,133883,133883,0,13,133881,79306470,14.529,172488,1493744,1,0,50.10,133883,0
2678.992,measure,133933,133933,0,8,133931,79335901,14.529,172504,1493744,1,0,50.00,133933,0
2679.996,measure,133983,133983,0,14,133981,79372693,14.529,172512,1493744,1,0,49.95,133983,0
2680.997,measure,134033,134033,0,14,134031,79402281,14.529,172528,1493744,1,0,50.05,134033,0
2681.991,measure,134083,134083,0,7,134081,79431960,14.529,172540,1493744,1,0,49.95,134083,0
2682.997,measure,134133,134133,0,13,134131,79461813,14.529,172548,1493744,1,0,49.95,134133,0
2683.996,measure,134183,134183,0,13,134181,79491541,14.529,172548,1493744,1,0,50.05,134183,0
2684.994,measure,134233,134233,0,10,134231,79521808,14.529,173400,1493772,1,0,49.95,134233,0
2685.992,measure,134283,134283,0,8,134281,79551081,14.529,173436,1493772,1,0,50.10,134283,0
2686.991,measure,134333,134333,0,8,134331,79580457,14.529,173444,1493772,1,0,49.85,134333,0
2687.993,measure,134383,134383,0,10,134381,79609721,14.529,173972,1493772,1,0,50.10,134383,0
2688.995,measure,134433,134433,0,12,134431,79639510,14.529,173988,1493772,1,0,50.00,134433,0
2689.997,measure,134483,134483,0,13,134481,79668636,14.529,173932,1493772,1,0,50.00,134483,0
2690.997,measure,134533,134533,0,14,134531,79698273,14.529,173944,1493772,1,0,50.00,134533,0
2691.997,measure,134583,134583,0,13,134581,79727831,14.529,173960,1493772,1,0,50.00,134583,0
2692.991,measure,134633,134633,0,8,134631,79757296,14.529,173980,1493772,1,0,50.00,134633,0
2693.997,measure,134683,134683,0,14,134681,79787917,14.529,174000,1493772,1,0,50.00,134683,0
2694.992,measure,134733,134733,0,9,134731,79817591,14.529,174004,1493772,1,0,50.00,134733,0
2695.996,measure,134783,134783,0,13,134781,79846776,14.529,174020,1493772,1,0,50.00,134783,0
2696.991,measure,134833,134833,0,9,134831,79875827,14.529,174056,1493772,1,0,50.00,134833,0
2697.997,measure,134883,134883,0,14,134881,79904779,14.529,174068,1493772,1,0,50.05,134883,0
2698.997,measure,134933,134933,0,13,134931,79934017,14.529,174088,1493772,1,0,49.95,134933,0
