QVulkanInstance already created; setExtensions() has no effect
STELQUICK: ÂÆø‰∏ªÂΩ¢ÊÄÅ = QApplicationÔºàWidgetsÔºåA3 ÂºïÊìéÂÖ±Â≠òÂâçÁΩÆÔºâ
STELQUICK: probe ok=1 device=NVIDIA GeForce RTX 4060 api=1.4.325 driver=79.296.0 portability_driver=0 portability_enum_ext=1 err=
STELQUICK: runtimeApi=Vulkan backendOk=1 device=NVIDIA GeForce RTX 4060ÔºàÂà§ÂÆöÊù•Ê∫ê=‰ø°Âè∑/ÂÖúÂ∫ïÔºâ
StelFileMgr found install location "."
System language (ISO 639 / ISO 3166): zh_CN
Could not determine locale directory
Couldn't load translations for language  "en" in section "stellarium"
Empty translation file for language  "en" in section "stellarium"
Default surface format:  QSurfaceFormat(version 2.0, options QFlags<QSurfaceFormat::FormatOption>(), depthBufferSize -1, redBufferSize -1, greenBufferSize -1, blueBufferSize -1, alphaBufferSize -1, stencilBufferSize -1, samples -1, swapBehavior QSurfaceFormat::DefaultSwapBehavior, swapInterval 1, colorSpace QColorSpace(), profile  QSurfaceFormat::NoProfile)
OpenGL module type: desktop OpenGL
StelGLWidget constructor
StelGraphicsScene constructor
initializeGL(windowWidth = 1280, windowHeight = 720)
OpenGL supported version:  "3.3.0 NVIDIA 591.74"
Current Format:  QSurfaceFormat(version 3.3, options QFlags<QSurfaceFormat::FormatOption>(), depthBufferSize 24, redBufferSize 8, greenBufferSize 8, blueBufferSize 8, alphaBufferSize 8, stencilBufferSize 8, samples 0, swapBehavior QSurfaceFormat::DoubleBuffer, swapInterval 1, colorSpace QColorSpace(QColorSpace::SRgb, QColorSpace::Primaries::SRgb, QColorSpace::TransferFunction::SRgb), profile  QSurfaceFormat::CoreProfile)
Initializing StelMainView
Luminance textures are not supported
Running in High Graphics Mode
Maximum texture anisotropy: 16
Maximum 2D texture size: 32768
Detected: OpenGL 3.3
Driver version string: 3.3.0 NVIDIA 591.74
GL vendor: NVIDIA Corporation
GL renderer: NVIDIA GeForce RTX 4060/PCIe/SSE2
GL Shading Language version: 3.30 NVIDIA via Cg compiler
GLSL Version Number detected: 3.3
GLSL version is fine, we should not see a graphics problem.
stel.OpenGLArray: Vertex Array Objects are supported
Initial high-DPI scaling factor: 1
Could not determine locale directory
Couldn't load translations for language  "zh_CN" in section "stellarium"
Empty translation file for language  "zh_CN" in section "stellarium"
Application language: zh_CN
Could not determine locale directory
Couldn't load translations for language  "zh_CN" in section "stellarium-skycultures"
Empty translation file for language  "zh_CN" in section "stellarium-skycultures"
Could not determine locale directory
Couldn't load translations for language  "zh_CN" in section "stellarium-sky"
Empty translation file for language  "zh_CN" in section "stellarium-sky"
Empty skyculture-independent translation file for language  "zh_CN"
Sky language: zh_CN
Could not determine locale directory
Couldn't load translations for language  "zh_CN" in section "stellarium-planetary-features"
Empty translation file for language  "zh_CN" in section "stellarium-planetary-features"
Planetary features language: zh_CN
Could not determine locale directory
Couldn't load translations for language  "zh_CN" in section "stellarium-scripts"
Empty translation file for language  "zh_CN" in section "stellarium-scripts"
Scripts language: zh_CN
Could not determine locale directory
Couldn't load translations for language  "zh_CN" in section "stellarium-skycultures-descriptions"
Empty translation file for language  "zh_CN" in section "stellarium-skycultures-descriptions"
Sky culture description language: zh_CN
Cache directory: C:\Users\ztuqfvy\AppData\Local\stellarium-vulkan\stelQuickUI\cache
Loaded 252 countries
Loaded 193 regions
No valid QPositionInfoSource. Old IP queries should still work.
Loading Solar System data (1: planets and moons) ...
Loading from: .\data\ssystem_major.ini
Loaded 83 Solar System bodies from  .\data\ssystem_major.ini
Solar System now has 83 entries.
Loading Solar System data (2: minor bodies) ...
Loading from: C:\Users\ztuqfvy\AppData\Roaming\Stellarium\data\ssystem_minor.ini
Minor body  (152637) has incomplete data (missing iau_designation or minor_planet_number) in C:\Users\ztuqfvy\AppData\Roaming\Stellarium\data\ssystem_minor.ini section 152637(152637)
Minor body  (66146) has incomplete data (missing iau_designation or minor_planet_number) in C:\Users\ztuqfvy\AppData\Roaming\Stellarium\data\ssystem_minor.ini section 66146(66146)
minor body  "(66146)" has no IAU code in section  "66146(66146)"
qt.gui.imageio: libpng warning: iCCP: profile 'icc': 'GRAY': Gray color space not permitted on RGB PNG
minor body  "(152637)" has no IAU code in section  "152637(152637)"
Loaded 627 Solar System bodies from  C:\Users\ztuqfvy\AppData\Roaming\Stellarium\data\ssystem_minor.ini
Solar System now has 710 entries.
File ssystem_minor.ini is loaded successfully...
ExtendedElements: loaded epoch tables for 4 asteroids from ".\\data\\asteroid_elements.json" ( 0 not matched in ssystem_minor.ini)
SolarSystem: We have configured 0 threads (plus main thread) for computePositions().
qt.gui.imageio: libpng warning: iCCP: profile 'ICC profile': 'RGB ': RGB color space not permitted on grayscale PNG
Loading nomenclature for Solar system bodies ...
Loaded 16058 / 16094 items of planetary surface nomenclature
Cannot find these planetary objects to assign nomenclature items: Arrokoth, Dactyl, Didymos, Dimorphos, Dinkinesh, Donaldjohanson
Loading star data ...
Loading star catalog: .\stars\hip_gaia3\stars_0_0v0_21.cat - 0_0v0_21; 5046 entries
Loading star catalog: .\stars\hip_gaia3\stars_1_0v0_16.cat - 1_0v0_16; 21612 entries
Loading star catalog: .\stars\hip_gaia3\stars_2_0v0_17.cat - 2_0v0_17; 141738 entries
Loading star catalog: .\stars\hip_gaia3\stars_3_0v0_10.cat - 3_0v0_10; 418129 entries
Finished loading star catalogue data, max_geodesic_level: 3
Loading scientific star designations from .\stars\hip_gaia3\name.fab
Loaded 5060 / 5060 scientific designations
Loading scientific star designations from .\stars\hip_gaia3\extra_name.fab
Loaded 26200 / 26200 scientific designations
Loading variable stars data from .\stars\hip_gaia3\gcvs.cat
[...] GCVS 5.1-20250615
Loaded 47323 / 47323 variable stars
Loading double stars from .\stars\hip_gaia3\wds_hip_part.dat
Loaded 22992 / 22992 double stars
Loading cross-identification data from .\stars\hip_gaia3\cross-id.cat
Loaded 327097 / 327097 cross-identification data records for stars
Loading orbital parameters data for binary system from .\stars\hip_gaia3\binary_orbitparam.dat
Loaded 15 / 15 orbital parameters data for binary system
Lists of stars: 118205 HIP stars, 22992 are binaries, 6572 variable (600 Algol-type, 209 Cepheids), 316 Carbon stars, 159 Barium stars, and 220 have PM>1000mas/yr.
navigation/preset_sky_time is a double - treating as jday: 2451514.25001
Loading DSO data ...
[...] Stellarium DSO Catalog, version 3.23 (standard edition)
Loaded 94899 DSO records
Loading DSO name data ...
Loaded 1362 / 1389 DSO name records successfully
No position data for 27 objects: PGC 2798, PGC 2907, PGC 23521, PGC 28759, PGC 29167, PGC 34658, PGC 42102, PGC 44750, PGC 54559, PGC 59117, PGC 59858, PGC 59953, PGC 69018, PGC 69877, PGC 73957, PGC 95597, PGC 100170, PGC 100170, PGC 119230, PGC 1000714, PGC 1436754, PGC 1694462, PGC 2822840, PGC 2826829, PGC 3098124, SNRG 194.7+00.4, SNRG 201.1+08.3
Loading DSO outline data ...
Loaded 100 DSO outline records successfully
Loading DSO discovery data ...
Loaded 183 / 183 DSO discovery records successfully
qt.multimedia.ffmpeg: Using Qt multimedia with FFmpeg version 7.1.5 LGPL version 2.1 or later
LandscapeMgr: initialized Cache for 100 MB.
Loading star names from .\skycultures\common_star_names.fab
Loaded 411 / 411 common star names
Loaded 88 / 88 constellation records successfully for culture modern
Cultural Sky Partition: Loaded partitions: QList(12, 3, 2, 5) 12 names,  12 symbols. 0 link stars.  ""
Loading constellation boundary data ... 
Loaded 781 constellation boundary segments
Possible error in asterism "TA4": can't find star Gaia DR3 1233876351043694464... skipping asterism, please install more star catalogs
Possible error in asterism "TA6": can't find star Gaia DR3 2569872520258433152... skipping asterism, please install more star catalogs
Possible error in asterism "TA9": can't find star Gaia DR3 3530241707454156544... skipping asterism, please install more star catalogs
Possible error in asterism "TA12": can't find star Gaia DR3 4472807013960674944... skipping asterism, please install more star catalogs
Loaded 88 / 92 asterism records successfully for culture modern
stel.spout: Sender name is: stellarium
stel.spout: Found 1 GPUs
stel.spout:        GPU 0 :  NVIDIA GeForce RTX 4060
stel.spout: Currently used: GPU 0
stel.spout: Sender has been created in OpenGL/DirectX interop mode
stel.spout: DX9 mode: false
Initializing basic GL shaders... 
Creating GUI ...
Loading style file: :/graphicGui/normalStyle.css
Loaded plugin "Exoplanets"
[Exoplanets] Version of the format of the catalog: 1
[Exoplanets] loading catalog file: C:\Users\ztuqfvy\AppData\Roaming\Stellarium\modules\Exoplanets\exoplanets.json
Loaded plugin "MeteorShowers"
[MeteorShowersMgr] Loading catalog file: C:\Users\ztuqfvy\AppData\Roaming\Stellarium\modules\MeteorShowers\MeteorShowers.json
[MeteorShowersMgr] Version of the format of the catalog: 2
Loaded plugin "Novae"
[Novae] version of the catalog: 1
[Novae] Loading catalog file: C:\Users\ztuqfvy\AppData\Roaming\Stellarium\modules\Novae\novae.json
Loaded plugin "Oculars"
Oculars::validateAndLoadIniFile() ocular.ini exists at: C:\Users\ztuqfvy\AppData\Roaming\Stellarium\modules\Oculars\ocular.ini . Checking version...
Oculars::validateAndLoadIniFile() found existing ini file version 3.1
Loaded plugin "Satellites"
[Satellites] loading catalogue file: C:\Users\ztuqfvy\AppData\Roaming\Stellarium\modules\Satellites\satellites.json
Satellite has invalid orbit: "CZ-2C R/B" "28222"
Satellite has invalid orbit: "DUCHIFAT-1" "40021"
Satellite has invalid orbit: "SNAP-3 ALICE" "40970"
Satellite has invalid orbit: "SNAP-3 EDDIE" "40972"
Satellite has invalid orbit: "STARLINK-1319" "45379"
Satellite has invalid orbit: "STARLINK-1893" "46786"
Satellite has invalid orbit: "STARLINK-1942" "46794"
Satellite has invalid orbit: "STARLINK-1845" "47135"
Satellite has invalid orbit: "STARLINK-2681" "48465"
Satellite has invalid orbit: "STARLINK-3893" "52579"
Satellite has invalid orbit: "DONGPO 02" "53452"
Satellite has invalid orbit: "NUSAT-40 (C SHOEMAKER)" "56943"
Satellite has invalid orbit: "ICEYE-X34" "58294"
Satellite has invalid orbit: "STARLINK-32955" "63117"
Satellite has invalid orbit: "STARLINK-34750" "65061"
Satellite has invalid orbit: "STARLINK-34798" "65063"
Satellite has invalid orbit: "STARLINK-34809" "65069"
Satellite has invalid orbit: "STARLINK-34794" "65070"
Satellite has invalid orbit: "STARLINK-34781" "65073"
Satellite has invalid orbit: "STARLINK-35248" "65598"
Satellite has invalid orbit: "STARLINK-35229" "65600"
Satellite has invalid orbit: "STARLINK-35250" "65603"
Satellite has invalid orbit: "STARLINK-35171" "65605"
Satellite has invalid orbit: "STARLINK-35185" "65608"
Loaded plugin "SolarSystemEditor"
Using the ssystem_minor.ini file that already exists in the user directory...
Loaded 895910 discovery circumstances records for minor planets...
SSE: Comet cross-index data: Overwriting entry for "453P"
SSE: Comet cross-index data: Overwriting entry for "467P"
SSE: Comet cross-index data: Overwriting entry for "465P"
SSE: Comet cross-index data: Overwriting entry for "466P"
SSE: Comet cross-index data: Overwriting entry for "468P"
SSE: Comet cross-index data: Overwriting entry for "470P"
SSE: Comet cross-index data: Overwriting entry for "472P"
SSE: Comet cross-index data: Overwriting entry for "475P"
SSE: Comet cross-index data: Overwriting entry for "477P"
SSE: Comet cross-index data: Overwriting entry for "473P"
SSE: Comet cross-index data: Overwriting entry for "476P"
SSE: Comet cross-index data: Overwriting entry for "479P"
SSE: Comet cross-index data: Overwriting entry for "480P"
SSE: Comet cross-index data: Overwriting entry for "481P"
Loaded 2576 discovery circumstances records for comets...
OpenGL viewport size: 1280 x 720
Creating scene FBO with size 1280x720
LIVESKY: ÂºïÊìéÂºïÂØºÂÆåÊàêÔºà0msÔºåGL 3.3 core=1 renderer="NVIDIA GeForce RTX 4060/PCIe/SSE2"Ôºâ
LIVESKY: Â∏ßÊ≥µÂ∑≤ÂêØÂä®Ôºà1280x720ÔºåÂêç‰πâ 50.0 fpsÔºåJD ÈÄüÁéá 0.1000 Â§©/ÁßíÔºåËµ∑ÁÇπ JD=2461307.51671Ôºâ
DYNCHECK: Áîü‰∫ßËÄÖ=engine(ÁúüÂÆûÂºïÊìé)
Satellite has invalid orbit: "STARLINK-34755" "64940"
Satellite has invalid orbit: "UNKNOWN" "89484"
Initializing planets GL shaders... 
Dubious result: Landscape  "Hurricane"  not calibrated. Opacity test represents mathematical horizon only.
Satellite has invalid orbit: "ISON 62200" "90112"
Satellite has invalid orbit: "STARLINK-34810" "65068"
[Exoplanets] Updating exoplanets catalog ...
Satellite has invalid orbit: "STARLINK-1656" "46353"
[Satellites] starting Internet update...
[Exoplanets] Updating exoplanets catalog is complete...
Satellite has invalid orbit: "STARLINK-34708" "65062"
Satellite has invalid orbit: "STARLINK-35255" "65602"
Satellite has invalid orbit: "STARLINK-34806" "65065"
Satellite has invalid orbit: "STARLINK-4451" "53492"
Satellite has invalid orbit: "STARLINK-35234" "65601"
Satellite has invalid orbit: "STARLINK-34745" "65057"
Satellite has invalid orbit: "STARLINK-34802" "65067"
Satellite has invalid orbit: "STARLINK-34779" "65058"
[Satellites] FAILED to download "https://celestrak.org/NORAD/elements/gp.php?GROUP=x-comm&FORMAT=TLE". Error QNetworkReply::RemoteHostClosedError: "¡¨Ω”“—πÿ±’"
[Satellites] FAILED to download "https://celestrak.org/NORAD/elements/gp.php?GROUP=weather&FORMAT=TLE". Error QNetworkReply::RemoteHostClosedError: "¡¨Ω”“—πÿ±’"
[Satellites] FAILED to download "https://celestrak.org/NORAD/elements/gp.php?GROUP=visual&FORMAT=TLE". Error QNetworkReply::RemoteHostClosedError: "¡¨Ω”“—πÿ±’"
[Satellites] FAILED to download "https://celestrak.org/NORAD/elements/gp.php?GROUP=tdrss&FORMAT=TLE". Error QNetworkReply::RemoteHostClosedError: "¡¨Ω”“—πÿ±’"
[Satellites] FAILED to download "https://celestrak.org/NORAD/elements/gp.php?GROUP=swarm&FORMAT=TLE". Error QNetworkReply::RemoteHostClosedError: "¡¨Ω”“—πÿ±’"
[Satellites] FAILED to download "https://celestrak.org/NORAD/elements/gp.php?GROUP=stations&FORMAT=TLE". Error QNetworkReply::RemoteHostClosedError: "¡¨Ω”“—πÿ±’"
[Satellites] FAILED to download "https://celestrak.org/NORAD/elements/gp.php?GROUP=starlink&FORMAT=TLE". Error QNetworkReply::RemoteHostClosedError: "¡¨Ω”“—πÿ±’"
[Satellites] FAILED to download "https://celestrak.org/NORAD/elements/gp.php?GROUP=spire&FORMAT=TLE". Error QNetworkReply::RemoteHostClosedError: "¡¨Ω”“—πÿ±’"
[Satellites] FAILED to download "https://celestrak.org/NORAD/elements/gp.php?GROUP=science&FORMAT=TLE". Error QNetworkReply::RemoteHostClosedError: "¡¨Ω”“—πÿ±’"
[Satellites] FAILED to download "https://celestrak.org/NORAD/elements/gp.php?GROUP=sbas&FORMAT=TLE". Error QNetworkReply::RemoteHostClosedError: "¡¨Ω”“—πÿ±’"
[Satellites] FAILED to download "https://celestrak.org/NORAD/elements/gp.php?GROUP=sarsat&FORMAT=TLE". Error QNetworkReply::RemoteHostClosedError: "¡¨Ω”“—πÿ±’"
[Satellites] FAILED to download "https://celestrak.org/NORAD/elements/gp.php?GROUP=resource&FORMAT=TLE". Error QNetworkReply::RemoteHostClosedError: "¡¨Ω”“—πÿ±’"
[Satellites] FAILED to download "https://celestrak.org/NORAD/elements/gp.php?GROUP=raduga&FORMAT=TLE". Error QNetworkReply::RemoteHostClosedError: "¡¨Ω”“—πÿ±’"
[Satellites] FAILED to download "https://celestrak.org/NORAD/elements/gp.php?GROUP=radar&FORMAT=TLE". Error QNetworkReply::RemoteHostClosedError: "¡¨Ω”“—πÿ±’"
[Satellites] FAILED to download "https://celestrak.org/NORAD/elements/gp.php?GROUP=qianfan&FORMAT=TLE". Error QNetworkReply::RemoteHostClosedError: "¡¨Ω”“—πÿ±’"
[Satellites] FAILED to download "https://celestrak.org/NORAD/elements/gp.php?GROUP=planet&FORMAT=TLE". Error QNetworkReply::RemoteHostClosedError: "¡¨Ω”“—πÿ±’"
[Satellites] FAILED to download "https://celestrak.org/NORAD/elements/gp.php?GROUP=other-comm&FORMAT=TLE". Error QNetworkReply::RemoteHostClosedError: "¡¨Ω”“—πÿ±’"
[Satellites] FAILED to download "https://celestrak.org/NORAD/elements/gp.php?GROUP=other&FORMAT=TLE". Error QNetworkReply::RemoteHostClosedError: "¡¨Ω”“—πÿ±’"
[Satellites] FAILED to download "https://celestrak.org/NORAD/elements/gp.php?GROUP=orbcomm&FORMAT=TLE". Error QNetworkReply::RemoteHostClosedError: "¡¨Ω”“—πÿ±’"
[Satellites] FAILED to download "https://celestrak.org/NORAD/elements/gp.php?GROUP=oneweb&FORMAT=TLE". Error QNetworkReply::RemoteHostClosedError: "¡¨Ω”“—πÿ±’"
[Satellites] FAILED to download "https://celestrak.org/NORAD/elements/gp.php?GROUP=noaa&FORMAT=TLE". Error QNetworkReply::RemoteHostClosedError: "¡¨Ω”“—πÿ±’"
[Satellites] FAILED to download "https://celestrak.org/NORAD/elements/gp.php?GROUP=nnss&FORMAT=TLE". Error QNetworkReply::RemoteHostClosedError: "¡¨Ω”“—πÿ±’"
[Satellites] FAILED to download "https://celestrak.org/NORAD/elements/gp.php?GROUP=molniya&FORMAT=TLE". Error QNetworkReply::RemoteHostClosedError: "¡¨Ω”“—πÿ±’"
[Satellites] FAILED to download "https://celestrak.org/NORAD/elements/gp.php?GROUP=last-30-days&FORMAT=TLE". Error QNetworkReply::RemoteHostClosedError: "¡¨Ω”“—πÿ±’"
[Satellites] FAILED to download "https://celestrak.org/NORAD/elements/gp.php?GROUP=kuiper&FORMAT=TLE". Error QNetworkReply::RemoteHostClosedError: "¡¨Ω”“—πÿ±’"
[Satellites] FAILED to download "https://celestrak.org/NORAD/elements/gp.php?GROUP=iridium-NEXT&FORMAT=TLE". Error QNetworkReply::RemoteHostClosedError: "¡¨Ω”“—πÿ±’"
[Satellites] FAILED to download "https://celestrak.org/NORAD/elements/gp.php?GROUP=iridium&FORMAT=TLE". Error QNetworkReply::RemoteHostClosedError: "¡¨Ω”“—πÿ±’"
[Satellites] FAILED to download "https://celestrak.org/NORAD/elements/gp.php?GROUP=intelsat&FORMAT=TLE". Error QNetworkReply::RemoteHostClosedError: "¡¨Ω”“—πÿ±’"
[Satellites] FAILED to download "https://celestrak.org/NORAD/elements/gp.php?GROUP=hulianwang&FORMAT=TLE". Error QNetworkReply::RemoteHostClosedError: "¡¨Ω”“—πÿ±’"
[Satellites] FAILED to download "https://celestrak.org/NORAD/elements/gp.php?GROUP=gps-ops&FORMAT=TLE". Error QNetworkReply::RemoteHostClosedError: "¡¨Ω”“—πÿ±’"
[Satellites] FAILED to download "https://celestrak.org/NORAD/elements/gp.php?GROUP=gorizont&FORMAT=TLE". Error QNetworkReply::RemoteHostClosedError: "¡¨Ω”“—πÿ±’"
[Satellites] FAILED to download "https://celestrak.org/NORAD/elements/gp.php?GROUP=goes&FORMAT=TLE". Error QNetworkReply::RemoteHostClosedError: "¡¨Ω”“—πÿ±’"
[Satellites] FAILED to download "https://celestrak.org/NORAD/elements/gp.php?GROUP=gnss&FORMAT=TLE". Error QNetworkReply::RemoteHostClosedError: "¡¨Ω”“—πÿ±’"
[Satellites] FAILED to download "https://celestrak.org/NORAD/elements/gp.php?GROUP=globalstar&FORMAT=TLE". Error QNetworkReply::RemoteHostClosedError: "¡¨Ω”“—πÿ±’"
[Satellites] FAILED to download "https://celestrak.org/NORAD/elements/gp.php?GROUP=glo-ops&FORMAT=TLE". Error QNetworkReply::RemoteHostClosedError: "¡¨Ω”“—πÿ±’"
[Satellites] FAILED to download "https://celestrak.org/NORAD/elements/gp.php?GROUP=geodetic&FORMAT=TLE". Error QNetworkReply::RemoteHostClosedError: "¡¨Ω”“—πÿ±’"
[Satellites] FAILED to download "https://celestrak.org/NORAD/elements/gp.php?GROUP=geo&FORMAT=TLE". Error QNetworkReply::RemoteHostClosedError: "¡¨Ω”“—πÿ±’"
[Satellites] FAILED to download "https://celestrak.org/NORAD/elements/gp.php?GROUP=galileo&FORMAT=TLE". Error QNetworkReply::RemoteHostClosedError: "¡¨Ω”“—πÿ±’"
[Satellites] FAILED to download "https://celestrak.org/NORAD/elements/gp.php?GROUP=engineering&FORMAT=TLE". Error QNetworkReply::RemoteHostClosedError: "¡¨Ω”“—πÿ±’"
[Satellites] FAILED to download "https://celestrak.org/NORAD/elements/gp.php?GROUP=education&FORMAT=TLE". Error QNetworkReply::RemoteHostClosedError: "¡¨Ω”“—πÿ±’"
[Satellites] FAILED to download "https://celestrak.org/NORAD/elements/gp.php?GROUP=dmc&FORMAT=TLE". Error QNetworkReply::RemoteHostClosedError: "¡¨Ω”“—πÿ±’"
[Satellites] FAILED to download "https://celestrak.org/NORAD/elements/gp.php?GROUP=cubesat&FORMAT=TLE". Error QNetworkReply::RemoteHostClosedError: "¡¨Ω”“—πÿ±’"
[Satellites] FAILED to download "https://celestrak.org/NORAD/elements/gp.php?GROUP=beidou&FORMAT=TLE". Error QNetworkReply::RemoteHostClosedError: "¡¨Ω”“—πÿ±’"
[Satellites] FAILED to download "https://celestrak.org/NORAD/elements/gp.php?GROUP=argos&FORMAT=TLE". Error QNetworkReply::RemoteHostClosedError: "¡¨Ω”“—πÿ±’"
[Satellites] FAILED to download "https://celestrak.org/NORAD/elements/gp.php?GROUP=analyst&FORMAT=TLE". Error QNetworkReply::RemoteHostClosedError: "¡¨Ω”“—πÿ±’"
[Satellites] FAILED to download "https://celestrak.org/NORAD/elements/gp.php?GROUP=amateur&FORMAT=TLE". Error QNetworkReply::RemoteHostClosedError: "¡¨Ω”“—πÿ±’"
[Satellites] FAILED to download "https://celestrak.org/NORAD/elements/gp.php?GROUP=active&FORMAT=TLE". Error QNetworkReply::RemoteHostClosedError: "¡¨Ω”“—πÿ±’"
[Satellites] "28222" "CZ-2C R/B" has invalid orbit and will be removed.
[Satellites] "53452" "DONGPO 02" has invalid orbit and will be removed.
[Satellites] "40021" "DUCHIFAT-1" has invalid orbit and will be removed.
[Satellites] "58294" "ICEYE-X34" has invalid orbit and will be removed.
[Satellites] "90112" "ISON 62200" has invalid orbit and will be removed.
[Satellites] "56943" "NUSAT-40 (C SHOEMAKER)" has invalid orbit and will be removed.
[Satellites] "40970" "SNAP-3 ALICE" has invalid orbit and will be removed.
[Satellites] "40972" "SNAP-3 EDDIE" has invalid orbit and will be removed.
[Satellites] "45379" "STARLINK-1319" has invalid orbit and will be removed.
[Satellites] "46353" "STARLINK-1656" has invalid orbit and will be removed.
[Satellites] "47135" "STARLINK-1845" has invalid orbit and will be removed.
[Satellites] "46786" "STARLINK-1893" has invalid orbit and will be removed.
[Satellites] "46794" "STARLINK-1942" has invalid orbit and will be removed.
[Satellites] "48465" "STARLINK-2681" has invalid orbit and will be removed.
[Satellites] "63117" "STARLINK-32955" has invalid orbit and will be removed.
[Satellites] "65062" "STARLINK-34708" has invalid orbit and will be removed.
[Satellites] "65057" "STARLINK-34745" has invalid orbit and will be removed.
[Satellites] "65061" "STARLINK-34750" has invalid orbit and will be removed.
[Satellites] "64940" "STARLINK-34755" has invalid orbit and will be removed.
[Satellites] "65058" "STARLINK-34779" has invalid orbit and will be removed.
[Satellites] "65073" "STARLINK-34781" has invalid orbit and will be removed.
[Satellites] "65070" "STARLINK-34794" has invalid orbit and will be removed.
[Satellites] "65063" "STARLINK-34798" has invalid orbit and will be removed.
[Satellites] "65067" "STARLINK-34802" has invalid orbit and will be removed.
[Satellites] "65065" "STARLINK-34806" has invalid orbit and will be removed.
[Satellites] "65069" "STARLINK-34809" has invalid orbit and will be removed.
[Satellites] "65068" "STARLINK-34810" has invalid orbit and will be removed.
[Satellites] "65605" "STARLINK-35171" has invalid orbit and will be removed.
[Satellites] "65608" "STARLINK-35185" has invalid orbit and will be removed.
[Satellites] "65600" "STARLINK-35229" has invalid orbit and will be removed.
[Satellites] "65601" "STARLINK-35234" has invalid orbit and will be removed.
[Satellites] "65598" "STARLINK-35248" has invalid orbit and will be removed.
[Satellites] "65603" "STARLINK-35250" has invalid orbit and will be removed.
[Satellites] "65602" "STARLINK-35255" has invalid orbit and will be removed.
[Satellites] "52579" "STARLINK-3893" has invalid orbit and will be removed.
[Satellites] "53492" "STARLINK-4451" has invalid orbit and will be removed.
[Satellites] "89484" "UNKNOWN" has invalid orbit and will be removed.
[Satellites] purging objects that were not updated...
Satellite removed: "51946" "2022-023A"
Satellite removed: "51947" "2022-023B"
Satellite removed: "51948" "2022-023C"
Satellite removed: "51949" "2022-023D"
Satellite removed: "51950" "2022-023E"
Satellite removed: "51951" "2022-023F"
Satellite removed: "52717" "2022-056B"
Satellite removed: "53446" "2022-098C"
Satellite removed: "55135" "2023-003C"
Satellite removed: "55137" "2023-003E"
Satellite removed: "56157" "2023-048A"
Satellite removed: "56731" "2023-069A"
Satellite removed: "56732" "2023-069B"
Satellite removed: "56746" "2023-072D"
Satellite removed: "56747" "2023-072E"
Satellite removed: "56748" "2023-072F"
Satellite removed: "56749" "2023-072G"
Satellite removed: "56846" "2023-081A"
Satellite removed: "56866" "2023-081W"
Satellite removed: "57004" "2023-085A"
Satellite removed: "57031" "2023-085AD"
Satellite removed: "57036" "2023-085AJ"
Satellite removed: "57037" "2023-085AK"
Satellite removed: "57038" "2023-085AL"
Satellite removed: "57044" "2023-085AS"
Satellite removed: "57012" "2023-085J"
Satellite removed: "57014" "2023-085L"
Satellite removed: "57023" "2023-085V"
Satellite removed: "57026" "2023-085Y"
Satellite removed: "57200" "2023-091AL"
Satellite removed: "57206" "2023-091AS"
Satellite removed: "57168" "2023-091C"
Satellite removed: "57169" "2023-091D"
Satellite removed: "57170" "2023-091E"
Satellite removed: "57171" "2023-091F"
Satellite removed: "57173" "2023-091H"
Satellite removed: "57174" "2023-091J"
Satellite removed: "57179" "2023-091P"
Satellite removed: "57181" "2023-091R"
Satellite removed: "57183" "2023-091T"
Satellite removed: "57185" "2023-091V"
Satellite removed: "57424" "2023-104A"
Satellite removed: "57426" "2023-104C"
Satellite removed: "57582" "2023-117C"
Satellite removed: "57585" "2023-117F"
Satellite removed: "58502" "2023-189A"
Satellite removed: "58849" "2024-018A"
Satellite removed: "58850" "2024-018B"
Satellite removed: "58851" "2024-018C"
Satellite removed: "59679" "2024-085C"
Satellite removed: "59680" "2024-085D"
Satellite removed: "59774" "2024-092B"
Satellite removed: "59775" "2024-092C"
Satellite removed: "59776" "2024-092D"
Satellite removed: "59777" "2024-092E"
Satellite removed: "59778" "2024-092F"
Satellite removed: "59779" "2024-092G"
Satellite removed: "59780" "2024-092H"
Satellite removed: "59781" "2024-092J"
Satellite removed: "59809" "2024-092K"
Satellite removed: "59805" "2024-094A"
Satellite removed: "59806" "2024-094B"
Satellite removed: "59807" "2024-094C"
Satellite removed: "59808" "2024-094D"
Satellite removed: "59810" "2024-095A"
Satellite removed: "59917" "2024-105A"
Satellite removed: "59918" "2024-105B"
Satellite removed: "59919" "2024-105C"
Satellite removed: "59920" "2024-105D"
Satellite removed: "59921" "2024-105E"
Satellite removed: "60012" "2024-110A"
Satellite removed: "60013" "2024-110B"
Satellite removed: "60014" "2024-110C"
Satellite removed: "60203" "2024-125A"
Satellite removed: "60745" "2024-153A"
Satellite removed: "60746" "2024-153B"
Satellite removed: "60747" "2024-153C"
Satellite removed: "60748" "2024-153D"
Satellite removed: "60749" "2024-153E"
Satellite removed: "60750" "2024-153F"
Satellite removed: "61180" "2024-166B"
Satellite removed: "64881" "239ALFEROV (RS61S)"
Satellite removed: "57197" "A-SEANSAT-PG1"
Satellite removed: "55107" "AAC-AIS-SAT1"
Satellite removed: "56996" "AAC-AIS-SAT2"
Satellite removed: "58997" "AAC-AIS-SAT3"
Satellite removed: "56225" "AAC-HSI-SAT1"
Satellite removed: "56995" "AAC-HSI-SAT2"
Satellite removed: "58848" "AAC-HSI-SAT3"
Satellite removed: "39508" "ABS-2"
Satellite removed: "41588" "ABS-2A (MONGOLSAT-1)"
Satellite removed: "40424" "ABS-3A"
Satellite removed: "28184" "ABS-4 (MOBISAT-1)"
Satellite removed: "25924" "ABS-6"
Satellite removed: "59588" "ACS3"
Satellite removed: "58992" "ADRAS-J"
Satellite removed: "36868" "AEHF-1 (USA 214)"
Satellite removed: "38254" "AEHF-2 (USA 235)"
Satellite removed: "39256" "AEHF-3 (USA 246)"
Satellite removed: "43651" "AEHF-4 (USA 288)"
Satellite removed: "44481" "AEHF-5 (USA 292)"
Satellite removed: "45465" "AEHF-6 (USA 298)"
Satellite removed: "59290" "AEROCUBE 16A"
Satellite removed: "59291" "AEROCUBE 16B"
Satellite removed: "40965" "AEROCUBE 5C"
Satellite removed: "40045" "AEROCUBE 6A"
Satellite removed: "40046" "AEROCUBE 6B"
Satellite removed: "40966" "AEROCUBE 7"
Satellite removed: "41853" "AEROCUBE 8C"
Satellite removed: "41852" "AEROCUBE 8D"
Satellite removed: "58299" "AETHER-2"
Satellite removed: "56964" "AFR-1"
Satellite removed: "48270" "AII-BRAVO"
Satellite removed: "43768" "AISTECHSAT 2"
Satellite removed: "16908" "AJISAI (EGS)"
Satellite removed: "43174" "AL YAH 3"
Satellite removed: "43039" "ALCOMSAT 1"
Satellite removed: "39467" "ALICE"
Satellite removed: "58562" "ALISIO-1"
Satellite removed: "28931" "ALOS (DAICHI)"
Satellite removed: "39766" "ALOS-2"
Satellite removed: "60182" "ALOS-4 (DAICHI-4)"
Satellite removed: "39215" "ALPHASAT"
Satellite removed: "41785" "ALSAT-1B"
Satellite removed: "36798" "ALSAT-2A"
Satellite removed: "41786" "ALSAT-2B"
Satellite removed: "61779" "ALTAIR (RS65S)"
Satellite removed: "35942" "AMAZONAS 2"
Satellite removed: "39078" "AMAZONAS 3"
Satellite removed: "39616" "AMAZONAS 4A"
Satellite removed: "42934" "AMAZONAS 5"
Satellite removed: "55508" "AMAZONAS NEXUS"
Satellite removed: "47699" "AMAZONIA 1"
Satellite removed: "32708" "AMC-14"
Satellite removed: "28446" "AMC-15"
Satellite removed: "26580" "AMC-6"
Satellite removed: "44479" "AMOS-17"
Satellite removed: "32794" "AMOS-3"
Satellite removed: "39237" "AMOS-4"
Satellite removed: "45726" "ANDESITE"
Satellite removed: "54033" "ANGOSAT 2"
Satellite removed: "28868" "ANIK F1R"
Satellite removed: "28378" "ANIK F2"
Satellite removed: "31102" "ANIK F3"
Satellite removed: "39127" "ANIK G1"
Satellite removed: "58019" "ANSER FOLLOWER 1"
Satellite removed: "58018" "ANSER FOLLOWER 2"
Satellite removed: "59129" "APEX ARIES 1"
Satellite removed: "28372" "APRIZESAT 1"
Satellite removed: "40019" "APRIZESAT 10"
Satellite removed: "28366" "APRIZESAT 2"
Satellite removed: "35686" "APRIZESAT 3"
Satellite removed: "35684" "APRIZESAT 4"
Satellite removed: "37792" "APRIZESAT 5"
Satellite removed: "37793" "APRIZESAT 6"
Satellite removed: "39416" "APRIZESAT 7"
Satellite removed: "39425" "APRIZESAT 8"
Satellite removed: "40018" "APRIZESAT 9"
Satellite removed: "43450" "APSTAR-6C"
Satellite removed: "45863" "APSTAR-6D"
Satellite removed: "55239" "APSTAR-6E"
Satellite removed: "55447" "APSTAR-6E SPS"
Satellite removed: "38107" "APSTAR-7"
Satellite removed: "40982" "APSTAR-9"
Satellite removed: "27424" "AQUA"
Satellite removed: "36745" "ARABSAT-5A"
Satellite removed: "37810" "ARABSAT-5C"
Satellite removed: "44186" "ARABSAT-6A"
Satellite removed: "56757" "ARABSAT-7B (BADR-8)"
Satellite removed: "41896" "ARASE (ERG)"
Satellite removed: "52161" "ARCSAT-1"
Satellite removed: "60543" "ARCTIC WEATHER SATELLITE"
Satellite removed: "56371" "ARCTURUS"
Satellite removed: "20443" "ARIANE 40 R/B"
Satellite removed: "21610" "ARIANE 40 R/B"
Satellite removed: "22830" "ARIANE 40 R/B"
Satellite removed: "23561" "ARIANE 40+ R/B"
Satellite removed: "28499" "ARIANE 5 R/B"
Satellite removed: "29268" "ARIRANG-2 (KOMPSAT-2)"
Satellite removed: "38338" "ARIRANG-3 (KOMPSAT-3)"
Satellite removed: "39227" "ARIRANG-5 (KOMPSAT-5)"
Satellite removed: "58584" "ARKTIKA-M 2"
Satellite removed: "40272" "ARSAT 1"
Satellite removed: "40941" "ARSAT 2"
Satellite removed: "51287" "ASCENT"
Satellite removed: "27718" "ASIASAT 4"
Satellite removed: "35696" "ASIASAT 5"
Satellite removed: "40141" "ASIASAT 6"
Satellite removed: "37933" "ASIASAT 7"
Satellite removed: "40107" "ASIASAT 8 (AMOS-7)"
Satellite removed: "42942" "ASIASAT 9"
Satellite removed: "26107" "ASIASTAR"
Satellite removed: "40298" "ASNARO"
Satellite removed: "43152" "ASNARO-2"
Satellite removed: "54029" "ASO-S"
Satellite removed: "5560" "ASTEX 1"
Satellite removed: "29055" "ASTRA 1KR"
Satellite removed: "31306" "ASTRA 1L"
Satellite removed: "33436" "ASTRA 1M"
Satellite removed: "37775" "ASTRA 1N"
Satellite removed: "60086" "ASTRA 1P (SES-24)"
Satellite removed: "39285" "ASTRA 2E"
Satellite removed: "38778" "ASTRA 2F"
Satellite removed: "40364" "ASTRA 2G"
Satellite removed: "36581" "ASTRA 3B"
Satellite removed: "32299" "ASTRA 4A"
Satellite removed: "39617" "ASTRA 5B (EGNOS/PRN 123)"
Satellite removed: "41337" "ASTRO-H (HITOMI)"
Satellite removed: "43798" "ASTROCAST 0.1"
Satellite removed: "55110" "ASTROCAST-0401"
Satellite removed: "55109" "ASTROCAST-0402"
Satellite removed: "55111" "ASTROCAST-0403"
Satellite removed: "55112" "ASTROCAST-0404"
Satellite removed: "40930" "ASTROSAT"
Satellite removed: "44333" "AT&T T-16"
Satellite removed: "46275" "ATHENA"
Satellite removed: "39509" "ATHENA-FIDUS"
Satellite removed: "694" "ATLAS CENTAUR 2"
Satellite removed: "6155" "ATLAS CENTAUR R/B"
Satellite removed: "28376" "AURA"
Satellite removed: "43681" "AUTCUBE 2"
Satellite removed: "57195" "AVION KALUGA 650"
Satellite removed: "39079" "AZERSPACE 1"
Satellite removed: "43632" "AZERSPACE 2 (IS-38)"
Satellite removed: "29526" "BADR-4"
Satellite removed: "36592" "BADR-5"
Satellite removed: "41029" "BADR-7 (ARABSAT-6B)"
Satellite removed: "43463" "BANGABANDHUSAT-1"
Satellite removed: "56171" "BB 1"
Satellite removed: "56170" "BB 2"
Satellite removed: "57760" "BB3"
Satellite removed: "57757" "BB4"
Satellite removed: "35933" "BEESAT-1"
Satellite removed: "36287" "BEIDOU-2 G1"
Satellite removed: "36590" "BEIDOU-2 G3"
Satellite removed: "37210" "BEIDOU-2 G4 (C04)"
Satellite removed: "38091" "BEIDOU-2 G5 (C05)"
Satellite removed: "38953" "BEIDOU-2 G6 (C02)"
Satellite removed: "41586" "BEIDOU-2 G7 (C03)"
Satellite removed: "44231" "BEIDOU-2 G8 (C01)"
Satellite removed: "36828" "BEIDOU-2 IGSO-1 (C06)"
Satellite removed: "37256" "BEIDOU-2 IGSO-2 (C07)"
Satellite removed: "37384" "BEIDOU-2 IGSO-3 (C08)"
Satellite removed: "37763" "BEIDOU-2 IGSO-4 (C09)"
Satellite removed: "37948" "BEIDOU-2 IGSO-5 (C10)"
Satellite removed: "41434" "BEIDOU-2 IGSO-6 (C13)"
Satellite removed: "43539" "BEIDOU-2 IGSO-7 (C16)"
Satellite removed: "38250" "BEIDOU-2 M3 (C11)"
Satellite removed: "38251" "BEIDOU-2 M4 (C12)"
Satellite removed: "38775" "BEIDOU-2 M6 (C14)"
Satellite removed: "43683" "BEIDOU-3 G1 (C59)"
Satellite removed: "45344" "BEIDOU-3 G2 (C60)"
Satellite removed: "45807" "BEIDOU-3 G3 (C61)"
Satellite removed: "56564" "BEIDOU-3 G4 (C62)"
Satellite removed: "44204" "BEIDOU-3 IGSO-1 (C38)"
Satellite removed: "44337" "BEIDOU-3 IGSO-2 (C39)"
Satellite removed: "44709" "BEIDOU-3 IGSO-3 (C40)"
Satellite removed: "43001" "BEIDOU-3 M1 (C19)"
Satellite removed: "43246" "BEIDOU-3 M10 (C30)"
Satellite removed: "43603" "BEIDOU-3 M11 (C25)"
Satellite removed: "43602" "BEIDOU-3 M12 (C26)"
Satellite removed: "43622" "BEIDOU-3 M13 (C32)"
Satellite removed: "43623" "BEIDOU-3 M14 (C33)"
Satellite removed: "43648" "BEIDOU-3 M15 (C34)"
Satellite removed: "43647" "BEIDOU-3 M16 (C35)"
Satellite removed: "43706" "BEIDOU-3 M17 (C36)"
Satellite removed: "43707" "BEIDOU-3 M18 (C37)"
Satellite removed: "44864" "BEIDOU-3 M19 (C41)"
Satellite removed: "43002" "BEIDOU-3 M2 (C20)"
Satellite removed: "44865" "BEIDOU-3 M20 (C42)"
Satellite removed: "44794" "BEIDOU-3 M21 (C43)"
Satellite removed: "44793" "BEIDOU-3 M22 (C44)"
Satellite removed: "44543" "BEIDOU-3 M23 (C45)"
Satellite removed: "44542" "BEIDOU-3 M24 (C46)"
Satellite removed: "61186" "BEIDOU-3 M25 (C47)"
Satellite removed: "58655" "BEIDOU-3 M26 (C48)"
Satellite removed: "61187" "BEIDOU-3 M27 (C49)"
Satellite removed: "58654" "BEIDOU-3 M28 (C50)"
Satellite removed: "43208" "BEIDOU-3 M3 (C21)"
Satellite removed: "43207" "BEIDOU-3 M4 (C22)"
Satellite removed: "43581" "BEIDOU-3 M5 (C23)"
Satellite removed: "43582" "BEIDOU-3 M6 (C24)"
Satellite removed: "43107" "BEIDOU-3 M7 (C27)"
Satellite removed: "43108" "BEIDOU-3 M8 (C28)"
Satellite removed: "43245" "BEIDOU-3 M9 (C29)"
Satellite removed: "40549" "BEIDOU-3S IGSO-1S (C31)"
Satellite removed: "40938" "BEIDOU-3S IGSO-2S (C56)"
Satellite removed: "40749" "BEIDOU-3S M1S (C57)"
Satellite removed: "40748" "BEIDOU-3S M2S (C58)"
Satellite removed: "28890" "BEIJING 1"
Satellite removed: "53587" "BEIJING-3B"
Satellite removed: "41238" "BELINTERSAT-1"
Satellite removed: "55015" "BIRKELAND"
Satellite removed: "40974" "BISONSAT"
Satellite removed: "56956" "BLACKJACK ACES-1"
Satellite removed: "56955" "BLACKJACK ACES-2"
Satellite removed: "56950" "BLACKJACK ACES-3"
Satellite removed: "53807" "BLUEWALKER-3"
Satellite removed: "44529" "BNU-1 (JINGSHI 1)"
Satellite removed: "41591" "BRISAT"
Satellite removed: "39091" "BRITE-AUSTRIA"
Satellite removed: "40020" "BRITE-CA1 (TORONTO)"
Satellite removed: "40119" "BRITE-PL2 (HEWELIUSZ)"
Satellite removed: "58264" "BRO-11"
Satellite removed: "59108" "BRO-12"
Satellite removed: "59107" "BRO-13"
Satellite removed: "60551" "BRO-14"
Satellite removed: "60553" "BRO-15"
Satellite removed: "51061" "BRO-5"
Satellite removed: "52422" "BRO-6"
Satellite removed: "55011" "BRO-8"
Satellite removed: "26720" "BSAT-2A"
Satellite removed: "37207" "BSAT-3B"
Satellite removed: "37776" "BSAT-3C (JCSAT-110R)"
Satellite removed: "42951" "BSAT-4A"
Satellite removed: "46112" "BSAT-4B"
Satellite removed: "44310" "BUFENG 1A"
Satellite removed: "44311" "BUFENG 1B"
Satellite removed: "40014" "BUGSAT-1 (TITA)"
Satellite removed: "42801" "BULGARIASAT-1"
Satellite removed: "900" "CALSPHERE 1"
Satellite removed: "902" "CALSPHERE 2"
Satellite removed: "1520" "CALSPHERE 4A"
Satellite removed: "32790" "CANX-2"
Satellite removed: "40055" "CANX-4"
Satellite removed: "40056" "CANX-5"
Satellite removed: "57693" "CAPELLA-11 (ACADIA-1)"
Satellite removed: "60419" "CAPELLA-13 (ACADIA-3)"
Satellite removed: "59444" "CAPELLA-14 (ACADIA-4)"
Satellite removed: "60544" "CAPELLA-15 (ACADIA-5)"
Satellite removed: "40718" "CARBONITE 1 (CBNT-1)"
Satellite removed: "32783" "CARTOSAT-2A"
Satellite removed: "36795" "CARTOSAT-2B"
Satellite removed: "41599" "CARTOSAT-2C"
Satellite removed: "41948" "CARTOSAT-2D"
Satellite removed: "42767" "CARTOSAT-2E"
Satellite removed: "43111" "CARTOSAT-2F"
Satellite removed: "44804" "CARTOSAT-3"
Satellite removed: "47932" "CAS500-1"
Satellite removed: "39265" "CASSIOPE"
Satellite removed: "60088" "CATCH-1"
Satellite removed: "40336" "CBERS 4"
Satellite removed: "44883" "CBERS 4A"
Satellite removed: "58987" "CE-SAT-IE"
Satellite removed: "25160" "CELESTIS-02 & TAURUS R/B"
Satellite removed: "47486" "CELESTIS-17 & SHERPA-FX1"
Satellite removed: "41850" "CELTEE 1"
Satellite removed: "43809" "CENTAURI-1"
Satellite removed: "59451" "CENTAURI-6"
Satellite removed: "43636" "CENTISPACE-1 S1"
Satellite removed: "53757" "CENTISPACE-1 S3"
Satellite removed: "53758" "CENTISPACE-1 S4"
Satellite removed: "54020" "CENTISPACE-1 S5"
Satellite removed: "54021" "CENTISPACE-1 S6"
Satellite removed: "43662" "CFOSAT"
Satellite removed: "61072" "CHAMRAN-1"
Satellite removed: "56168" "CHECKMATE 1"
Satellite removed: "57762" "CHECKMATE 10"
Satellite removed: "56167" "CHECKMATE 2"
Satellite removed: "56169" "CHECKMATE 3"
Satellite removed: "56164" "CHECKMATE 4"
Satellite removed: "56163" "CHECKMATE 5"
Satellite removed: "56165" "CHECKMATE 6"
Satellite removed: "56166" "CHECKMATE 7"
Satellite removed: "56162" "CHECKMATE 8"
Satellite removed: "44874" "CHEOPS"
Satellite removed: "42662" "CHINASAT 16 (SJ-13)"
Satellite removed: "49125" "CHINASAT 9B"
Satellite removed: "28058" "CHUANGXIN 1 (CX-1)"
Satellite removed: "33434" "CHUANGXIN 1-02 (CX-1-02)"
Satellite removed: "37930" "CHUANGXIN 1-03 (CX-1-03)"
Satellite removed: "40137" "CHUANGXIN 1-04 (CX-1-04)"
Satellite removed: "53586" "CHUANGXIN 16A (CX-16A)"
Satellite removed: "53876" "CHUANGXIN 16B (CX-16B)"
Satellite removed: "58505" "CHUANGXIN 19 (CX-19)"
Satellite removed: "58425" "CHUANGXIN 20A (CX-20A)"
Satellite removed: "39209" "CHUANGXIN-3 (CX-3)"
Satellite removed: "38764" "CINEMA"
Satellite removed: "47256" "CMS-01"
Satellite removed: "52903" "CMS-02 (GSAT-24)"
Satellite removed: "61746" "COLIBRI-S (RS67S)"
Satellite removed: "35943" "COMSATBW-1"
Satellite removed: "36582" "COMSATBW-2"
Satellite removed: "60472" "CONNECTA IOT-1"
Satellite removed: "60522" "CONNECTA IOT-2"
Satellite removed: "60475" "CONNECTA IOT-3"
Satellite removed: "60524" "CONNECTA IOT-4"
Satellite removed: "55012" "CONNECTA T1.2"
Satellite removed: "59117" "CONTECSAT-1"
Satellite removed: "55045" "CONTINUUM-1"
Satellite removed: "27640" "CORIOLIS"
Satellite removed: "42847" "CORVUS BC1"
Satellite removed: "42846" "CORVUS BC2"
Satellite removed: "43767" "CORVUS BC4"
Satellite removed: "31598" "COSMO-SKYMED 1"
Satellite removed: "32376" "COSMO-SKYMED 2"
Satellite removed: "33412" "COSMO-SKYMED 3"
Satellite removed: "37216" "COSMO-SKYMED 4"
Satellite removed: "14699" "COSMOS 1536"
Satellite removed: "16719" "COSMOS 1743"
Satellite removed: "17589" "COSMOS 1833"
Satellite removed: "17973" "COSMOS 1844"
Satellite removed: "18187" "COSMOS 1867"
Satellite removed: "18958" "COSMOS 1933"
Satellite removed: "19210" "COSMOS 1953"
Satellite removed: "19573" "COSMOS 1975"
Satellite removed: "19751" "COSMOS 1989 (ETALON 1)"
Satellite removed: "20026" "COSMOS 2024 (ETALON 2)"
Satellite removed: "20465" "COSMOS 2058"
Satellite removed: "20663" "COSMOS 2084"
Satellite removed: "21422" "COSMOS 2151"
Satellite removed: "22219" "COSMOS 2219"
Satellite removed: "22236" "COSMOS 2221"
Satellite removed: "22286" "COSMOS 2228"
Satellite removed: "22626" "COSMOS 2242"
Satellite removed: "23087" "COSMOS 2278"
Satellite removed: "27056" "COSMOS 2385"
Satellite removed: "27057" "COSMOS 2386"
Satellite removed: "27464" "COSMOS 2390"
Satellite removed: "27465" "COSMOS 2391"
Satellite removed: "27868" "COSMOS 2400"
Satellite removed: "27869" "COSMOS 2401"
Satellite removed: "28380" "COSMOS 2407"
Satellite removed: "28419" "COSMOS 2408"
Satellite removed: "28420" "COSMOS 2409"
Satellite removed: "28521" "COSMOS 2414"
Satellite removed: "28908" "COSMOS 2416 (RODNIK-S 1)"
Satellite removed: "31792" "COSMOS 2428"
Satellite removed: "32276" "COSMOS 2432 (719)"
Satellite removed: "32275" "COSMOS 2433 (720)"
Satellite removed: "32393" "COSMOS 2434 (721)"
Satellite removed: "32395" "COSMOS 2436 (723)"
Satellite removed: "32954" "COSMOS 2437"
Satellite removed: "32955" "COSMOS 2438"
Satellite removed: "32956" "COSMOS 2439"
Satellite removed: "35498" "COSMOS 2451"
Satellite removed: "35500" "COSMOS 2453"
Satellite removed: "36095" "COSMOS 2455"
Satellite removed: "36111" "COSMOS 2456 (730)"
Satellite removed: "36112" "COSMOS 2457 (733)"
Satellite removed: "36402" "COSMOS 2460 (732)"
Satellite removed: "36519" "COSMOS 2463"
Satellite removed: "37152" "COSMOS 2467"
Satellite removed: "37154" "COSMOS 2468 (RODNIK-S 3)"
Satellite removed: "37869" "COSMOS 2475 (743)"
Satellite removed: "37867" "COSMOS 2476 (744)"
Satellite removed: "37868" "COSMOS 2477 (745)"
Satellite removed: "38733" "COSMOS 2481"
Satellite removed: "39057" "COSMOS 2482 (RODNIK-S 4)"
Satellite removed: "39058" "COSMOS 2483 (RODNIK-S 5)"
Satellite removed: "39059" "COSMOS 2484 (RODNIK-S 6)"
Satellite removed: "39155" "COSMOS 2485 (747)"
Satellite removed: "39177" "COSMOS 2486"
Satellite removed: "39483" "COSMOS 2488 (RODNIK-S 7)"
Satellite removed: "39484" "COSMOS 2489 (RODNIK-S 8)"
Satellite removed: "39485" "COSMOS 2490 (RODNIK-S 9)"
Satellite removed: "39620" "COSMOS 2492 (754)"
Satellite removed: "39490" "COSMOS 2493 (SKRL-756 1)"
Satellite removed: "39491" "COSMOS 2494 (SKRL-756 2)"
Satellite removed: "39761" "COSMOS 2496 (RODNIK-S *)"
Satellite removed: "39762" "COSMOS 2497 (RODNIK-S *)"
Satellite removed: "39763" "COSMOS 2498 (RODNIK-S *)"
Satellite removed: "40001" "COSMOS 2500 (755)"
Satellite removed: "40315" "COSMOS 2501 (702K)"
Satellite removed: "40358" "COSMOS 2502"
Satellite removed: "40420" "COSMOS 2503"
Satellite removed: "40555" "COSMOS 2504"
Satellite removed: "40699" "COSMOS 2506"
Satellite removed: "40920" "COSMOS 2507 (RODNIK-S *)"
Satellite removed: "40921" "COSMOS 2508 (RODNIK-S *)"
Satellite removed: "40922" "COSMOS 2509 (RODNIK-S *)"
Satellite removed: "41032" "COSMOS 2510 (EKS 1)"
Satellite removed: "41121" "COSMOS 2513"
Satellite removed: "41330" "COSMOS 2514 (751)"
Satellite removed: "41394" "COSMOS 2515"
Satellite removed: "41579" "COSMOS 2517 (GEO-IK 2)"
Satellite removed: "42719" "COSMOS 2518 (EKS 2)"
Satellite removed: "42907" "COSMOS 2520"
Satellite removed: "42939" "COSMOS 2522 (752)"
Satellite removed: "42986" "COSMOS 2523"
Satellite removed: "43032" "COSMOS 2524"
Satellite removed: "43432" "COSMOS 2526"
Satellite removed: "43508" "COSMOS 2527 (756)"
Satellite removed: "43657" "COSMOS 2528"
Satellite removed: "43687" "COSMOS 2529 (757)"
Satellite removed: "43751" "COSMOS 2530 (RODNIK-S *)"
Satellite removed: "43752" "COSMOS 2531 (RODNIK-S *)"
Satellite removed: "43753" "COSMOS 2532 (RODNIK-S *)"
Satellite removed: "43867" "COSMOS 2533"
Satellite removed: "44299" "COSMOS 2534 (758)"
Satellite removed: "44424" "COSMOS 2538"
Satellite removed: "44457" "COSMOS 2539"
Satellite removed: "44517" "COSMOS 2540"
Satellite removed: "44552" "COSMOS 2541 (EKS 3)"
Satellite removed: "44850" "COSMOS 2544 (759)"
Satellite removed: "45358" "COSMOS 2545 (760)"
Satellite removed: "45608" "COSMOS 2546 (EKS 4)"
Satellite removed: "46805" "COSMOS 2547 (705K)"
Satellite removed: "47230" "COSMOS 2548"
Satellite removed: "47546" "COSMOS 2549"
Satellite removed: "48865" "COSMOS 2550"
Satellite removed: "49503" "COSMOS 2552 (EKS 5)"
Satellite removed: "52202" "COSMOS 2554"
Satellite removed: "52713" "COSMOS 2556"
Satellite removed: "52984" "COSMOS 2557 (706K)"
Satellite removed: "54031" "COSMOS 2559 (707K)"
Satellite removed: "54109" "COSMOS 2561"
Satellite removed: "54223" "COSMOS 2563 (EKS 6)"
Satellite removed: "54377" "COSMOS 2564 (761)"
Satellite removed: "54381" "COSMOS 2565"
Satellite removed: "54383" "COSMOS 2566"
Satellite removed: "55978" "COSMOS 2567"
Satellite removed: "57517" "COSMOS 2569 (703K)"
Satellite removed: "58148" "COSMOS 2570"
Satellite removed: "58172" "COSMOS 2571"
Satellite removed: "58435" "COSMOS 2572"
Satellite removed: "58614" "COSMOS 2573"
Satellite removed: "58929" "COSMOS 2575"
Satellite removed: "59773" "COSMOS 2576"
Satellite removed: "63130" "COSMOS 2584 (704K)"
Satellite removed: "65590" "COSMOS 2596 (708K)"
Satellite removed: "67796" "CREW DRAGON 12"
Satellite removed: "36508" "CRYOSAT 2"
Satellite removed: "49261" "CS1"
Satellite removed: "49262" "CS2"
Satellite removed: "58022" "CSC-1"
Satellite removed: "58021" "CSC-2"
Satellite removed: "44873" "CSG-1"
Satellite removed: "51444" "CSG-2"
Satellite removed: "54216" "CSS (MENGTIAN)"
Satellite removed: "53239" "CSS (WENTIAN)"
Satellite removed: "57202" "CSTP 1.1 (STC 1.1)"
Satellite removed: "57186" "CSTP 1.2 (STC 1.2)"
Satellite removed: "60527" "CUAVA-2"
Satellite removed: "47448" "CUBEL"
Satellite removed: "27848" "CUBESAT XI-IV (CO-57)"
Satellite removed: "28895" "CUBESAT XI-V"
Satellite removed: "57178" "CUBESX-HSE 3 (RS42S)"
Satellite removed: "49264" "CUPID"
Satellite removed: "25867" "CXO"
Satellite removed: "41887" "CYGFM01"
Satellite removed: "41886" "CYGFM02"
Satellite removed: "41891" "CYGFM03"
Satellite removed: "41885" "CYGFM04"
Satellite removed: "41884" "CYGFM05"
Satellite removed: "41890" "CYGFM07"
Satellite removed: "41888" "CYGFM08"
Satellite removed: "68689" "CYGNUS NG-24"
Satellite removed: "28222" "CZ-2C R/B"
Satellite removed: "28480" "CZ-2C R/B"
Satellite removed: "31114" "CZ-2C R/B"
Satellite removed: "37731" "CZ-2C R/B"
Satellite removed: "52794" "CZ-2C R/B"
Satellite removed: "54039" "CZ-2C R/B"
Satellite removed: "28738" "CZ-2D R/B"
Satellite removed: "25732" "CZ-4B R/B"
Satellite removed: "27432" "CZ-4B R/B"
Satellite removed: "28059" "CZ-4B R/B"
Satellite removed: "28415" "CZ-4B R/B"
Satellite removed: "29507" "CZ-4B R/B"
Satellite removed: "66004" "CZ-8A R/B"
Satellite removed: "41173" "DAMPE"
Satellite removed: "52257" "DAQI-1"
Satellite removed: "60526" "DEIMOS"
Satellite removed: "35681" "DEIMOS-1"
Satellite removed: "40013" "DEIMOS-2"
Satellite removed: "46493" "DEKART"
Satellite removed: "20323" "DELTA 1 R/B"
Satellite removed: "25876" "DELTA 2 R/B"
Satellite removed: "20453" "DELTA 2 R/B(1)"
Satellite removed: "48951" "DEMO8 (TENZING)"
Satellite removed: "32729" "DIRECTV 11"
Satellite removed: "36131" "DIRECTV 12"
Satellite removed: "40333" "DIRECTV 14"
Satellite removed: "40663" "DIRECTV 15"
Satellite removed: "27426" "DIRECTV 5 (TEMPO 1)"
Satellite removed: "28659" "DIRECTV 8"
Satellite removed: "29494" "DIRECTV 9S"
Satellite removed: "25757" "DLR-TUBSAT"
Satellite removed: "40715" "DMC3-FM1"
Satellite removed: "40716" "DMC3-FM2"
Satellite removed: "40717" "DMC3-FM3"
Satellite removed: "28054" "DMSP 5D-3 F16 (USA 172)"
Satellite removed: "29522" "DMSP 5D-3 F17 (USA 191)"
Satellite removed: "35951" "DMSP 5D-3 F18 (USA 210)"
Satellite removed: "53453" "DONGPO 01"
Satellite removed: "53452" "DONGPO 02"
Satellite removed: "53444" "DONGPO 07"
Satellite removed: "54686" "DONGPO 08"
Satellite removed: "54685" "DONGPO 09"
Satellite removed: "54689" "DONGPO 10"
Satellite removed: "58500" "DOORY-SAT"
Satellite removed: "46955" "DRAGRACER 2 (AUGURY)"
Satellite removed: "49401" "DRUMS"
Satellite removed: "52935" "DS-EO"
Satellite removed: "44344" "DSX"
Satellite removed: "35682" "DUBAISAT-1"
Satellite removed: "39419" "DUBAISAT-2"
Satellite removed: "40021" "DUCHIFAT-1"
Satellite removed: "59479" "DUMMY SAT 3"
Satellite removed: "66906" "DUPLEX"
Satellite removed: "40071" "DX1"
Satellite removed: "60508" "EAGLEEYE"
Satellite removed: "59908" "EARTHCARE"
Satellite removed: "28935" "ECHOSTAR 10"
Satellite removed: "33207" "ECHOSTAR 11"
Satellite removed: "36499" "ECHOSTAR 14"
Satellite removed: "36792" "ECHOSTAR 15"
Satellite removed: "39008" "ECHOSTAR 16"
Satellite removed: "38551" "ECHOSTAR 17"
Satellite removed: "41592" "ECHOSTAR 18"
Satellite removed: "41893" "ECHOSTAR 19"
Satellite removed: "42749" "ECHOSTAR 21"
Satellite removed: "42070" "ECHOSTAR 23"
Satellite removed: "44475" "EDRS-C"
Satellite removed: "44047" "EGYPTSAT-A (MISRSAT-A)"
Satellite removed: "58753" "EINSTEIN PROBE"
Satellite removed: "41105" "ELEKTRO-L 2"
Satellite removed: "44903" "ELEKTRO-L 3"
Satellite removed: "55506" "ELEKTRO-L 4"
Satellite removed: "44078" "EMISAT"
Satellite removed: "52159" "ENMAP"
Satellite removed: "27386" "ENVISAT"
Satellite removed: "60454" "EOS-08"
Satellite removed: "51656" "EOS-4"
Satellite removed: "54361" "EOS-6 (OCEANSAT-3)"
Satellite removed: "55053" "EOSSAT-1"
Satellite removed: "60528" "ERNST"
Satellite removed: "54880" "EROS C3"
Satellite removed: "21574" "ERS-1"
Satellite removed: "39233" "ES'HAIL 1"
Satellite removed: "44880" "ETRSS-1"
Satellite removed: "51060" "ETV-A1"
Satellite removed: "43807" "EUCROPIS"
Satellite removed: "54259" "EUTELSAT 10B"
Satellite removed: "40425" "EUTELSAT 115 WEST B"
Satellite removed: "39122" "EUTELSAT 117 WEST A"
Satellite removed: "41589" "EUTELSAT 117 WEST B (W*)"
Satellite removed: "37836" "EUTELSAT 16A"
Satellite removed: "42741" "EUTELSAT 172B"
Satellite removed: "28924" "EUTELSAT 174A"
Satellite removed: "38992" "EUTELSAT 21B"
Satellite removed: "29270" "EUTELSAT 33F"
Satellite removed: "36101" "EUTELSAT 36B"
Satellite removed: "59346" "EUTELSAT 36D"
Satellite removed: "39773" "EUTELSAT 3B"
Satellite removed: "44624" "EUTELSAT 5 WEST B (EGN*)"
Satellite removed: "40277" "EUTELSAT 53A"
Satellite removed: "41382" "EUTELSAT 65 WEST A"
Satellite removed: "37816" "EUTELSAT 7 WEST A"
Satellite removed: "39020" "EUTELSAT 70B"
Satellite removed: "39163" "EUTELSAT 7B"
Satellite removed: "44334" "EUTELSAT 7C"
Satellite removed: "40875" "EUTELSAT 8 WEST B"
Satellite removed: "41310" "EUTELSAT 9B"
Satellite removed: "33459" "EUTELSAT HOTBIRD 13C"
Satellite removed: "54048" "EUTELSAT HOTBIRD 13F"
Satellite removed: "54225" "EUTELSAT HOTBIRD 13G"
Satellite removed: "37258" "EUTELSAT KA-SAT 9A"
Satellite removed: "45027" "EUTELSAT KONNECT"
Satellite removed: "53765" "EUTELSAT KONNECT VHTS"
Satellite removed: "49056" "EUTELSAT QUANTUM"
Satellite removed: "36411" "EWS-G2 (GOES 15)"
Satellite removed: "35491" "EWS-G3 (GOES 14)"
Satellite removed: "38709" "EXACTVIEW-1 (ADS-1B)"
Satellite removed: "43819" "EXCITE"
Satellite removed: "59175" "EXO-0"
Satellite removed: "45985" "EXPRESS 103"
Satellite removed: "45986" "EXPRESS 80"
Satellite removed: "50002" "EXPRESS AMU-3"
Satellite removed: "50001" "EXPRESS AMU-7"
Satellite removed: "33595" "EXPRESS-AM44"
Satellite removed: "39487" "EXPRESS-AM5"
Satellite removed: "40505" "EXPRESS-AM7"
Satellite removed: "40895" "EXPRESS-AM8"
Satellite removed: "41191" "EXPRESS-AMU1"
Satellite removed: "39612" "EXPRESS-AT1"
Satellite removed: "39613" "EXPRESS-AT2"
Satellite removed: "38745" "EXPRESS-MD2"
Satellite removed: "47226" "FALCON EYE 2"
Satellite removed: "58291" "FALCONSAT-10"
Satellite removed: "43815" "FALCONSAT-6"
Satellite removed: "40367" "FENGYUN 2G"
Satellite removed: "43491" "FENGYUN 2H"
Satellite removed: "32958" "FENGYUN 3A"
Satellite removed: "37214" "FENGYUN 3B"
Satellite removed: "39260" "FENGYUN 3C"
Satellite removed: "43010" "FENGYUN 3D"
Satellite removed: "49008" "FENGYUN 3E"
Satellite removed: "57490" "FENGYUN 3F"
Satellite removed: "56232" "FENGYUN 3G"
Satellite removed: "41882" "FENGYUN 4A"
Satellite removed: "48808" "FENGYUN 4B"
Satellite removed: "33053" "FGRST (GLAST)"
Satellite removed: "60518" "FLOCK 4BE-1"
Satellite removed: "60501" "FLOCK 4BE-11"
Satellite removed: "60512" "FLOCK 4BE-13"
Satellite removed: "60517" "FLOCK 4BE-14"
Satellite removed: "60492" "FLOCK 4BE-17"
Satellite removed: "60480" "FLOCK 4BE-18"
Satellite removed: "60563" "FLOCK 4BE-19"
Satellite removed: "60489" "FLOCK 4BE-20"
Satellite removed: "60494" "FLOCK 4BE-22"
Satellite removed: "60490" "FLOCK 4BE-23"
Satellite removed: "60505" "FLOCK 4BE-24"
Satellite removed: "60487" "FLOCK 4BE-25"
Satellite removed: "60513" "FLOCK 4BE-27"
Satellite removed: "60519" "FLOCK 4BE-28"
Satellite removed: "60509" "FLOCK 4BE-29"
Satellite removed: "60561" "FLOCK 4BE-3"
Satellite removed: "60488" "FLOCK 4BE-31"
Satellite removed: "60497" "FLOCK 4BE-32"
Satellite removed: "60495" "FLOCK 4BE-34"
Satellite removed: "60486" "FLOCK 4BE-36"
Satellite removed: "60559" "FLOCK 4BE-5"
Satellite removed: "60516" "FLOCK 4BE-6"
Satellite removed: "60481" "FLOCK 4BE-7"
Satellite removed: "60514" "FLOCK 4BE-9"
Satellite removed: "58273" "FLOCK 4Q-11"
Satellite removed: "58328" "FLOCK 4Q-13"
Satellite removed: "58271" "FLOCK 4Q-16"
Satellite removed: "58320" "FLOCK 4Q-2"
Satellite removed: "58327" "FLOCK 4Q-4"
Satellite removed: "58322" "FLOCK 4Q-9"
Satellite removed: "44885" "FLORIPASAT-1"
Satellite removed: "20253" "FLTSATCOM 8 (USA 46)"
Satellite removed: "42831" "FLYING LAPTOP"
Satellite removed: "35493" "FM-5"
Satellite removed: "39360" "FM-6"
Satellite removed: "44349" "FORMOSAT 7-1"
Satellite removed: "44351" "FORMOSAT 7-2"
Satellite removed: "44343" "FORMOSAT 7-3"
Satellite removed: "44350" "FORMOSAT 7-4"
Satellite removed: "44358" "FORMOSAT 7-5"
Satellite removed: "44353" "FORMOSAT 7-6"
Satellite removed: "42920" "FORMOSAT-5"
Satellite removed: "58017" "FORMOSAT-7R (TRITON)"
Satellite removed: "24920" "FORTE"
Satellite removed: "40967" "FOX-1A (AO-85)"
Satellite removed: "49271" "FREGAT DEB"
Satellite removed: "27954" "GALAXY 13 (HORIZONS-1)"
Satellite removed: "29236" "GALAXY 16 (G-16)"
Satellite removed: "31307" "GALAXY 17 (G-17)"
Satellite removed: "32951" "GALAXY 18 (G-18)"
Satellite removed: "33376" "GALAXY 19 (G-19)"
Satellite removed: "28702" "GALAXY 28 (G-28)"
Satellite removed: "46114" "GALAXY 30 (WAAS/PRN 135)"
Satellite removed: "54243" "GALAXY 31 (G-31)"
Satellite removed: "54244" "GALAXY 32 (G-32)"
Satellite removed: "54026" "GALAXY 33 (G-33)"
Satellite removed: "54027" "GALAXY 34 (G-34)"
Satellite removed: "54741" "GALAXY 35 (G-35)"
Satellite removed: "54742" "GALAXY 36 (G-36)"
Satellite removed: "57493" "GALAXY 37 (G-37)"
Satellite removed: "27445" "GALAXY 3C (G-3C)"
Satellite removed: "45856" "GAOFEN DUOMO (GFDM)"
Satellite removed: "39150" "GAOFEN-1"
Satellite removed: "43259" "GAOFEN-1 02"
Satellite removed: "43260" "GAOFEN-1 03"
Satellite removed: "43262" "GAOFEN-1 04"
Satellite removed: "44622" "GAOFEN-10R"
Satellite removed: "43585" "GAOFEN-11 01"
Satellite removed: "46396" "GAOFEN-11 02"
Satellite removed: "49492" "GAOFEN-11 03"
Satellite removed: "54818" "GAOFEN-11 04"
Satellite removed: "60249" "GAOFEN-11 05"
Satellite removed: "44819" "GAOFEN-12 01"
Satellite removed: "48079" "GAOFEN-12 02"
Satellite removed: "52912" "GAOFEN-12 03"
Satellite removed: "57654" "GAOFEN-12 04"
Satellite removed: "46610" "GAOFEN-13 01"
Satellite removed: "55912" "GAOFEN-13 02"
Satellite removed: "47231" "GAOFEN-14 01"
Satellite removed: "40118" "GAOFEN-2"
Satellite removed: "41727" "GAOFEN-3"
Satellite removed: "49495" "GAOFEN-3 02"
Satellite removed: "52200" "GAOFEN-3 03"
Satellite removed: "41194" "GAOFEN-4"
Satellite removed: "43461" "GAOFEN-5 01"
Satellite removed: "54640" "GAOFEN-5 01A"
Satellite removed: "49122" "GAOFEN-5 02"
Satellite removed: "43484" "GAOFEN-6"
Satellite removed: "44703" "GAOFEN-7"
Satellite removed: "40701" "GAOFEN-8"
Satellite removed: "40894" "GAOFEN-9 01"
Satellite removed: "45625" "GAOFEN-9 02"
Satellite removed: "45794" "GAOFEN-9 03"
Satellite removed: "46025" "GAOFEN-9 04"
Satellite removed: "46232" "GAOFEN-9 05"
Satellite removed: "43065" "GCOM-C (SHIKISAI)"
Satellite removed: "38337" "GCOM-W1 (SHIZUKU)"
Satellite removed: "52785" "GEESAT-1 01"
Satellite removed: "52786" "GEESAT-1 02"
Satellite removed: "52787" "GEESAT-1 03"
Satellite removed: "52788" "GEESAT-1 04"
Satellite removed: "52789" "GEESAT-1 05"
Satellite removed: "52790" "GEESAT-1 06"
Satellite removed: "52791" "GEESAT-1 07"
Satellite removed: "52792" "GEESAT-1 08"
Satellite removed: "52793" "GEESAT-1 09"
Satellite removed: "58905" "GEESAT-2 01"
Satellite removed: "58906" "GEESAT-2 02"
Satellite removed: "58907" "GEESAT-2 03"
Satellite removed: "58908" "GEESAT-2 04"
Satellite removed: "58909" "GEESAT-2 05"
Satellite removed: "58910" "GEESAT-2 06"
Satellite removed: "58911" "GEESAT-2 07"
Satellite removed: "58912" "GEESAT-2 08"
Satellite removed: "58913" "GEESAT-2 09"
Satellite removed: "58914" "GEESAT-2 10"
Satellite removed: "58915" "GEESAT-2 11"
Satellite removed: "61011" "GEESAT-3 01"
Satellite removed: "61012" "GEESAT-3 02"
Satellite removed: "61013" "GEESAT-3 03"
Satellite removed: "61014" "GEESAT-3 04"
Satellite removed: "61015" "GEESAT-3 05"
Satellite removed: "61016" "GEESAT-3 06"
Satellite removed: "61017" "GEESAT-3 07"
Satellite removed: "61018" "GEESAT-3 08"
Satellite removed: "61019" "GEESAT-3 09"
Satellite removed: "61020" "GEESAT-3 10"
Satellite removed: "56934" "GEISAT PRECURSOR"
Satellite removed: "58276" "GENMAT-1"
Satellite removed: "43823" "GEO-KOMPSAT-2A"
Satellite removed: "45246" "GEO-KOMPSAT-2B"
Satellite removed: "33331" "GEOEYE 1"
Satellite removed: "64880" "GEOSCAN 1 (RS92S1)"
Satellite removed: "64890" "GEOSCAN 2 (RS92S2)"
Satellite removed: "64893" "GEOSCAN 3 (RS92S3)"
Satellite removed: "64892" "GEOSCAN 4 (RS92S4)"
Satellite removed: "64891" "GEOSCAN 5 (RS92S5)"
Satellite removed: "64879" "GEOSCAN 6 (RS92S6)"
Satellite removed: "46278" "GHGSAT-C1"
Satellite removed: "47509" "GHGSAT-C2"
Satellite removed: "52737" "GHGSAT-C3"
Satellite removed: "52746" "GHGSAT-C4"
Satellite removed: "52744" "GHGSAT-C5"
Satellite removed: "56204" "GHGSAT-C6"
Satellite removed: "56209" "GHGSAT-C7"
Satellite removed: "56186" "GHGSAT-C8"
Satellite removed: "56958" "GHOST-3"
Satellite removed: "59133" "GHOST-4"
Satellite removed: "59130" "GHOST-5"
Satellite removed: "49772" "GLOBAL-12"
Satellite removed: "49773" "GLOBAL-13"
Satellite removed: "49469" "GLOBAL-14"
Satellite removed: "49950" "GLOBAL-16"
Satellite removed: "49949" "GLOBAL-17"
Satellite removed: "52196" "GLOBAL-18"
Satellite removed: "55982" "GLOBAL-19"
Satellite removed: "43812" "GLOBAL-2"
Satellite removed: "44499" "GLOBAL-4"
Satellite removed: "47971" "GLOBAL-9"
Satellite removed: "32265" "GLOBALSTAR M066"
Satellite removed: "31573" "GLOBALSTAR M069"
Satellite removed: "31574" "GLOBALSTAR M072"
Satellite removed: "37193" "GLOBALSTAR M073"
Satellite removed: "37189" "GLOBALSTAR M074"
Satellite removed: "37192" "GLOBALSTAR M075"
Satellite removed: "37190" "GLOBALSTAR M076"
Satellite removed: "37191" "GLOBALSTAR M077"
Satellite removed: "39076" "GLOBALSTAR M078"
Satellite removed: "37188" "GLOBALSTAR M079"
Satellite removed: "38041" "GLOBALSTAR M080"
Satellite removed: "37743" "GLOBALSTAR M081"
Satellite removed: "38042" "GLOBALSTAR M082"
Satellite removed: "37739" "GLOBALSTAR M083"
Satellite removed: "38040" "GLOBALSTAR M084"
Satellite removed: "37742" "GLOBALSTAR M085"
Satellite removed: "38045" "GLOBALSTAR M086"
Satellite removed: "52888" "GLOBALSTAR M087"
Satellite removed: "37740" "GLOBALSTAR M088"
Satellite removed: "37744" "GLOBALSTAR M089"
Satellite removed: "38044" "GLOBALSTAR M090"
Satellite removed: "37741" "GLOBALSTAR M091"
Satellite removed: "38043" "GLOBALSTAR M092"
Satellite removed: "39073" "GLOBALSTAR M093"
Satellite removed: "39074" "GLOBALSTAR M094"
Satellite removed: "39077" "GLOBALSTAR M095"
Satellite removed: "39075" "GLOBALSTAR M096"
Satellite removed: "39072" "GLOBALSTAR M097"
Satellite removed: "47346" "GMS-T"
Satellite removed: "46266" "GNOMES-1"
Satellite removed: "52158" "GNOMES-3"
Satellite removed: "58462" "GNOMES-4"
Satellite removed: "60574" "GNOMES-5"
Satellite removed: "41866" "GOES 16"
Satellite removed: "43226" "GOES 17"
Satellite removed: "51850" "GOES 18"
Satellite removed: "60133" "GOES 19"
Satellite removed: "41875" "GOKTURK 1A"
Satellite removed: "39030" "GOKTURK 2"
Satellite removed: "40063" "GONETS-M 10"
Satellite removed: "40552" "GONETS-M 11"
Satellite removed: "40553" "GONETS-M 12"
Satellite removed: "40554" "GONETS-M 13"
Satellite removed: "44905" "GONETS-M 14"
Satellite removed: "44906" "GONETS-M 15"
Satellite removed: "44907" "GONETS-M 16"
Satellite removed: "46486" "GONETS-M 17"
Satellite removed: "46487" "GONETS-M 18"
Satellite removed: "46488" "GONETS-M 19"
Satellite removed: "47227" "GONETS-M 20"
Satellite removed: "47228" "GONETS-M 21"
Satellite removed: "47229" "GONETS-M 22"
Satellite removed: "54150" "GONETS-M 23"
Satellite removed: "54151" "GONETS-M 24"
Satellite removed: "54152" "GONETS-M 25"
Satellite removed: "38734" "GONETS-M 3"
Satellite removed: "38736" "GONETS-M 4"
Satellite removed: "39249" "GONETS-M 5"
Satellite removed: "39250" "GONETS-M 6"
Satellite removed: "39251" "GONETS-M 7"
Satellite removed: "40061" "GONETS-M 8"
Satellite removed: "40062" "GONETS-M 9"
Satellite removed: "33492" "GOSAT (IBUKI)"
Satellite removed: "43672" "GOSAT 2 (IBUKI 1)"
Satellite removed: "39574" "GPM-CORE"
Satellite removed: "36585" "GPS BIIF-1  (PRN 25)"
Satellite removed: "40730" "GPS BIIF-10 (PRN 08)"
Satellite removed: "41019" "GPS BIIF-11 (PRN 10)"
Satellite removed: "41328" "GPS BIIF-12 (PRN 32)"
Satellite removed: "38833" "GPS BIIF-3  (PRN 24)"
Satellite removed: "39166" "GPS BIIF-4  (PRN 27)"
Satellite removed: "39533" "GPS BIIF-5  (PRN 30)"
Satellite removed: "39741" "GPS BIIF-6  (PRN 06)"
Satellite removed: "40105" "GPS BIIF-7  (PRN 09)"
Satellite removed: "40294" "GPS BIIF-8  (PRN 03)"
Satellite removed: "40534" "GPS BIIF-9  (PRN 26)"
Satellite removed: "43873" "GPS BIII-1  (PRN 04)"
Satellite removed: "68791" "GPS BIII-10 (PRN 13)"
Satellite removed: "44506" "GPS BIII-2  (PRN 18)"
Satellite removed: "45854" "GPS BIII-3  (PRN 23)"
Satellite removed: "46826" "GPS BIII-4  (PRN 14)"
Satellite removed: "48859" "GPS BIII-5  (PRN 11)"
Satellite removed: "55268" "GPS BIII-6  (PRN 28)"
Satellite removed: "62339" "GPS BIII-7  (PRN 01)"
Satellite removed: "64202" "GPS BIII-8  (PRN 21)"
Satellite removed: "67588" "GPS BIII-9  (PRN 20)"
Satellite removed: "28190" "GPS BIIR-11 (PRN 19)"
Satellite removed: "28474" "GPS BIIR-13 (PRN 02)"
Satellite removed: "26407" "GPS BIIR-5  (PRN 22)"
Satellite removed: "27663" "GPS BIIR-8  (PRN 16)"
Satellite removed: "28874" "GPS BIIRM-1 (PRN 17)"
Satellite removed: "29486" "GPS BIIRM-2 (PRN 31)"
Satellite removed: "29601" "GPS BIIRM-3 (PRN 12)"
Satellite removed: "32260" "GPS BIIRM-4 (PRN 15)"
Satellite removed: "32384" "GPS BIIRM-5 (PRN 29)"
Satellite removed: "32711" "GPS BIIRM-6 (PRN 07)"
Satellite removed: "35752" "GPS BIIRM-8 (PRN 05)"
Satellite removed: "43476" "GRACE-FO 1"
Satellite removed: "43477" "GRACE-FO 2"
Satellite removed: "53109" "GREENCUBE (IO-117)"
Satellite removed: "56946" "GREGOIRE"
Satellite removed: "43890" "GRUS-1A"
Satellite removed: "47934" "GRUS-1B"
Satellite removed: "47933" "GRUS-1C"
Satellite removed: "47936" "GRUS-1D"
Satellite removed: "47935" "GRUS-1E"
Satellite removed: "56372" "GS-1"
Satellite removed: "38779" "GSAT-10 (GAGAN/PRN 128)"
Satellite removed: "43824" "GSAT-11"
Satellite removed: "39498" "GSAT-14"
Satellite removed: "41028" "GSAT-15 (GAGAN/PRN 139)"
Satellite removed: "40332" "GSAT-16"
Satellite removed: "42815" "GSAT-17"
Satellite removed: "41793" "GSAT-18"
Satellite removed: "42747" "GSAT-19"
Satellite removed: "43698" "GSAT-29"
Satellite removed: "45026" "GSAT-30"
Satellite removed: "44035" "GSAT-31"
Satellite removed: "40880" "GSAT-6"
Satellite removed: "39234" "GSAT-7"
Satellite removed: "43864" "GSAT-7A"
Satellite removed: "37605" "GSAT-8 (GAGAN/PRN 127)"
Satellite removed: "42695" "GSAT-9"
Satellite removed: "37846" "GSAT0101 (GALILEO-PFM)"
Satellite removed: "37847" "GSAT0102 (GALILEO-FM2)"
Satellite removed: "38857" "GSAT0103 (GALILEO-FM3)"
Satellite removed: "40128" "GSAT0201 (GALILEO 5)"
Satellite removed: "40129" "GSAT0202 (GALILEO 6)"
Satellite removed: "40544" "GSAT0203 (GALILEO 7)"
Satellite removed: "40545" "GSAT0204 (GALILEO 8)"
Satellite removed: "40890" "GSAT0206 (GALILEO 10)"
Satellite removed: "41859" "GSAT0207 (GALILEO 15)"
Satellite removed: "41175" "GSAT0208 (GALILEO 11)"
Satellite removed: "41174" "GSAT0209 (GALILEO 12)"
Satellite removed: "41550" "GSAT0210 (GALILEO 13)"
Satellite removed: "41549" "GSAT0211 (GALILEO 14)"
Satellite removed: "41860" "GSAT0212 (GALILEO 16)"
Satellite removed: "41861" "GSAT0213 (GALILEO 17)"
Satellite removed: "41862" "GSAT0214 (GALILEO 18)"
Satellite removed: "43055" "GSAT0215 (GALILEO 19)"
Satellite removed: "43056" "GSAT0216 (GALILEO 20)"
Satellite removed: "43057" "GSAT0217 (GALILEO 21)"
Satellite removed: "43058" "GSAT0218 (GALILEO 22)"
Satellite removed: "43566" "GSAT0219 (GALILEO 23)"
Satellite removed: "43567" "GSAT0220 (GALILEO 24)"
Satellite removed: "43564" "GSAT0221 (GALILEO 25)"
Satellite removed: "43565" "GSAT0222 (GALILEO 26)"
Satellite removed: "49809" "GSAT0223 (GALILEO 27)"
Satellite removed: "49810" "GSAT0224 (GALILEO 28)"
Satellite removed: "59598" "GSAT0225 (GALILEO 29)"
Satellite removed: "61183" "GSAT0226 (GALILEO 31)"
Satellite removed: "59600" "GSAT0227 (GALILEO 30)"
Satellite removed: "61182" "GSAT0232 (GALILEO 32)"
Satellite removed: "67160" "GSAT0233 (GALILEO 33)"
Satellite removed: "67162" "GSAT0234 (GALILEO 34)"
Satellite removed: "54149" "GSLV R/B"
Satellite removed: "67685" "GXIBA-1"
Satellite removed: "27601" "H-2A R/B"
Satellite removed: "28932" "H-2A R/B"
Satellite removed: "38341" "H-2A R/B"
Satellite removed: "43682" "H-2A R/B"
Satellite removed: "57213" "H2SAT (HEINRICH HERTZ)"
Satellite removed: "31113" "HAIYANG-1B"
Satellite removed: "43609" "HAIYANG-1C"
Satellite removed: "45721" "HAIYANG-1D"
Satellite removed: "37781" "HAIYANG-2A"
Satellite removed: "43655" "HAIYANG-2B"
Satellite removed: "46469" "HAIYANG-2C"
Satellite removed: "48621" "HAIYANG-2D"
Satellite removed: "58349" "HAIYANG-3A"
Satellite removed: "59148" "HAMMER"
Satellite removed: "60540" "HAWK-10A"
Satellite removed: "60545" "HAWK-10B"
Satellite removed: "60575" "HAWK-10C"
Satellite removed: "47505" "HAWK-2A"
Satellite removed: "47508" "HAWK-2B"
Satellite removed: "47502" "HAWK-2C"
Satellite removed: "48957" "HAWK-3A"
Satellite removed: "48931" "HAWK-3B"
Satellite removed: "48948" "HAWK-3C"
Satellite removed: "52757" "HAWK-5A"
Satellite removed: "52756" "HAWK-5B"
Satellite removed: "52754" "HAWK-5C"
Satellite removed: "55327" "HAWK-6A"
Satellite removed: "55324" "HAWK-6B"
Satellite removed: "55326" "HAWK-6C"
Satellite removed: "56191" "HAWK-7A"
Satellite removed: "56193" "HAWK-7B"
Satellite removed: "56200" "HAWK-7C"
Satellite removed: "59443" "HAWK-8A"
Satellite removed: "59445" "HAWK-8B"
Satellite removed: "59449" "HAWK-8C"
Satellite removed: "59446" "HAWK-9A"
Satellite removed: "59450" "HAWK-9B"
Satellite removed: "59448" "HAWK-9C"
Satellite removed: "43765" "HAWK-A"
Satellite removed: "43794" "HAWK-B"
Satellite removed: "43799" "HAWK-C"
Satellite removed: "58960" "HBTSS-SV1"
Satellite removed: "58955" "HBTSS-SV2"
Satellite removed: "43011" "HEAD-1"
Satellite removed: "57626" "HEAD-3A"
Satellite removed: "57627" "HEAD-3B"
Satellite removed: "57628" "HEAD-3C"
Satellite removed: "57629" "HEAD-3D"
Satellite removed: "57630" "HEAD-3E"
Satellite removed: "25977" "HELIOS 1B"
Satellite removed: "27811" "HELLAS-SAT 2"
Satellite removed: "42814" "HELLAS-SAT 3"
Satellite removed: "44034" "HELLAS-SAT 4 & SGS-1"
Satellite removed: "49400" "HIBARI"
Satellite removed: "40267" "HIMAWARI-8"
Satellite removed: "41836" "HIMAWARI-9"
Satellite removed: "29479" "HINODE (SOLAR-B)"
Satellite removed: "39253" "HISAKI (SPRINT-A)"
Satellite removed: "37264" "HISPASAT 30W-5"
Satellite removed: "43228" "HISPASAT 30W-6"
Satellite removed: "41942" "HISPASAT 36W-1"
Satellite removed: "46478" "HJ-2A"
Satellite removed: "46479" "HJ-2B"
Satellite removed: "54035" "HJ-2E"
Satellite removed: "57519" "HJ-2F"
Satellite removed: "67688" "HMU-SAT2"
Satellite removed: "40015" "HODOYOSHI-3"
Satellite removed: "40011" "HODOYOSHI-4"
Satellite removed: "43914" "HONGYAN 1 (CHONGQING)"
Satellite removed: "43871" "HONGYUN 1"
Satellite removed: "59098" "HORACIO"
Satellite removed: "32388" "HORIZONS-2"
Satellite removed: "43633" "HORIZONS-3E"
Satellite removed: "57188" "HORS 1"
Satellite removed: "57196" "HORS 2"
Satellite removed: "61753" "HORS 3 (RS81S)"
Satellite removed: "61754" "HORS 4 (RS82S)"
Satellite removed: "55690" "HORUS 1"
Satellite removed: "55844" "HORUS 2"
Satellite removed: "66052" "HRC MONOBLOCK CAMERA"
Satellite removed: "20580" "HST"
Satellite removed: "33320" "HUANJING 1A (HJ-1A)"
Satellite removed: "33321" "HUANJING 1B (HJ-1B)"
Satellite removed: "59069" "HULIANWAN GAOGUI-01 (H*)"
Satellite removed: "60327" "HULIANWAN GAOGUI-02 (H*)"
Satellite removed: "57288" "HULIANWANG JISHU SHIYAN*"
Satellite removed: "57289" "HULIANWANG JISHU SHIYAN*"
Satellite removed: "58691" "HULIANWANG JISHU SHIYAN*"
Satellite removed: "58692" "HULIANWANG JISHU SHIYAN*"
Satellite removed: "58693" "HULIANWANG JISHU SHIYAN*"
Satellite removed: "55093" "HUYGENS"
Satellite removed: "42758" "HXMT (HUIYAN)"
Satellite removed: "37237" "HYLAS 1"
Satellite removed: "38741" "HYLAS 2"
Satellite removed: "43272" "HYLAS 4"
Satellite removed: "60562" "HYPERFIELD-1A"
Satellite removed: "51053" "HYPSO-1"
Satellite removed: "60531" "HYPSO-2"
Satellite removed: "43719" "HYSIS"
Satellite removed: "43613" "ICESAT-2"
Satellite removed: "43800" "ICEYE-X2"
Satellite removed: "56963" "ICEYE-X25"
Satellite removed: "58288" "ICEYE-X31"
Satellite removed: "60548" "ICEYE-X33"
Satellite removed: "58294" "ICEYE-X34"
Satellite removed: "58302" "ICEYE-X35"
Satellite removed: "59103" "ICEYE-X36"
Satellite removed: "59102" "ICEYE-X37"
Satellite removed: "59100" "ICEYE-X38"
Satellite removed: "60546" "ICEYE-X39"
Satellite removed: "44390" "ICEYE-X4"
Satellite removed: "60549" "ICEYE-X40"
Satellite removed: "60539" "ICEYE-X43"
Satellite removed: "46497" "ICEYE-X6"
Satellite removed: "46496" "ICEYE-X7"
Satellite removed: "32763" "ICO G1"
Satellite removed: "27422" "IDEFIX & ARIANE 42P R/B"
Satellite removed: "44859" "IHOPSAT-TD"
Satellite removed: "26113" "IMAGE"
Satellite removed: "56178" "IMECE"
Satellite removed: "23839" "INMARSAT 3-F1"
Satellite removed: "24307" "INMARSAT 3-F2"
Satellite removed: "24674" "INMARSAT 3-F3"
Satellite removed: "25153" "INMARSAT 3-F5"
Satellite removed: "28628" "INMARSAT 4-F1"
Satellite removed: "28899" "INMARSAT 4-F2 (SOUTHPA*)"
Satellite removed: "33278" "INMARSAT 4-F3"
Satellite removed: "39476" "INMARSAT 5-F1"
Satellite removed: "40384" "INMARSAT 5-F2"
Satellite removed: "40882" "INMARSAT 5-F3"
Satellite removed: "42698" "INMARSAT 5-F4"
Satellite removed: "50319" "INMARSAT 6-F1"
Satellite removed: "44801" "INMARSAT GX5"
Satellite removed: "64878" "INNOSAT 16 (RS92S7)"
Satellite removed: "64894" "INNOSAT 3 (RS92S0)"
Satellite removed: "39216" "INSAT-3D"
Satellite removed: "41752" "INSAT-3DR"
Satellite removed: "58990" "INSAT-3DS"
Satellite removed: "28358" "INTELSAT 10-02"
Satellite removed: "32253" "INTELSAT 11 (IS-11)"
Satellite removed: "36097" "INTELSAT 14 (IS-14)"
Satellite removed: "36106" "INTELSAT 15 (IS-15)"
Satellite removed: "36397" "INTELSAT 16 (IS-16)"
Satellite removed: "37238" "INTELSAT 17 (IS-17)"
Satellite removed: "37834" "INTELSAT 18 (IS-18)"
Satellite removed: "38356" "INTELSAT 19 (IS-19)"
Satellite removed: "38740" "INTELSAT 20 (IS-20)"
Satellite removed: "38749" "INTELSAT 21 (IS-21)"
Satellite removed: "38098" "INTELSAT 22 (IS-22)"
Satellite removed: "38867" "INTELSAT 23 (IS-23)"
Satellite removed: "37392" "INTELSAT 28 (IS-28)"
Satellite removed: "40271" "INTELSAT 30 (IS-30)"
Satellite removed: "41581" "INTELSAT 31 (IS-31)"
Satellite removed: "41945" "INTELSAT 32E (IS-32E)"
Satellite removed: "40874" "INTELSAT 34 (IS-34)"
Satellite removed: "42818" "INTELSAT 35E (IS-35E)"
Satellite removed: "41747" "INTELSAT 36 (IS-36)"
Satellite removed: "42950" "INTELSAT 37E (IS-37E)"
Satellite removed: "44476" "INTELSAT 39 (IS-39)"
Satellite removed: "56174" "INTELSAT 40E (IS-40E)"
Satellite removed: "26900" "INTELSAT 902 (IS-902)"
Satellite removed: "27380" "INTELSAT 904 (IS-904)"
Satellite removed: "27438" "INTELSAT 905 (IS-905)"
Satellite removed: "27513" "INTELSAT 906 (IS-906)"
Satellite removed: "20261" "INTERCOSMOS 24"
Satellite removed: "21819" "INTERCOSMOS 25"
Satellite removed: "47504" "ION SCV-002"
Satellite removed: "50993" "ION SCV-004"
Satellite removed: "52761" "ION SCV-006"
Satellite removed: "55060" "ION SCV-007"
Satellite removed: "55051" "ION SCV-008"
Satellite removed: "56192" "ION SCV-010"
Satellite removed: "56957" "ION SCV-011"
Satellite removed: "60573" "ION SCV-012"
Satellite removed: "58300" "ION SCV-013"
Satellite removed: "58469" "ION SCV-015"
Satellite removed: "60520" "IPERDRONE.0"
Satellite removed: "47242" "IPM 2 & BREEZE-M R/B"
Satellite removed: "42956" "IRIDIUM 100"
Satellite removed: "41920" "IRIDIUM 102"
Satellite removed: "41918" "IRIDIUM 103"
Satellite removed: "41922" "IRIDIUM 104"
Satellite removed: "41921" "IRIDIUM 105"
Satellite removed: "41917" "IRIDIUM 106"
Satellite removed: "42960" "IRIDIUM 107"
Satellite removed: "41924" "IRIDIUM 108"
Satellite removed: "41919" "IRIDIUM 109"
Satellite removed: "43481" "IRIDIUM 110"
Satellite removed: "41926" "IRIDIUM 111"
Satellite removed: "41925" "IRIDIUM 112"
Satellite removed: "42803" "IRIDIUM 113"
Satellite removed: "41923" "IRIDIUM 114"
Satellite removed: "42806" "IRIDIUM 115"
Satellite removed: "43072" "IRIDIUM 116"
Satellite removed: "42808" "IRIDIUM 117"
Satellite removed: "42807" "IRIDIUM 118"
Satellite removed: "42959" "IRIDIUM 119"
Satellite removed: "42805" "IRIDIUM 120"
Satellite removed: "42812" "IRIDIUM 121"
Satellite removed: "42957" "IRIDIUM 122"
Satellite removed: "42804" "IRIDIUM 123"
Satellite removed: "42810" "IRIDIUM 124"
Satellite removed: "42964" "IRIDIUM 125"
Satellite removed: "42809" "IRIDIUM 126"
Satellite removed: "42811" "IRIDIUM 128"
Satellite removed: "42958" "IRIDIUM 129"
Satellite removed: "43073" "IRIDIUM 130"
Satellite removed: "43079" "IRIDIUM 131"
Satellite removed: "42961" "IRIDIUM 132"
Satellite removed: "42955" "IRIDIUM 133"
Satellite removed: "43075" "IRIDIUM 134"
Satellite removed: "43070" "IRIDIUM 135"
Satellite removed: "42962" "IRIDIUM 136"
Satellite removed: "43076" "IRIDIUM 137"
Satellite removed: "43071" "IRIDIUM 138"
Satellite removed: "42963" "IRIDIUM 139"
Satellite removed: "43252" "IRIDIUM 140"
Satellite removed: "43077" "IRIDIUM 141"
Satellite removed: "43256" "IRIDIUM 142"
Satellite removed: "43258" "IRIDIUM 143"
Satellite removed: "43249" "IRIDIUM 144"
Satellite removed: "43253" "IRIDIUM 145"
Satellite removed: "43254" "IRIDIUM 146"
Satellite removed: "43480" "IRIDIUM 147"
Satellite removed: "43255" "IRIDIUM 148"
Satellite removed: "43250" "IRIDIUM 149"
Satellite removed: "43257" "IRIDIUM 150"
Satellite removed: "43074" "IRIDIUM 151"
Satellite removed: "43479" "IRIDIUM 152"
Satellite removed: "43078" "IRIDIUM 153"
Satellite removed: "43574" "IRIDIUM 154"
Satellite removed: "43573" "IRIDIUM 155"
Satellite removed: "43576" "IRIDIUM 156"
Satellite removed: "43251" "IRIDIUM 157"
Satellite removed: "43571" "IRIDIUM 158"
Satellite removed: "43578" "IRIDIUM 159"
Satellite removed: "43569" "IRIDIUM 160"
Satellite removed: "43478" "IRIDIUM 161"
Satellite removed: "43482" "IRIDIUM 162"
Satellite removed: "43575" "IRIDIUM 163"
Satellite removed: "43577" "IRIDIUM 164"
Satellite removed: "43572" "IRIDIUM 165"
Satellite removed: "43570" "IRIDIUM 166"
Satellite removed: "43931" "IRIDIUM 167"
Satellite removed: "43924" "IRIDIUM 168"
Satellite removed: "43926" "IRIDIUM 169"
Satellite removed: "43930" "IRIDIUM 170"
Satellite removed: "43929" "IRIDIUM 171"
Satellite removed: "43927" "IRIDIUM 172"
Satellite removed: "43925" "IRIDIUM 173"
Satellite removed: "56728" "IRIDIUM 174"
Satellite removed: "43928" "IRIDIUM 175"
Satellite removed: "43923" "IRIDIUM 176"
Satellite removed: "56727" "IRIDIUM 177"
Satellite removed: "56729" "IRIDIUM 178"
Satellite removed: "56730" "IRIDIUM 179"
Satellite removed: "43922" "IRIDIUM 180"
Satellite removed: "56726" "IRIDIUM 181"
Satellite removed: "39197" "IRIS"
Satellite removed: "39199" "IRNSS-1A"
Satellite removed: "39635" "IRNSS-1B"
Satellite removed: "40269" "IRNSS-1C"
Satellite removed: "41241" "IRNSS-1E"
Satellite removed: "41384" "IRNSS-1F"
Satellite removed: "41469" "IRNSS-1G"
Satellite removed: "43286" "IRNSS-1I"
Satellite removed: "28649" "IRS-P5 (CARTOSAT-1)"
Satellite removed: "3669" "ISIS 1"
Satellite removed: "90112" "ISON 62200"
Satellite removed: "49044" "ISS (NAUKA)"
Satellite removed: "60238" "ISTSAT-1"
Satellite removed: "22826" "ITAMSAT (IO-26)"
Satellite removed: "35935" "ITUPSAT1"
Satellite removed: "49954" "IXPE"
Satellite removed: "59127" "JACKAL X-1L-001"
Satellite removed: "59134" "JACKAL X-1L-002"
Satellite removed: "41240" "JASON-3"
Satellite removed: "28470" "JB-3 3 (ZY 2C)"
Satellite removed: "41903" "JCSAT-110A (JCSAT-15)"
Satellite removed: "35755" "JCSAT-12 (JCSAT-RA)"
Satellite removed: "38331" "JCSAT-13"
Satellite removed: "41729" "JCSAT-16"
Satellite removed: "45245" "JCSAT-17"
Satellite removed: "44868" "JCSAT-18 (KACIFIC 1)"
Satellite removed: "41471" "JCSAT-2B"
Satellite removed: "29272" "JCSAT-3A"
Satellite removed: "29045" "JCSAT-5A"
Satellite removed: "54588" "JIAOTONG VDES"
Satellite removed: "40961" "JILIN-1"
Satellite removed: "41914" "JILIN-1 03"
Satellite removed: "43022" "JILIN-1 04"
Satellite removed: "43023" "JILIN-1 05"
Satellite removed: "43024" "JILIN-1 06"
Satellite removed: "43159" "JILIN-1 07"
Satellite removed: "43160" "JILIN-1 08"
Satellite removed: "43943" "JILIN-1 09"
Satellite removed: "43946" "JILIN-1 10"
Satellite removed: "54251" "JILIN-1 GAOFEN 03D08"
Satellite removed: "53445" "JILIN-1 GAOFEN 03D09"
Satellite removed: "53448" "JILIN-1 GAOFEN 03D43"
Satellite removed: "54692" "JILIN-1 GAOFEN 03D47"
Satellite removed: "54695" "JILIN-1 GAOFEN 03D48"
Satellite removed: "54694" "JILIN-1 GAOFEN 03D49"
Satellite removed: "54690" "JILIN-1 GAOFEN 03D50"
Satellite removed: "54252" "JILIN-1 GAOFEN 03D51"
Satellite removed: "54255" "JILIN-1 GAOFEN 03D52"
Satellite removed: "54253" "JILIN-1 GAOFEN 03D53"
Satellite removed: "44777" "JILIN-1 GAOFEN 2A"
Satellite removed: "44836" "JILIN-1 GAOFEN 2B"
Satellite removed: "49256" "JILIN-1 GAOFEN 2D"
Satellite removed: "49338" "JILIN-1 GAOFEN 2F"
Satellite removed: "44312" "JILIN-1 GAOFEN 3A"
Satellite removed: "46457" "JILIN-1 GAOFEN 3E"
Satellite removed: "46458" "JILIN-1 GAOFEN 3F"
Satellite removed: "46459" "JILIN-1 GAOFEN 3G"
Satellite removed: "46460" "JILIN-1 GAOFEN 3H"
Satellite removed: "45016" "JILIN-1 KUANFU 01"
Satellite removed: "52443" "JILIN-1 KUANFU 01C"
Satellite removed: "57696" "JILIN-1 KUANFU 02A"
Satellite removed: "49003" "JILIN-1 KUANFU-01B"
Satellite removed: "37839" "JUGNU"
Satellite removed: "57479" "JUPITER 3 (ECHOSTAR 24)"
Satellite removed: "43180" "KANOPUS-V 3"
Satellite removed: "43181" "KANOPUS-V 4"
Satellite removed: "43876" "KANOPUS-V 5"
Satellite removed: "43877" "KANOPUS-V 6"
Satellite removed: "42825" "KANOPUS-V-IK"
Satellite removed: "60556" "KANYINI"
Satellite removed: "39731" "KAZEOSAT 1"
Satellite removed: "40010" "KAZEOSAT 2"
Satellite removed: "37749" "KAZSAT-2"
Satellite removed: "39728" "KAZSAT-3"
Satellite removed: "43783" "KAZSTSAT"
Satellite removed: "41167" "KENT RIDGE 1"
Satellite removed: "43676" "KHALIFASAT"
Satellite removed: "53370" "KHAYYAM"
Satellite removed: "60084" "KINEIS-1A"
Satellite removed: "60079" "KINEIS-1B"
Satellite removed: "60081" "KINEIS-1C"
Satellite removed: "60082" "KINEIS-1D"
Satellite removed: "60083" "KINEIS-1E"
Satellite removed: "33499" "KKS-1 (KISEKI)"
Satellite removed: "44785" "KL-ALPHA A"
Satellite removed: "44786" "KL-ALPHA B"
Satellite removed: "49059" "KL-BETA A"
Satellite removed: "49060" "KL-BETA B"
Satellite removed: "67683" "KNACKSAT-2"
Satellite removed: "40536" "KOMPSAT-3A"
Satellite removed: "56756" "KONDOR-FKA NO. 1"
Satellite removed: "45920" "KOREASAT 116"
Satellite removed: "29349" "KOREASAT 5 (MUGUNGWHA 5)"
Satellite removed: "42984" "KOREASAT 5A"
Satellite removed: "37265" "KOREASAT 6"
Satellite removed: "42691" "KOREASAT 7"
Satellite removed: "33504" "KORONAS-FOTON"
Satellite removed: "59452" "KORSAT-1"
Satellite removed: "58463" "KORSAT-7"
Satellite removed: "58464" "KOYOH"
Satellite removed: "52895" "KSLV-II DUMMY"
Satellite removed: "46912" "KSM1-A"
Satellite removed: "46914" "KSM1-B"
Satellite removed: "46906" "KSM1-C"
Satellite removed: "46907" "KSM1-D"
Satellite removed: "55103" "KUWAITSAT-1"
Satellite removed: "57217" "KUZGTU 1 (RS47S)"
Satellite removed: "44520" "KX-09"
Satellite removed: "8820" "LAGEOS 1"
Satellite removed: "22195" "LAGEOS 2"
Satellite removed: "39084" "LANDSAT 8"
Satellite removed: "49260" "LANDSAT 9"
Satellite removed: "41034" "LAOSAT 1"
Satellite removed: "29709" "LAPAN-TUBSAT"
Satellite removed: "38077" "LARES"
Satellite removed: "53105" "LARES-2"
Satellite removed: "27944" "LARETS"
Satellite removed: "27612" "LATINSAT A"
Satellite removed: "27606" "LATINSAT B"
Satellite removed: "1361" "LCS 1"
Satellite removed: "54219" "LDPE-2"
Satellite removed: "59625" "LEGION 1"
Satellite removed: "59626" "LEGION 2"
Satellite removed: "60452" "LEGION 3"
Satellite removed: "60453" "LEGION 4"
Satellite removed: "60532" "LEMU NGE"
Satellite removed: "40044" "LEMUR-1"
Satellite removed: "60576" "LEMUR-2-AHMED-ASRAR"
Satellite removed: "48269" "LEMUR-2-AMANDA-SVANTE"
Satellite removed: "42838" "LEMUR-2-ANDIS"
Satellite removed: "58259" "LEMUR-2-BASS"
Satellite removed: "58903" "LEMUR-2-CAEL"
Satellite removed: "42842" "LEMUR-2-DEMBITZ"
Satellite removed: "57391" "LEMUR-2-DEVERILL-M-T"
Satellite removed: "56970" "LEMUR-2-EMBRIONOVIS"
Satellite removed: "42840" "LEMUR-2-FURIAUS"
Satellite removed: "42837" "LEMUR-2-GREENBERG"
Satellite removed: "58336" "LEMUR-2-JK0903EM1407"
Satellite removed: "59146" "LEMUR-2-JOHNNYTRUONG"
Satellite removed: "60577" "LEMUR-2-LLOYD"
Satellite removed: "60536" "LEMUR-2-MARHISYAM"
Satellite removed: "58340" "LEMUR-2-MJR092620"
Satellite removed: "42839" "LEMUR-2-MONSON"
Satellite removed: "58899" "LEMUR-2-NIMBUS2000"
Satellite removed: "42841" "LEMUR-2-PETERG"
Satellite removed: "60579" "LEMUR-2-SIERRINI"
Satellite removed: "60578" "LEMUR-2-SQUIRRELCOMM"
Satellite removed: "60533" "LEMUR-2-STELLA"
Satellite removed: "60471" "LEMUR-2-TOMATOKECHUP"
Satellite removed: "58900" "LEMUR-2-VALHALLA"
Satellite removed: "42845" "LEMUR-2-ZACHARY"
Satellite removed: "43113" "LEO 1 (LEO VANTAGE 1)"
Satellite removed: "57392" "LEO 3"
Satellite removed: "58301" "LEO EXPRESS 1"
Satellite removed: "67687" "LEOPARD"
Satellite removed: "2866" "LES-5"
Satellite removed: "40136" "LING QIAO"
Satellite removed: "40959" "LINGQIAO VIDEO A"
Satellite removed: "40960" "LINGQIAO VIDEO B"
Satellite removed: "55246" "LINUSS1"
Satellite removed: "55247" "LINUSS2"
Satellite removed: "59132" "LIZZIESAT-1 (LS-1)"
Satellite removed: "43034" "LKW-1"
Satellite removed: "43080" "LKW-2"
Satellite removed: "43146" "LKW-3"
Satellite removed: "43236" "LKW-4"
Satellite removed: "40971" "LMRST-SAT"
Satellite removed: "56874" "LONGJIANG 3"
Satellite removed: "60473" "LOPEN"
Satellite removed: "47202" "LUCAS (JDRS-1)"
Satellite removed: "37951" "LUCH 5A (SDCM/PRN 140)"
Satellite removed: "38977" "LUCH 5B (SDCM/PRN 125)"
Satellite removed: "39727" "LUCH 5V (SDCM/PRN 141)"
Satellite removed: "55841" "LUCH-5X (OLYMP-K 2)"
Satellite removed: "51284" "LUDI TANCE 1-01A (L-SA*)"
Satellite removed: "51822" "LUDI TANCE 1-01B (L-SA*)"
Satellite removed: "57624" "LUDI TANCE-4 01A"
Satellite removed: "56309" "LUMELITE-4"
Satellite removed: "43485" "LUOJIA-1 01"
Satellite removed: "60506" "LUR-1"
Satellite removed: "55046" "LYNK TOWER 3"
Satellite removed: "55034" "LYNK TOWER 4"
Satellite removed: "59121" "LYNK TOWER 5"
Satellite removed: "59123" "LYNK TOWER 6"
Satellite removed: "45727" "M2 PATHFINDER"
Satellite removed: "58024" "MACSAT (FINCH 1)"
Satellite removed: "43016" "MAKERSAT 0"
Satellite removed: "58400" "MALLIGYONG-1"
Satellite removed: "48907" "MANDRAKE 2 ABLE"
Satellite removed: "48908" "MANDRAKE 2 BAKER"
Satellite removed: "59072" "MARAFON-D GVM"
Satellite removed: "27004" "MAROC-TUBSAT"
Satellite removed: "54227" "MATS"
Satellite removed: "52904" "MEASAT 3D"
Satellite removed: "35362" "MEASAT-3A"
Satellite removed: "40147" "MEASAT-3B"
Satellite removed: "55010" "MENUT"
Satellite removed: "58995" "MERAH PUTIH 2"
Satellite removed: "52145" "MERIDIAN 10"
Satellite removed: "40296" "MERIDIAN 7"
Satellite removed: "44453" "MERIDIAN 8"
Satellite removed: "45254" "MERIDIAN 9"
Satellite removed: "60209" "MESAT1"
Satellite removed: "59131" "MESON-1"
Satellite removed: "40069" "METEOR-M 2"
Satellite removed: "44387" "METEOR-M2 2"
Satellite removed: "57166" "METEOR-M2 3"
Satellite removed: "59051" "METEOR-M2 4"
Satellite removed: "38552" "METEOSAT-10 (MSG-3)"
Satellite removed: "40732" "METEOSAT-11 (MSG-4)"
Satellite removed: "54743" "METEOSAT-12 (MTG-I1)"
Satellite removed: "28912" "METEOSAT-9 (MSG-2)"
Satellite removed: "38771" "METOP-B"
Satellite removed: "43689" "METOP-C"
Satellite removed: "46113" "MEV-2"
Satellite removed: "39035" "MEXSAT 3"
Satellite removed: "27597" "MIDORI II (ADEOS-II)"
Satellite removed: "52900" "MIMAN"
Satellite removed: "58497" "MISRSAT-2"
Satellite removed: "38711" "MKA-PN 1"
Satellite removed: "40482" "MMS 1"
Satellite removed: "40483" "MMS 2"
Satellite removed: "40484" "MMS 3"
Satellite removed: "40485" "MMS 4"
Satellite removed: "43005" "MOHAMMED VI-A"
Satellite removed: "43717" "MOHAMMED VI-B"
Satellite removed: "59289" "MOLA"
Satellite removed: "44408" "MOMENTUS-X1"
Satellite removed: "57184" "MONITOR-2 (RS39S)"
Satellite removed: "57180" "MONITOR-3 (RS58S)"
Satellite removed: "57182" "MONITOR-4 (RS57S)"
Satellite removed: "49052" "MONOLITH"
Satellite removed: "40946" "MORELOS 3"
Satellite removed: "27843" "MOST"
Satellite removed: "38093" "MUOS-1"
Satellite removed: "39206" "MUOS-2"
Satellite removed: "40374" "MUOS-3"
Satellite removed: "40887" "MUOS-4"
Satellite removed: "41622" "MUOS-5"
Satellite removed: "59099" "MUSAT-2"
Satellite removed: "42844" "NANOACE"
Satellite removed: "58810" "NANOFF A"
Satellite removed: "58755" "NANOFF B"
Satellite removed: "35685" "NANOSAT 1B"
Satellite removed: "28493" "NANOSAT-1"
Satellite removed: "40024" "NANOSATC-BR1"
Satellite removed: "46320" "NAPA-1"
Satellite removed: "24876" "NAVSTAR 43 (USA 132)"
Satellite removed: "25933" "NAVSTAR 46 (USA 145)"
Satellite removed: "26605" "NAVSTAR 49 (USA 154)"
Satellite removed: "27704" "NAVSTAR 52 (USA 168)"
Satellite removed: "28129" "NAVSTAR 53 (USA 175)"
Satellite removed: "28361" "NAVSTAR 55 (USA 178)"
Satellite removed: "34661" "NAVSTAR 63 (USA 203)"
Satellite removed: "39151" "NEE-01 PEGASO"
Satellite removed: "39441" "NEE-02 KRYSAOR"
Satellite removed: "46277" "NEMO-HD"
Satellite removed: "59587" "NEONSAT-1"
Satellite removed: "39089" "NEOSSAT"
Satellite removed: "58020" "NESS"
Satellite removed: "46506" "NETSAT-1"
Satellite removed: "46507" "NETSAT-2"
Satellite removed: "46505" "NETSAT-3"
Satellite removed: "46504" "NETSAT-4"
Satellite removed: "58921" "NEXSAT-1"
Satellite removed: "43811" "NEXTSAT-1"
Satellite removed: "56743" "NEXTSAT-2"
Satellite removed: "38014" "NIGCOMSAT 1R"
Satellite removed: "37789" "NIGERIASAT-2"
Satellite removed: "37790" "NIGERIASAT-X"
Satellite removed: "60535" "NIGHTJAR"
Satellite removed: "36830" "NILESAT 201"
Satellite removed: "52817" "NILESAT 301"
Satellite removed: "27632" "NIMIQ 2"
Satellite removed: "33373" "NIMIQ 4"
Satellite removed: "35873" "NIMIQ 5"
Satellite removed: "38342" "NIMIQ 6"
Satellite removed: "44779" "NINGXIA-1 1"
Satellite removed: "49022" "NINGXIA-1 10"
Satellite removed: "44780" "NINGXIA-1 2"
Satellite removed: "44781" "NINGXIA-1 3"
Satellite removed: "44782" "NINGXIA-1 4"
Satellite removed: "44783" "NINGXIA-1 5"
Satellite removed: "49018" "NINGXIA-1 6"
Satellite removed: "49019" "NINGXIA-1 7"
Satellite removed: "49020" "NINGXIA-1 8"
Satellite removed: "49021" "NINGXIA-1 9"
Satellite removed: "43013" "NOAA 20 (JPSS-1)"
Satellite removed: "54234" "NOAA 21 (JPSS-2)"
Satellite removed: "46494" "NORBI"
Satellite removed: "42826" "NORSAT 1"
Satellite removed: "42828" "NORSAT 2"
Satellite removed: "48272" "NORSAT 3"
Satellite removed: "43619" "NOVASAR 1"
Satellite removed: "44340" "NPSAT1"
Satellite removed: "28526" "NSS-10"
Satellite removed: "26554" "NSS-11"
Satellite removed: "36032" "NSS-12"
Satellite removed: "33749" "NSS-9"
Satellite removed: "44048" "NUSANTARA SATU"
Satellite removed: "57045" "NUSANTARA TIGA (SATRIA)"
Satellite removed: "52184" "NUSAT-26 (M SOMERVILLE)"
Satellite removed: "55047" "NUSAT-33 (ALBANIA-2)"
Satellite removed: "55048" "NUSAT-35 (WILLIAMINA)"
Satellite removed: "56203" "NUSAT-37 (JOAN CLARKE)"
Satellite removed: "56202" "NUSAT-38 (MARIA AGNESI)"
Satellite removed: "56201" "NUSAT-39 (TIKVAH ALPER)"
Satellite removed: "56943" "NUSAT-40 (C SHOEMAKER)"
Satellite removed: "56944" "NUSAT-41 (C PAYNE-G)"
Satellite removed: "56966" "NUSAT-42 (M WONENBURGER)"
Satellite removed: "59122" "NUSAT-44 (MARIA MITCHE*)"
Satellite removed: "60498" "NUSAT-48 (HENRIETTA LE*)"
Satellite removed: "60500" "NUSAT-49 (KLARA DAN VO*)"
Satellite removed: "60493" "NUSAT-50 (NANCY ROMAN)"
Satellite removed: "38358" "NUSTAR"
Satellite removed: "56759" "NVS-01 (IRNSS-1J)"
Satellite removed: "37224" "O/OREOS (USA 219)"
Satellite removed: "40348" "O3B FM10"
Satellite removed: "40349" "O3B FM11"
Satellite removed: "40350" "O3B FM12"
Satellite removed: "43234" "O3B FM13"
Satellite removed: "43233" "O3B FM14"
Satellite removed: "43231" "O3B FM15"
Satellite removed: "43232" "O3B FM16"
Satellite removed: "44114" "O3B FM17"
Satellite removed: "44115" "O3B FM18"
Satellite removed: "44113" "O3B FM19"
Satellite removed: "39190" "O3B FM2"
Satellite removed: "44112" "O3B FM20"
Satellite removed: "40079" "O3B FM3"
Satellite removed: "39188" "O3B FM5"
Satellite removed: "40081" "O3B FM6"
Satellite removed: "40080" "O3B FM7"
Satellite removed: "40082" "O3B FM8"
Satellite removed: "40351" "O3B FM9"
Satellite removed: "54755" "O3B MPOWER F1"
Satellite removed: "54756" "O3B MPOWER F2"
Satellite removed: "56368" "O3B MPOWER F3"
Satellite removed: "56367" "O3B MPOWER F4"
Satellite removed: "58346" "O3B MPOWER F5"
Satellite removed: "58347" "O3B MPOWER F6"
Satellite removed: "39191" "O3B PFM"
Satellite removed: "3597" "OAO 2"
Satellite removed: "6153" "OAO 3 (COPERNICUS)"
Satellite removed: "58323" "OBSERVER-1A"
Satellite removed: "35931" "OCEANSAT-2"
Satellite removed: "40059" "OCO 2"
Satellite removed: "21397" "OKEAN-3"
Satellite removed: "25860" "OKEAN-O"
Satellite removed: "52157" "OMNI-L1"
Satellite removed: "52771" "OMNI-L2"
Satellite removed: "26857" "OMNI-M1"
Satellite removed: "44061" "ONEWEB-0006"
Satellite removed: "44060" "ONEWEB-0007"
Satellite removed: "44059" "ONEWEB-0008"
Satellite removed: "44058" "ONEWEB-0010"
Satellite removed: "44062" "ONEWEB-0011"
Satellite removed: "44057" "ONEWEB-0012"
Satellite removed: "45131" "ONEWEB-0013"
Satellite removed: "61594" "ONEWEB-0015"
Satellite removed: "45132" "ONEWEB-0017"
Satellite removed: "45434" "ONEWEB-0018"
Satellite removed: "45449" "ONEWEB-0019"
Satellite removed: "45133" "ONEWEB-0020"
Satellite removed: "45134" "ONEWEB-0021"
Satellite removed: "45136" "ONEWEB-0023"
Satellite removed: "45137" "ONEWEB-0024"
Satellite removed: "45138" "ONEWEB-0025"
Satellite removed: "45139" "ONEWEB-0026"
Satellite removed: "45432" "ONEWEB-0027"
Satellite removed: "45140" "ONEWEB-0028"
Satellite removed: "45445" "ONEWEB-0029"
Satellite removed: "45431" "ONEWEB-0031"
Satellite removed: "45141" "ONEWEB-0032"
Satellite removed: "45142" "ONEWEB-0033"
Satellite removed: "45454" "ONEWEB-0034"
Satellite removed: "45143" "ONEWEB-0035"
Satellite removed: "45144" "ONEWEB-0036"
Satellite removed: "45440" "ONEWEB-0037"
Satellite removed: "45145" "ONEWEB-0038"
Satellite removed: "45146" "ONEWEB-0039"
Satellite removed: "45147" "ONEWEB-0040"
Satellite removed: "45441" "ONEWEB-0042"
Satellite removed: "45149" "ONEWEB-0043"
Satellite removed: "45150" "ONEWEB-0044"
Satellite removed: "45151" "ONEWEB-0045"
Satellite removed: "45447" "ONEWEB-0046"
Satellite removed: "45152" "ONEWEB-0047"
Satellite removed: "45153" "ONEWEB-0048"
Satellite removed: "45154" "ONEWEB-0049"
Satellite removed: "45453" "ONEWEB-0050"
Satellite removed: "45155" "ONEWEB-0051"
Satellite removed: "45156" "ONEWEB-0052"
Satellite removed: "45157" "ONEWEB-0053"
Satellite removed: "45158" "ONEWEB-0054"
Satellite removed: "45443" "ONEWEB-0055"
Satellite removed: "45159" "ONEWEB-0056"
Satellite removed: "45160" "ONEWEB-0057"
Satellite removed: "45161" "ONEWEB-0058"
Satellite removed: "45162" "ONEWEB-0059"
Satellite removed: "45455" "ONEWEB-0060"
Satellite removed: "45428" "ONEWEB-0061"
Satellite removed: "45163" "ONEWEB-0062"
Satellite removed: "45448" "ONEWEB-0063"
Satellite removed: "45433" "ONEWEB-0064"
Satellite removed: "45164" "ONEWEB-0065"
Satellite removed: "45424" "ONEWEB-0066"
Satellite removed: "45425" "ONEWEB-0067"
Satellite removed: "45446" "ONEWEB-0068"
Satellite removed: "45430" "ONEWEB-0069"
Satellite removed: "45426" "ONEWEB-0080"
Satellite removed: "45429" "ONEWEB-0081"
Satellite removed: "45452" "ONEWEB-0082"
Satellite removed: "45435" "ONEWEB-0083"
Satellite removed: "45438" "ONEWEB-0085"
Satellite removed: "45456" "ONEWEB-0086"
Satellite removed: "45451" "ONEWEB-0087"
Satellite removed: "45457" "ONEWEB-0088"
Satellite removed: "45427" "ONEWEB-0090"
Satellite removed: "45437" "ONEWEB-0092"
Satellite removed: "45444" "ONEWEB-0093"
Satellite removed: "45450" "ONEWEB-0094"
Satellite removed: "45436" "ONEWEB-0095"
Satellite removed: "45439" "ONEWEB-0096"
Satellite removed: "45442" "ONEWEB-0098"
Satellite removed: "48049" "ONEWEB-0101"
Satellite removed: "47258" "ONEWEB-0102"
Satellite removed: "48048" "ONEWEB-0107"
Satellite removed: "48076" "ONEWEB-0108"
Satellite removed: "47259" "ONEWEB-0109"
Satellite removed: "47260" "ONEWEB-0110"
Satellite removed: "47261" "ONEWEB-0111"
Satellite removed: "48051" "ONEWEB-0112"
Satellite removed: "48050" "ONEWEB-0113"
Satellite removed: "47262" "ONEWEB-0114"
Satellite removed: "48042" "ONEWEB-0115"
Satellite removed: "48046" "ONEWEB-0116"
Satellite removed: "47263" "ONEWEB-0117"
Satellite removed: "47264" "ONEWEB-0118"
Satellite removed: "47265" "ONEWEB-0119"
Satellite removed: "47266" "ONEWEB-0120"
Satellite removed: "47267" "ONEWEB-0121"
Satellite removed: "47268" "ONEWEB-0122"
Satellite removed: "47269" "ONEWEB-0123"
Satellite removed: "47270" "ONEWEB-0124"
Satellite removed: "47271" "ONEWEB-0125"
Satellite removed: "47272" "ONEWEB-0126"
Satellite removed: "47273" "ONEWEB-0127"
Satellite removed: "47274" "ONEWEB-0128"
Satellite removed: "47275" "ONEWEB-0129"
Satellite removed: "47276" "ONEWEB-0130"
Satellite removed: "47277" "ONEWEB-0131"
Satellite removed: "47278" "ONEWEB-0132"
Satellite removed: "47279" "ONEWEB-0133"
Satellite removed: "47280" "ONEWEB-0134"
Satellite removed: "47281" "ONEWEB-0135"
Satellite removed: "47282" "ONEWEB-0136"
Satellite removed: "47283" "ONEWEB-0137"
Satellite removed: "47284" "ONEWEB-0138"
Satellite removed: "47285" "ONEWEB-0139"
Satellite removed: "47286" "ONEWEB-0140"
Satellite removed: "47287" "ONEWEB-0141"
Satellite removed: "47288" "ONEWEB-0142"
Satellite removed: "47289" "ONEWEB-0143"
Satellite removed: "47290" "ONEWEB-0144"
Satellite removed: "47291" "ONEWEB-0145"
Satellite removed: "47292" "ONEWEB-0146"
Satellite removed: "47293" "ONEWEB-0147"
Satellite removed: "48059" "ONEWEB-0148"
Satellite removed: "48058" "ONEWEB-0149"
Satellite removed: "48047" "ONEWEB-0150"
Satellite removed: "48066" "ONEWEB-0151"
Satellite removed: "48043" "ONEWEB-0152"
Satellite removed: "48044" "ONEWEB-0153"
Satellite removed: "48045" "ONEWEB-0154"
Satellite removed: "48057" "ONEWEB-0155"
Satellite removed: "48052" "ONEWEB-0156"
Satellite removed: "48055" "ONEWEB-0157"
Satellite removed: "48054" "ONEWEB-0158"
Satellite removed: "48062" "ONEWEB-0159"
Satellite removed: "48060" "ONEWEB-0160"
Satellite removed: "48053" "ONEWEB-0161"
Satellite removed: "48056" "ONEWEB-0162"
Satellite removed: "48061" "ONEWEB-0163"
Satellite removed: "48063" "ONEWEB-0164"
Satellite removed: "48233" "ONEWEB-0165"
Satellite removed: "48065" "ONEWEB-0166"
Satellite removed: "48064" "ONEWEB-0167"
Satellite removed: "48068" "ONEWEB-0168"
Satellite removed: "48077" "ONEWEB-0169"
Satellite removed: "48067" "ONEWEB-0170"
Satellite removed: "48070" "ONEWEB-0171"
Satellite removed: "48071" "ONEWEB-0172"
Satellite removed: "48069" "ONEWEB-0173"
Satellite removed: "48072" "ONEWEB-0174"
Satellite removed: "48073" "ONEWEB-0175"
Satellite removed: "48210" "ONEWEB-0176"
Satellite removed: "48074" "ONEWEB-0177"
Satellite removed: "48075" "ONEWEB-0178"
Satellite removed: "48212" "ONEWEB-0179"
Satellite removed: "48213" "ONEWEB-0180"
Satellite removed: "48230" "ONEWEB-0181"
Satellite removed: "48228" "ONEWEB-0182"
Satellite removed: "48219" "ONEWEB-0183"
Satellite removed: "48211" "ONEWEB-0184"
Satellite removed: "48220" "ONEWEB-0185"
Satellite removed: "48229" "ONEWEB-0186"
Satellite removed: "48221" "ONEWEB-0187"
Satellite removed: "48231" "ONEWEB-0188"
Satellite removed: "48217" "ONEWEB-0189"
Satellite removed: "48796" "ONEWEB-0190"
Satellite removed: "48239" "ONEWEB-0191"
Satellite removed: "48222" "ONEWEB-0192"
Satellite removed: "48238" "ONEWEB-0193"
Satellite removed: "48237" "ONEWEB-0194"
Satellite removed: "48240" "ONEWEB-0195"
Satellite removed: "48218" "ONEWEB-0196"
Satellite removed: "48236" "ONEWEB-0197"
Satellite removed: "48216" "ONEWEB-0198"
Satellite removed: "48234" "ONEWEB-0199"
Satellite removed: "48244" "ONEWEB-0200"
Satellite removed: "48241" "ONEWEB-0201"
Satellite removed: "48224" "ONEWEB-0202"
Satellite removed: "48235" "ONEWEB-0203"
Satellite removed: "48225" "ONEWEB-0204"
Satellite removed: "48226" "ONEWEB-0205"
Satellite removed: "48227" "ONEWEB-0206"
Satellite removed: "48242" "ONEWEB-0207"
Satellite removed: "48243" "ONEWEB-0208"
Satellite removed: "48215" "ONEWEB-0209"
Satellite removed: "48787" "ONEWEB-0210"
Satellite removed: "48767" "ONEWEB-0211"
Satellite removed: "48791" "ONEWEB-0212"
Satellite removed: "48790" "ONEWEB-0213"
Satellite removed: "48788" "ONEWEB-0214"
Satellite removed: "48800" "ONEWEB-0215"
Satellite removed: "48801" "ONEWEB-0216"
Satellite removed: "48245" "ONEWEB-0217"
Satellite removed: "48214" "ONEWEB-0218"
Satellite removed: "48223" "ONEWEB-0219"
Satellite removed: "48232" "ONEWEB-0220"
Satellite removed: "48789" "ONEWEB-0221"
Satellite removed: "48775" "ONEWEB-0222"
Satellite removed: "48768" "ONEWEB-0223"
Satellite removed: "48794" "ONEWEB-0224"
Satellite removed: "48799" "ONEWEB-0225"
Satellite removed: "48793" "ONEWEB-0226"
Satellite removed: "48792" "ONEWEB-0227"
Satellite removed: "48780" "ONEWEB-0228"
Satellite removed: "48779" "ONEWEB-0229"
Satellite removed: "48769" "ONEWEB-0230"
Satellite removed: "48782" "ONEWEB-0231"
Satellite removed: "48781" "ONEWEB-0232"
Satellite removed: "48795" "ONEWEB-0233"
Satellite removed: "48783" "ONEWEB-0234"
Satellite removed: "48771" "ONEWEB-0235"
Satellite removed: "48797" "ONEWEB-0236"
Satellite removed: "48770" "ONEWEB-0237"
Satellite removed: "48784" "ONEWEB-0238"
Satellite removed: "48802" "ONEWEB-0239"
Satellite removed: "48785" "ONEWEB-0240"
Satellite removed: "48773" "ONEWEB-0241"
Satellite removed: "48772" "ONEWEB-0242"
Satellite removed: "48774" "ONEWEB-0243"
Satellite removed: "48776" "ONEWEB-0244"
Satellite removed: "48778" "ONEWEB-0245"
Satellite removed: "48786" "ONEWEB-0246"
Satellite removed: "48777" "ONEWEB-0247"
Satellite removed: "48798" "ONEWEB-0248"
Satellite removed: "48967" "ONEWEB-0249"
Satellite removed: "48968" "ONEWEB-0250"
Satellite removed: "48970" "ONEWEB-0252"
Satellite removed: "48971" "ONEWEB-0253"
Satellite removed: "48972" "ONEWEB-0254"
Satellite removed: "48973" "ONEWEB-0255"
Satellite removed: "48974" "ONEWEB-0256"
Satellite removed: "48975" "ONEWEB-0257"
Satellite removed: "48976" "ONEWEB-0258"
Satellite removed: "48977" "ONEWEB-0259"
Satellite removed: "48978" "ONEWEB-0260"
Satellite removed: "48979" "ONEWEB-0261"
Satellite removed: "48980" "ONEWEB-0262"
Satellite removed: "48981" "ONEWEB-0263"
Satellite removed: "48982" "ONEWEB-0264"
Satellite removed: "48984" "ONEWEB-0266"
Satellite removed: "48985" "ONEWEB-0267"
Satellite removed: "48986" "ONEWEB-0268"
Satellite removed: "48987" "ONEWEB-0269"
Satellite removed: "48988" "ONEWEB-0270"
Satellite removed: "48989" "ONEWEB-0271"
Satellite removed: "48990" "ONEWEB-0272"
Satellite removed: "48991" "ONEWEB-0273"
Satellite removed: "48992" "ONEWEB-0274"
Satellite removed: "48993" "ONEWEB-0275"
Satellite removed: "48994" "ONEWEB-0276"
Satellite removed: "48995" "ONEWEB-0277"
Satellite removed: "48996" "ONEWEB-0278"
Satellite removed: "48997" "ONEWEB-0279"
Satellite removed: "48998" "ONEWEB-0280"
Satellite removed: "48999" "ONEWEB-0281"
Satellite removed: "49000" "ONEWEB-0282"
Satellite removed: "49001" "ONEWEB-0283"
Satellite removed: "49002" "ONEWEB-0284"
Satellite removed: "49075" "ONEWEB-0285"
Satellite removed: "49076" "ONEWEB-0286"
Satellite removed: "49077" "ONEWEB-0287"
Satellite removed: "49078" "ONEWEB-0288"
Satellite removed: "49079" "ONEWEB-0289"
Satellite removed: "49080" "ONEWEB-0290"
Satellite removed: "49081" "ONEWEB-0291"
Satellite removed: "49186" "ONEWEB-0292"
Satellite removed: "49082" "ONEWEB-0293"
Satellite removed: "49083" "ONEWEB-0294"
Satellite removed: "49084" "ONEWEB-0295"
Satellite removed: "49085" "ONEWEB-0296"
Satellite removed: "49086" "ONEWEB-0297"
Satellite removed: "49087" "ONEWEB-0298"
Satellite removed: "49088" "ONEWEB-0299"
Satellite removed: "49089" "ONEWEB-0300"
Satellite removed: "49090" "ONEWEB-0301"
Satellite removed: "49091" "ONEWEB-0302"
Satellite removed: "49187" "ONEWEB-0303"
Satellite removed: "49092" "ONEWEB-0304"
Satellite removed: "49093" "ONEWEB-0305"
Satellite removed: "49188" "ONEWEB-0306"
Satellite removed: "49189" "ONEWEB-0307"
Satellite removed: "49094" "ONEWEB-0308"
Satellite removed: "49095" "ONEWEB-0309"
Satellite removed: "49096" "ONEWEB-0310"
Satellite removed: "49097" "ONEWEB-0311"
Satellite removed: "49098" "ONEWEB-0312"
Satellite removed: "49099" "ONEWEB-0313"
Satellite removed: "49100" "ONEWEB-0314"
Satellite removed: "49101" "ONEWEB-0315"
Satellite removed: "49102" "ONEWEB-0316"
Satellite removed: "49103" "ONEWEB-0317"
Satellite removed: "49104" "ONEWEB-0318"
Satellite removed: "49105" "ONEWEB-0319"
Satellite removed: "49190" "ONEWEB-0320"
Satellite removed: "49191" "ONEWEB-0321"
Satellite removed: "49192" "ONEWEB-0322"
Satellite removed: "49106" "ONEWEB-0323"
Satellite removed: "49193" "ONEWEB-0324"
Satellite removed: "49194" "ONEWEB-0325"
Satellite removed: "49195" "ONEWEB-0326"
Satellite removed: "49196" "ONEWEB-0327"
Satellite removed: "49197" "ONEWEB-0328"
Satellite removed: "49107" "ONEWEB-0329"
Satellite removed: "49108" "ONEWEB-0330"
Satellite removed: "49198" "ONEWEB-0331"
Satellite removed: "49279" "ONEWEB-0332"
Satellite removed: "49199" "ONEWEB-0333"
Satellite removed: "49200" "ONEWEB-0334"
Satellite removed: "49201" "ONEWEB-0335"
Satellite removed: "49202" "ONEWEB-0336"
Satellite removed: "49203" "ONEWEB-0337"
Satellite removed: "49204" "ONEWEB-0338"
Satellite removed: "49205" "ONEWEB-0339"
Satellite removed: "49206" "ONEWEB-0340"
Satellite removed: "49207" "ONEWEB-0341"
Satellite removed: "49208" "ONEWEB-0342"
Satellite removed: "49209" "ONEWEB-0343"
Satellite removed: "49210" "ONEWEB-0344"
Satellite removed: "49211" "ONEWEB-0345"
Satellite removed: "49212" "ONEWEB-0346"
Satellite removed: "49280" "ONEWEB-0347"
Satellite removed: "49213" "ONEWEB-0348"
Satellite removed: "49281" "ONEWEB-0349"
Satellite removed: "49214" "ONEWEB-0350"
Satellite removed: "49215" "ONEWEB-0351"
Satellite removed: "49216" "ONEWEB-0352"
Satellite removed: "49282" "ONEWEB-0353"
Satellite removed: "49217" "ONEWEB-0354"
Satellite removed: "49218" "ONEWEB-0355"
Satellite removed: "49283" "ONEWEB-0356"
Satellite removed: "49219" "ONEWEB-0357"
Satellite removed: "49284" "ONEWEB-0358"
Satellite removed: "49285" "ONEWEB-0359"
Satellite removed: "49286" "ONEWEB-0360"
Satellite removed: "49287" "ONEWEB-0361"
Satellite removed: "49288" "ONEWEB-0362"
Satellite removed: "49289" "ONEWEB-0363"
Satellite removed: "49290" "ONEWEB-0364"
Satellite removed: "49291" "ONEWEB-0365"
Satellite removed: "49292" "ONEWEB-0366"
Satellite removed: "49293" "ONEWEB-0367"
Satellite removed: "49294" "ONEWEB-0368"
Satellite removed: "49295" "ONEWEB-0369"
Satellite removed: "49296" "ONEWEB-0370"
Satellite removed: "49297" "ONEWEB-0371"
Satellite removed: "49298" "ONEWEB-0372"
Satellite removed: "49299" "ONEWEB-0373"
Satellite removed: "49300" "ONEWEB-0374"
Satellite removed: "49301" "ONEWEB-0375"
Satellite removed: "49302" "ONEWEB-0376"
Satellite removed: "49303" "ONEWEB-0377"
Satellite removed: "49304" "ONEWEB-0378"
Satellite removed: "49305" "ONEWEB-0379"
Satellite removed: "49306" "ONEWEB-0380"
Satellite removed: "49307" "ONEWEB-0381"
Satellite removed: "49308" "ONEWEB-0382"
Satellite removed: "49309" "ONEWEB-0383"
Satellite removed: "49310" "ONEWEB-0384"
Satellite removed: "49311" "ONEWEB-0385"
Satellite removed: "49312" "ONEWEB-0386"
Satellite removed: "49313" "ONEWEB-0387"
Satellite removed: "49314" "ONEWEB-0388"
Satellite removed: "50469" "ONEWEB-0389"
Satellite removed: "50470" "ONEWEB-0390"
Satellite removed: "50471" "ONEWEB-0391"
Satellite removed: "50472" "ONEWEB-0392"
Satellite removed: "50473" "ONEWEB-0393"
Satellite removed: "50474" "ONEWEB-0394"
Satellite removed: "50475" "ONEWEB-0395"
Satellite removed: "50476" "ONEWEB-0396"
Satellite removed: "50477" "ONEWEB-0397"
Satellite removed: "50478" "ONEWEB-0398"
Satellite removed: "50479" "ONEWEB-0399"
Satellite removed: "50480" "ONEWEB-0400"
Satellite removed: "50481" "ONEWEB-0401"
Satellite removed: "50482" "ONEWEB-0402"
Satellite removed: "50483" "ONEWEB-0403"
Satellite removed: "50484" "ONEWEB-0404"
Satellite removed: "50485" "ONEWEB-0405"
Satellite removed: "50486" "ONEWEB-0406"
Satellite removed: "50487" "ONEWEB-0407"
Satellite removed: "50488" "ONEWEB-0409"
Satellite removed: "51622" "ONEWEB-0410"
Satellite removed: "51623" "ONEWEB-0411"
Satellite removed: "50489" "ONEWEB-0412"
Satellite removed: "50490" "ONEWEB-0413"
Satellite removed: "50491" "ONEWEB-0414"
Satellite removed: "51624" "ONEWEB-0415"
Satellite removed: "51625" "ONEWEB-0416"
Satellite removed: "50492" "ONEWEB-0417"
Satellite removed: "50493" "ONEWEB-0418"
Satellite removed: "50494" "ONEWEB-0419"
Satellite removed: "50495" "ONEWEB-0420"
Satellite removed: "50496" "ONEWEB-0421"
Satellite removed: "51626" "ONEWEB-0422"
Satellite removed: "51627" "ONEWEB-0423"
Satellite removed: "50497" "ONEWEB-0424"
Satellite removed: "51628" "ONEWEB-0425"
Satellite removed: "50498" "ONEWEB-0426"
Satellite removed: "50499" "ONEWEB-0427"
Satellite removed: "51629" "ONEWEB-0428"
Satellite removed: "50500" "ONEWEB-0429"
Satellite removed: "50501" "ONEWEB-0430"
Satellite removed: "51630" "ONEWEB-0431"
Satellite removed: "50502" "ONEWEB-0432"
Satellite removed: "51631" "ONEWEB-0434"
Satellite removed: "51632" "ONEWEB-0435"
Satellite removed: "51633" "ONEWEB-0436"
Satellite removed: "51634" "ONEWEB-0438"
Satellite removed: "51635" "ONEWEB-0439"
Satellite removed: "50503" "ONEWEB-0440"
Satellite removed: "51636" "ONEWEB-0442"
Satellite removed: "51637" "ONEWEB-0443"
Satellite removed: "51638" "ONEWEB-0444"
Satellite removed: "51639" "ONEWEB-0445"
Satellite removed: "51640" "ONEWEB-0446"
Satellite removed: "51641" "ONEWEB-0448"
Satellite removed: "51642" "ONEWEB-0449"
Satellite removed: "50504" "ONEWEB-0450"
Satellite removed: "51643" "ONEWEB-0451"
Satellite removed: "51644" "ONEWEB-0452"
Satellite removed: "51646" "ONEWEB-0456"
Satellite removed: "51647" "ONEWEB-0457"
Satellite removed: "51648" "ONEWEB-0458"
Satellite removed: "51649" "ONEWEB-0461"
Satellite removed: "51650" "ONEWEB-0463"
Satellite removed: "51651" "ONEWEB-0464"
Satellite removed: "51652" "ONEWEB-0468"
Satellite removed: "51653" "ONEWEB-0473"
Satellite removed: "51654" "ONEWEB-0474"
Satellite removed: "51655" "ONEWEB-0475"
Satellite removed: "54113" "ONEWEB-0490"
Satellite removed: "54114" "ONEWEB-0492"
Satellite removed: "54115" "ONEWEB-0495"
Satellite removed: "54116" "ONEWEB-0497"
Satellite removed: "54117" "ONEWEB-0499"
Satellite removed: "54118" "ONEWEB-0500"
Satellite removed: "54119" "ONEWEB-0501"
Satellite removed: "54120" "ONEWEB-0502"
Satellite removed: "54121" "ONEWEB-0503"
Satellite removed: "54122" "ONEWEB-0504"
Satellite removed: "54123" "ONEWEB-0505"
Satellite removed: "54124" "ONEWEB-0506"
Satellite removed: "54125" "ONEWEB-0507"
Satellite removed: "54126" "ONEWEB-0508"
Satellite removed: "54127" "ONEWEB-0509"
Satellite removed: "54128" "ONEWEB-0510"
Satellite removed: "54129" "ONEWEB-0511"
Satellite removed: "54130" "ONEWEB-0512"
Satellite removed: "54131" "ONEWEB-0513"
Satellite removed: "54132" "ONEWEB-0514"
Satellite removed: "54133" "ONEWEB-0515"
Satellite removed: "54134" "ONEWEB-0516"
Satellite removed: "54135" "ONEWEB-0517"
Satellite removed: "54136" "ONEWEB-0518"
Satellite removed: "54137" "ONEWEB-0519"
Satellite removed: "54138" "ONEWEB-0520"
Satellite removed: "54139" "ONEWEB-0521"
Satellite removed: "54140" "ONEWEB-0522"
Satellite removed: "54141" "ONEWEB-0523"
Satellite removed: "54142" "ONEWEB-0524"
Satellite removed: "54143" "ONEWEB-0525"
Satellite removed: "54144" "ONEWEB-0526"
Satellite removed: "54642" "ONEWEB-0527"
Satellite removed: "54643" "ONEWEB-0528"
Satellite removed: "54145" "ONEWEB-0529"
Satellite removed: "55796" "ONEWEB-0530"
Satellite removed: "54146" "ONEWEB-0531"
Satellite removed: "55140" "ONEWEB-0532"
Satellite removed: "55141" "ONEWEB-0533"
Satellite removed: "55797" "ONEWEB-0534"
Satellite removed: "54147" "ONEWEB-0535"
Satellite removed: "54148" "ONEWEB-0536"
Satellite removed: "56046" "ONEWEB-0537"
Satellite removed: "56047" "ONEWEB-0538"
Satellite removed: "54644" "ONEWEB-0539"
Satellite removed: "54645" "ONEWEB-0540"
Satellite removed: "55142" "ONEWEB-0541"
Satellite removed: "54646" "ONEWEB-0542"
Satellite removed: "55143" "ONEWEB-0543"
Satellite removed: "55144" "ONEWEB-0544"
Satellite removed: "54647" "ONEWEB-0545"
Satellite removed: "56048" "ONEWEB-0546"
Satellite removed: "56049" "ONEWEB-0547"
Satellite removed: "56050" "ONEWEB-0548"
Satellite removed: "56051" "ONEWEB-0549"
Satellite removed: "56052" "ONEWEB-0550"
Satellite removed: "56053" "ONEWEB-0551"
Satellite removed: "56054" "ONEWEB-0552"
Satellite removed: "56055" "ONEWEB-0553"
Satellite removed: "56056" "ONEWEB-0554"
Satellite removed: "56057" "ONEWEB-0555"
Satellite removed: "55798" "ONEWEB-0556"
Satellite removed: "56058" "ONEWEB-0557"
Satellite removed: "56059" "ONEWEB-0558"
Satellite removed: "56060" "ONEWEB-0559"
Satellite removed: "55145" "ONEWEB-0560"
Satellite removed: "56710" "ONEWEB-0561"
Satellite removed: "55799" "ONEWEB-0562"
Satellite removed: "55800" "ONEWEB-0563"
Satellite removed: "55801" "ONEWEB-0564"
Satellite removed: "55146" "ONEWEB-0565"
Satellite removed: "56061" "ONEWEB-0566"
Satellite removed: "55147" "ONEWEB-0567"
Satellite removed: "56062" "ONEWEB-0568"
Satellite removed: "55148" "ONEWEB-0569"
Satellite removed: "55149" "ONEWEB-0570"
Satellite removed: "55150" "ONEWEB-0571"
Satellite removed: "55151" "ONEWEB-0572"
Satellite removed: "55152" "ONEWEB-0573"
Satellite removed: "56063" "ONEWEB-0574"
Satellite removed: "56064" "ONEWEB-0575"
Satellite removed: "56065" "ONEWEB-0576"
Satellite removed: "56066" "ONEWEB-0577"
Satellite removed: "56067" "ONEWEB-0578"
Satellite removed: "56068" "ONEWEB-0579"
Satellite removed: "54648" "ONEWEB-0580"
Satellite removed: "56069" "ONEWEB-0581"
Satellite removed: "54649" "ONEWEB-0582"
Satellite removed: "54650" "ONEWEB-0583"
Satellite removed: "54651" "ONEWEB-0584"
Satellite removed: "54652" "ONEWEB-0585"
Satellite removed: "54653" "ONEWEB-0586"
Satellite removed: "54654" "ONEWEB-0587"
Satellite removed: "55153" "ONEWEB-0588"
Satellite removed: "54655" "ONEWEB-0589"
Satellite removed: "54656" "ONEWEB-0590"
Satellite removed: "54657" "ONEWEB-0591"
Satellite removed: "54658" "ONEWEB-0592"
Satellite removed: "54659" "ONEWEB-0593"
Satellite removed: "54660" "ONEWEB-0594"
Satellite removed: "54661" "ONEWEB-0595"
Satellite removed: "54662" "ONEWEB-0596"
Satellite removed: "54663" "ONEWEB-0597"
Satellite removed: "55154" "ONEWEB-0598"
Satellite removed: "55155" "ONEWEB-0599"
Satellite removed: "54664" "ONEWEB-0600"
Satellite removed: "54665" "ONEWEB-0601"
Satellite removed: "54666" "ONEWEB-0602"
Satellite removed: "54667" "ONEWEB-0603"
Satellite removed: "54668" "ONEWEB-0604"
Satellite removed: "54669" "ONEWEB-0605"
Satellite removed: "54670" "ONEWEB-0606"
Satellite removed: "54671" "ONEWEB-0607"
Satellite removed: "54672" "ONEWEB-0608"
Satellite removed: "56070" "ONEWEB-0609"
Satellite removed: "54673" "ONEWEB-0610"
Satellite removed: "54674" "ONEWEB-0611"
Satellite removed: "54675" "ONEWEB-0612"
Satellite removed: "56071" "ONEWEB-0613"
Satellite removed: "55156" "ONEWEB-0614"
Satellite removed: "54676" "ONEWEB-0615"
Satellite removed: "55157" "ONEWEB-0616"
Satellite removed: "55158" "ONEWEB-0617"
Satellite removed: "55159" "ONEWEB-0618"
Satellite removed: "55160" "ONEWEB-0619"
Satellite removed: "55161" "ONEWEB-0620"
Satellite removed: "55162" "ONEWEB-0621"
Satellite removed: "55163" "ONEWEB-0622"
Satellite removed: "55164" "ONEWEB-0623"
Satellite removed: "55165" "ONEWEB-0624"
Satellite removed: "55166" "ONEWEB-0625"
Satellite removed: "55167" "ONEWEB-0626"
Satellite removed: "55168" "ONEWEB-0627"
Satellite removed: "55169" "ONEWEB-0628"
Satellite removed: "55170" "ONEWEB-0629"
Satellite removed: "56072" "ONEWEB-0630"
Satellite removed: "55171" "ONEWEB-0631"
Satellite removed: "56073" "ONEWEB-0632"
Satellite removed: "56074" "ONEWEB-0633"
Satellite removed: "56075" "ONEWEB-0634"
Satellite removed: "56076" "ONEWEB-0635"
Satellite removed: "56077" "ONEWEB-0636"
Satellite removed: "56078" "ONEWEB-0637"
Satellite removed: "55802" "ONEWEB-0638"
Satellite removed: "55803" "ONEWEB-0639"
Satellite removed: "55804" "ONEWEB-0640"
Satellite removed: "55805" "ONEWEB-0641"
Satellite removed: "55806" "ONEWEB-0642"
Satellite removed: "55807" "ONEWEB-0643"
Satellite removed: "55808" "ONEWEB-0644"
Satellite removed: "55809" "ONEWEB-0645"
Satellite removed: "55810" "ONEWEB-0646"
Satellite removed: "56079" "ONEWEB-0647"
Satellite removed: "55811" "ONEWEB-0648"
Satellite removed: "55812" "ONEWEB-0649"
Satellite removed: "55813" "ONEWEB-0650"
Satellite removed: "56080" "ONEWEB-0651"
Satellite removed: "55814" "ONEWEB-0652"
Satellite removed: "55815" "ONEWEB-0653"
Satellite removed: "55816" "ONEWEB-0654"
Satellite removed: "54677" "ONEWEB-0655"
Satellite removed: "55817" "ONEWEB-0656"
Satellite removed: "55818" "ONEWEB-0657"
Satellite removed: "55819" "ONEWEB-0658"
Satellite removed: "54678" "ONEWEB-0659"
Satellite removed: "55820" "ONEWEB-0660"
Satellite removed: "55821" "ONEWEB-0661"
Satellite removed: "55822" "ONEWEB-0662"
Satellite removed: "55823" "ONEWEB-0663"
Satellite removed: "55824" "ONEWEB-0664"
Satellite removed: "55825" "ONEWEB-0665"
Satellite removed: "55826" "ONEWEB-0666"
Satellite removed: "55827" "ONEWEB-0667"
Satellite removed: "56711" "ONEWEB-0668"
Satellite removed: "55828" "ONEWEB-0669"
Satellite removed: "55829" "ONEWEB-0670"
Satellite removed: "55830" "ONEWEB-0671"
Satellite removed: "55831" "ONEWEB-0672"
Satellite removed: "55832" "ONEWEB-0673"
Satellite removed: "55833" "ONEWEB-0674"
Satellite removed: "55834" "ONEWEB-0675"
Satellite removed: "56712" "ONEWEB-0676"
Satellite removed: "56713" "ONEWEB-0677"
Satellite removed: "56714" "ONEWEB-0678"
Satellite removed: "56715" "ONEWEB-0679"
Satellite removed: "56716" "ONEWEB-0680"
Satellite removed: "56717" "ONEWEB-0681"
Satellite removed: "56718" "ONEWEB-0682"
Satellite removed: "56719" "ONEWEB-0683"
Satellite removed: "56720" "ONEWEB-0684"
Satellite removed: "54679" "ONEWEB-0685"
Satellite removed: "56721" "ONEWEB-0686"
Satellite removed: "61595" "ONEWEB-0687"
Satellite removed: "61596" "ONEWEB-0688"
Satellite removed: "61597" "ONEWEB-0689"
Satellite removed: "61598" "ONEWEB-0690"
Satellite removed: "61599" "ONEWEB-0691"
Satellite removed: "61600" "ONEWEB-0692"
Satellite removed: "61601" "ONEWEB-0693"
Satellite removed: "56722" "ONEWEB-0694"
Satellite removed: "61602" "ONEWEB-0695"
Satellite removed: "56723" "ONEWEB-0696"
Satellite removed: "61603" "ONEWEB-0697"
Satellite removed: "61604" "ONEWEB-0698"
Satellite removed: "61605" "ONEWEB-0699"
Satellite removed: "61606" "ONEWEB-0700"
Satellite removed: "61607" "ONEWEB-0701"
Satellite removed: "61608" "ONEWEB-0702"
Satellite removed: "56724" "ONEWEB-0703"
Satellite removed: "61609" "ONEWEB-0704"
Satellite removed: "61610" "ONEWEB-0705"
Satellite removed: "61611" "ONEWEB-0706"
Satellite removed: "61612" "ONEWEB-0707"
Satellite removed: "61613" "ONEWEB-0708"
Satellite removed: "55172" "ONEWEB-0709"
Satellite removed: "55173" "ONEWEB-0710"
Satellite removed: "55174" "ONEWEB-0711"
Satellite removed: "54680" "ONEWEB-0712"
Satellite removed: "55175" "ONEWEB-0713"
Satellite removed: "54681" "ONEWEB-0714"
Satellite removed: "55176" "ONEWEB-0715"
Satellite removed: "55177" "ONEWEB-0716"
Satellite removed: "55178" "ONEWEB-0717"
Satellite removed: "56081" "ONEWEB-0718"
Satellite removed: "55179" "ONEWEB-0719"
Satellite removed: "55835" "ONEWEB-0720"
Satellite removed: "56725" "ONEWEB-0721"
Satellite removed: "60240" "OOV-CUBE (TUBSAT-30)"
Satellite removed: "2874" "OPS 5712 (P/L 153)"
Satellite removed: "2826" "OPS 5712 (P/L 160)"
Satellite removed: "41851" "OPTICUBE 04"
Satellite removed: "39420" "OPTOS"
Satellite removed: "40146" "OPTUS 10"
Satellite removed: "27831" "OPTUS C1"
Satellite removed: "29495" "OPTUS D1"
Satellite removed: "35756" "OPTUS D3"
Satellite removed: "58258" "ORBASTRO-PC-1"
Satellite removed: "25159" "ORBCOMM FM04"
Satellite removed: "25118" "ORBCOMM FM06"
Satellite removed: "41187" "ORBCOMM FM108"
Satellite removed: "40086" "ORBCOMM FM109"
Satellite removed: "41182" "ORBCOMM FM110"
Satellite removed: "41184" "ORBCOMM FM112"
Satellite removed: "41185" "ORBCOMM FM113"
Satellite removed: "41189" "ORBCOMM FM116"
Satellite removed: "41188" "ORBCOMM FM117"
Satellite removed: "41183" "ORBCOMM FM118"
Satellite removed: "25415" "ORBCOMM FM19"
Satellite removed: "25416" "ORBCOMM FM20"
Satellite removed: "25481" "ORBCOMM FM27"
Satellite removed: "25982" "ORBCOMM FM32"
Satellite removed: "56960" "ORBITER SN3"
Satellite removed: "24883" "ORBVIEW 2 (SEASTAR)"
Satellite removed: "60525" "ORESAT0.5"
Satellite removed: "42921" "ORS-5 SENSORSAT"
Satellite removed: "44341" "OTB"
Satellite removed: "54023" "OTB-3-GAZELLE"
Satellite removed: "63235" "OTP-2"
Satellite removed: "58334" "OUTPOST MISSION 2"
Satellite removed: "58698" "OVZON-3"
Satellite removed: "58928" "PACE"
Satellite removed: "48909" "PACE-1"
Satellite removed: "59915" "PAKSAT-MM1"
Satellite removed: "43529" "PAKTES 1A"
Satellite removed: "44634" "PALISADE"
Satellite removed: "59065" "PARS 1"
Satellite removed: "41787" "PATHFINDER 1"
Satellite removed: "49113" "PAYLOAD B"
Satellite removed: "43215" "PAZ"
Satellite removed: "59105" "PE2_FLT1 (TYVAK-0261)"
Satellite removed: "59104" "PE2_FLT2  (TYVAK-0262)"
Satellite removed: "58296" "PELICAN-1"
Satellite removed: "40039" "PERSEUS-M1"
Satellite removed: "40037" "PERSEUS-M2"
Satellite removed: "41770" "PERUSAT 1"
Satellite removed: "14129" "PHASE 3B (AO-10)"
Satellite removed: "60470" "PHISAT 2"
Satellite removed: "58326" "PICO-01A003"
Satellite removed: "60538" "PICO-02A021"
Satellite removed: "56153" "PIESAT A"
Satellite removed: "56154" "PIESAT B"
Satellite removed: "56155" "PIESAT C"
Satellite removed: "56156" "PIESAT D"
Satellite removed: "41784" "PISAT"
Satellite removed: "58262" "PLATERO"
Satellite removed: "38012" "PLEIADES 1A"
Satellite removed: "39019" "PLEIADES 1B"
Satellite removed: "48268" "PLEIADES NEO 3"
Satellite removed: "49070" "PLEIADES NEO 4"
Satellite removed: "43229" "PODSAT"
Satellite removed: "56308" "POEM-2"
Satellite removed: "36086" "POISK"
Satellite removed: "23802" "POLAR"
Satellite removed: "43808" "POLAR SCOUT YUKON"
Satellite removed: "40042" "POLYITAN-1"
Satellite removed: "57191" "POLYTECH-UNIVERSE 3 (R*)"
Satellite removed: "39269" "POPACS 2"
Satellite removed: "39270" "POPACS 3"
Satellite removed: "59965" "PREFIRE-1"
Satellite removed: "59881" "PREFIRE-2"
Satellite removed: "58023" "PRETTY"
Satellite removed: "44072" "PRISMA"
Satellite removed: "26958" "PROBA-1"
Satellite removed: "36037" "PROBA-2"
Satellite removed: "39159" "PROBA-V"
Satellite removed: "68837" "PROGRESS-MS 34"
Satellite removed: "40976" "PROPCUBE 1 (FLORA)"
Satellite removed: "40973" "PROPCUBE 3"
Satellite removed: "58321" "PROTOMETHEE"
Satellite removed: "43530" "PRSS-1"
Satellite removed: "60565" "PTD-4 (LISA-T)"
Satellite removed: "52151" "PUJIANG 2 (PJ-2)"
Satellite removed: "58025" "PVCC"
Satellite removed: "52894" "PVSAT"
Satellite removed: "40025" "QB50P1"
Satellite removed: "40032" "QB50P2"
Satellite removed: "60379" "QIANFAN-1"
Satellite removed: "60388" "QIANFAN-10"
Satellite removed: "60389" "QIANFAN-11"
Satellite removed: "60390" "QIANFAN-12"
Satellite removed: "60391" "QIANFAN-13"
Satellite removed: "60392" "QIANFAN-14"
Satellite removed: "60393" "QIANFAN-15"
Satellite removed: "60394" "QIANFAN-16"
Satellite removed: "60395" "QIANFAN-17"
Satellite removed: "60396" "QIANFAN-18"
Satellite removed: "60380" "QIANFAN-2"
Satellite removed: "60381" "QIANFAN-3"
Satellite removed: "60382" "QIANFAN-4"
Satellite removed: "60383" "QIANFAN-5"
Satellite removed: "60384" "QIANFAN-6"
Satellite removed: "60385" "QIANFAN-7"
Satellite removed: "60386" "QIANFAN-8"
Satellite removed: "60387" "QIANFAN-9"
Satellite removed: "58578" "QPS-SAR-5 (TSUKUYOMI-I)"
Satellite removed: "59447" "QPS-SAR-7 (TSUKUYOMI-II)"
Satellite removed: "60542" "QPS-SAR-8 (AMATERU-IV)"
Satellite removed: "60476" "QUBE"
Satellite removed: "37826" "QUETZSAT 1"
Satellite removed: "49336" "QZS-1R (QZSS/PRN 196)"
Satellite removed: "42738" "QZS-2 (QZSS/PRN 194)"
Satellite removed: "42917" "QZS-3 (QZSS/PRN 199)"
Satellite removed: "42965" "QZS-4 (QZSS/PRN 195)"
Satellite removed: "62876" "QZS-6 (QZSS/PRN 200)"
Satellite removed: "46913" "R2"
Satellite removed: "60207" "R5-S2"
Satellite removed: "60206" "R5-S4"
Satellite removed: "32382" "RADARSAT-2"
Satellite removed: "23439" "RADIO ROSTO (RS15)"
Satellite removed: "39375" "RADUGA-1M 3"
Satellite removed: "49397" "RAISE 2"
Satellite removed: "52898" "RANDEV"
Satellite removed: "43773" "RANGE-A"
Satellite removed: "58957" "RAPTOR1"
Satellite removed: "58959" "RAPTOR2"
Satellite removed: "58958" "RAPTOR3"
Satellite removed: "58956" "RAPTOR4"
Satellite removed: "37791" "RASAT"
Satellite removed: "36831" "RASCOM-QAF 1R"
Satellite removed: "41849" "RAVAN"
Satellite removed: "44322" "RCM-1"
Satellite removed: "44324" "RCM-2"
Satellite removed: "44323" "RCM-3"
Satellite removed: "28810" "REIMEI (INDEX)"
Satellite removed: "37387" "RESOURCESAT-2"
Satellite removed: "41877" "RESOURCESAT-2A"
Satellite removed: "29228" "RESURS-DK 1"
Satellite removed: "59371" "RESURS-P 4"
Satellite removed: "5398" "RIGIDSPHERE 2 (LCS 4)"
Satellite removed: "44233" "RISAT-2B"
Satellite removed: "44857" "RISAT-2BR1"
Satellite removed: "46905" "RISAT-2BR2"
Satellite removed: "39769" "RISING 2"
Satellite removed: "60474" "ROCK"
Satellite removed: "59106" "RROCI-2"
Satellite removed: "49112" "RSW-01"
Satellite removed: "49114" "RSW-02"
Satellite removed: "61785" "RTU MIREA 1 (RS51S)"
Satellite removed: "56953" "RUNNER-1 (TYVAK-1005)"
Satellite removed: "44065" "S5"
Satellite removed: "61784" "SAMSAT-IONOSPHERE (RS7*)"
Satellite removed: "43641" "SAOCOM 1A"
Satellite removed: "46265" "SAOCOM 1B"
Satellite removed: "39088" "SAPPHIRE"
Satellite removed: "31797" "SAR-LUPE 2"
Satellite removed: "39086" "SARAL"
Satellite removed: "60550" "SATELIOT_1"
Satellite removed: "60534" "SATELIOT_2"
Satellite removed: "60552" "SATELIOT_3"
Satellite removed: "60537" "SATELIOT_4"
Satellite removed: "28369" "SAUDICOMSAT 1"
Satellite removed: "28370" "SAUDICOMSAT 2"
Satellite removed: "31125" "SAUDICOMSAT 3"
Satellite removed: "31127" "SAUDICOMSAT 4"
Satellite removed: "31124" "SAUDICOMSAT 5"
Satellite removed: "31121" "SAUDICOMSAT 6"
Satellite removed: "31119" "SAUDICOMSAT 7"
Satellite removed: "28371" "SAUDISAT 2"
Satellite removed: "31118" "SAUDISAT 3"
Satellite removed: "40016" "SAUDISAT 4"
Satellite removed: "43831" "SAUDISAT 5A"
Satellite removed: "43833" "SAUDISAT 5B"
Satellite removed: "37481" "SBIRS GEO-1 (USA 230)"
Satellite removed: "39120" "SBIRS GEO-2 (USA 241)"
Satellite removed: "43162" "SBIRS GEO-3 (USA 282)"
Satellite removed: "41937" "SBIRS GEO-4 (USA 273)"
Satellite removed: "48618" "SBIRS GEO-5 (USA 315)"
Satellite removed: "53355" "SBIRS GEO-6 (USA 336)"
Satellite removed: "41790" "SCATSAT 1"
Satellite removed: "22490" "SCD 1"
Satellite removed: "25504" "SCD 2"
Satellite removed: "27858" "SCISAT 1"
Satellite removed: "49387" "SDGSAT 1"
Satellite removed: "36395" "SDO"
Satellite removed: "38339" "SDS-4"
Satellite removed: "43820" "SEAHAWK-1"
Satellite removed: "10967" "SEASAT 1"
Satellite removed: "60580" "SEDNA-1"
Satellite removed: "39634" "SENTINEL-1A"
Satellite removed: "40697" "SENTINEL-2A"
Satellite removed: "42063" "SENTINEL-2B"
Satellite removed: "60989" "SENTINEL-2C"
Satellite removed: "41335" "SENTINEL-3A"
Satellite removed: "43437" "SENTINEL-3B"
Satellite removed: "42969" "SENTINEL-5P"
Satellite removed: "46984" "SENTINEL-6A"
Satellite removed: "4327" "SERT 2"
Satellite removed: "36516" "SES-1"
Satellite removed: "42432" "SES-10"
Satellite removed: "42967" "SES-11 (ECHOSTAR 105)"
Satellite removed: "43488" "SES-12"
Satellite removed: "43175" "SES-14"
Satellite removed: "42709" "SES-15 (WAAS/PRN 133)"
Satellite removed: "49332" "SES-17"
Satellite removed: "55970" "SES-18"
Satellite removed: "55971" "SES-19"
Satellite removed: "37809" "SES-2"
Satellite removed: "53960" "SES-20"
Satellite removed: "53961" "SES-21"
Satellite removed: "52933" "SES-22"
Satellite removed: "37748" "SES-3"
Satellite removed: "38087" "SES-4"
Satellite removed: "38652" "SES-5 (EGNOS/PRN 136)"
Satellite removed: "39172" "SES-6"
Satellite removed: "34941" "SES-7 (PROTOSTAR 2)"
Satellite removed: "39460" "SES-8"
Satellite removed: "41380" "SES-9"
Satellite removed: "42692" "SGDC"
Satellite removed: "55104" "SHARJAHSAT-1"
Satellite removed: "69180" "SHENZHOU-23 (SZ-23)"
Satellite removed: "52763" "SHERPA-AC1"
Satellite removed: "48958" "SHERPA-FX2 & TAGSAT-2"
Satellite removed: "53754" "SHERPA-LTC2"
Satellite removed: "39210" "SHIJIAN-15 (SJ-15)"
Satellite removed: "39358" "SHIJIAN-16 (SJ-16)"
Satellite removed: "41838" "SHIJIAN-17 (SJ-17)"
Satellite removed: "44910" "SHIJIAN-20 (SJ-20)"
Satellite removed: "49330" "SHIJIAN-21 (SJ-21)"
Satellite removed: "55131" "SHIJIAN-23 (SJ-23)"
Satellite removed: "28413" "SHIJIAN-6 01A (SJ-6 01A)"
Satellite removed: "28414" "SHIJIAN-6 01B (SJ-6 01B)"
Satellite removed: "29505" "SHIJIAN-6 02A (SJ-6 02A)"
Satellite removed: "29506" "SHIJIAN-6 02B (SJ-6 02B)"
Satellite removed: "33408" "SHIJIAN-6 03A (SJ-6 03A)"
Satellite removed: "33409" "SHIJIAN-6 03B (SJ-6 03B)"
Satellite removed: "37179" "SHIJIAN-6 04A (SJ-6 04A)"
Satellite removed: "37180" "SHIJIAN-6 04B (SJ-6 04B)"
Satellite removed: "49961" "SHIJIAN-6 05A (SJ-6 05A)"
Satellite removed: "49962" "SHIJIAN-6 05B (SJ-6 05B)"
Satellite removed: "28220" "SHIYAN-1 (SY-1)"
Satellite removed: "49258" "SHIYAN-10 01 (SY-10 01)"
Satellite removed: "54878" "SHIYAN-10 02 (SY-10 02)"
Satellite removed: "50321" "SHIYAN-12 01 (SY-12 01)"
Satellite removed: "50322" "SHIYAN-12 02 (SY-12 02)"
Satellite removed: "51102" "SHIYAN-13 (SY-13)"
Satellite removed: "55861" "SHIYAN-19 (SY-19)"
Satellite removed: "54699" "SHIYAN-20A (SY-20A)"
Satellite removed: "54700" "SHIYAN-20B (SY-20B)"
Satellite removed: "54214" "SHIYAN-20C (SY-20C)"
Satellite removed: "54752" "SHIYAN-21 (SY-21)"
Satellite removed: "59728" "SHIYAN-23 (SY-23)"
Satellite removed: "57047" "SHIYAN-25 (SY-25)"
Satellite removed: "33433" "SHIYAN-3 (SY-3)"
Satellite removed: "37931" "SHIYAN-4 (SY-4)"
Satellite removed: "39455" "SHIYAN-5 (SY-5)"
Satellite removed: "43711" "SHIYAN-6 01 (SY-6 01)"
Satellite removed: "45859" "SHIYAN-6 02 (SY-6 02)"
Satellite removed: "48157" "SHIYAN-6 03 (SY-6 03)"
Satellite removed: "39208" "SHIYAN-7 (SY-7)"
Satellite removed: "47851" "SHIYAN-9 (SY-9)"
Satellite removed: "44886" "SHUNTIAN"
Satellite removed: "28893" "SINAH 1"
Satellite removed: "40968" "SINOD-D 1"
Satellite removed: "40977" "SINOD-D 3"
Satellite removed: "43759" "SIRION PATHFINDER-2"
Satellite removed: "61764" "SIT-2086"
Satellite removed: "57199" "SITRO-AIS 10 (BURDAEV)"
Satellite removed: "57208" "SITRO-AIS 11 (SHEFFER)"
Satellite removed: "57204" "SITRO-AIS 12 (SMIRENNIY)"
Satellite removed: "59066" "SITRO-AIS 25"
Satellite removed: "59067" "SITRO-AIS 26"
Satellite removed: "59068" "SITRO-AIS 27"
Satellite removed: "59071" "SITRO-AIS 28"
Satellite removed: "57176" "SITRO-AIS 5 (KATYS)"
Satellite removed: "57192" "SITRO-AIS 6 (CHIRKIN)"
Satellite removed: "57194" "SITRO-AIS 7 (FARTUSHNIY)"
Satellite removed: "57193" "SITRO-AIS 8 (ANOKHIN)"
Satellite removed: "57201" "SITRO-AIS 9 (SHCHUKIN)"
Satellite removed: "41634" "SJ 16-02"
Satellite removed: "36088" "SJ-11-01"
Satellite removed: "37765" "SJ-11-02"
Satellite removed: "37730" "SJ-11-03"
Satellite removed: "39202" "SJ-11-05"
Satellite removed: "39624" "SJ-11-06"
Satellite removed: "40261" "SJ-11-07"
Satellite removed: "40286" "SJ-11-08"
Satellite removed: "36596" "SJ-12"
Satellite removed: "28737" "SJ-7"
Satellite removed: "38860" "SJ-9A"
Satellite removed: "38861" "SJ-9B"
Satellite removed: "54153" "SKIF-D"
Satellite removed: "40664" "SKY MEXICO-1"
Satellite removed: "40940" "SKY MUSTER 1 (NBN1A)"
Satellite removed: "41794" "SKY MUSTER 2 (NBN1B)"
Satellite removed: "55054" "SKYKRAFT-1A"
Satellite removed: "55061" "SKYKRAFT-1C"
Satellite removed: "30794" "SKYNET 5A"
Satellite removed: "32294" "SKYNET 5B"
Satellite removed: "33055" "SKYNET 5C"
Satellite removed: "39034" "SKYNET 5D"
Satellite removed: "39418" "SKYSAT-A"
Satellite removed: "40072" "SKYSAT-B"
Satellite removed: "41601" "SKYSAT-C1"
Satellite removed: "42988" "SKYSAT-C10"
Satellite removed: "42987" "SKYSAT-C11"
Satellite removed: "43797" "SKYSAT-C12"
Satellite removed: "41773" "SKYSAT-C2"
Satellite removed: "41774" "SKYSAT-C3"
Satellite removed: "41771" "SKYSAT-C4"
Satellite removed: "41772" "SKYSAT-C5"
Satellite removed: "42992" "SKYSAT-C6"
Satellite removed: "42991" "SKYSAT-C7"
Satellite removed: "42990" "SKYSAT-C8"
Satellite removed: "42989" "SKYSAT-C9"
Satellite removed: "37218" "SKYTERRA 1"
Satellite removed: "15772" "SL-12 R/B(2)"
Satellite removed: "11267" "SL-14 R/B"
Satellite removed: "11672" "SL-14 R/B"
Satellite removed: "13553" "SL-14 R/B"
Satellite removed: "14820" "SL-14 R/B"
Satellite removed: "15945" "SL-14 R/B"
Satellite removed: "16496" "SL-14 R/B"
Satellite removed: "16792" "SL-14 R/B"
Satellite removed: "16882" "SL-14 R/B"
Satellite removed: "17567" "SL-14 R/B"
Satellite removed: "17912" "SL-14 R/B"
Satellite removed: "18153" "SL-14 R/B"
Satellite removed: "18749" "SL-14 R/B"
Satellite removed: "19574" "SL-14 R/B"
Satellite removed: "20262" "SL-14 R/B"
Satellite removed: "20466" "SL-14 R/B"
Satellite removed: "20511" "SL-14 R/B"
Satellite removed: "21423" "SL-14 R/B"
Satellite removed: "16182" "SL-16 R/B"
Satellite removed: "17590" "SL-16 R/B"
Satellite removed: "19120" "SL-16 R/B"
Satellite removed: "19650" "SL-16 R/B"
Satellite removed: "20625" "SL-16 R/B"
Satellite removed: "22220" "SL-16 R/B"
Satellite removed: "22285" "SL-16 R/B"
Satellite removed: "22566" "SL-16 R/B"
Satellite removed: "22803" "SL-16 R/B"
Satellite removed: "23088" "SL-16 R/B"
Satellite removed: "23343" "SL-16 R/B"
Satellite removed: "23405" "SL-16 R/B"
Satellite removed: "23705" "SL-16 R/B"
Satellite removed: "24298" "SL-16 R/B"
Satellite removed: "25400" "SL-16 R/B"
Satellite removed: "25407" "SL-16 R/B"
Satellite removed: "25861" "SL-16 R/B"
Satellite removed: "26070" "SL-16 R/B"
Satellite removed: "28353" "SL-16 R/B"
Satellite removed: "31793" "SL-16 R/B"
Satellite removed: "10114" "SL-3 R/B"
Satellite removed: "12465" "SL-3 R/B"
Satellite removed: "12904" "SL-3 R/B"
Satellite removed: "13068" "SL-3 R/B"
Satellite removed: "13154" "SL-3 R/B"
Satellite removed: "13403" "SL-3 R/B"
Satellite removed: "13819" "SL-3 R/B"
Satellite removed: "14208" "SL-3 R/B"
Satellite removed: "19046" "SL-3 R/B"
Satellite removed: "5118" "SL-3 R/B"
Satellite removed: "877" "SL-3 R/B"
Satellite removed: "39679" "SL-4 R/B"
Satellite removed: "20666" "SL-6 R/B(2)"
Satellite removed: "11574" "SL-8 R/B"
Satellite removed: "12139" "SL-8 R/B"
Satellite removed: "15483" "SL-8 R/B"
Satellite removed: "19257" "SL-8 R/B"
Satellite removed: "20775" "SL-8 R/B"
Satellite removed: "21088" "SL-8 R/B"
Satellite removed: "21876" "SL-8 R/B"
Satellite removed: "21938" "SL-8 R/B"
Satellite removed: "2802" "SL-8 R/B"
Satellite removed: "3230" "SL-8 R/B"
Satellite removed: "5730" "SL-8 R/B"
Satellite removed: "8459" "SL-8 R/B"
Satellite removed: "40376" "SMAP"
Satellite removed: "38759" "SMDC ONE 1.2"
Satellite removed: "39474" "SMDC ONE 2.3"
Satellite removed: "39469" "SMDC ONE 2.4"
Satellite removed: "69123" "SMILE"
Satellite removed: "36036" "SMOS"
Satellite removed: "40970" "SNAP-3 ALICE"
Satellite removed: "40972" "SNAP-3 EDDIE"
Satellite removed: "40975" "SNAP-3 JIMI"
Satellite removed: "56745" "SNIPE 2"
Satellite removed: "56744" "SNIPE 4"
Satellite removed: "39768" "SOCRATES"
Satellite removed: "58817" "SORAYA"
Satellite removed: "27651" "SORCE"
Satellite removed: "61047" "SPACEMOBILE-001"
Satellite removed: "61048" "SPACEMOBILE-002"
Satellite removed: "61045" "SPACEMOBILE-003"
Satellite removed: "61049" "SPACEMOBILE-004"
Satellite removed: "61046" "SPACEMOBILE-005"
Satellite removed: "67232" "SPACEMOBILE-006"
Satellite removed: "69589" "SPACEMOBILE-008"
Satellite removed: "69590" "SPACEMOBILE-009"
Satellite removed: "69591" "SPACEMOBILE-010"
Satellite removed: "58295" "SPACEVAN-001"
Satellite removed: "28945" "SPAINSAT"
Satellite removed: "41900" "SPARK 1"
Satellite removed: "41901" "SPARK 2"
Satellite removed: "48964" "SPARTAN"
Satellite removed: "43766" "SPAWAR-CAL-O"
Satellite removed: "43778" "SPAWAR-CAL-OR"
Satellite removed: "43776" "SPAWAR-CAL-R"
Satellite removed: "58298" "SPIP"
Satellite removed: "38755" "SPOT 6"
Satellite removed: "40053" "SPOT 7"
Satellite removed: "38011" "SSOT"
Satellite removed: "43618" "SSTL S1-4"
Satellite removed: "37606" "ST-2"
Satellite removed: "32768" "STAR ONE C2"
Satellite removed: "38991" "STAR ONE C3"
Satellite removed: "40733" "STAR ONE C4"
Satellite removed: "41904" "STAR ONE D1"
Satellite removed: "49055" "STAR ONE D2"
Satellite removed: "55009" "STAR VIBE"
Satellite removed: "7646" "STARLETTE"
Satellite removed: "57388" "STARLING 1"
Satellite removed: "57387" "STARLING 2"
Satellite removed: "57389" "STARLING 3"
Satellite removed: "57386" "STARLING 4"
Satellite removed: "44714" "STARLINK-1008"
Satellite removed: "44718" "STARLINK-1012"
Satellite removed: "44723" "STARLINK-1017"
Satellite removed: "44725" "STARLINK-1020"
Satellite removed: "44741" "STARLINK-1036"
Satellite removed: "44744" "STARLINK-1039"
Satellite removed: "44747" "STARLINK-1042"
Satellite removed: "44748" "STARLINK-1043"
Satellite removed: "44751" "STARLINK-1046"
Satellite removed: "44752" "STARLINK-1047"
Satellite removed: "44753" "STARLINK-1048"
Satellite removed: "44768" "STARLINK-1063"
Satellite removed: "44771" "STARLINK-1067"
Satellite removed: "44772" "STARLINK-1068"
Satellite removed: "44961" "STARLINK-1080"
Satellite removed: "44968" "STARLINK-1090"
Satellite removed: "44941" "STARLINK-1094"
Satellite removed: "58705" "STARLINK-11072"
Satellite removed: "58706" "STARLINK-11075"
Satellite removed: "58709" "STARLINK-11076"
Satellite removed: "58707" "STARLINK-11077"
Satellite removed: "58710" "STARLINK-11078"
Satellite removed: "58708" "STARLINK-11079"
Satellite removed: "60727" "STARLINK-11080"
Satellite removed: "60405" "STARLINK-11081"
Satellite removed: "59711" "STARLINK-11082"
Satellite removed: "59424" "STARLINK-11083"
Satellite removed: "59717" "STARLINK-11084"
Satellite removed: "59425" "STARLINK-11085"
Satellite removed: "60043" "STARLINK-11086"
Satellite removed: "59421" "STARLINK-11087"
Satellite removed: "59709" "STARLINK-11088"
Satellite removed: "59426" "STARLINK-11089"
Satellite removed: "59422" "STARLINK-11090"
Satellite removed: "61207" "STARLINK-11091"
Satellite removed: "59710" "STARLINK-11092"
Satellite removed: "59423" "STARLINK-11093"
Satellite removed: "59714" "STARLINK-11094"
Satellite removed: "59720" "STARLINK-11095"
Satellite removed: "59719" "STARLINK-11096"
Satellite removed: "59759" "STARLINK-11097"
Satellite removed: "59760" "STARLINK-11098"
Satellite removed: "59716" "STARLINK-11099"
Satellite removed: "59713" "STARLINK-11100"
Satellite removed: "59715" "STARLINK-11101"
Satellite removed: "60065" "STARLINK-11102"
Satellite removed: "59718" "STARLINK-11103"
Satellite removed: "59763" "STARLINK-11104"
Satellite removed: "59758" "STARLINK-11105"
Satellite removed: "59765" "STARLINK-11106"
Satellite removed: "59708" "STARLINK-11107"
Satellite removed: "59712" "STARLINK-11108"
Satellite removed: "60306" "STARLINK-11109"
Satellite removed: "59762" "STARLINK-11110"
Satellite removed: "60115" "STARLINK-11112"
Satellite removed: "59947" "STARLINK-11113"
Satellite removed: "59757" "STARLINK-11114"
Satellite removed: "60305" "STARLINK-11115"
Satellite removed: "60045" "STARLINK-11116"
Satellite removed: "59761" "STARLINK-11117"
Satellite removed: "59754" "STARLINK-11118"
Satellite removed: "60121" "STARLINK-11119"
Satellite removed: "60042" "STARLINK-11120"
Satellite removed: "60040" "STARLINK-11122"
Satellite removed: "59948" "STARLINK-11123"
Satellite removed: "59952" "STARLINK-11124"
Satellite removed: "60119" "STARLINK-11127"
Satellite removed: "60302" "STARLINK-11128"
Satellite removed: "60038" "STARLINK-11129"
Satellite removed: "59950" "STARLINK-11130"
Satellite removed: "59756" "STARLINK-11131"
Satellite removed: "59755" "STARLINK-11132"
Satellite removed: "59954" "STARLINK-11133"
Satellite removed: "59956" "STARLINK-11134"
Satellite removed: "60048" "STARLINK-11135"
Satellite removed: "60407" "STARLINK-11136"
Satellite removed: "60050" "STARLINK-11137"
Satellite removed: "59949" "STARLINK-11138"
Satellite removed: "60402" "STARLINK-11139"
Satellite removed: "44927" "STARLINK-1114"
Satellite removed: "60039" "STARLINK-11140"
Satellite removed: "60066" "STARLINK-11141"
Satellite removed: "59957" "STARLINK-11142"
Satellite removed: "59955" "STARLINK-11144"
Satellite removed: "59945" "STARLINK-11145"
Satellite removed: "60729" "STARLINK-11146"
Satellite removed: "60301" "STARLINK-11147"
Satellite removed: "60044" "STARLINK-11148"
Satellite removed: "60041" "STARLINK-11149"
Satellite removed: "60406" "STARLINK-11150"
Satellite removed: "60049" "STARLINK-11151"
Satellite removed: "60194" "STARLINK-11152"
Satellite removed: "60067" "STARLINK-11153"
Satellite removed: "61059" "STARLINK-11154"
Satellite removed: "60046" "STARLINK-11155"
Satellite removed: "61056" "STARLINK-11156"
Satellite removed: "60122" "STARLINK-11157"
Satellite removed: "60403" "STARLINK-11158"
Satellite removed: "60905" "STARLINK-11159"
Satellite removed: "60125" "STARLINK-11160"
Satellite removed: "60124" "STARLINK-11161"
Satellite removed: "60123" "STARLINK-11162"
Satellite removed: "60047" "STARLINK-11163"
Satellite removed: "60120" "STARLINK-11164"
Satellite removed: "60063" "STARLINK-11165"
Satellite removed: "60062" "STARLINK-11166"
Satellite removed: "60061" "STARLINK-11167"
Satellite removed: "60183" "STARLINK-11168"
Satellite removed: "60064" "STARLINK-11169"
Satellite removed: "60068" "STARLINK-11170"
Satellite removed: "60069" "STARLINK-11171"
Satellite removed: "60193" "STARLINK-11172"
Satellite removed: "60192" "STARLINK-11173"
Satellite removed: "60409" "STARLINK-11174"
Satellite removed: "60191" "STARLINK-11175"
Satellite removed: "60060" "STARLINK-11176"
Satellite removed: "60118" "STARLINK-11177"
Satellite removed: "62465" "STARLINK-11178"
Satellite removed: "60190" "STARLINK-11179"
Satellite removed: "60185" "STARLINK-11180"
Satellite removed: "60059" "STARLINK-11181"
Satellite removed: "60399" "STARLINK-11182"
Satellite removed: "60189" "STARLINK-11183"
Satellite removed: "60071" "STARLINK-11184"
Satellite removed: "62588" "STARLINK-11185"
Satellite removed: "60070" "STARLINK-11186"
Satellite removed: "60184" "STARLINK-11187"
Satellite removed: "60722" "STARLINK-11188"
Satellite removed: "60188" "STARLINK-11189"
Satellite removed: "60911" "STARLINK-11190"
Satellite removed: "60410" "STARLINK-11191"
Satellite removed: "60308" "STARLINK-11192"
Satellite removed: "60195" "STARLINK-11193"
Satellite removed: "60187" "STARLINK-11194"
Satellite removed: "60408" "STARLINK-11196"
Satellite removed: "60186" "STARLINK-11197"
Satellite removed: "60114" "STARLINK-11198"
Satellite removed: "60404" "STARLINK-11199"
Satellite removed: "60310" "STARLINK-11200"
Satellite removed: "60113" "STARLINK-11201"
Satellite removed: "60117" "STARLINK-11203"
Satellite removed: "60931" "STARLINK-11204"
Satellite removed: "60313" "STARLINK-11205"
Satellite removed: "60312" "STARLINK-11206"
Satellite removed: "60933" "STARLINK-11207"
Satellite removed: "61200" "STARLINK-11209"
Satellite removed: "60116" "STARLINK-11210"
Satellite removed: "60309" "STARLINK-11213"
Satellite removed: "44949" "STARLINK-1122"
Satellite removed: "60307" "STARLINK-11223"
Satellite removed: "60304" "STARLINK-11224"
Satellite removed: "60912" "STARLINK-11225"
Satellite removed: "60907" "STARLINK-11226"
Satellite removed: "60303" "STARLINK-11227"
Satellite removed: "60398" "STARLINK-11228"
Satellite removed: "60908" "STARLINK-11229"
Satellite removed: "44930" "STARLINK-1123"
Satellite removed: "61053" "STARLINK-11230"
Satellite removed: "61057" "STARLINK-11231"
Satellite removed: "60401" "STARLINK-11232"
Satellite removed: "61061" "STARLINK-11233"
Satellite removed: "60400" "STARLINK-11234"
Satellite removed: "60726" "STARLINK-11235"
Satellite removed: "61062" "STARLINK-11236"
Satellite removed: "60934" "STARLINK-11237"
Satellite removed: "60928" "STARLINK-11238"
Satellite removed: "60924" "STARLINK-11239"
Satellite removed: "60929" "STARLINK-11240"
Satellite removed: "60936" "STARLINK-11241"
Satellite removed: "60903" "STARLINK-11242"
Satellite removed: "60927" "STARLINK-11243"
Satellite removed: "60926" "STARLINK-11244"
Satellite removed: "60925" "STARLINK-11245"
Satellite removed: "60932" "STARLINK-11246"
Satellite removed: "60720" "STARLINK-11247"
Satellite removed: "60728" "STARLINK-11249"
Satellite removed: "60910" "STARLINK-11250"
Satellite removed: "60930" "STARLINK-11251"
Satellite removed: "61051" "STARLINK-11252"
Satellite removed: "60935" "STARLINK-11253"
Satellite removed: "60731" "STARLINK-11254"
Satellite removed: "60730" "STARLINK-11255"
Satellite removed: "60904" "STARLINK-11256"
Satellite removed: "61201" "STARLINK-11257"
Satellite removed: "60721" "STARLINK-11259"
Satellite removed: "60997" "STARLINK-11260"
Satellite removed: "60724" "STARLINK-11261"
Satellite removed: "62009" "STARLINK-11262"
Satellite removed: "60725" "STARLINK-11263"
Satellite removed: "60906" "STARLINK-11264"
Satellite removed: "60909" "STARLINK-11265"
Satellite removed: "60732" "STARLINK-11266"
Satellite removed: "60994" "STARLINK-11267"
Satellite removed: "61055" "STARLINK-11268"
Satellite removed: "60995" "STARLINK-11269"
Satellite removed: "60999" "STARLINK-11270"
Satellite removed: "60915" "STARLINK-11271"
Satellite removed: "60723" "STARLINK-11272"
Satellite removed: "60913" "STARLINK-11273"
Satellite removed: "61001" "STARLINK-11274"
Satellite removed: "61579" "STARLINK-11275"
Satellite removed: "61244" "STARLINK-11276"
Satellite removed: "61205" "STARLINK-11277"
Satellite removed: "61206" "STARLINK-11279"
Satellite removed: "61245" "STARLINK-11280"
Satellite removed: "60996" "STARLINK-11281"
Satellite removed: "60992" "STARLINK-11282"
Satellite removed: "60993" "STARLINK-11283"
Satellite removed: "61578" "STARLINK-11285"
Satellite removed: "61050" "STARLINK-11286"
Satellite removed: "60998" "STARLINK-11287"
Satellite removed: "61002" "STARLINK-11288"
Satellite removed: "60991" "STARLINK-11289"
Satellite removed: "61000" "STARLINK-11290"
Satellite removed: "61208" "STARLINK-11291"
Satellite removed: "61203" "STARLINK-11292"
Satellite removed: "61249" "STARLINK-11293"
Satellite removed: "61054" "STARLINK-11294"
Satellite removed: "61536" "STARLINK-11295"
Satellite removed: "61699" "STARLINK-11296"
Satellite removed: "61060" "STARLINK-11297"
Satellite removed: "61211" "STARLINK-11298"
Satellite removed: "61058" "STARLINK-11299"
Satellite removed: "61243" "STARLINK-11300"
Satellite removed: "61885" "STARLINK-11301"
Satellite removed: "61204" "STARLINK-11302"
Satellite removed: "62096" "STARLINK-11303"
Satellite removed: "61209" "STARLINK-11304"
Satellite removed: "61247" "STARLINK-11305"
Satellite removed: "61254" "STARLINK-11306"
Satellite removed: "61210" "STARLINK-11307"
Satellite removed: "61246" "STARLINK-11308"
Satellite removed: "61202" "STARLINK-11309"
Satellite removed: "45047" "STARLINK-1131"
Satellite removed: "61212" "STARLINK-11310"
Satellite removed: "61253" "STARLINK-11311"
Satellite removed: "61689" "STARLINK-11312"
Satellite removed: "61255" "STARLINK-11313"
Satellite removed: "61878" "STARLINK-11314"
Satellite removed: "61692" "STARLINK-11315"
Satellite removed: "61875" "STARLINK-11316"
Satellite removed: "61248" "STARLINK-11317"
Satellite removed: "61252" "STARLINK-11318"
Satellite removed: "61251" "STARLINK-11319"
Satellite removed: "45044" "STARLINK-1132"
Satellite removed: "61942" "STARLINK-11320"
Satellite removed: "61877" "STARLINK-11321"
Satellite removed: "61542" "STARLINK-11322"
Satellite removed: "61533" "STARLINK-11323"
Satellite removed: "61879" "STARLINK-11324"
Satellite removed: "61538" "STARLINK-11325"
Satellite removed: "62010" "STARLINK-11326"
Satellite removed: "61695" "STARLINK-11327"
Satellite removed: "61880" "STARLINK-11328"
Satellite removed: "61881" "STARLINK-11329"
Satellite removed: "45064" "STARLINK-1133"
Satellite removed: "62011" "STARLINK-11330"
Satellite removed: "61539" "STARLINK-11332"
Satellite removed: "62273" "STARLINK-11333"
Satellite removed: "61687" "STARLINK-11335"
Satellite removed: "61940" "STARLINK-11337"
Satellite removed: "61534" "STARLINK-11338"
Satellite removed: "61691" "STARLINK-11339"
Satellite removed: "45048" "STARLINK-1134"
Satellite removed: "61690" "STARLINK-11340"
Satellite removed: "61696" "STARLINK-11341"
Satellite removed: "61580" "STARLINK-11342"
Satellite removed: "62017" "STARLINK-11343"
Satellite removed: "61688" "STARLINK-11344"
Satellite removed: "62093" "STARLINK-11345"
Satellite removed: "61697" "STARLINK-11346"
Satellite removed: "63054" "STARLINK-11347"
Satellite removed: "61694" "STARLINK-11348"
Satellite removed: "61544" "STARLINK-11349"
Satellite removed: "61540" "STARLINK-11350"
Satellite removed: "61886" "STARLINK-11351"
Satellite removed: "61941" "STARLINK-11353"
Satellite removed: "61532" "STARLINK-11354"
Satellite removed: "62415" "STARLINK-11355"
Satellite removed: "61574" "STARLINK-11356"
Satellite removed: "61541" "STARLINK-11357"
Satellite removed: "62558" "STARLINK-11358"
Satellite removed: "61884" "STARLINK-11359"
Satellite removed: "61586" "STARLINK-11360"
Satellite removed: "61585" "STARLINK-11361"
Satellite removed: "61535" "STARLINK-11362"
Satellite removed: "62012" "STARLINK-11363"
Satellite removed: "61543" "STARLINK-11364"
Satellite removed: "62886" "STARLINK-11365"
Satellite removed: "61693" "STARLINK-11366"
Satellite removed: "62097" "STARLINK-11367"
Satellite removed: "61583" "STARLINK-11368"
Satellite removed: "62095" "STARLINK-11369"
Satellite removed: "61584" "STARLINK-11370"
Satellite removed: "62879" "STARLINK-11371"
Satellite removed: "61576" "STARLINK-11372"
Satellite removed: "61582" "STARLINK-11373"
Satellite removed: "61581" "STARLINK-11374"
Satellite removed: "61577" "STARLINK-11375"
Satellite removed: "61575" "STARLINK-11376"
Satellite removed: "62013" "STARLINK-11377"
Satellite removed: "62020" "STARLINK-11378"
Satellite removed: "62099" "STARLINK-11380"
Satellite removed: "61883" "STARLINK-11383"
Satellite removed: "62014" "STARLINK-11385"
Satellite removed: "62098" "STARLINK-11386"
Satellite removed: "62090" "STARLINK-11387"
Satellite removed: "62092" "STARLINK-11388"
Satellite removed: "62091" "STARLINK-11389"
Satellite removed: "61947" "STARLINK-11390"
Satellite removed: "62889" "STARLINK-11391"
Satellite removed: "62016" "STARLINK-11393"
Satellite removed: "62218" "STARLINK-11394"
Satellite removed: "61951" "STARLINK-11395"
Satellite removed: "62015" "STARLINK-11396"
Satellite removed: "62590" "STARLINK-11397"
Satellite removed: "61882" "STARLINK-11398"
Satellite removed: "63063" "STARLINK-11399"
Satellite removed: "63017" "STARLINK-11400"
Satellite removed: "61874" "STARLINK-11402"
Satellite removed: "63060" "STARLINK-11403"
Satellite removed: "62019" "STARLINK-11404"
Satellite removed: "63008" "STARLINK-11405"
Satellite removed: "63057" "STARLINK-11406"
Satellite removed: "61939" "STARLINK-11407"
Satellite removed: "63064" "STARLINK-11408"
Satellite removed: "63061" "STARLINK-11409"
Satellite removed: "61946" "STARLINK-11410"
Satellite removed: "62018" "STARLINK-11411"
Satellite removed: "63062" "STARLINK-11412"
Satellite removed: "62593" "STARLINK-11413"
Satellite removed: "61948" "STARLINK-11414"
Satellite removed: "62592" "STARLINK-11415"
Satellite removed: "62983" "STARLINK-11417"
Satellite removed: "63058" "STARLINK-11418"
Satellite removed: "62591" "STARLINK-11420"
Satellite removed: "61945" "STARLINK-11421"
Satellite removed: "61944" "STARLINK-11422"
Satellite removed: "61950" "STARLINK-11423"
Satellite removed: "61949" "STARLINK-11424"
Satellite removed: "61943" "STARLINK-11425"
Satellite removed: "62058" "STARLINK-11426"
Satellite removed: "62063" "STARLINK-11427"
Satellite removed: "62061" "STARLINK-11429"
Satellite removed: "62916" "STARLINK-11430"
Satellite removed: "62890" "STARLINK-11431"
Satellite removed: "62008" "STARLINK-11433"
Satellite removed: "62420" "STARLINK-11434"
Satellite removed: "62891" "STARLINK-11435"
Satellite removed: "62887" "STARLINK-11436"
Satellite removed: "62513" "STARLINK-11440"
Satellite removed: "62413" "STARLINK-11441"
Satellite removed: "62885" "STARLINK-11442"
Satellite removed: "62414" "STARLINK-11445"
Satellite removed: "62416" "STARLINK-11446"
Satellite removed: "62418" "STARLINK-11447"
Satellite removed: "63005" "STARLINK-11448"
Satellite removed: "63012" "STARLINK-11449"
Satellite removed: "62518" "STARLINK-11450"
Satellite removed: "62561" "STARLINK-11451"
Satellite removed: "62411" "STARLINK-11453"
Satellite removed: "62059" "STARLINK-11454"
Satellite removed: "62463" "STARLINK-11455"
Satellite removed: "62064" "STARLINK-11456"
Satellite removed: "62919" "STARLINK-11457"
Satellite removed: "62982" "STARLINK-11458"
Satellite removed: "62069" "STARLINK-11460"
Satellite removed: "62421" "STARLINK-11461"
Satellite removed: "62066" "STARLINK-11463"
Satellite removed: "62473" "STARLINK-11464"
Satellite removed: "62220" "STARLINK-11466"
Satellite removed: "62221" "STARLINK-11468"
Satellite removed: "62227" "STARLINK-11469"
Satellite removed: "62062" "STARLINK-11470"
Satellite removed: "62067" "STARLINK-11472"
Satellite removed: "62060" "STARLINK-11473"
Satellite removed: "62065" "STARLINK-11474"
Satellite removed: "62226" "STARLINK-11475"
Satellite removed: "62228" "STARLINK-11476"
Satellite removed: "62471" "STARLINK-11477"
Satellite removed: "62557" "STARLINK-11478"
Satellite removed: "62270" "STARLINK-11479"
Satellite removed: "62830" "STARLINK-11480"
Satellite removed: "62230" "STARLINK-11481"
Satellite removed: "62520" "STARLINK-11482"
Satellite removed: "62223" "STARLINK-11483"
Satellite removed: "62229" "STARLINK-11485"
Satellite removed: "62278" "STARLINK-11487"
Satellite removed: "62222" "STARLINK-11488"
Satellite removed: "62271" "STARLINK-11489"
Satellite removed: "62219" "STARLINK-11490"
Satellite removed: "62269" "STARLINK-11491"
Satellite removed: "62224" "STARLINK-11492"
Satellite removed: "62410" "STARLINK-11493"
Satellite removed: "62275" "STARLINK-11495"
Satellite removed: "62267" "STARLINK-11496"
Satellite removed: "62470" "STARLINK-11497"
Satellite removed: "62279" "STARLINK-11499"
Satellite removed: "62472" "STARLINK-11500"
Satellite removed: "62474" "STARLINK-11502"
Satellite removed: "63142" "STARLINK-11503"
Satellite removed: "62274" "STARLINK-11504"
Satellite removed: "62469" "STARLINK-11505"
Satellite removed: "62519" "STARLINK-11507"
Satellite removed: "62515" "STARLINK-11508"
Satellite removed: "63059" "STARLINK-11509"
Satellite removed: "62516" "STARLINK-11510"
Satellite removed: "62517" "STARLINK-11512"
Satellite removed: "62589" "STARLINK-11513"
Satellite removed: "62514" "STARLINK-11514"
Satellite removed: "62556" "STARLINK-11515"
Satellite removed: "62522" "STARLINK-11516"
Satellite removed: "62462" "STARLINK-11518"
Satellite removed: "62560" "STARLINK-11519"
Satellite removed: "45096" "STARLINK-1152"
Satellite removed: "62834" "STARLINK-11520"
Satellite removed: "62597" "STARLINK-11521"
Satellite removed: "63141" "STARLINK-11522"
Satellite removed: "62565" "STARLINK-11523"
Satellite removed: "62839" "STARLINK-11524"
Satellite removed: "62566" "STARLINK-11525"
Satellite removed: "63007" "STARLINK-11526"
Satellite removed: "62523" "STARLINK-11527"
Satellite removed: "62521" "STARLINK-11528"
Satellite removed: "62599" "STARLINK-11529"
Satellite removed: "45080" "STARLINK-1153"
Satellite removed: "62562" "STARLINK-11530"
Satellite removed: "62841" "STARLINK-11531"
Satellite removed: "62836" "STARLINK-11533"
Satellite removed: "62555" "STARLINK-11534"
Satellite removed: "62595" "STARLINK-11535"
Satellite removed: "62563" "STARLINK-11536"
Satellite removed: "62911" "STARLINK-11537"
Satellite removed: "62554" "STARLINK-11538"
Satellite removed: "45198" "STARLINK-1154"
Satellite removed: "62564" "STARLINK-11540"
Satellite removed: "63015" "STARLINK-11541"
Satellite removed: "62988" "STARLINK-11542"
Satellite removed: "62981" "STARLINK-11543"
Satellite removed: "62984" "STARLINK-11544"
Satellite removed: "63016" "STARLINK-11545"
Satellite removed: "62835" "STARLINK-11546"
Satellite removed: "62587" "STARLINK-11547"
Satellite removed: "62829" "STARLINK-11548"
Satellite removed: "62832" "STARLINK-11549"
Satellite removed: "62840" "STARLINK-11551"
Satellite removed: "62907" "STARLINK-11552"
Satellite removed: "63006" "STARLINK-11553"
Satellite removed: "62915" "STARLINK-11555"
Satellite removed: "62838" "STARLINK-11556"
Satellite removed: "62837" "STARLINK-11557"
Satellite removed: "62831" "STARLINK-11559"
Satellite removed: "45054" "STARLINK-1156"
Satellite removed: "62917" "STARLINK-11560"
Satellite removed: "62918" "STARLINK-11562"
Satellite removed: "62913" "STARLINK-11564"
Satellite removed: "62912" "STARLINK-11565"
Satellite removed: "62914" "STARLINK-11566"
Satellite removed: "62909" "STARLINK-11567"
Satellite removed: "62986" "STARLINK-11571"
Satellite removed: "62993" "STARLINK-11576"
Satellite removed: "63013" "STARLINK-11577"
Satellite removed: "63014" "STARLINK-11578"
Satellite removed: "63143" "STARLINK-11579"
Satellite removed: "63144" "STARLINK-11581"
Satellite removed: "62985" "STARLINK-11582"
Satellite removed: "63106" "STARLINK-11584"
Satellite removed: "63310" "STARLINK-11587"
Satellite removed: "63319" "STARLINK-11588"
Satellite removed: "63311" "STARLINK-11589"
Satellite removed: "63112" "STARLINK-11590"
Satellite removed: "63116" "STARLINK-11591"
Satellite removed: "63560" "STARLINK-11592"
Satellite removed: "63318" "STARLINK-11593"
Satellite removed: "64320" "STARLINK-11594"
Satellite removed: "63669" "STARLINK-11595"
Satellite removed: "64321" "STARLINK-11596"
Satellite removed: "63670" "STARLINK-11599"
Satellite removed: "63114" "STARLINK-11600"
Satellite removed: "63110" "STARLINK-11601"
Satellite removed: "63183" "STARLINK-11602"
Satellite removed: "63671" "STARLINK-11603"
Satellite removed: "63134" "STARLINK-11605"
Satellite removed: "63559" "STARLINK-11606"
Satellite removed: "63275" "STARLINK-11608"
Satellite removed: "63132" "STARLINK-11609"
Satellite removed: "63135" "STARLINK-11610"
Satellite removed: "63138" "STARLINK-11611"
Satellite removed: "63270" "STARLINK-11614"
Satellite removed: "63274" "STARLINK-11615"
Satellite removed: "63185" "STARLINK-11618"
Satellite removed: "63272" "STARLINK-11619"
Satellite removed: "63271" "STARLINK-11620"
Satellite removed: "63273" "STARLINK-11621"
Satellite removed: "63187" "STARLINK-11622"
Satellite removed: "63276" "STARLINK-11623"
Satellite removed: "63109" "STARLINK-11625"
Satellite removed: "63107" "STARLINK-11627"
Satellite removed: "63139" "STARLINK-11628"
Satellite removed: "63104" "STARLINK-11629"
Satellite removed: "63195" "STARLINK-11631"
Satellite removed: "63108" "STARLINK-11632"
Satellite removed: "63193" "STARLINK-11635"
Satellite removed: "63194" "STARLINK-11636"
Satellite removed: "63190" "STARLINK-11637"
Satellite removed: "63269" "STARLINK-11638"
Satellite removed: "63189" "STARLINK-11639"
Satellite removed: "63314" "STARLINK-11640"
Satellite removed: "63268" "STARLINK-11641"
Satellite removed: "63188" "STARLINK-11642"
Satellite removed: "63192" "STARLINK-11643"
Satellite removed: "63672" "STARLINK-11644"
Satellite removed: "63316" "STARLINK-11645"
Satellite removed: "63186" "STARLINK-11646"
Satellite removed: "63191" "STARLINK-11647"
Satellite removed: "64069" "STARLINK-11649"
Satellite removed: "63312" "STARLINK-11650"
Satellite removed: "63315" "STARLINK-11652"
Satellite removed: "63267" "STARLINK-11653"
Satellite removed: "63265" "STARLINK-11654"
Satellite removed: "63675" "STARLINK-11655"
Satellite removed: "63674" "STARLINK-11656"
Satellite removed: "63558" "STARLINK-11657"
Satellite removed: "63266" "STARLINK-11659"
Satellite removed: "45060" "STARLINK-1166"
Satellite removed: "63761" "STARLINK-11660"
Satellite removed: "63676" "STARLINK-11661"
Satellite removed: "63668" "STARLINK-11663"
Satellite removed: "63549" "STARLINK-11665"
Satellite removed: "63667" "STARLINK-11666"
Satellite removed: "63557" "STARLINK-11668"
Satellite removed: "63548" "STARLINK-11669"
Satellite removed: "45071" "STARLINK-1167"
Satellite removed: "64237" "STARLINK-11670"
Satellite removed: "64319" "STARLINK-11671"
Satellite removed: "63665" "STARLINK-11672"
Satellite removed: "64318" "STARLINK-11673"
Satellite removed: "64327" "STARLINK-11674"
Satellite removed: "63757" "STARLINK-11676"
Satellite removed: "63751" "STARLINK-11677"
Satellite removed: "64129" "STARLINK-11679"
Satellite removed: "45072" "STARLINK-1168"
Satellite removed: "63554" "STARLINK-11680"
Satellite removed: "63755" "STARLINK-11681"
Satellite removed: "64234" "STARLINK-11682"
Satellite removed: "64239" "STARLINK-11683"
Satellite removed: "64240" "STARLINK-11684"
Satellite removed: "63552" "STARLINK-11685"
Satellite removed: "64233" "STARLINK-11686"
Satellite removed: "63756" "STARLINK-11688"
Satellite removed: "64241" "STARLINK-11689"
Satellite removed: "45061" "STARLINK-1169"
Satellite removed: "64242" "STARLINK-11690"
Satellite removed: "64381" "STARLINK-11692"
Satellite removed: "64243" "STARLINK-11694"
Satellite removed: "63551" "STARLINK-11695"
Satellite removed: "63553" "STARLINK-11697"
Satellite removed: "64325" "STARLINK-11698"
Satellite removed: "63762" "STARLINK-11699"
Satellite removed: "64068" "STARLINK-11700"
Satellite removed: "63760" "STARLINK-11701"
Satellite removed: "63752" "STARLINK-11702"
Satellite removed: "63759" "STARLINK-11703"
Satellite removed: "64245" "STARLINK-11704"
Satellite removed: "63753" "STARLINK-11706"
Satellite removed: "64328" "STARLINK-11707"
Satellite removed: "45062" "STARLINK-1171"
Satellite removed: "64244" "STARLINK-11710"
Satellite removed: "64378" "STARLINK-11711"
Satellite removed: "64135" "STARLINK-11712"
Satellite removed: "64070" "STARLINK-11713"
Satellite removed: "64134" "STARLINK-11714"
Satellite removed: "64076" "STARLINK-11715"
Satellite removed: "64133" "STARLINK-11716"
Satellite removed: "64126" "STARLINK-11717"
Satellite removed: "64132" "STARLINK-11718"
Satellite removed: "64071" "STARLINK-11719"
Satellite removed: "45074" "STARLINK-1172"
Satellite removed: "64131" "STARLINK-11720"
Satellite removed: "64127" "STARLINK-11721"
Satellite removed: "64128" "STARLINK-11722"
Satellite removed: "64075" "STARLINK-11723"
Satellite removed: "64124" "STARLINK-11724"
Satellite removed: "64125" "STARLINK-11725"
Satellite removed: "64067" "STARLINK-11726"
Satellite removed: "64123" "STARLINK-11727"
Satellite removed: "64323" "STARLINK-11728"
Satellite removed: "64073" "STARLINK-11729"
Satellite removed: "64371" "STARLINK-11731"
Satellite removed: "64370" "STARLINK-11732"
Satellite removed: "64072" "STARLINK-11733"
Satellite removed: "64329" "STARLINK-11734"
Satellite removed: "64130" "STARLINK-11735"
Satellite removed: "64066" "STARLINK-11737"
Satellite removed: "64375" "STARLINK-11738"
Satellite removed: "64374" "STARLINK-11739"
Satellite removed: "64382" "STARLINK-11740"
Satellite removed: "64064" "STARLINK-11741"
Satellite removed: "64379" "STARLINK-11743"
Satellite removed: "64380" "STARLINK-11744"
Satellite removed: "64376" "STARLINK-11745"
Satellite removed: "64372" "STARLINK-11746"
Satellite removed: "64322" "STARLINK-11747"
Satellite removed: "64373" "STARLINK-11748"
Satellite removed: "45088" "STARLINK-1183"
Satellite removed: "45098" "STARLINK-1184"
Satellite removed: "45087" "STARLINK-1185"
Satellite removed: "45222" "STARLINK-1191"
Satellite removed: "45100" "STARLINK-1193"
Satellite removed: "45201" "STARLINK-1199"
Satellite removed: "45183" "STARLINK-1202"
Satellite removed: "45206" "STARLINK-1209"
Satellite removed: "45223" "STARLINK-1212"
Satellite removed: "45225" "STARLINK-1215"
Satellite removed: "45185" "STARLINK-1216"
Satellite removed: "45227" "STARLINK-1221"
Satellite removed: "45228" "STARLINK-1222"
Satellite removed: "45187" "STARLINK-1225"
Satellite removed: "45229" "STARLINK-1226"
Satellite removed: "45230" "STARLINK-1227"
Satellite removed: "45189" "STARLINK-1230"
Satellite removed: "45212" "STARLINK-1231"
Satellite removed: "45190" "STARLINK-1234"
Satellite removed: "45235" "STARLINK-1246"
Satellite removed: "45399" "STARLINK-1255"
Satellite removed: "45404" "STARLINK-1260"
Satellite removed: "45366" "STARLINK-1262"
Satellite removed: "45405" "STARLINK-1263"
Satellite removed: "45406" "STARLINK-1265"
Satellite removed: "45383" "STARLINK-1266"
Satellite removed: "45384" "STARLINK-1267"
Satellite removed: "45197" "STARLINK-1269"
Satellite removed: "45237" "STARLINK-1270"
Satellite removed: "45217" "STARLINK-1271"
Satellite removed: "45386" "STARLINK-1272"
Satellite removed: "45367" "STARLINK-1273"
Satellite removed: "45387" "STARLINK-1274"
Satellite removed: "45368" "STARLINK-1276"
Satellite removed: "45369" "STARLINK-1277"
Satellite removed: "45408" "STARLINK-1278"
Satellite removed: "45370" "STARLINK-1281"
Satellite removed: "45389" "STARLINK-1283"
Satellite removed: "45390" "STARLINK-1284"
Satellite removed: "45417" "STARLINK-1286"
Satellite removed: "45412" "STARLINK-1296"
Satellite removed: "45395" "STARLINK-1297"
Satellite removed: "45374" "STARLINK-1300"
Satellite removed: "45375" "STARLINK-1302"
Satellite removed: "45376" "STARLINK-1304"
Satellite removed: "45377" "STARLINK-1305"
Satellite removed: "45397" "STARLINK-1307"
Satellite removed: "45419" "STARLINK-1308"
Satellite removed: "45414" "STARLINK-1309"
Satellite removed: "45415" "STARLINK-1316"
Satellite removed: "45379" "STARLINK-1319"
Satellite removed: "45573" "STARLINK-1321"
Satellite removed: "45555" "STARLINK-1327"
Satellite removed: "45531" "STARLINK-1329"
Satellite removed: "45578" "STARLINK-1331"
Satellite removed: "45580" "STARLINK-1333"
Satellite removed: "45581" "STARLINK-1335"
Satellite removed: "45582" "STARLINK-1337"
Satellite removed: "45532" "STARLINK-1338"
Satellite removed: "45586" "STARLINK-1347"
Satellite removed: "45535" "STARLINK-1350"
Satellite removed: "45697" "STARLINK-1351"
Satellite removed: "45564" "STARLINK-1356"
Satellite removed: "45565" "STARLINK-1357"
Satellite removed: "45567" "STARLINK-1361"
Satellite removed: "45538" "STARLINK-1362"
Satellite removed: "45589" "STARLINK-1364"
Satellite removed: "45590" "STARLINK-1365"
Satellite removed: "45540" "STARLINK-1368"
Satellite removed: "45542" "STARLINK-1371"
Satellite removed: "45543" "STARLINK-1372"
Satellite removed: "45544" "STARLINK-1373"
Satellite removed: "45570" "STARLINK-1376"
Satellite removed: "45677" "STARLINK-1392"
Satellite removed: "45679" "STARLINK-1394"
Satellite removed: "45700" "STARLINK-1400"
Satellite removed: "45685" "STARLINK-1402"
Satellite removed: "45701" "STARLINK-1403"
Satellite removed: "45686" "STARLINK-1404"
Satellite removed: "45703" "STARLINK-1407"
Satellite removed: "45689" "STARLINK-1413"
Satellite removed: "45693" "STARLINK-1417"
Satellite removed: "45695" "STARLINK-1420"
Satellite removed: "45696" "STARLINK-1422"
Satellite removed: "45710" "STARLINK-1423"
Satellite removed: "45711" "STARLINK-1433"
Satellite removed: "45712" "STARLINK-1434"
Satellite removed: "45660" "STARLINK-1443"
Satellite removed: "45663" "STARLINK-1446"
Satellite removed: "45665" "STARLINK-1448"
Satellite removed: "45668" "STARLINK-1451"
Satellite removed: "45669" "STARLINK-1452"
Satellite removed: "45670" "STARLINK-1453"
Satellite removed: "45671" "STARLINK-1454"
Satellite removed: "45673" "STARLINK-1456"
Satellite removed: "45675" "STARLINK-1458"
Satellite removed: "45676" "STARLINK-1460"
Satellite removed: "45751" "STARLINK-1464"
Satellite removed: "45731" "STARLINK-1465"
Satellite removed: "45772" "STARLINK-1470"
Satellite removed: "45735" "STARLINK-1471"
Satellite removed: "45754" "STARLINK-1477"
Satellite removed: "45755" "STARLINK-1478"
Satellite removed: "45741" "STARLINK-1480"
Satellite removed: "45773" "STARLINK-1482"
Satellite removed: "45759" "STARLINK-1493"
Satellite removed: "45780" "STARLINK-1496"
Satellite removed: "45744" "STARLINK-1500"
Satellite removed: "45764" "STARLINK-1502"
Satellite removed: "45746" "STARLINK-1504"
Satellite removed: "45747" "STARLINK-1506"
Satellite removed: "45786" "STARLINK-1513"
Satellite removed: "46027" "STARLINK-1522"
Satellite removed: "46028" "STARLINK-1523"
Satellite removed: "46047" "STARLINK-1524"
Satellite removed: "46066" "STARLINK-1525"
Satellite removed: "46029" "STARLINK-1526"
Satellite removed: "46048" "STARLINK-1527"
Satellite removed: "46070" "STARLINK-1536"
Satellite removed: "46051" "STARLINK-1540"
Satellite removed: "46073" "STARLINK-1542"
Satellite removed: "46053" "STARLINK-1543"
Satellite removed: "46054" "STARLINK-1548"
Satellite removed: "46074" "STARLINK-1549"
Satellite removed: "46075" "STARLINK-1551"
Satellite removed: "46076" "STARLINK-1552"
Satellite removed: "46348" "STARLINK-1553"
Satellite removed: "46055" "STARLINK-1554"
Satellite removed: "46032" "STARLINK-1555"
Satellite removed: "46033" "STARLINK-1556"
Satellite removed: "46034" "STARLINK-1557"
Satellite removed: "46035" "STARLINK-1558"
Satellite removed: "46077" "STARLINK-1559"
Satellite removed: "46036" "STARLINK-1560"
Satellite removed: "46058" "STARLINK-1564"
Satellite removed: "46079" "STARLINK-1566"
Satellite removed: "46080" "STARLINK-1568"
Satellite removed: "46039" "STARLINK-1569"
Satellite removed: "46059" "STARLINK-1570"
Satellite removed: "46060" "STARLINK-1572"
Satellite removed: "46061" "STARLINK-1573"
Satellite removed: "46063" "STARLINK-1577"
Satellite removed: "46082" "STARLINK-1578"
Satellite removed: "46083" "STARLINK-1579"
Satellite removed: "46043" "STARLINK-1582"
Satellite removed: "46064" "STARLINK-1583"
Satellite removed: "46045" "STARLINK-1591"
Satellite removed: "46141" "STARLINK-1596"
Satellite removed: "46160" "STARLINK-1598"
Satellite removed: "46146" "STARLINK-1608"
Satellite removed: "47621" "STARLINK-1609"
Satellite removed: "46174" "STARLINK-1641"
Satellite removed: "47978" "STARLINK-1647"
Satellite removed: "46353" "STARLINK-1656"
Satellite removed: "46355" "STARLINK-1661"
Satellite removed: "46553" "STARLINK-1664"
Satellite removed: "46537" "STARLINK-1672"
Satellite removed: "47625" "STARLINK-1704"
Satellite removed: "46375" "STARLINK-1724"
Satellite removed: "46563" "STARLINK-1730"
Satellite removed: "46342" "STARLINK-1762"
Satellite removed: "46383" "STARLINK-1770"
Satellite removed: "46384" "STARLINK-1771"
Satellite removed: "47122" "STARLINK-1777"
Satellite removed: "46698" "STARLINK-1797"
Satellite removed: "46702" "STARLINK-1802"
Satellite removed: "46705" "STARLINK-1805"
Satellite removed: "46706" "STARLINK-1807"
Satellite removed: "46709" "STARLINK-1810"
Satellite removed: "47126" "STARLINK-1812"
Satellite removed: "46718" "STARLINK-1821"
Satellite removed: "46725" "STARLINK-1828"
Satellite removed: "47135" "STARLINK-1845"
Satellite removed: "47143" "STARLINK-1856"
Satellite removed: "47157" "STARLINK-1871"
Satellite removed: "47171" "STARLINK-1888"
Satellite removed: "46786" "STARLINK-1893"
Satellite removed: "47179" "STARLINK-1913"
Satellite removed: "46794" "STARLINK-1942"
Satellite removed: "47555" "STARLINK-1954"
Satellite removed: "47627" "STARLINK-1972"
Satellite removed: "47628" "STARLINK-1973"
Satellite removed: "47630" "STARLINK-1983"
Satellite removed: "47632" "STARLINK-1992"
Satellite removed: "47596" "STARLINK-2001"
Satellite removed: "47638" "STARLINK-2015"
Satellite removed: "47351" "STARLINK-2017"
Satellite removed: "48320" "STARLINK-2029"
Satellite removed: "47648" "STARLINK-2031"
Satellite removed: "47650" "STARLINK-2033"
Satellite removed: "47352" "STARLINK-2034"
Satellite removed: "47655" "STARLINK-2039"
Satellite removed: "47656" "STARLINK-2040"
Satellite removed: "47353" "STARLINK-2045"
Satellite removed: "47354" "STARLINK-2046"
Satellite removed: "47355" "STARLINK-2047"
Satellite removed: "47356" "STARLINK-2049"
Satellite removed: "47357" "STARLINK-2050"
Satellite removed: "47358" "STARLINK-2055"
Satellite removed: "48312" "STARLINK-2061"
Satellite removed: "48553" "STARLINK-2063"
Satellite removed: "47722" "STARLINK-2068"
Satellite removed: "47361" "STARLINK-2071"
Satellite removed: "47362" "STARLINK-2076"
Satellite removed: "47366" "STARLINK-2081"
Satellite removed: "47367" "STARLINK-2082"
Satellite removed: "47368" "STARLINK-2084"
Satellite removed: "47371" "STARLINK-2088"
Satellite removed: "47373" "STARLINK-2092"
Satellite removed: "47375" "STARLINK-2094"
Satellite removed: "47376" "STARLINK-2096"
Satellite removed: "47377" "STARLINK-2097"
Satellite removed: "47378" "STARLINK-2098"
Satellite removed: "47379" "STARLINK-2099"
Satellite removed: "47381" "STARLINK-2101"
Satellite removed: "47382" "STARLINK-2102"
Satellite removed: "47383" "STARLINK-2103"
Satellite removed: "47384" "STARLINK-2104"
Satellite removed: "47385" "STARLINK-2105"
Satellite removed: "47386" "STARLINK-2106"
Satellite removed: "47723" "STARLINK-2107"
Satellite removed: "47388" "STARLINK-2109"
Satellite removed: "47389" "STARLINK-2110"
Satellite removed: "47390" "STARLINK-2111"
Satellite removed: "47391" "STARLINK-2112"
Satellite removed: "47397" "STARLINK-2119"
Satellite removed: "47399" "STARLINK-2121"
Satellite removed: "47400" "STARLINK-2122"
Satellite removed: "47401" "STARLINK-2123"
Satellite removed: "47405" "STARLINK-2130"
Satellite removed: "47728" "STARLINK-2131"
Satellite removed: "47407" "STARLINK-2134"
Satellite removed: "47408" "STARLINK-2135"
Satellite removed: "48554" "STARLINK-2139"
Satellite removed: "47730" "STARLINK-2140"
Satellite removed: "47733" "STARLINK-2143"
Satellite removed: "47734" "STARLINK-2144"
Satellite removed: "48555" "STARLINK-2145"
Satellite removed: "47736" "STARLINK-2147"
Satellite removed: "47739" "STARLINK-2150"
Satellite removed: "48556" "STARLINK-2151"
Satellite removed: "48009" "STARLINK-2153"
Satellite removed: "48557" "STARLINK-2155"
Satellite removed: "47742" "STARLINK-2156"
Satellite removed: "47746" "STARLINK-2160"
Satellite removed: "47747" "STARLINK-2161"
Satellite removed: "47750" "STARLINK-2164"
Satellite removed: "48558" "STARLINK-2166"
Satellite removed: "47753" "STARLINK-2170"
Satellite removed: "47760" "STARLINK-2178"
Satellite removed: "47767" "STARLINK-2185"
Satellite removed: "48562" "STARLINK-2187"
Satellite removed: "48563" "STARLINK-2188"
Satellite removed: "48564" "STARLINK-2190"
Satellite removed: "47770" "STARLINK-2193"
Satellite removed: "47771" "STARLINK-2194"
Satellite removed: "47772" "STARLINK-2195"
Satellite removed: "47773" "STARLINK-2196"
Satellite removed: "47778" "STARLINK-2211"
Satellite removed: "47780" "STARLINK-2213"
Satellite removed: "48566" "STARLINK-2214"
Satellite removed: "48568" "STARLINK-2217"
Satellite removed: "48569" "STARLINK-2219"
Satellite removed: "48571" "STARLINK-2221"
Satellite removed: "48572" "STARLINK-2222"
Satellite removed: "48573" "STARLINK-2224"
Satellite removed: "48574" "STARLINK-2225"
Satellite removed: "48010" "STARLINK-2226"
Satellite removed: "48575" "STARLINK-2227"
Satellite removed: "48576" "STARLINK-2228"
Satellite removed: "48577" "STARLINK-2231"
Satellite removed: "48578" "STARLINK-2232"
Satellite removed: "48580" "STARLINK-2234"
Satellite removed: "48581" "STARLINK-2235"
Satellite removed: "48582" "STARLINK-2236"
Satellite removed: "48583" "STARLINK-2237"
Satellite removed: "48586" "STARLINK-2241"
Satellite removed: "48589" "STARLINK-2245"
Satellite removed: "48593" "STARLINK-2250"
Satellite removed: "48594" "STARLINK-2251"
Satellite removed: "48595" "STARLINK-2252"
Satellite removed: "48596" "STARLINK-2253"
Satellite removed: "48597" "STARLINK-2255"
Satellite removed: "47787" "STARLINK-2257"
Satellite removed: "47997" "STARLINK-2266"
Satellite removed: "48000" "STARLINK-2270"
Satellite removed: "47993" "STARLINK-2273"
Satellite removed: "47861" "STARLINK-2280"
Satellite removed: "48019" "STARLINK-2285"
Satellite removed: "48023" "STARLINK-2292"
Satellite removed: "48022" "STARLINK-2298"
Satellite removed: "47981" "STARLINK-2303"
Satellite removed: "47788" "STARLINK-2314"
Satellite removed: "47789" "STARLINK-2315"
Satellite removed: "47790" "STARLINK-2319"
Satellite removed: "47791" "STARLINK-2322"
Satellite removed: "47870" "STARLINK-2326"
Satellite removed: "47873" "STARLINK-2329"
Satellite removed: "47874" "STARLINK-2330"
Satellite removed: "47792" "STARLINK-2334"
Satellite removed: "47879" "STARLINK-2336"
Satellite removed: "47793" "STARLINK-2338"
Satellite removed: "47884" "STARLINK-2343"
Satellite removed: "47887" "STARLINK-2346"
Satellite removed: "47894" "STARLINK-2354"
Satellite removed: "47895" "STARLINK-2355"
Satellite removed: "47896" "STARLINK-2356"
Satellite removed: "47898" "STARLINK-2358"
Satellite removed: "47901" "STARLINK-2361"
Satellite removed: "47904" "STARLINK-2364"
Satellite removed: "47907" "STARLINK-2367"
Satellite removed: "47910" "STARLINK-2370"
Satellite removed: "47911" "STARLINK-2371"
Satellite removed: "47796" "STARLINK-2373"
Satellite removed: "47797" "STARLINK-2377"
Satellite removed: "47916" "STARLINK-2378"
Satellite removed: "47798" "STARLINK-2379"
Satellite removed: "47799" "STARLINK-2380"
Satellite removed: "47800" "STARLINK-2381"
Satellite removed: "47802" "STARLINK-2383"
Satellite removed: "47804" "STARLINK-2385"
Satellite removed: "47805" "STARLINK-2386"
Satellite removed: "47806" "STARLINK-2387"
Satellite removed: "47807" "STARLINK-2388"
Satellite removed: "47808" "STARLINK-2389"
Satellite removed: "47810" "STARLINK-2391"
Satellite removed: "47814" "STARLINK-2395"
Satellite removed: "47815" "STARLINK-2396"
Satellite removed: "47816" "STARLINK-2399"
Satellite removed: "47817" "STARLINK-2400"
Satellite removed: "47819" "STARLINK-2402"
Satellite removed: "48093" "STARLINK-2404"
Satellite removed: "47919" "STARLINK-2405"
Satellite removed: "47821" "STARLINK-2406"
Satellite removed: "47822" "STARLINK-2407"
Satellite removed: "47823" "STARLINK-2408"
Satellite removed: "47824" "STARLINK-2409"
Satellite removed: "47825" "STARLINK-2410"
Satellite removed: "47826" "STARLINK-2411"
Satellite removed: "48094" "STARLINK-2412"
Satellite removed: "47827" "STARLINK-2413"
Satellite removed: "48095" "STARLINK-2414"
Satellite removed: "47828" "STARLINK-2415"
Satellite removed: "48096" "STARLINK-2417"
Satellite removed: "48097" "STARLINK-2418"
Satellite removed: "47830" "STARLINK-2419"
Satellite removed: "47831" "STARLINK-2420"
Satellite removed: "48098" "STARLINK-2421"
Satellite removed: "47832" "STARLINK-2422"
Satellite removed: "47833" "STARLINK-2423"
Satellite removed: "47834" "STARLINK-2424"
Satellite removed: "47836" "STARLINK-2426"
Satellite removed: "47837" "STARLINK-2427"
Satellite removed: "48099" "STARLINK-2428"
Satellite removed: "47838" "STARLINK-2429"
Satellite removed: "48100" "STARLINK-2430"
Satellite removed: "47839" "STARLINK-2431"
Satellite removed: "47840" "STARLINK-2432"
Satellite removed: "47841" "STARLINK-2433"
Satellite removed: "47843" "STARLINK-2435"
Satellite removed: "48101" "STARLINK-2436"
Satellite removed: "48104" "STARLINK-2439"
Satellite removed: "48105" "STARLINK-2440"
Satellite removed: "48106" "STARLINK-2442"
Satellite removed: "48107" "STARLINK-2443"
Satellite removed: "47844" "STARLINK-2446"
Satellite removed: "48111" "STARLINK-2448"
Satellite removed: "48112" "STARLINK-2449"
Satellite removed: "48113" "STARLINK-2450"
Satellite removed: "48115" "STARLINK-2452"
Satellite removed: "47845" "STARLINK-2453"
Satellite removed: "48116" "STARLINK-2454"
Satellite removed: "48117" "STARLINK-2455"
Satellite removed: "48321" "STARLINK-2457"
Satellite removed: "48119" "STARLINK-2459"
Satellite removed: "48120" "STARLINK-2460"
Satellite removed: "48428" "STARLINK-2461"
Satellite removed: "48121" "STARLINK-2462"
Satellite removed: "48123" "STARLINK-2464"
Satellite removed: "48124" "STARLINK-2465"
Satellite removed: "48125" "STARLINK-2466"
Satellite removed: "48126" "STARLINK-2467"
Satellite removed: "48127" "STARLINK-2468"
Satellite removed: "48128" "STARLINK-2469"
Satellite removed: "48334" "STARLINK-2470"
Satellite removed: "48129" "STARLINK-2471"
Satellite removed: "48130" "STARLINK-2472"
Satellite removed: "48131" "STARLINK-2473"
Satellite removed: "48132" "STARLINK-2474"
Satellite removed: "48133" "STARLINK-2475"
Satellite removed: "48134" "STARLINK-2476"
Satellite removed: "48135" "STARLINK-2478"
Satellite removed: "48136" "STARLINK-2479"
Satellite removed: "48137" "STARLINK-2480"
Satellite removed: "48138" "STARLINK-2481"
Satellite removed: "48139" "STARLINK-2482"
Satellite removed: "48140" "STARLINK-2483"
Satellite removed: "48142" "STARLINK-2485"
Satellite removed: "48143" "STARLINK-2486"
Satellite removed: "48144" "STARLINK-2487"
Satellite removed: "48148" "STARLINK-2491"
Satellite removed: "48149" "STARLINK-2492"
Satellite removed: "48150" "STARLINK-2493"
Satellite removed: "48487" "STARLINK-2494"
Satellite removed: "48325" "STARLINK-2495"
Satellite removed: "48455" "STARLINK-2497"
Satellite removed: "48326" "STARLINK-2498"
Satellite removed: "48377" "STARLINK-2499"
Satellite removed: "48485" "STARLINK-2500"
Satellite removed: "48330" "STARLINK-2501"
Satellite removed: "48327" "STARLINK-2502"
Satellite removed: "48151" "STARLINK-2503"
Satellite removed: "48328" "STARLINK-2504"
Satellite removed: "48411" "STARLINK-2505"
Satellite removed: "48315" "STARLINK-2506"
Satellite removed: "48316" "STARLINK-2507"
Satellite removed: "48318" "STARLINK-2509"
Satellite removed: "48329" "STARLINK-2510"
Satellite removed: "48319" "STARLINK-2512"
Satellite removed: "48317" "STARLINK-2513"
Satellite removed: "48331" "STARLINK-2514"
Satellite removed: "48323" "STARLINK-2515"
Satellite removed: "48283" "STARLINK-2516"
Satellite removed: "48309" "STARLINK-2517"
Satellite removed: "48333" "STARLINK-2518"
Satellite removed: "48305" "STARLINK-2519"
Satellite removed: "48648" "STARLINK-2521"
Satellite removed: "48306" "STARLINK-2523"
Satellite removed: "48304" "STARLINK-2524"
Satellite removed: "48482" "STARLINK-2525"
Satellite removed: "48378" "STARLINK-2526"
Satellite removed: "48303" "STARLINK-2530"
Satellite removed: "48483" "STARLINK-2531"
Satellite removed: "48294" "STARLINK-2533"
Satellite removed: "48311" "STARLINK-2534"
Satellite removed: "48295" "STARLINK-2535"
Satellite removed: "48310" "STARLINK-2536"
Satellite removed: "48301" "STARLINK-2537"
Satellite removed: "48300" "STARLINK-2538"
Satellite removed: "48292" "STARLINK-2542"
Satellite removed: "48278" "STARLINK-2543"
Satellite removed: "48289" "STARLINK-2545"
Satellite removed: "48286" "STARLINK-2547"
Satellite removed: "48314" "STARLINK-2549"
Satellite removed: "48293" "STARLINK-2550"
Satellite removed: "48291" "STARLINK-2555"
Satellite removed: "48299" "STARLINK-2557"
Satellite removed: "48282" "STARLINK-2558"
Satellite removed: "48298" "STARLINK-2559"
Satellite removed: "48410" "STARLINK-2563"
Satellite removed: "48284" "STARLINK-2564"
Satellite removed: "48280" "STARLINK-2565"
Satellite removed: "48287" "STARLINK-2566"
Satellite removed: "48276" "STARLINK-2567"
Satellite removed: "48406" "STARLINK-2568"
Satellite removed: "48277" "STARLINK-2569"
Satellite removed: "48405" "STARLINK-2570"
Satellite removed: "48401" "STARLINK-2571"
Satellite removed: "48395" "STARLINK-2574"
Satellite removed: "48396" "STARLINK-2575"
Satellite removed: "48400" "STARLINK-2576"
Satellite removed: "48362" "STARLINK-2578"
Satellite removed: "48459" "STARLINK-2579"
Satellite removed: "48412" "STARLINK-2581"
Satellite removed: "48439" "STARLINK-2583"
Satellite removed: "48382" "STARLINK-2585"
Satellite removed: "48390" "STARLINK-2586"
Satellite removed: "48399" "STARLINK-2587"
Satellite removed: "48398" "STARLINK-2588"
Satellite removed: "48371" "STARLINK-2589"
Satellite removed: "48397" "STARLINK-2590"
Satellite removed: "48361" "STARLINK-2591"
Satellite removed: "48408" "STARLINK-2592"
Satellite removed: "48404" "STARLINK-2593"
Satellite removed: "48388" "STARLINK-2594"
Satellite removed: "48385" "STARLINK-2598"
Satellite removed: "48375" "STARLINK-2603"
Satellite removed: "48374" "STARLINK-2604"
Satellite removed: "48392" "STARLINK-2605"
Satellite removed: "48386" "STARLINK-2606"
Satellite removed: "48391" "STARLINK-2607"
Satellite removed: "48365" "STARLINK-2608"
Satellite removed: "48373" "STARLINK-2609"
Satellite removed: "48376" "STARLINK-2610"
Satellite removed: "48364" "STARLINK-2611"
Satellite removed: "48379" "STARLINK-2612"
Satellite removed: "48353" "STARLINK-2613"
Satellite removed: "48380" "STARLINK-2614"
Satellite removed: "48678" "STARLINK-2615"
Satellite removed: "48695" "STARLINK-2616"
Satellite removed: "48693" "STARLINK-2618"
Satellite removed: "48453" "STARLINK-2620"
Satellite removed: "48370" "STARLINK-2621"
Satellite removed: "48360" "STARLINK-2622"
Satellite removed: "48368" "STARLINK-2623"
Satellite removed: "48358" "STARLINK-2624"
Satellite removed: "48687" "STARLINK-2627"
Satellite removed: "48359" "STARLINK-2628"
Satellite removed: "48686" "STARLINK-2629"
Satellite removed: "48381" "STARLINK-2630"
Satellite removed: "48435" "STARLINK-2633"
Satellite removed: "48445" "STARLINK-2634"
Satellite removed: "48355" "STARLINK-2635"
Satellite removed: "48357" "STARLINK-2636"
Satellite removed: "48356" "STARLINK-2637"
Satellite removed: "48436" "STARLINK-2639"
Satellite removed: "48438" "STARLINK-2640"
Satellite removed: "48437" "STARLINK-2642"
Satellite removed: "48367" "STARLINK-2643"
Satellite removed: "48442" "STARLINK-2644"
Satellite removed: "48444" "STARLINK-2645"
Satellite removed: "48642" "STARLINK-2646"
Satellite removed: "48658" "STARLINK-2647"
Satellite removed: "48679" "STARLINK-2648"
Satellite removed: "48454" "STARLINK-2654"
Satellite removed: "48449" "STARLINK-2655"
Satellite removed: "48655" "STARLINK-2657"
Satellite removed: "48473" "STARLINK-2658"
Satellite removed: "48467" "STARLINK-2659"
Satellite removed: "48469" "STARLINK-2661"
Satellite removed: "48443" "STARLINK-2663"
Satellite removed: "48666" "STARLINK-2666"
Satellite removed: "48663" "STARLINK-2667"
Satellite removed: "48650" "STARLINK-2672"
Satellite removed: "48649" "STARLINK-2673"
Satellite removed: "48354" "STARLINK-2674"
Satellite removed: "48470" "STARLINK-2675"
Satellite removed: "48432" "STARLINK-2680"
Satellite removed: "48465" "STARLINK-2681"
Satellite removed: "48440" "STARLINK-2682"
Satellite removed: "48462" "STARLINK-2683"
Satellite removed: "48471" "STARLINK-2684"
Satellite removed: "48468" "STARLINK-2685"
Satellite removed: "48464" "STARLINK-2686"
Satellite removed: "48466" "STARLINK-2687"
Satellite removed: "48434" "STARLINK-2692"
Satellite removed: "48644" "STARLINK-2695"
Satellite removed: "48474" "STARLINK-2697"
Satellite removed: "48458" "STARLINK-2698"
Satellite removed: "48433" "STARLINK-2699"
Satellite removed: "48431" "STARLINK-2700"
Satellite removed: "48656" "STARLINK-2701"
Satellite removed: "48441" "STARLINK-2702"
Satellite removed: "48452" "STARLINK-2703"
Satellite removed: "48643" "STARLINK-2704"
Satellite removed: "48672" "STARLINK-2705"
Satellite removed: "48481" "STARLINK-2706"
Satellite removed: "48669" "STARLINK-2707"
Satellite removed: "48673" "STARLINK-2711"
Satellite removed: "48674" "STARLINK-2712"
Satellite removed: "48602" "STARLINK-2713"
Satellite removed: "48603" "STARLINK-2714"
Satellite removed: "48659" "STARLINK-2717"
Satellite removed: "48653" "STARLINK-2720"
Satellite removed: "48472" "STARLINK-2722"
Satellite removed: "48681" "STARLINK-2725"
Satellite removed: "48662" "STARLINK-2726"
Satellite removed: "48478" "STARLINK-2728"
Satellite removed: "48651" "STARLINK-2731"
Satellite removed: "48646" "STARLINK-2732"
Satellite removed: "48657" "STARLINK-2734"
Satellite removed: "48667" "STARLINK-2735"
Satellite removed: "48640" "STARLINK-2736"
Satellite removed: "48668" "STARLINK-2738"
Satellite removed: "48639" "STARLINK-2739"
Satellite removed: "48690" "STARLINK-2740"
Satellite removed: "48684" "STARLINK-2741"
Satellite removed: "48688" "STARLINK-2742"
Satellite removed: "48682" "STARLINK-2743"
Satellite removed: "48671" "STARLINK-2745"
Satellite removed: "48676" "STARLINK-2746"
Satellite removed: "48694" "STARLINK-2748"
Satellite removed: "48691" "STARLINK-2750"
Satellite removed: "48685" "STARLINK-2751"
Satellite removed: "48692" "STARLINK-2752"
Satellite removed: "48696" "STARLINK-2753"
Satellite removed: "48641" "STARLINK-2754"
Satellite removed: "48479" "STARLINK-2755"
Satellite removed: "48683" "STARLINK-2756"
Satellite removed: "48604" "STARLINK-2757"
Satellite removed: "48670" "STARLINK-2763"
Satellite removed: "56692" "STARLINK-30036"
Satellite removed: "57468" "STARLINK-30039"
Satellite removed: "57613" "STARLINK-30041"
Satellite removed: "57417" "STARLINK-30043"
Satellite removed: "56294" "STARLINK-30049"
Satellite removed: "48881" "STARLINK-3005"
Satellite removed: "57611" "STARLINK-30052"
Satellite removed: "56700" "STARLINK-30053"
Satellite removed: "57622" "STARLINK-30056"
Satellite removed: "56704" "STARLINK-30066"
Satellite removed: "56693" "STARLINK-30067"
Satellite removed: "56698" "STARLINK-30068"
Satellite removed: "56834" "STARLINK-30069"
Satellite removed: "56707" "STARLINK-30070"
Satellite removed: "56708" "STARLINK-30071"
Satellite removed: "57501" "STARLINK-30072"
Satellite removed: "56840" "STARLINK-30073"
Satellite removed: "57508" "STARLINK-30074"
Satellite removed: "57616" "STARLINK-30075"
Satellite removed: "56839" "STARLINK-30076"
Satellite removed: "57460" "STARLINK-30077"
Satellite removed: "56841" "STARLINK-30078"
Satellite removed: "56706" "STARLINK-30079"
Satellite removed: "56705" "STARLINK-30080"
Satellite removed: "57515" "STARLINK-30081"
Satellite removed: "57509" "STARLINK-30082"
Satellite removed: "56295" "STARLINK-30083"
Satellite removed: "56825" "STARLINK-30084"
Satellite removed: "56709" "STARLINK-30085"
Satellite removed: "56297" "STARLINK-30086"
Satellite removed: "57462" "STARLINK-30088"
Satellite removed: "56296" "STARLINK-30089"
Satellite removed: "57467" "STARLINK-30092"
Satellite removed: "56305" "STARLINK-30094"
Satellite removed: "56289" "STARLINK-30095"
Satellite removed: "56292" "STARLINK-30098"
Satellite removed: "56304" "STARLINK-30099"
Satellite removed: "57623" "STARLINK-30100"
Satellite removed: "56301" "STARLINK-30101"
Satellite removed: "57434" "STARLINK-30102"
Satellite removed: "56290" "STARLINK-30103"
Satellite removed: "56300" "STARLINK-30104"
Satellite removed: "57433" "STARLINK-30105"
Satellite removed: "56288" "STARLINK-30106"
Satellite removed: "56287" "STARLINK-30107"
Satellite removed: "56299" "STARLINK-30108"
Satellite removed: "56298" "STARLINK-30109"
Satellite removed: "56302" "STARLINK-30111"
Satellite removed: "56306" "STARLINK-30112"
Satellite removed: "56291" "STARLINK-30113"
Satellite removed: "56826" "STARLINK-30114"
Satellite removed: "57465" "STARLINK-30116"
Satellite removed: "56702" "STARLINK-30117"
Satellite removed: "56823" "STARLINK-30119"
Satellite removed: "56824" "STARLINK-30120"
Satellite removed: "56695" "STARLINK-30121"
Satellite removed: "56688" "STARLINK-30122"
Satellite removed: "56838" "STARLINK-30123"
Satellite removed: "56690" "STARLINK-30124"
Satellite removed: "56701" "STARLINK-30125"
Satellite removed: "56694" "STARLINK-30126"
Satellite removed: "56699" "STARLINK-30127"
Satellite removed: "56832" "STARLINK-30128"
Satellite removed: "56689" "STARLINK-30129"
Satellite removed: "56697" "STARLINK-30130"
Satellite removed: "56833" "STARLINK-30131"
Satellite removed: "56703" "STARLINK-30132"
Satellite removed: "56837" "STARLINK-30133"
Satellite removed: "56842" "STARLINK-30135"
Satellite removed: "56844" "STARLINK-30136"
Satellite removed: "56843" "STARLINK-30137"
Satellite removed: "57605" "STARLINK-30138"
Satellite removed: "57458" "STARLINK-30140"
Satellite removed: "57620" "STARLINK-30141"
Satellite removed: "56836" "STARLINK-30142"
Satellite removed: "56835" "STARLINK-30144"
Satellite removed: "57496" "STARLINK-30145"
Satellite removed: "57442" "STARLINK-30146"
Satellite removed: "57511" "STARLINK-30147"
Satellite removed: "57617" "STARLINK-30148"
Satellite removed: "57516" "STARLINK-30149"
Satellite removed: "57621" "STARLINK-30150"
Satellite removed: "56827" "STARLINK-30151"
Satellite removed: "56828" "STARLINK-30152"
Satellite removed: "57510" "STARLINK-30153"
Satellite removed: "57495" "STARLINK-30154"
Satellite removed: "57475" "STARLINK-30155"
Satellite removed: "57512" "STARLINK-30157"
Satellite removed: "57438" "STARLINK-30158"
Satellite removed: "57441" "STARLINK-30160"
Satellite removed: "57476" "STARLINK-30161"
Satellite removed: "57446" "STARLINK-30162"
Satellite removed: "57500" "STARLINK-30164"
Satellite removed: "57457" "STARLINK-30165"
Satellite removed: "57602" "STARLINK-30166"
Satellite removed: "57513" "STARLINK-30168"
Satellite removed: "57499" "STARLINK-30169"
Satellite removed: "57469" "STARLINK-30171"
Satellite removed: "57410" "STARLINK-30172"
Satellite removed: "57609" "STARLINK-30174"
Satellite removed: "57477" "STARLINK-30176"
Satellite removed: "57447" "STARLINK-30178"
Satellite removed: "57444" "STARLINK-30181"
Satellite removed: "57412" "STARLINK-30182"
Satellite removed: "57310" "STARLINK-30184"
Satellite removed: "57470" "STARLINK-30186"
Satellite removed: "57413" "STARLINK-30191"
Satellite removed: "57414" "STARLINK-30193"
Satellite removed: "57448" "STARLINK-30196"
Satellite removed: "57443" "STARLINK-30197"
Satellite removed: "57290" "STARLINK-30198"
Satellite removed: "57301" "STARLINK-30201"
Satellite removed: "57498" "STARLINK-30203"
Satellite removed: "57472" "STARLINK-30204"
Satellite removed: "57408" "STARLINK-30205"
Satellite removed: "57407" "STARLINK-30207"
Satellite removed: "57415" "STARLINK-30208"
Satellite removed: "57506" "STARLINK-30212"
Satellite removed: "57504" "STARLINK-30213"
Satellite removed: "57411" "STARLINK-30214"
Satellite removed: "57445" "STARLINK-30215"
Satellite removed: "57451" "STARLINK-30216"
Satellite removed: "57450" "STARLINK-30217"
Satellite removed: "57604" "STARLINK-30218"
Satellite removed: "57507" "STARLINK-30219"
Satellite removed: "57418" "STARLINK-30221"
Satellite removed: "57409" "STARLINK-30222"
Satellite removed: "57603" "STARLINK-30223"
Satellite removed: "57416" "STARLINK-30224"
Satellite removed: "57449" "STARLINK-30225"
Satellite removed: "57497" "STARLINK-30226"
Satellite removed: "57505" "STARLINK-30227"
Satellite removed: "57461" "STARLINK-30229"
Satellite removed: "57503" "STARLINK-30230"
Satellite removed: "57514" "STARLINK-30231"
Satellite removed: "57302" "STARLINK-30233"
Satellite removed: "57294" "STARLINK-30235"
Satellite removed: "57300" "STARLINK-30236"
Satellite removed: "57291" "STARLINK-30239"
Satellite removed: "57404" "STARLINK-30240"
Satellite removed: "57739" "STARLINK-30242"
Satellite removed: "57648" "STARLINK-30243"
Satellite removed: "57614" "STARLINK-30244"
Satellite removed: "57612" "STARLINK-30245"
Satellite removed: "57615" "STARLINK-30246"
Satellite removed: "57644" "STARLINK-30247"
Satellite removed: "57610" "STARLINK-30248"
Satellite removed: "57618" "STARLINK-30249"
Satellite removed: "57527" "STARLINK-30250"
Satellite removed: "57532" "STARLINK-30251"
Satellite removed: "57607" "STARLINK-30252"
Satellite removed: "57525" "STARLINK-30253"
Satellite removed: "57533" "STARLINK-30254"
Satellite removed: "57606" "STARLINK-30255"
Satellite removed: "57522" "STARLINK-30256"
Satellite removed: "57526" "STARLINK-30257"
Satellite removed: "57608" "STARLINK-30258"
Satellite removed: "57521" "STARLINK-30259"
Satellite removed: "57524" "STARLINK-30260"
Satellite removed: "57523" "STARLINK-30261"
Satellite removed: "57642" "STARLINK-30263"
Satellite removed: "57534" "STARLINK-30264"
Satellite removed: "57646" "STARLINK-30265"
Satellite removed: "57529" "STARLINK-30266"
Satellite removed: "57663" "STARLINK-30267"
Satellite removed: "57531" "STARLINK-30268"
Satellite removed: "57528" "STARLINK-30269"
Satellite removed: "57530" "STARLINK-30270"
Satellite removed: "57669" "STARLINK-30271"
Satellite removed: "57860" "STARLINK-30272"
Satellite removed: "57681" "STARLINK-30273"
Satellite removed: "57672" "STARLINK-30274"
Satellite removed: "57667" "STARLINK-30275"
Satellite removed: "57652" "STARLINK-30276"
Satellite removed: "57645" "STARLINK-30277"
Satellite removed: "57668" "STARLINK-30278"
Satellite removed: "57885" "STARLINK-30279"
Satellite removed: "57643" "STARLINK-30280"
Satellite removed: "57716" "STARLINK-30281"
Satellite removed: "57883" "STARLINK-30282"
Satellite removed: "57680" "STARLINK-30283"
Satellite removed: "57877" "STARLINK-30284"
Satellite removed: "57840" "STARLINK-30285"
Satellite removed: "57647" "STARLINK-30286"
Satellite removed: "57709" "STARLINK-30287"
Satellite removed: "57698" "STARLINK-30288"
Satellite removed: "57653" "STARLINK-30289"
Satellite removed: "57858" "STARLINK-30290"
Satellite removed: "57856" "STARLINK-30291"
Satellite removed: "57844" "STARLINK-30292"
Satellite removed: "57651" "STARLINK-30294"
Satellite removed: "57683" "STARLINK-30295"
Satellite removed: "57671" "STARLINK-30296"
Satellite removed: "57682" "STARLINK-30297"
Satellite removed: "57665" "STARLINK-30298"
Satellite removed: "57650" "STARLINK-30299"
Satellite removed: "57715" "STARLINK-30300"
Satellite removed: "57666" "STARLINK-30301"
Satellite removed: "57677" "STARLINK-30303"
Satellite removed: "57775" "STARLINK-30305"
Satellite removed: "57633" "STARLINK-30306"
Satellite removed: "57747" "STARLINK-30307"
Satellite removed: "57742" "STARLINK-30308"
Satellite removed: "57632" "STARLINK-30309"
Satellite removed: "57733" "STARLINK-30310"
Satellite removed: "57637" "STARLINK-30311"
Satellite removed: "57641" "STARLINK-30312"
Satellite removed: "57676" "STARLINK-30313"
Satellite removed: "57708" "STARLINK-30315"
Satellite removed: "57673" "STARLINK-30316"
Satellite removed: "57711" "STARLINK-30318"
Satellite removed: "57678" "STARLINK-30320"
Satellite removed: "57679" "STARLINK-30321"
Satellite removed: "57670" "STARLINK-30322"
Satellite removed: "57634" "STARLINK-30323"
Satellite removed: "57640" "STARLINK-30324"
Satellite removed: "57717" "STARLINK-30325"
Satellite removed: "57639" "STARLINK-30326"
Satellite removed: "57707" "STARLINK-30327"
Satellite removed: "57638" "STARLINK-30328"
Satellite removed: "57635" "STARLINK-30329"
Satellite removed: "57636" "STARLINK-30330"
Satellite removed: "57740" "STARLINK-30331"
Satellite removed: "57700" "STARLINK-30332"
Satellite removed: "57702" "STARLINK-30333"
Satellite removed: "57719" "STARLINK-30334"
Satellite removed: "57710" "STARLINK-30335"
Satellite removed: "57703" "STARLINK-30336"
Satellite removed: "57718" "STARLINK-30338"
Satellite removed: "57882" "STARLINK-30339"
Satellite removed: "57884" "STARLINK-30340"
Satellite removed: "57714" "STARLINK-30341"
Satellite removed: "57753" "STARLINK-30343"
Satellite removed: "57737" "STARLINK-30344"
Satellite removed: "57701" "STARLINK-30345"
Satellite removed: "57704" "STARLINK-30346"
Satellite removed: "57699" "STARLINK-30347"
Satellite removed: "57712" "STARLINK-30348"
Satellite removed: "57713" "STARLINK-30349"
Satellite removed: "57746" "STARLINK-30350"
Satellite removed: "57738" "STARLINK-30351"
Satellite removed: "57736" "STARLINK-30352"
Satellite removed: "58113" "STARLINK-30353"
Satellite removed: "57772" "STARLINK-30354"
Satellite removed: "57777" "STARLINK-30355"
Satellite removed: "57748" "STARLINK-30356"
Satellite removed: "57750" "STARLINK-30357"
Satellite removed: "57879" "STARLINK-30358"
Satellite removed: "57779" "STARLINK-30359"
Satellite removed: "57776" "STARLINK-30360"
Satellite removed: "57743" "STARLINK-30361"
Satellite removed: "57745" "STARLINK-30362"
Satellite removed: "57744" "STARLINK-30363"
Satellite removed: "57741" "STARLINK-30364"
Satellite removed: "57734" "STARLINK-30365"
Satellite removed: "57749" "STARLINK-30366"
Satellite removed: "57791" "STARLINK-30367"
Satellite removed: "57752" "STARLINK-30368"
Satellite removed: "57781" "STARLINK-30369"
Satellite removed: "57751" "STARLINK-30370"
Satellite removed: "57735" "STARLINK-30371"
Satellite removed: "57789" "STARLINK-30372"
Satellite removed: "57809" "STARLINK-30374"
Satellite removed: "57732" "STARLINK-30375"
Satellite removed: "57782" "STARLINK-30376"
Satellite removed: "57825" "STARLINK-30377"
Satellite removed: "57787" "STARLINK-30378"
Satellite removed: "57811" "STARLINK-30379"
Satellite removed: "57780" "STARLINK-30380"
Satellite removed: "57785" "STARLINK-30381"
Satellite removed: "57786" "STARLINK-30382"
Satellite removed: "57773" "STARLINK-30383"
Satellite removed: "57774" "STARLINK-30384"
Satellite removed: "57778" "STARLINK-30385"
Satellite removed: "57816" "STARLINK-30386"
Satellite removed: "57788" "STARLINK-30387"
Satellite removed: "57784" "STARLINK-30388"
Satellite removed: "57783" "STARLINK-30389"
Satellite removed: "57819" "STARLINK-30390"
Satellite removed: "57817" "STARLINK-30391"
Satellite removed: "57855" "STARLINK-30392"
Satellite removed: "57866" "STARLINK-30393"
Satellite removed: "57810" "STARLINK-30394"
Satellite removed: "57812" "STARLINK-30395"
Satellite removed: "57964" "STARLINK-30396"
Satellite removed: "57771" "STARLINK-30397"
Satellite removed: "57815" "STARLINK-30398"
Satellite removed: "57951" "STARLINK-30399"
Satellite removed: "57937" "STARLINK-30400"
Satellite removed: "57818" "STARLINK-30401"
Satellite removed: "57827" "STARLINK-30402"
Satellite removed: "57813" "STARLINK-30403"
Satellite removed: "57853" "STARLINK-30404"
Satellite removed: "57851" "STARLINK-30405"
Satellite removed: "57823" "STARLINK-30407"
Satellite removed: "57824" "STARLINK-30408"
Satellite removed: "57820" "STARLINK-30409"
Satellite removed: "57841" "STARLINK-30410"
Satellite removed: "57828" "STARLINK-30411"
Satellite removed: "57854" "STARLINK-30412"
Satellite removed: "57814" "STARLINK-30413"
Satellite removed: "57859" "STARLINK-30414"
Satellite removed: "57821" "STARLINK-30415"
Satellite removed: "57847" "STARLINK-30416"
Satellite removed: "57829" "STARLINK-30418"
Satellite removed: "58107" "STARLINK-30421"
Satellite removed: "57826" "STARLINK-30422"
Satellite removed: "57843" "STARLINK-30423"
Satellite removed: "57857" "STARLINK-30424"
Satellite removed: "57850" "STARLINK-30425"
Satellite removed: "57848" "STARLINK-30426"
Satellite removed: "57865" "STARLINK-30427"
Satellite removed: "57906" "STARLINK-30428"
Satellite removed: "57876" "STARLINK-30429"
Satellite removed: "49179" "STARLINK-3043"
Satellite removed: "57849" "STARLINK-30430"
Satellite removed: "57852" "STARLINK-30431"
Satellite removed: "57864" "STARLINK-30432"
Satellite removed: "57878" "STARLINK-30433"
Satellite removed: "57875" "STARLINK-30434"
Satellite removed: "57842" "STARLINK-30435"
Satellite removed: "57880" "STARLINK-30436"
Satellite removed: "58036" "STARLINK-30437"
Satellite removed: "58035" "STARLINK-30438"
Satellite removed: "57867" "STARLINK-30439"
Satellite removed: "49438" "STARLINK-3044"
Satellite removed: "57923" "STARLINK-30440"
Satellite removed: "57869" "STARLINK-30441"
Satellite removed: "57868" "STARLINK-30442"
Satellite removed: "57894" "STARLINK-30443"
Satellite removed: "57871" "STARLINK-30444"
Satellite removed: "57873" "STARLINK-30445"
Satellite removed: "57872" "STARLINK-30446"
Satellite removed: "57874" "STARLINK-30447"
Satellite removed: "57928" "STARLINK-30448"
Satellite removed: "57903" "STARLINK-30449"
Satellite removed: "49173" "STARLINK-3045"
Satellite removed: "57913" "STARLINK-30450"
Satellite removed: "57925" "STARLINK-30452"
Satellite removed: "57910" "STARLINK-30453"
Satellite removed: "57915" "STARLINK-30454"
Satellite removed: "57942" "STARLINK-30455"
Satellite removed: "57943" "STARLINK-30456"
Satellite removed: "57900" "STARLINK-30457"
Satellite removed: "49169" "STARLINK-3046"
Satellite removed: "57870" "STARLINK-30460"
Satellite removed: "57933" "STARLINK-30461"
Satellite removed: "57902" "STARLINK-30462"
Satellite removed: "57909" "STARLINK-30463"
Satellite removed: "57908" "STARLINK-30464"
Satellite removed: "57891" "STARLINK-30465"
Satellite removed: "57904" "STARLINK-30466"
Satellite removed: "57895" "STARLINK-30467"
Satellite removed: "57926" "STARLINK-30468"
Satellite removed: "57896" "STARLINK-30469"
Satellite removed: "57892" "STARLINK-30470"
Satellite removed: "57932" "STARLINK-30471"
Satellite removed: "57901" "STARLINK-30472"
Satellite removed: "57893" "STARLINK-30473"
Satellite removed: "57897" "STARLINK-30474"
Satellite removed: "57912" "STARLINK-30477"
Satellite removed: "57911" "STARLINK-30478"
Satellite removed: "57898" "STARLINK-30479"
Satellite removed: "49148" "STARLINK-3048"
Satellite removed: "58069" "STARLINK-30480"
Satellite removed: "57899" "STARLINK-30481"
Satellite removed: "57907" "STARLINK-30482"
Satellite removed: "57914" "STARLINK-30483"
Satellite removed: "57920" "STARLINK-30485"
Satellite removed: "58009" "STARLINK-30486"
Satellite removed: "57924" "STARLINK-30487"
Satellite removed: "57931" "STARLINK-30488"
Satellite removed: "57974" "STARLINK-30489"
Satellite removed: "49436" "STARLINK-3049"
Satellite removed: "57921" "STARLINK-30492"
Satellite removed: "58116" "STARLINK-30493"
Satellite removed: "57970" "STARLINK-30494"
Satellite removed: "57968" "STARLINK-30495"
Satellite removed: "57919" "STARLINK-30496"
Satellite removed: "58011" "STARLINK-30497"
Satellite removed: "57971" "STARLINK-30498"
Satellite removed: "57918" "STARLINK-30499"
Satellite removed: "58076" "STARLINK-30500"
Satellite removed: "57917" "STARLINK-30501"
Satellite removed: "57973" "STARLINK-30502"
Satellite removed: "57975" "STARLINK-30503"
Satellite removed: "57972" "STARLINK-30505"
Satellite removed: "58072" "STARLINK-30506"
Satellite removed: "57982" "STARLINK-30507"
Satellite removed: "57979" "STARLINK-30508"
Satellite removed: "57977" "STARLINK-30509"
Satellite removed: "49157" "STARLINK-3051"
Satellite removed: "57981" "STARLINK-30510"
Satellite removed: "57978" "STARLINK-30511"
Satellite removed: "57976" "STARLINK-30512"
Satellite removed: "58028" "STARLINK-30514"
Satellite removed: "57983" "STARLINK-30515"
Satellite removed: "57984" "STARLINK-30516"
Satellite removed: "57995" "STARLINK-30517"
Satellite removed: "58029" "STARLINK-30518"
Satellite removed: "57985" "STARLINK-30519"
Satellite removed: "49165" "STARLINK-3052"
Satellite removed: "58010" "STARLINK-30520"
Satellite removed: "57966" "STARLINK-30521"
Satellite removed: "58008" "STARLINK-30522"
Satellite removed: "57997" "STARLINK-30523"
Satellite removed: "57965" "STARLINK-30524"
Satellite removed: "58012" "STARLINK-30525"
Satellite removed: "58006" "STARLINK-30526"
Satellite removed: "58007" "STARLINK-30527"
Satellite removed: "57967" "STARLINK-30528"
Satellite removed: "58047" "STARLINK-30529"
Satellite removed: "58005" "STARLINK-30530"
Satellite removed: "57998" "STARLINK-30531"
Satellite removed: "58070" "STARLINK-30532"
Satellite removed: "58037" "STARLINK-30533"
Satellite removed: "57992" "STARLINK-30534"
Satellite removed: "58001" "STARLINK-30535"
Satellite removed: "57993" "STARLINK-30536"
Satellite removed: "57991" "STARLINK-30537"
Satellite removed: "57994" "STARLINK-30538"
Satellite removed: "58004" "STARLINK-30539"
Satellite removed: "49167" "STARLINK-3054"
Satellite removed: "58002" "STARLINK-30540"
Satellite removed: "58057" "STARLINK-30541"
Satellite removed: "58041" "STARLINK-30542"
Satellite removed: "58055" "STARLINK-30544"
Satellite removed: "58000" "STARLINK-30545"
Satellite removed: "58044" "STARLINK-30547"
Satellite removed: "58046" "STARLINK-30548"
Satellite removed: "58030" "STARLINK-30549"
Satellite removed: "49137" "STARLINK-3055"
Satellite removed: "58045" "STARLINK-30550"
Satellite removed: "58083" "STARLINK-30551"
Satellite removed: "57999" "STARLINK-30552"
Satellite removed: "58056" "STARLINK-30553"
Satellite removed: "58048" "STARLINK-30554"
Satellite removed: "58040" "STARLINK-30555"
Satellite removed: "58031" "STARLINK-30556"
Satellite removed: "58087" "STARLINK-30557"
Satellite removed: "58060" "STARLINK-30558"
Satellite removed: "49159" "STARLINK-3056"
Satellite removed: "58038" "STARLINK-30560"
Satellite removed: "58032" "STARLINK-30561"
Satellite removed: "58033" "STARLINK-30562"
Satellite removed: "58042" "STARLINK-30563"
Satellite removed: "58043" "STARLINK-30564"
Satellite removed: "58034" "STARLINK-30565"
Satellite removed: "58054" "STARLINK-30566"
Satellite removed: "58067" "STARLINK-30567"
Satellite removed: "58051" "STARLINK-30568"
Satellite removed: "58068" "STARLINK-30569"
Satellite removed: "49139" "STARLINK-3057"
Satellite removed: "58095" "STARLINK-30570"
Satellite removed: "58066" "STARLINK-30571"
Satellite removed: "58114" "STARLINK-30572"
Satellite removed: "58058" "STARLINK-30573"
Satellite removed: "58094" "STARLINK-30574"
Satellite removed: "58052" "STARLINK-30575"
Satellite removed: "58065" "STARLINK-30576"
Satellite removed: "58053" "STARLINK-30577"
Satellite removed: "58093" "STARLINK-30578"
Satellite removed: "58061" "STARLINK-30579"
Satellite removed: "49138" "STARLINK-3058"
Satellite removed: "58115" "STARLINK-30580"
Satellite removed: "58096" "STARLINK-30581"
Satellite removed: "58059" "STARLINK-30582"
Satellite removed: "58086" "STARLINK-30583"
Satellite removed: "58089" "STARLINK-30584"
Satellite removed: "58063" "STARLINK-30585"
Satellite removed: "58084" "STARLINK-30586"
Satellite removed: "58064" "STARLINK-30587"
Satellite removed: "58062" "STARLINK-30588"
Satellite removed: "58103" "STARLINK-30589"
Satellite removed: "49181" "STARLINK-3059"
Satellite removed: "58090" "STARLINK-30590"
Satellite removed: "58088" "STARLINK-30591"
Satellite removed: "58102" "STARLINK-30592"
Satellite removed: "58112" "STARLINK-30593"
Satellite removed: "58097" "STARLINK-30594"
Satellite removed: "58111" "STARLINK-30595"
Satellite removed: "58110" "STARLINK-30596"
Satellite removed: "58078" "STARLINK-30597"
Satellite removed: "58079" "STARLINK-30598"
Satellite removed: "49155" "STARLINK-3060"
Satellite removed: "58100" "STARLINK-30600"
Satellite removed: "58117" "STARLINK-30601"
Satellite removed: "58081" "STARLINK-30602"
Satellite removed: "58080" "STARLINK-30603"
Satellite removed: "58075" "STARLINK-30604"
Satellite removed: "58101" "STARLINK-30605"
Satellite removed: "58109" "STARLINK-30606"
Satellite removed: "58099" "STARLINK-30607"
Satellite removed: "58091" "STARLINK-30608"
Satellite removed: "58085" "STARLINK-30609"
Satellite removed: "58082" "STARLINK-30610"
Satellite removed: "58108" "STARLINK-30611"
Satellite removed: "58106" "STARLINK-30612"
Satellite removed: "58077" "STARLINK-30613"
Satellite removed: "58098" "STARLINK-30614"
Satellite removed: "58092" "STARLINK-30615"
Satellite removed: "58105" "STARLINK-30616"
Satellite removed: "58104" "STARLINK-30617"
Satellite removed: "49154" "STARLINK-3068"
Satellite removed: "57953" "STARLINK-30700"
Satellite removed: "57950" "STARLINK-30701"
Satellite removed: "57955" "STARLINK-30702"
Satellite removed: "57954" "STARLINK-30703"
Satellite removed: "57946" "STARLINK-30704"
Satellite removed: "57945" "STARLINK-30705"
Satellite removed: "57947" "STARLINK-30706"
Satellite removed: "57949" "STARLINK-30707"
Satellite removed: "57944" "STARLINK-30708"
Satellite removed: "49147" "STARLINK-3071"
Satellite removed: "57938" "STARLINK-30710"
Satellite removed: "57940" "STARLINK-30711"
Satellite removed: "57935" "STARLINK-30712"
Satellite removed: "57952" "STARLINK-30713"
Satellite removed: "57939" "STARLINK-30714"
Satellite removed: "57941" "STARLINK-30715"
Satellite removed: "57936" "STARLINK-30716"
Satellite removed: "49153" "STARLINK-3072"
Satellite removed: "49135" "STARLINK-3073"
Satellite removed: "49409" "STARLINK-3075"
Satellite removed: "58171" "STARLINK-30752"
Satellite removed: "58175" "STARLINK-30753"
Satellite removed: "58124" "STARLINK-30754"
Satellite removed: "58186" "STARLINK-30755"
Satellite removed: "58129" "STARLINK-30756"
Satellite removed: "58131" "STARLINK-30757"
Satellite removed: "58133" "STARLINK-30758"
Satellite removed: "58122" "STARLINK-30759"
Satellite removed: "58187" "STARLINK-30760"
Satellite removed: "58134" "STARLINK-30761"
Satellite removed: "58197" "STARLINK-30762"
Satellite removed: "58163" "STARLINK-30763"
Satellite removed: "58170" "STARLINK-30764"
Satellite removed: "58119" "STARLINK-30765"
Satellite removed: "58125" "STARLINK-30766"
Satellite removed: "58126" "STARLINK-30767"
Satellite removed: "58120" "STARLINK-30768"
Satellite removed: "58138" "STARLINK-30769"
Satellite removed: "49133" "STARLINK-3077"
Satellite removed: "58132" "STARLINK-30770"
Satellite removed: "58169" "STARLINK-30771"
Satellite removed: "58135" "STARLINK-30772"
Satellite removed: "58161" "STARLINK-30773"
Satellite removed: "58625" "STARLINK-30774"
Satellite removed: "58139" "STARLINK-30775"
Satellite removed: "58136" "STARLINK-30776"
Satellite removed: "58233" "STARLINK-30777"
Satellite removed: "58182" "STARLINK-30778"
Satellite removed: "58160" "STARLINK-30779"
Satellite removed: "49134" "STARLINK-3078"
Satellite removed: "58140" "STARLINK-30780"
Satellite removed: "58123" "STARLINK-30781"
Satellite removed: "58137" "STARLINK-30782"
Satellite removed: "58130" "STARLINK-30783"
Satellite removed: "58156" "STARLINK-30784"
Satellite removed: "58191" "STARLINK-30785"
Satellite removed: "58128" "STARLINK-30787"
Satellite removed: "58159" "STARLINK-30788"
Satellite removed: "58166" "STARLINK-30789"
Satellite removed: "49433" "STARLINK-3079"
Satellite removed: "58127" "STARLINK-30790"
Satellite removed: "58177" "STARLINK-30791"
Satellite removed: "58220" "STARLINK-30792"
Satellite removed: "58185" "STARLINK-30793"
Satellite removed: "58218" "STARLINK-30794"
Satellite removed: "58118" "STARLINK-30795"
Satellite removed: "58189" "STARLINK-30796"
Satellite removed: "58154" "STARLINK-30797"
Satellite removed: "58196" "STARLINK-30798"
Satellite removed: "58121" "STARLINK-30799"
Satellite removed: "49161" "STARLINK-3080"
Satellite removed: "58206" "STARLINK-30800"
Satellite removed: "58184" "STARLINK-30801"
Satellite removed: "58150" "STARLINK-30802"
Satellite removed: "58157" "STARLINK-30803"
Satellite removed: "58155" "STARLINK-30804"
Satellite removed: "58214" "STARLINK-30805"
Satellite removed: "58180" "STARLINK-30806"
Satellite removed: "58192" "STARLINK-30807"
Satellite removed: "58250" "STARLINK-30808"
Satellite removed: "58183" "STARLINK-30809"
Satellite removed: "58178" "STARLINK-30810"
Satellite removed: "58167" "STARLINK-30811"
Satellite removed: "58168" "STARLINK-30812"
Satellite removed: "58213" "STARLINK-30813"
Satellite removed: "58165" "STARLINK-30814"
Satellite removed: "58164" "STARLINK-30815"
Satellite removed: "58162" "STARLINK-30816"
Satellite removed: "58238" "STARLINK-30817"
Satellite removed: "58217" "STARLINK-30818"
Satellite removed: "58179" "STARLINK-30819"
Satellite removed: "58190" "STARLINK-30820"
Satellite removed: "58181" "STARLINK-30821"
Satellite removed: "58193" "STARLINK-30822"
Satellite removed: "58248" "STARLINK-30823"
Satellite removed: "58176" "STARLINK-30824"
Satellite removed: "58384" "STARLINK-30825"
Satellite removed: "58188" "STARLINK-30826"
Satellite removed: "58195" "STARLINK-30827"
Satellite removed: "58671" "STARLINK-30828"
Satellite removed: "58158" "STARLINK-30829"
Satellite removed: "49158" "STARLINK-3083"
Satellite removed: "58194" "STARLINK-30830"
Satellite removed: "58153" "STARLINK-30831"
Satellite removed: "58354" "STARLINK-30832"
Satellite removed: "58152" "STARLINK-30833"
Satellite removed: "58151" "STARLINK-30834"
Satellite removed: "58219" "STARLINK-30835"
Satellite removed: "58221" "STARLINK-30836"
Satellite removed: "58212" "STARLINK-30837"
Satellite removed: "58211" "STARLINK-30838"
Satellite removed: "58209" "STARLINK-30839"
Satellite removed: "58223" "STARLINK-30840"
Satellite removed: "58208" "STARLINK-30841"
Satellite removed: "58357" "STARLINK-30842"
Satellite removed: "58241" "STARLINK-30843"
Satellite removed: "58403" "STARLINK-30844"
Satellite removed: "58207" "STARLINK-30845"
Satellite removed: "58210" "STARLINK-30846"
Satellite removed: "58239" "STARLINK-30847"
Satellite removed: "58240" "STARLINK-30848"
Satellite removed: "58245" "STARLINK-30849"
Satellite removed: "49156" "STARLINK-3085"
Satellite removed: "58247" "STARLINK-30850"
Satellite removed: "58215" "STARLINK-30851"
Satellite removed: "58373" "STARLINK-30852"
Satellite removed: "58236" "STARLINK-30853"
Satellite removed: "58244" "STARLINK-30854"
Satellite removed: "58222" "STARLINK-30855"
Satellite removed: "58725" "STARLINK-30856"
Satellite removed: "58595" "STARLINK-30857"
Satellite removed: "58358" "STARLINK-30858"
Satellite removed: "58371" "STARLINK-30859"
Satellite removed: "49178" "STARLINK-3086"
Satellite removed: "58234" "STARLINK-30860"
Satellite removed: "58230" "STARLINK-30861"
Satellite removed: "59032" "STARLINK-30862"
Satellite removed: "59027" "STARLINK-30863"
Satellite removed: "58243" "STARLINK-30864"
Satellite removed: "58226" "STARLINK-30865"
Satellite removed: "58237" "STARLINK-30866"
Satellite removed: "58231" "STARLINK-30867"
Satellite removed: "58390" "STARLINK-30868"
Satellite removed: "58437" "STARLINK-30869"
Satellite removed: "49175" "STARLINK-3087"
Satellite removed: "58369" "STARLINK-30870"
Satellite removed: "58228" "STARLINK-30871"
Satellite removed: "58225" "STARLINK-30872"
Satellite removed: "58249" "STARLINK-30873"
Satellite removed: "58227" "STARLINK-30874"
Satellite removed: "58224" "STARLINK-30875"
Satellite removed: "58404" "STARLINK-30876"
Satellite removed: "58242" "STARLINK-30877"
Satellite removed: "58359" "STARLINK-30878"
Satellite removed: "49163" "STARLINK-3088"
Satellite removed: "58232" "STARLINK-30880"
Satellite removed: "58251" "STARLINK-30881"
Satellite removed: "58379" "STARLINK-30882"
Satellite removed: "58252" "STARLINK-30883"
Satellite removed: "58372" "STARLINK-30884"
Satellite removed: "58361" "STARLINK-30885"
Satellite removed: "58246" "STARLINK-30886"
Satellite removed: "58394" "STARLINK-30887"
Satellite removed: "58370" "STARLINK-30888"
Satellite removed: "58368" "STARLINK-30889"
Satellite removed: "49166" "STARLINK-3089"
Satellite removed: "58362" "STARLINK-30890"
Satellite removed: "58367" "STARLINK-30891"
Satellite removed: "58366" "STARLINK-30892"
Satellite removed: "58724" "STARLINK-30893"
Satellite removed: "58375" "STARLINK-30894"
Satellite removed: "58418" "STARLINK-30895"
Satellite removed: "58353" "STARLINK-30896"
Satellite removed: "58360" "STARLINK-30897"
Satellite removed: "58387" "STARLINK-30898"
Satellite removed: "58420" "STARLINK-30899"
Satellite removed: "49132" "STARLINK-3090"
Satellite removed: "58423" "STARLINK-30900"
Satellite removed: "58421" "STARLINK-30902"
Satellite removed: "58355" "STARLINK-30903"
Satellite removed: "58364" "STARLINK-30904"
Satellite removed: "58356" "STARLINK-30905"
Satellite removed: "58408" "STARLINK-30906"
Satellite removed: "58352" "STARLINK-30907"
Satellite removed: "58424" "STARLINK-30908"
Satellite removed: "58363" "STARLINK-30909"
Satellite removed: "58376" "STARLINK-30910"
Satellite removed: "58374" "STARLINK-30911"
Satellite removed: "58422" "STARLINK-30912"
Satellite removed: "58388" "STARLINK-30913"
Satellite removed: "58377" "STARLINK-30914"
Satellite removed: "58380" "STARLINK-30915"
Satellite removed: "58391" "STARLINK-30916"
Satellite removed: "58419" "STARLINK-30917"
Satellite removed: "58365" "STARLINK-30918"
Satellite removed: "58411" "STARLINK-30919"
Satellite removed: "58378" "STARLINK-30920"
Satellite removed: "58383" "STARLINK-30921"
Satellite removed: "58414" "STARLINK-30922"
Satellite removed: "58381" "STARLINK-30923"
Satellite removed: "58412" "STARLINK-30924"
Satellite removed: "58406" "STARLINK-30925"
Satellite removed: "58448" "STARLINK-30926"
Satellite removed: "58382" "STARLINK-30927"
Satellite removed: "58452" "STARLINK-30928"
Satellite removed: "58386" "STARLINK-30929"
Satellite removed: "49141" "STARLINK-3093"
Satellite removed: "58385" "STARLINK-30930"
Satellite removed: "58413" "STARLINK-30931"
Satellite removed: "58523" "STARLINK-30932"
Satellite removed: "58410" "STARLINK-30933"
Satellite removed: "58395" "STARLINK-30934"
Satellite removed: "58455" "STARLINK-30935"
Satellite removed: "58534" "STARLINK-30936"
Satellite removed: "58389" "STARLINK-30938"
Satellite removed: "58393" "STARLINK-30939"
Satellite removed: "58409" "STARLINK-30940"
Satellite removed: "58475" "STARLINK-30941"
Satellite removed: "58441" "STARLINK-30942"
Satellite removed: "58449" "STARLINK-30943"
Satellite removed: "58451" "STARLINK-30944"
Satellite removed: "58874" "STARLINK-30945"
Satellite removed: "58450" "STARLINK-30946"
Satellite removed: "58473" "STARLINK-30947"
Satellite removed: "58525" "STARLINK-30948"
Satellite removed: "58415" "STARLINK-30949"
Satellite removed: "49160" "STARLINK-3095"
Satellite removed: "58440" "STARLINK-30950"
Satellite removed: "58439" "STARLINK-30951"
Satellite removed: "58405" "STARLINK-30952"
Satellite removed: "58491" "STARLINK-30953"
Satellite removed: "58407" "STARLINK-30954"
Satellite removed: "58417" "STARLINK-30955"
Satellite removed: "58481" "STARLINK-30956"
Satellite removed: "58453" "STARLINK-30957"
Satellite removed: "58457" "STARLINK-30958"
Satellite removed: "58442" "STARLINK-30959"
Satellite removed: "58445" "STARLINK-30961"
Satellite removed: "58458" "STARLINK-30962"
Satellite removed: "58444" "STARLINK-30963"
Satellite removed: "58402" "STARLINK-30964"
Satellite removed: "58477" "STARLINK-30965"
Satellite removed: "58454" "STARLINK-30966"
Satellite removed: "58416" "STARLINK-30967"
Satellite removed: "58511" "STARLINK-30968"
Satellite removed: "58438" "STARLINK-30969"
Satellite removed: "58443" "STARLINK-30971"
Satellite removed: "58721" "STARLINK-30972"
Satellite removed: "58713" "STARLINK-30973"
Satellite removed: "58446" "STARLINK-30975"
Satellite removed: "58447" "STARLINK-30976"
Satellite removed: "58459" "STARLINK-30977"
Satellite removed: "58490" "STARLINK-30978"
Satellite removed: "58485" "STARLINK-30979"
Satellite removed: "49442" "STARLINK-3098"
Satellite removed: "58476" "STARLINK-30980"
Satellite removed: "58494" "STARLINK-30981"
Satellite removed: "58512" "STARLINK-30982"
Satellite removed: "58514" "STARLINK-30983"
Satellite removed: "58480" "STARLINK-30984"
Satellite removed: "58493" "STARLINK-30985"
Satellite removed: "58492" "STARLINK-30986"
Satellite removed: "58487" "STARLINK-30987"
Satellite removed: "58529" "STARLINK-30988"
Satellite removed: "58510" "STARLINK-30989"
Satellite removed: "49446" "STARLINK-3099"
Satellite removed: "58478" "STARLINK-30990"
Satellite removed: "58484" "STARLINK-30991"
Satellite removed: "58524" "STARLINK-30992"
Satellite removed: "58489" "STARLINK-30993"
Satellite removed: "58483" "STARLINK-30994"
Satellite removed: "59023" "STARLINK-30996"
Satellite removed: "58482" "STARLINK-30997"
Satellite removed: "58513" "STARLINK-30998"
Satellite removed: "58551" "STARLINK-30999"
Satellite removed: "49144" "STARLINK-3100"
Satellite removed: "58488" "STARLINK-31000"
Satellite removed: "58527" "STARLINK-31001"
Satellite removed: "58495" "STARLINK-31002"
Satellite removed: "58520" "STARLINK-31003"
Satellite removed: "58528" "STARLINK-31004"
Satellite removed: "58486" "STARLINK-31005"
Satellite removed: "59024" "STARLINK-31006"
Satellite removed: "58889" "STARLINK-31007"
Satellite removed: "58636" "STARLINK-31008"
Satellite removed: "58530" "STARLINK-31009"
Satellite removed: "58519" "STARLINK-31010"
Satellite removed: "58517" "STARLINK-31011"
Satellite removed: "58531" "STARLINK-31012"
Satellite removed: "58526" "STARLINK-31013"
Satellite removed: "58538" "STARLINK-31014"
Satellite removed: "58521" "STARLINK-31015"
Satellite removed: "58548" "STARLINK-31016"
Satellite removed: "58515" "STARLINK-31017"
Satellite removed: "58635" "STARLINK-31018"
Satellite removed: "58540" "STARLINK-31019"
Satellite removed: "49151" "STARLINK-3102"
Satellite removed: "58509" "STARLINK-31020"
Satellite removed: "58518" "STARLINK-31021"
Satellite removed: "58633" "STARLINK-31022"
Satellite removed: "58786" "STARLINK-31024"
Satellite removed: "58634" "STARLINK-31025"
Satellite removed: "58508" "STARLINK-31026"
Satellite removed: "58720" "STARLINK-31027"
Satellite removed: "58516" "STARLINK-31028"
Satellite removed: "58712" "STARLINK-31029"
Satellite removed: "49177" "STARLINK-3103"
Satellite removed: "58542" "STARLINK-31030"
Satellite removed: "58711" "STARLINK-31031"
Satellite removed: "58535" "STARLINK-31032"
Satellite removed: "58723" "STARLINK-31033"
Satellite removed: "58785" "STARLINK-31034"
Satellite removed: "58532" "STARLINK-31035"
Satellite removed: "58533" "STARLINK-31036"
Satellite removed: "58536" "STARLINK-31037"
Satellite removed: "58605" "STARLINK-31038"
Satellite removed: "58784" "STARLINK-31039"
Satellite removed: "58722" "STARLINK-31040"
Satellite removed: "58537" "STARLINK-31041"
Satellite removed: "58739" "STARLINK-31042"
Satellite removed: "58589" "STARLINK-31044"
Satellite removed: "58541" "STARLINK-31045"
Satellite removed: "58552" "STARLINK-31046"
Satellite removed: "58783" "STARLINK-31047"
Satellite removed: "58544" "STARLINK-31048"
Satellite removed: "58543" "STARLINK-31049"
Satellite removed: "49440" "STARLINK-3105"
Satellite removed: "58546" "STARLINK-31050"
Satellite removed: "58719" "STARLINK-31051"
Satellite removed: "58600" "STARLINK-31052"
Satellite removed: "58549" "STARLINK-31053"
Satellite removed: "58619" "STARLINK-31054"
Satellite removed: "58539" "STARLINK-31055"
Satellite removed: "58550" "STARLINK-31056"
Satellite removed: "58545" "STARLINK-31057"
Satellite removed: "58677" "STARLINK-31058"
Satellite removed: "58596" "STARLINK-31059"
Satellite removed: "49164" "STARLINK-3106"
Satellite removed: "58611" "STARLINK-31061"
Satellite removed: "58590" "STARLINK-31062"
Satellite removed: "58547" "STARLINK-31063"
Satellite removed: "58631" "STARLINK-31064"
Satellite removed: "58627" "STARLINK-31065"
Satellite removed: "58676" "STARLINK-31066"
Satellite removed: "58608" "STARLINK-31067"
Satellite removed: "58623" "STARLINK-31068"
Satellite removed: "58607" "STARLINK-31069"
Satellite removed: "49171" "STARLINK-3107"
Satellite removed: "58639" "STARLINK-31070"
Satellite removed: "58602" "STARLINK-31071"
Satellite removed: "58773" "STARLINK-31073"
Satellite removed: "58601" "STARLINK-31074"
Satellite removed: "58594" "STARLINK-31075"
Satellite removed: "58736" "STARLINK-31076"
Satellite removed: "58637" "STARLINK-31077"
Satellite removed: "58638" "STARLINK-31078"
Satellite removed: "58598" "STARLINK-31079"
Satellite removed: "58603" "STARLINK-31080"
Satellite removed: "58632" "STARLINK-31081"
Satellite removed: "58606" "STARLINK-31082"
Satellite removed: "58670" "STARLINK-31083"
Satellite removed: "58630" "STARLINK-31084"
Satellite removed: "58609" "STARLINK-31085"
Satellite removed: "58626" "STARLINK-31086"
Satellite removed: "58597" "STARLINK-31087"
Satellite removed: "58604" "STARLINK-31088"
Satellite removed: "58610" "STARLINK-31089"
Satellite removed: "49143" "STARLINK-3109"
Satellite removed: "58640" "STARLINK-31090"
Satellite removed: "58629" "STARLINK-31091"
Satellite removed: "58628" "STARLINK-31092"
Satellite removed: "58717" "STARLINK-31093"
Satellite removed: "58593" "STARLINK-31094"
Satellite removed: "58683" "STARLINK-31095"
Satellite removed: "58592" "STARLINK-31096"
Satellite removed: "58718" "STARLINK-31097"
Satellite removed: "58716" "STARLINK-31098"
Satellite removed: "58781" "STARLINK-31099"
Satellite removed: "49420" "STARLINK-3110"
Satellite removed: "58714" "STARLINK-31100"
Satellite removed: "58737" "STARLINK-31101"
Satellite removed: "58715" "STARLINK-31102"
Satellite removed: "58672" "STARLINK-31104"
Satellite removed: "58689" "STARLINK-31106"
Satellite removed: "58684" "STARLINK-31107"
Satellite removed: "58738" "STARLINK-31108"
Satellite removed: "49418" "STARLINK-3111"
Satellite removed: "58679" "STARLINK-31110"
Satellite removed: "58680" "STARLINK-31112"
Satellite removed: "58668" "STARLINK-31113"
Satellite removed: "58766" "STARLINK-31114"
Satellite removed: "58729" "STARLINK-31115"
Satellite removed: "58947" "STARLINK-31116"
Satellite removed: "58776" "STARLINK-31117"
Satellite removed: "49421" "STARLINK-3112"
Satellite removed: "58778" "STARLINK-31120"
Satellite removed: "58685" "STARLINK-31121"
Satellite removed: "58774" "STARLINK-31122"
Satellite removed: "58775" "STARLINK-31123"
Satellite removed: "58674" "STARLINK-31124"
Satellite removed: "58678" "STARLINK-31125"
Satellite removed: "58675" "STARLINK-31126"
Satellite removed: "58765" "STARLINK-31127"
Satellite removed: "58669" "STARLINK-31128"
Satellite removed: "58624" "STARLINK-31129"
Satellite removed: "49735" "STARLINK-3113"
Satellite removed: "58673" "STARLINK-31131"
Satellite removed: "58777" "STARLINK-31132"
Satellite removed: "58622" "STARLINK-31133"
Satellite removed: "58621" "STARLINK-31134"
Satellite removed: "58771" "STARLINK-31135"
Satellite removed: "58772" "STARLINK-31136"
Satellite removed: "58686" "STARLINK-31137"
Satellite removed: "58806" "STARLINK-31138"
Satellite removed: "49426" "STARLINK-3114"
Satellite removed: "58767" "STARLINK-31140"
Satellite removed: "58803" "STARLINK-31141"
Satellite removed: "58779" "STARLINK-31142"
Satellite removed: "58770" "STARLINK-31143"
Satellite removed: "58682" "STARLINK-31144"
Satellite removed: "58769" "STARLINK-31146"
Satellite removed: "58681" "STARLINK-31147"
Satellite removed: "58741" "STARLINK-31148"
Satellite removed: "58863" "STARLINK-31149"
Satellite removed: "49447" "STARLINK-3115"
Satellite removed: "58742" "STARLINK-31151"
Satellite removed: "58734" "STARLINK-31152"
Satellite removed: "59044" "STARLINK-31153"
Satellite removed: "58743" "STARLINK-31156"
Satellite removed: "58735" "STARLINK-31157"
Satellite removed: "58854" "STARLINK-31158"
Satellite removed: "58740" "STARLINK-31159"
Satellite removed: "49146" "STARLINK-3116"
Satellite removed: "58749" "STARLINK-31160"
Satellite removed: "58795" "STARLINK-31161"
Satellite removed: "58791" "STARLINK-31162"
Satellite removed: "58807" "STARLINK-31163"
Satellite removed: "58733" "STARLINK-31164"
Satellite removed: "58748" "STARLINK-31165"
Satellite removed: "58789" "STARLINK-31166"
Satellite removed: "58744" "STARLINK-31167"
Satellite removed: "58798" "STARLINK-31168"
Satellite removed: "58809" "STARLINK-31169"
Satellite removed: "49435" "STARLINK-3117"
Satellite removed: "58801" "STARLINK-31170"
Satellite removed: "58834" "STARLINK-31171"
Satellite removed: "58808" "STARLINK-31174"
Satellite removed: "58745" "STARLINK-31176"
Satellite removed: "58873" "STARLINK-31177"
Satellite removed: "59025" "STARLINK-31178"
Satellite removed: "58750" "STARLINK-31179"
Satellite removed: "58732" "STARLINK-31180"
Satellite removed: "58746" "STARLINK-31181"
Satellite removed: "59159" "STARLINK-31182"
Satellite removed: "58747" "STARLINK-31183"
Satellite removed: "58793" "STARLINK-31184"
Satellite removed: "58788" "STARLINK-31185"
Satellite removed: "59030" "STARLINK-31186"
Satellite removed: "58790" "STARLINK-31187"
Satellite removed: "58804" "STARLINK-31188"
Satellite removed: "58787" "STARLINK-31189"
Satellite removed: "49145" "STARLINK-3119"
Satellite removed: "58897" "STARLINK-31190"
Satellite removed: "58800" "STARLINK-31191"
Satellite removed: "58794" "STARLINK-31192"
Satellite removed: "58797" "STARLINK-31193"
Satellite removed: "58796" "STARLINK-31195"
Satellite removed: "58868" "STARLINK-31196"
Satellite removed: "58859" "STARLINK-31197"
Satellite removed: "58867" "STARLINK-31198"
Satellite removed: "58861" "STARLINK-31199"
Satellite removed: "49419" "STARLINK-3120"
Satellite removed: "58862" "STARLINK-31200"
Satellite removed: "58870" "STARLINK-31201"
Satellite removed: "59042" "STARLINK-31202"
Satellite removed: "58869" "STARLINK-31203"
Satellite removed: "59046" "STARLINK-31205"
Satellite removed: "59028" "STARLINK-31206"
Satellite removed: "59035" "STARLINK-31207"
Satellite removed: "59037" "STARLINK-31208"
Satellite removed: "58883" "STARLINK-31209"
Satellite removed: "49428" "STARLINK-3121"
Satellite removed: "59033" "STARLINK-31210"
Satellite removed: "59031" "STARLINK-31211"
Satellite removed: "58875" "STARLINK-31212"
Satellite removed: "58860" "STARLINK-31213"
Satellite removed: "58871" "STARLINK-31214"
Satellite removed: "58872" "STARLINK-31215"
Satellite removed: "59036" "STARLINK-31217"
Satellite removed: "58895" "STARLINK-31218"
Satellite removed: "58866" "STARLINK-31219"
Satellite removed: "49445" "STARLINK-3122"
Satellite removed: "59039" "STARLINK-31220"
Satellite removed: "58828" "STARLINK-31222"
Satellite removed: "58865" "STARLINK-31223"
Satellite removed: "59029" "STARLINK-31224"
Satellite removed: "59040" "STARLINK-31225"
Satellite removed: "58858" "STARLINK-31226"
Satellite removed: "58842" "STARLINK-31228"
Satellite removed: "58986" "STARLINK-31229"
Satellite removed: "58890" "STARLINK-31230"
Satellite removed: "59034" "STARLINK-31231"
Satellite removed: "58831" "STARLINK-31232"
Satellite removed: "58826" "STARLINK-31233"
Satellite removed: "59043" "STARLINK-31234"
Satellite removed: "59038" "STARLINK-31235"
Satellite removed: "58841" "STARLINK-31236"
Satellite removed: "58855" "STARLINK-31237"
Satellite removed: "58853" "STARLINK-31238"
Satellite removed: "60093" "STARLINK-31239"
Satellite removed: "49456" "STARLINK-3124"
Satellite removed: "59041" "STARLINK-31240"
Satellite removed: "59045" "STARLINK-31241"
Satellite removed: "58864" "STARLINK-31242"
Satellite removed: "58894" "STARLINK-31243"
Satellite removed: "58856" "STARLINK-31244"
Satellite removed: "58891" "STARLINK-31245"
Satellite removed: "58835" "STARLINK-31246"
Satellite removed: "59206" "STARLINK-31247"
Satellite removed: "58840" "STARLINK-31248"
Satellite removed: "58838" "STARLINK-31249"
Satellite removed: "49451" "STARLINK-3125"
Satellite removed: "58839" "STARLINK-31250"
Satellite removed: "58836" "STARLINK-31251"
Satellite removed: "59083" "STARLINK-31252"
Satellite removed: "58830" "STARLINK-31253"
Satellite removed: "58893" "STARLINK-31255"
Satellite removed: "59161" "STARLINK-31256"
Satellite removed: "59079" "STARLINK-31257"
Satellite removed: "58829" "STARLINK-31258"
Satellite removed: "59076" "STARLINK-31259"
Satellite removed: "49444" "STARLINK-3126"
Satellite removed: "58881" "STARLINK-31260"
Satellite removed: "59084" "STARLINK-31261"
Satellite removed: "58847" "STARLINK-31262"
Satellite removed: "58832" "STARLINK-31263"
Satellite removed: "58845" "STARLINK-31264"
Satellite removed: "59074" "STARLINK-31265"
Satellite removed: "59087" "STARLINK-31266"
Satellite removed: "59468" "STARLINK-31267"
Satellite removed: "58844" "STARLINK-31269"
Satellite removed: "49450" "STARLINK-3127"
Satellite removed: "59154" "STARLINK-31270"
Satellite removed: "58827" "STARLINK-31271"
Satellite removed: "59162" "STARLINK-31272"
Satellite removed: "58846" "STARLINK-31273"
Satellite removed: "59078" "STARLINK-31274"
Satellite removed: "59197" "STARLINK-31275"
Satellite removed: "59075" "STARLINK-31276"
Satellite removed: "59651" "STARLINK-31277"
Satellite removed: "59163" "STARLINK-31278"
Satellite removed: "59086" "STARLINK-31279"
Satellite removed: "49441" "STARLINK-3128"
Satellite removed: "58843" "STARLINK-31280"
Satellite removed: "59077" "STARLINK-31281"
Satellite removed: "59307" "STARLINK-31282"
Satellite removed: "59174" "STARLINK-31283"
Satellite removed: "59246" "STARLINK-31284"
Satellite removed: "59244" "STARLINK-31285"
Satellite removed: "59082" "STARLINK-31286"
Satellite removed: "59173" "STARLINK-31289"
Satellite removed: "49453" "STARLINK-3129"
Satellite removed: "59085" "STARLINK-31290"
Satellite removed: "59096" "STARLINK-31291"
Satellite removed: "59081" "STARLINK-31292"
Satellite removed: "58952" "STARLINK-31293"
Satellite removed: "58949" "STARLINK-31294"
Satellite removed: "59095" "STARLINK-31295"
Satellite removed: "58879" "STARLINK-31296"
Satellite removed: "59158" "STARLINK-31297"
Satellite removed: "59167" "STARLINK-31298"
Satellite removed: "49437" "STARLINK-3130"
Satellite removed: "58878" "STARLINK-31300"
Satellite removed: "59239" "STARLINK-31303"
Satellite removed: "59232" "STARLINK-31305"
Satellite removed: "58876" "STARLINK-31306"
Satellite removed: "59089" "STARLINK-31307"
Satellite removed: "59153" "STARLINK-31308"
Satellite removed: "59164" "STARLINK-31309"
Satellite removed: "49427" "STARLINK-3131"
Satellite removed: "59092" "STARLINK-31310"
Satellite removed: "58948" "STARLINK-31311"
Satellite removed: "59152" "STARLINK-31312"
Satellite removed: "59088" "STARLINK-31313"
Satellite removed: "58967" "STARLINK-31314"
Satellite removed: "58884" "STARLINK-31315"
Satellite removed: "59090" "STARLINK-31316"
Satellite removed: "58931" "STARLINK-31317"
Satellite removed: "58885" "STARLINK-31318"
Satellite removed: "59457" "STARLINK-31319"
Satellite removed: "49457" "STARLINK-3132"
Satellite removed: "58886" "STARLINK-31320"
Satellite removed: "58887" "STARLINK-31321"
Satellite removed: "59168" "STARLINK-31322"
Satellite removed: "58882" "STARLINK-31323"
Satellite removed: "58976" "STARLINK-31324"
Satellite removed: "59165" "STARLINK-31325"
Satellite removed: "58877" "STARLINK-31326"
Satellite removed: "59160" "STARLINK-31327"
Satellite removed: "58880" "STARLINK-31328"
Satellite removed: "59169" "STARLINK-31329"
Satellite removed: "49416" "STARLINK-3133"
Satellite removed: "58951" "STARLINK-31330"
Satellite removed: "58946" "STARLINK-31331"
Satellite removed: "59566" "STARLINK-31332"
Satellite removed: "58971" "STARLINK-31333"
Satellite removed: "59157" "STARLINK-31334"
Satellite removed: "58969" "STARLINK-31335"
Satellite removed: "58944" "STARLINK-31336"
Satellite removed: "58934" "STARLINK-31337"
Satellite removed: "59156" "STARLINK-31338"
Satellite removed: "58981" "STARLINK-31339"
Satellite removed: "49434" "STARLINK-3134"
Satellite removed: "59170" "STARLINK-31340"
Satellite removed: "59155" "STARLINK-31341"
Satellite removed: "59166" "STARLINK-31342"
Satellite removed: "59093" "STARLINK-31343"
Satellite removed: "59171" "STARLINK-31344"
Satellite removed: "58941" "STARLINK-31345"
Satellite removed: "58943" "STARLINK-31346"
Satellite removed: "59172" "STARLINK-31348"
Satellite removed: "59317" "STARLINK-31349"
Satellite removed: "49424" "STARLINK-3135"
Satellite removed: "58933" "STARLINK-31350"
Satellite removed: "58972" "STARLINK-31351"
Satellite removed: "58980" "STARLINK-31353"
Satellite removed: "58942" "STARLINK-31354"
Satellite removed: "58978" "STARLINK-31355"
Satellite removed: "58968" "STARLINK-31356"
Satellite removed: "59502" "STARLINK-31357"
Satellite removed: "58977" "STARLINK-31358"
Satellite removed: "58945" "STARLINK-31359"
Satellite removed: "49443" "STARLINK-3136"
Satellite removed: "58974" "STARLINK-31361"
Satellite removed: "58935" "STARLINK-31362"
Satellite removed: "59782" "STARLINK-31363"
Satellite removed: "59463" "STARLINK-31364"
Satellite removed: "58973" "STARLINK-31365"
Satellite removed: "59403" "STARLINK-31366"
Satellite removed: "58970" "STARLINK-31368"
Satellite removed: "58975" "STARLINK-31369"
Satellite removed: "49449" "STARLINK-3137"
Satellite removed: "59520" "STARLINK-31370"
Satellite removed: "58940" "STARLINK-31371"
Satellite removed: "58939" "STARLINK-31372"
Satellite removed: "58965" "STARLINK-31373"
Satellite removed: "59404" "STARLINK-31374"
Satellite removed: "58938" "STARLINK-31377"
Satellite removed: "58932" "STARLINK-31378"
Satellite removed: "58984" "STARLINK-31379"
Satellite removed: "49430" "STARLINK-3138"
Satellite removed: "58979" "STARLINK-31380"
Satellite removed: "59469" "STARLINK-31381"
Satellite removed: "59184" "STARLINK-31382"
Satellite removed: "58936" "STARLINK-31383"
Satellite removed: "58983" "STARLINK-31384"
Satellite removed: "58985" "STARLINK-31385"
Satellite removed: "59298" "STARLINK-31386"
Satellite removed: "59407" "STARLINK-31387"
Satellite removed: "59565" "STARLINK-31388"
Satellite removed: "59013" "STARLINK-31389"
Satellite removed: "49425" "STARLINK-3139"
Satellite removed: "58937" "STARLINK-31390"
Satellite removed: "59406" "STARLINK-31391"
Satellite removed: "59530" "STARLINK-31392"
Satellite removed: "59252" "STARLINK-31393"
Satellite removed: "59185" "STARLINK-31394"
Satellite removed: "59180" "STARLINK-31395"
Satellite removed: "59409" "STARLINK-31396"
Satellite removed: "59540" "STARLINK-31397"
Satellite removed: "59415" "STARLINK-31398"
Satellite removed: "59416" "STARLINK-31399"
Satellite removed: "49460" "STARLINK-3140"
Satellite removed: "59405" "STARLINK-31400"
Satellite removed: "59417" "STARLINK-31401"
Satellite removed: "59320" "STARLINK-31402"
Satellite removed: "59186" "STARLINK-31403"
Satellite removed: "59521" "STARLINK-31404"
Satellite removed: "59248" "STARLINK-31405"
Satellite removed: "59017" "STARLINK-31406"
Satellite removed: "59250" "STARLINK-31407"
Satellite removed: "59240" "STARLINK-31408"
Satellite removed: "59299" "STARLINK-31409"
Satellite removed: "49459" "STARLINK-3141"
Satellite removed: "59179" "STARLINK-31410"
Satellite removed: "59182" "STARLINK-31411"
Satellite removed: "59410" "STARLINK-31412"
Satellite removed: "59353" "STARLINK-31413"
Satellite removed: "59418" "STARLINK-31414"
Satellite removed: "59419" "STARLINK-31415"
Satellite removed: "59355" "STARLINK-31416"
Satellite removed: "59216" "STARLINK-31417"
Satellite removed: "59368" "STARLINK-31419"
Satellite removed: "59223" "STARLINK-31420"
Satellite removed: "59218" "STARLINK-31421"
Satellite removed: "59354" "STARLINK-31422"
Satellite removed: "59242" "STARLINK-31423"
Satellite removed: "59247" "STARLINK-31424"
Satellite removed: "59253" "STARLINK-31425"
Satellite removed: "59249" "STARLINK-31426"
Satellite removed: "59241" "STARLINK-31427"
Satellite removed: "59367" "STARLINK-31428"
Satellite removed: "49738" "STARLINK-3143"
Satellite removed: "59375" "STARLINK-31430"
Satellite removed: "59002" "STARLINK-31431"
Satellite removed: "59932" "STARLINK-31432"
Satellite removed: "59243" "STARLINK-31433"
Satellite removed: "59215" "STARLINK-31434"
Satellite removed: "59004" "STARLINK-31435"
Satellite removed: "59019" "STARLINK-31436"
Satellite removed: "60057" "STARLINK-31437"
Satellite removed: "59234" "STARLINK-31438"
Satellite removed: "59178" "STARLINK-31439"
Satellite removed: "58999" "STARLINK-31440"
Satellite removed: "60091" "STARLINK-31441"
Satellite removed: "59859" "STARLINK-31442"
Satellite removed: "59393" "STARLINK-31443"
Satellite removed: "59236" "STARLINK-31444"
Satellite removed: "59312" "STARLINK-31445"
Satellite removed: "59315" "STARLINK-31446"
Satellite removed: "59302" "STARLINK-31447"
Satellite removed: "59611" "STARLINK-31448"
Satellite removed: "58966" "STARLINK-31449"
Satellite removed: "49455" "STARLINK-3145"
Satellite removed: "59006" "STARLINK-31450"
Satellite removed: "59366" "STARLINK-31451"
Satellite removed: "59527" "STARLINK-31452"
Satellite removed: "59522" "STARLINK-31453"
Satellite removed: "59014" "STARLINK-31454"
Satellite removed: "59309" "STARLINK-31455"
Satellite removed: "59007" "STARLINK-31456"
Satellite removed: "59414" "STARLINK-31457"
Satellite removed: "59501" "STARLINK-31458"
Satellite removed: "59233" "STARLINK-31459"
Satellite removed: "49414" "STARLINK-3146"
Satellite removed: "59008" "STARLINK-31460"
Satellite removed: "59370" "STARLINK-31461"
Satellite removed: "59466" "STARLINK-31462"
Satellite removed: "59296" "STARLINK-31463"
Satellite removed: "59318" "STARLINK-31464"
Satellite removed: "59012" "STARLINK-31465"
Satellite removed: "59420" "STARLINK-31466"
Satellite removed: "59235" "STARLINK-31467"
Satellite removed: "58998" "STARLINK-31468"
Satellite removed: "49410" "STARLINK-3147"
Satellite removed: "59569" "STARLINK-31470"
Satellite removed: "59568" "STARLINK-31471"
Satellite removed: "59730" "STARLINK-31472"
Satellite removed: "59339" "STARLINK-31473"
Satellite removed: "59304" "STARLINK-31474"
Satellite removed: "59310" "STARLINK-31475"
Satellite removed: "59523" "STARLINK-31476"
Satellite removed: "59314" "STARLINK-31477"
Satellite removed: "59188" "STARLINK-31478"
Satellite removed: "59316" "STARLINK-31479"
Satellite removed: "49736" "STARLINK-3148"
Satellite removed: "59306" "STARLINK-31480"
Satellite removed: "59541" "STARLINK-31481"
Satellite removed: "59411" "STARLINK-31483"
Satellite removed: "59005" "STARLINK-31484"
Satellite removed: "59308" "STARLINK-31485"
Satellite removed: "59181" "STARLINK-31486"
Satellite removed: "59297" "STARLINK-31487"
Satellite removed: "59009" "STARLINK-31488"
Satellite removed: "59300" "STARLINK-31489"
Satellite removed: "59222" "STARLINK-31490"
Satellite removed: "59011" "STARLINK-31491"
Satellite removed: "59212" "STARLINK-31492"
Satellite removed: "59329" "STARLINK-31493"
Satellite removed: "59238" "STARLINK-31494"
Satellite removed: "59313" "STARLINK-31495"
Satellite removed: "59211" "STARLINK-31496"
Satellite removed: "60592" "STARLINK-31497"
Satellite removed: "59189" "STARLINK-31498"
Satellite removed: "59217" "STARLINK-31499"
Satellite removed: "49452" "STARLINK-3150"
Satellite removed: "59305" "STARLINK-31500"
Satellite removed: "59359" "STARLINK-31501"
Satellite removed: "59301" "STARLINK-31502"
Satellite removed: "59200" "STARLINK-31503"
Satellite removed: "59303" "STARLINK-31504"
Satellite removed: "59237" "STARLINK-31505"
Satellite removed: "59259" "STARLINK-31506"
Satellite removed: "59401" "STARLINK-31507"
Satellite removed: "59503" "STARLINK-31508"
Satellite removed: "59533" "STARLINK-31509"
Satellite removed: "59575" "STARLINK-31510"
Satellite removed: "59462" "STARLINK-31511"
Satellite removed: "59500" "STARLINK-31512"
Satellite removed: "59529" "STARLINK-31513"
Satellite removed: "59187" "STARLINK-31514"
Satellite removed: "59476" "STARLINK-31515"
Satellite removed: "59221" "STARLINK-31516"
Satellite removed: "59213" "STARLINK-31517"
Satellite removed: "59219" "STARLINK-31518"
Satellite removed: "59546" "STARLINK-31519"
Satellite removed: "59210" "STARLINK-31520"
Satellite removed: "59015" "STARLINK-31521"
Satellite removed: "59204" "STARLINK-31522"
Satellite removed: "59220" "STARLINK-31523"
Satellite removed: "59506" "STARLINK-31524"
Satellite removed: "59016" "STARLINK-31526"
Satellite removed: "59018" "STARLINK-31527"
Satellite removed: "59010" "STARLINK-31528"
Satellite removed: "59000" "STARLINK-31529"
Satellite removed: "49431" "STARLINK-3153"
Satellite removed: "59322" "STARLINK-31530"
Satellite removed: "59477" "STARLINK-31531"
Satellite removed: "59349" "STARLINK-31532"
Satellite removed: "59505" "STARLINK-31533"
Satellite removed: "59398" "STARLINK-31534"
Satellite removed: "59504" "STARLINK-31535"
Satellite removed: "59192" "STARLINK-31536"
Satellite removed: "59365" "STARLINK-31537"
Satellite removed: "59525" "STARLINK-31538"
Satellite removed: "59539" "STARLINK-31539"
Satellite removed: "49417" "STARLINK-3154"
Satellite removed: "59542" "STARLINK-31540"
Satellite removed: "59633" "STARLINK-31541"
Satellite removed: "59194" "STARLINK-31542"
Satellite removed: "59402" "STARLINK-31543"
Satellite removed: "59399" "STARLINK-31544"
Satellite removed: "59400" "STARLINK-31545"
Satellite removed: "59470" "STARLINK-31546"
Satellite removed: "59364" "STARLINK-31547"
Satellite removed: "59193" "STARLINK-31548"
Satellite removed: "59360" "STARLINK-31549"
Satellite removed: "49739" "STARLINK-3155"
Satellite removed: "59338" "STARLINK-31550"
Satellite removed: "59191" "STARLINK-31551"
Satellite removed: "59356" "STARLINK-31552"
Satellite removed: "59363" "STARLINK-31553"
Satellite removed: "59195" "STARLINK-31554"
Satellite removed: "59351" "STARLINK-31555"
Satellite removed: "59544" "STARLINK-31556"
Satellite removed: "59357" "STARLINK-31557"
Satellite removed: "59196" "STARLINK-31558"
Satellite removed: "59358" "STARLINK-31559"
Satellite removed: "49458" "STARLINK-3156"
Satellite removed: "59361" "STARLINK-31560"
Satellite removed: "59352" "STARLINK-31561"
Satellite removed: "59340" "STARLINK-31562"
Satellite removed: "59190" "STARLINK-31563"
Satellite removed: "59526" "STARLINK-31564"
Satellite removed: "59323" "STARLINK-31565"
Satellite removed: "59475" "STARLINK-31566"
Satellite removed: "59199" "STARLINK-31567"
Satellite removed: "59412" "STARLINK-31568"
Satellite removed: "59857" "STARLINK-31569"
Satellite removed: "49413" "STARLINK-3157"
Satellite removed: "59324" "STARLINK-31570"
Satellite removed: "59362" "STARLINK-31571"
Satellite removed: "59333" "STARLINK-31572"
Satellite removed: "59334" "STARLINK-31573"
Satellite removed: "59543" "STARLINK-31574"
Satellite removed: "59471" "STARLINK-31575"
Satellite removed: "59208" "STARLINK-31576"
Satellite removed: "59203" "STARLINK-31577"
Satellite removed: "59321" "STARLINK-31578"
Satellite removed: "59267" "STARLINK-31579"
Satellite removed: "49432" "STARLINK-3158"
Satellite removed: "59434" "STARLINK-31580"
Satellite removed: "59474" "STARLINK-31581"
Satellite removed: "59545" "STARLINK-31582"
Satellite removed: "59369" "STARLINK-31583"
Satellite removed: "59862" "STARLINK-31584"
Satellite removed: "59608" "STARLINK-31585"
Satellite removed: "59205" "STARLINK-31586"
Satellite removed: "59570" "STARLINK-31587"
Satellite removed: "59335" "STARLINK-31588"
Satellite removed: "59654" "STARLINK-31589"
Satellite removed: "49415" "STARLINK-3159"
Satellite removed: "59198" "STARLINK-31590"
Satellite removed: "59207" "STARLINK-31591"
Satellite removed: "59467" "STARLINK-31592"
Satellite removed: "59350" "STARLINK-31593"
Satellite removed: "59332" "STARLINK-31594"
Satellite removed: "59273" "STARLINK-31595"
Satellite removed: "59336" "STARLINK-31596"
Satellite removed: "59464" "STARLINK-31597"
Satellite removed: "59263" "STARLINK-31598"
Satellite removed: "59327" "STARLINK-31599"
Satellite removed: "49454" "STARLINK-3160"
Satellite removed: "59341" "STARLINK-31600"
Satellite removed: "59209" "STARLINK-31601"
Satellite removed: "59202" "STARLINK-31602"
Satellite removed: "59201" "STARLINK-31603"
Satellite removed: "59214" "STARLINK-31604"
Satellite removed: "59348" "STARLINK-31605"
Satellite removed: "59571" "STARLINK-31606"
Satellite removed: "59394" "STARLINK-31607"
Satellite removed: "59397" "STARLINK-31608"
Satellite removed: "59269" "STARLINK-31609"
Satellite removed: "49422" "STARLINK-3161"
Satellite removed: "59473" "STARLINK-31610"
Satellite removed: "59325" "STARLINK-31611"
Satellite removed: "59337" "STARLINK-31612"
Satellite removed: "59431" "STARLINK-31613"
Satellite removed: "59328" "STARLINK-31614"
Satellite removed: "59413" "STARLINK-31615"
Satellite removed: "59270" "STARLINK-31616"
Satellite removed: "59531" "STARLINK-31619"
Satellite removed: "49411" "STARLINK-3162"
Satellite removed: "59460" "STARLINK-31620"
Satellite removed: "59465" "STARLINK-31621"
Satellite removed: "59456" "STARLINK-31622"
Satellite removed: "59272" "STARLINK-31623"
Satellite removed: "59458" "STARLINK-31625"
Satellite removed: "59392" "STARLINK-31626"
Satellite removed: "59268" "STARLINK-31627"
Satellite removed: "59342" "STARLINK-31628"
Satellite removed: "59255" "STARLINK-31629"
Satellite removed: "59271" "STARLINK-31630"
Satellite removed: "59459" "STARLINK-31631"
Satellite removed: "59326" "STARLINK-31632"
Satellite removed: "59331" "STARLINK-31633"
Satellite removed: "59330" "STARLINK-31634"
Satellite removed: "59511" "STARLINK-31635"
Satellite removed: "59747" "STARLINK-31636"
Satellite removed: "59258" "STARLINK-31637"
Satellite removed: "59489" "STARLINK-31638"
Satellite removed: "59261" "STARLINK-31639"
Satellite removed: "59748" "STARLINK-31640"
Satellite removed: "59374" "STARLINK-31641"
Satellite removed: "59726" "STARLINK-31642"
Satellite removed: "59388" "STARLINK-31643"
Satellite removed: "59391" "STARLINK-31644"
Satellite removed: "59264" "STARLINK-31645"
Satellite removed: "59389" "STARLINK-31647"
Satellite removed: "59266" "STARLINK-31648"
Satellite removed: "59390" "STARLINK-31649"
Satellite removed: "59512" "STARLINK-31650"
Satellite removed: "59860" "STARLINK-31651"
Satellite removed: "59256" "STARLINK-31652"
Satellite removed: "59858" "STARLINK-31654"
Satellite removed: "60286" "STARLINK-31656"
Satellite removed: "59487" "STARLINK-31657"
Satellite removed: "59513" "STARLINK-31658"
Satellite removed: "59254" "STARLINK-31659"
Satellite removed: "51462" "STARLINK-3166"
Satellite removed: "59642" "STARLINK-31660"
Satellite removed: "59735" "STARLINK-31661"
Satellite removed: "59584" "STARLINK-31662"
Satellite removed: "59576" "STARLINK-31663"
Satellite removed: "59655" "STARLINK-31665"
Satellite removed: "59572" "STARLINK-31666"
Satellite removed: "59609" "STARLINK-31667"
Satellite removed: "59580" "STARLINK-31668"
Satellite removed: "59515" "STARLINK-31669"
Satellite removed: "59490" "STARLINK-31670"
Satellite removed: "59516" "STARLINK-31671"
Satellite removed: "59517" "STARLINK-31674"
Satellite removed: "59548" "STARLINK-31675"
Satellite removed: "59900" "STARLINK-31676"
Satellite removed: "59749" "STARLINK-31677"
Satellite removed: "59493" "STARLINK-31678"
Satellite removed: "59519" "STARLINK-31679"
Satellite removed: "59380" "STARLINK-31680"
Satellite removed: "59746" "STARLINK-31681"
Satellite removed: "59573" "STARLINK-31683"
Satellite removed: "59492" "STARLINK-31684"
Satellite removed: "59578" "STARLINK-31685"
Satellite removed: "59579" "STARLINK-31686"
Satellite removed: "59798" "STARLINK-31687"
Satellite removed: "59386" "STARLINK-31688"
Satellite removed: "59567" "STARLINK-31689"
Satellite removed: "59581" "STARLINK-31690"
Satellite removed: "59856" "STARLINK-31691"
Satellite removed: "59577" "STARLINK-31692"
Satellite removed: "59441" "STARLINK-31693"
Satellite removed: "60140" "STARLINK-31694"
Satellite removed: "59376" "STARLINK-31695"
Satellite removed: "59435" "STARLINK-31696"
Satellite removed: "59583" "STARLINK-31697"
Satellite removed: "59379" "STARLINK-31698"
Satellite removed: "59551" "STARLINK-31699"
Satellite removed: "59436" "STARLINK-31700"
Satellite removed: "59582" "STARLINK-31701"
Satellite removed: "59585" "STARLINK-31702"
Satellite removed: "59586" "STARLINK-31704"
Satellite removed: "59382" "STARLINK-31705"
Satellite removed: "59437" "STARLINK-31706"
Satellite removed: "59736" "STARLINK-31707"
Satellite removed: "59439" "STARLINK-31708"
Satellite removed: "59378" "STARLINK-31710"
Satellite removed: "59438" "STARLINK-31711"
Satellite removed: "59491" "STARLINK-31712"
Satellite removed: "59381" "STARLINK-31713"
Satellite removed: "59387" "STARLINK-31714"
Satellite removed: "59384" "STARLINK-31715"
Satellite removed: "59377" "STARLINK-31716"
Satellite removed: "59385" "STARLINK-31717"
Satellite removed: "59556" "STARLINK-31718"
Satellite removed: "59495" "STARLINK-31719"
Satellite removed: "51139" "STARLINK-3172"
Satellite removed: "59497" "STARLINK-31720"
Satellite removed: "59536" "STARLINK-31721"
Satellite removed: "59549" "STARLINK-31722"
Satellite removed: "59553" "STARLINK-31723"
Satellite removed: "59554" "STARLINK-31724"
Satellite removed: "59739" "STARLINK-31726"
Satellite removed: "59638" "STARLINK-31727"
Satellite removed: "59496" "STARLINK-31728"
Satellite removed: "59610" "STARLINK-31729"
Satellite removed: "51111" "STARLINK-3173"
Satellite removed: "59555" "STARLINK-31730"
Satellite removed: "59498" "STARLINK-31731"
Satellite removed: "60099" "STARLINK-31732"
Satellite removed: "59486" "STARLINK-31733"
Satellite removed: "59534" "STARLINK-31734"
Satellite removed: "60054" "STARLINK-31735"
Satellite removed: "59547" "STARLINK-31736"
Satellite removed: "59537" "STARLINK-31737"
Satellite removed: "59535" "STARLINK-31738"
Satellite removed: "59766" "STARLINK-31739"
Satellite removed: "51468" "STARLINK-3174"
Satellite removed: "59433" "STARLINK-31740"
Satellite removed: "59550" "STARLINK-31741"
Satellite removed: "59499" "STARLINK-31742"
Satellite removed: "59494" "STARLINK-31744"
Satellite removed: "60329" "STARLINK-31745"
Satellite removed: "59613" "STARLINK-31746"
Satellite removed: "59564" "STARLINK-31747"
Satellite removed: "59612" "STARLINK-31748"
Satellite removed: "59631" "STARLINK-31749"
Satellite removed: "51140" "STARLINK-3175"
Satellite removed: "59552" "STARLINK-31750"
Satellite removed: "59574" "STARLINK-31751"
Satellite removed: "59484" "STARLINK-31753"
Satellite removed: "59488" "STARLINK-31754"
Satellite removed: "59607" "STARLINK-31755"
Satellite removed: "61517" "STARLINK-31756"
Satellite removed: "59427" "STARLINK-31757"
Satellite removed: "59621" "STARLINK-31758"
Satellite removed: "59740" "STARLINK-31759"
Satellite removed: "51106" "STARLINK-3176"
Satellite removed: "59869" "STARLINK-31760"
Satellite removed: "59614" "STARLINK-31762"
Satellite removed: "59623" "STARLINK-31763"
Satellite removed: "59653" "STARLINK-31764"
Satellite removed: "59604" "STARLINK-31765"
Satellite removed: "59723" "STARLINK-31766"
Satellite removed: "59605" "STARLINK-31767"
Satellite removed: "59616" "STARLINK-31768"
Satellite removed: "59617" "STARLINK-31769"
Satellite removed: "51138" "STARLINK-3177"
Satellite removed: "59601" "STARLINK-31770"
Satellite removed: "59430" "STARLINK-31772"
Satellite removed: "59429" "STARLINK-31773"
Satellite removed: "59622" "STARLINK-31774"
Satellite removed: "60052" "STARLINK-31775"
Satellite removed: "59603" "STARLINK-31776"
Satellite removed: "59619" "STARLINK-31777"
Satellite removed: "59602" "STARLINK-31778"
Satellite removed: "59744" "STARLINK-31779"
Satellite removed: "51467" "STARLINK-3178"
Satellite removed: "59432" "STARLINK-31780"
Satellite removed: "59632" "STARLINK-31781"
Satellite removed: "59606" "STARLINK-31782"
Satellite removed: "59750" "STARLINK-31783"
Satellite removed: "59618" "STARLINK-31784"
Satellite removed: "60131" "STARLINK-31785"
Satellite removed: "59771" "STARLINK-31786"
Satellite removed: "59650" "STARLINK-31787"
Satellite removed: "60055" "STARLINK-31788"
Satellite removed: "59644" "STARLINK-31789"
Satellite removed: "51141" "STARLINK-3179"
Satellite removed: "59637" "STARLINK-31791"
Satellite removed: "60132" "STARLINK-31792"
Satellite removed: "60053" "STARLINK-31793"
Satellite removed: "59803" "STARLINK-31794"
Satellite removed: "59645" "STARLINK-31795"
Satellite removed: "59646" "STARLINK-31796"
Satellite removed: "59634" "STARLINK-31797"
Satellite removed: "59635" "STARLINK-31798"
Satellite removed: "59652" "STARLINK-31799"
Satellite removed: "51137" "STARLINK-3180"
Satellite removed: "59643" "STARLINK-31800"
Satellite removed: "59647" "STARLINK-31801"
Satellite removed: "59636" "STARLINK-31802"
Satellite removed: "59641" "STARLINK-31804"
Satellite removed: "59745" "STARLINK-31805"
Satellite removed: "59640" "STARLINK-31806"
Satellite removed: "59639" "STARLINK-31807"
Satellite removed: "59751" "STARLINK-31808"
Satellite removed: "59743" "STARLINK-31809"
Satellite removed: "51461" "STARLINK-3181"
Satellite removed: "59799" "STARLINK-31810"
Satellite removed: "59800" "STARLINK-31812"
Satellite removed: "60128" "STARLINK-31813"
Satellite removed: "59802" "STARLINK-31814"
Satellite removed: "59801" "STARLINK-31815"
Satellite removed: "59742" "STARLINK-31816"
Satellite removed: "59731" "STARLINK-31817"
Satellite removed: "59741" "STARLINK-31818"
Satellite removed: "59738" "STARLINK-31819"
Satellite removed: "51469" "STARLINK-3182"
Satellite removed: "59725" "STARLINK-31820"
Satellite removed: "59737" "STARLINK-31821"
Satellite removed: "59752" "STARLINK-31822"
Satellite removed: "59794" "STARLINK-31823"
Satellite removed: "59804" "STARLINK-31824"
Satellite removed: "60056" "STARLINK-31825"
Satellite removed: "59768" "STARLINK-31826"
Satellite removed: "59727" "STARLINK-31827"
Satellite removed: "59767" "STARLINK-31828"
Satellite removed: "59770" "STARLINK-31829"
Satellite removed: "59769" "STARLINK-31830"
Satellite removed: "59733" "STARLINK-31833"
Satellite removed: "59721" "STARLINK-31834"
Satellite removed: "59772" "STARLINK-31835"
Satellite removed: "59724" "STARLINK-31836"
Satellite removed: "61514" "STARLINK-31837"
Satellite removed: "60130" "STARLINK-31838"
Satellite removed: "51143" "STARLINK-3184"
Satellite removed: "60127" "STARLINK-31840"
Satellite removed: "59672" "STARLINK-31842"
Satellite removed: "59722" "STARLINK-31843"
Satellite removed: "60583" "STARLINK-31844"
Satellite removed: "60129" "STARLINK-31845"
Satellite removed: "60126" "STARLINK-31846"
Satellite removed: "59784" "STARLINK-31848"
Satellite removed: "59734" "STARLINK-31849"
Satellite removed: "51144" "STARLINK-3185"
Satellite removed: "59903" "STARLINK-31850"
Satellite removed: "59844" "STARLINK-31851"
Satellite removed: "59841" "STARLINK-31852"
Satellite removed: "59933" "STARLINK-31853"
Satellite removed: "59671" "STARLINK-31854"
Satellite removed: "59838" "STARLINK-31855"
Satellite removed: "59960" "STARLINK-31856"
Satellite removed: "59843" "STARLINK-31857"
Satellite removed: "59658" "STARLINK-31858"
Satellite removed: "59848" "STARLINK-31859"
Satellite removed: "59670" "STARLINK-31860"
Satellite removed: "59906" "STARLINK-31861"
Satellite removed: "59786" "STARLINK-31862"
Satellite removed: "59789" "STARLINK-31863"
Satellite removed: "59791" "STARLINK-31865"
Satellite removed: "59668" "STARLINK-31866"
Satellite removed: "59783" "STARLINK-31868"
Satellite removed: "60196" "STARLINK-31869"
Satellite removed: "59787" "STARLINK-31870"
Satellite removed: "59673" "STARLINK-31871"
Satellite removed: "59922" "STARLINK-31872"
Satellite removed: "59790" "STARLINK-31873"
Satellite removed: "60603" "STARLINK-31874"
Satellite removed: "59674" "STARLINK-31875"
Satellite removed: "59938" "STARLINK-31876"
Satellite removed: "59675" "STARLINK-31877"
Satellite removed: "60031" "STARLINK-31878"
Satellite removed: "59937" "STARLINK-31879"
Satellite removed: "59661" "STARLINK-31880"
Satellite removed: "59659" "STARLINK-31881"
Satellite removed: "59855" "STARLINK-31882"
Satellite removed: "60020" "STARLINK-31883"
Satellite removed: "59676" "STARLINK-31884"
Satellite removed: "59660" "STARLINK-31885"
Satellite removed: "59662" "STARLINK-31886"
Satellite removed: "59839" "STARLINK-31887"
Satellite removed: "59788" "STARLINK-31888"
Satellite removed: "59847" "STARLINK-31889"
Satellite removed: "51464" "STARLINK-3189"
Satellite removed: "59785" "STARLINK-31890"
Satellite removed: "59854" "STARLINK-31891"
Satellite removed: "59853" "STARLINK-31892"
Satellite removed: "59849" "STARLINK-31895"
Satellite removed: "59851" "STARLINK-31896"
Satellite removed: "59905" "STARLINK-31898"
Satellite removed: "59850" "STARLINK-31899"
Satellite removed: "49766" "STARLINK-3190"
Satellite removed: "59942" "STARLINK-31900"
Satellite removed: "59666" "STARLINK-31902"
Satellite removed: "59845" "STARLINK-31903"
Satellite removed: "59657" "STARLINK-31904"
Satellite removed: "59896" "STARLINK-31905"
Satellite removed: "59842" "STARLINK-31906"
Satellite removed: "59797" "STARLINK-31907"
Satellite removed: "59901" "STARLINK-31908"
Satellite removed: "59663" "STARLINK-31909"
Satellite removed: "49770" "STARLINK-3191"
Satellite removed: "59664" "STARLINK-31910"
Satellite removed: "60587" "STARLINK-31911"
Satellite removed: "59656" "STARLINK-31912"
Satellite removed: "59667" "STARLINK-31913"
Satellite removed: "59902" "STARLINK-31914"
Satellite removed: "59795" "STARLINK-31916"
Satellite removed: "59669" "STARLINK-31917"
Satellite removed: "60037" "STARLINK-31918"
Satellite removed: "59880" "STARLINK-31919"
Satellite removed: "49767" "STARLINK-3192"
Satellite removed: "59907" "STARLINK-31920"
Satellite removed: "59868" "STARLINK-31921"
Satellite removed: "59846" "STARLINK-31922"
Satellite removed: "60600" "STARLINK-31923"
Satellite removed: "59904" "STARLINK-31924"
Satellite removed: "59879" "STARLINK-31926"
Satellite removed: "59837" "STARLINK-31927"
Satellite removed: "59897" "STARLINK-31928"
Satellite removed: "59836" "STARLINK-31929"
Satellite removed: "49754" "STARLINK-3193"
Satellite removed: "60596" "STARLINK-31930"
Satellite removed: "59864" "STARLINK-31931"
Satellite removed: "59929" "STARLINK-31932"
Satellite removed: "59874" "STARLINK-31933"
Satellite removed: "59877" "STARLINK-31934"
Satellite removed: "59876" "STARLINK-31935"
Satellite removed: "59875" "STARLINK-31936"
Satellite removed: "59871" "STARLINK-31937"
Satellite removed: "59865" "STARLINK-31938"
Satellite removed: "60026" "STARLINK-31939"
Satellite removed: "49758" "STARLINK-3194"
Satellite removed: "59873" "STARLINK-31940"
Satellite removed: "59866" "STARLINK-31941"
Satellite removed: "59899" "STARLINK-31942"
Satellite removed: "59878" "STARLINK-31943"
Satellite removed: "59870" "STARLINK-31945"
Satellite removed: "59940" "STARLINK-31946"
Satellite removed: "59835" "STARLINK-31947"
Satellite removed: "59941" "STARLINK-31948"
Satellite removed: "59891" "STARLINK-31949"
Satellite removed: "49762" "STARLINK-3195"
Satellite removed: "59863" "STARLINK-31950"
Satellite removed: "59890" "STARLINK-31951"
Satellite removed: "59867" "STARLINK-31952"
Satellite removed: "59898" "STARLINK-31953"
Satellite removed: "60102" "STARLINK-31954"
Satellite removed: "59939" "STARLINK-31955"
Satellite removed: "59930" "STARLINK-31956"
Satellite removed: "59926" "STARLINK-31957"
Satellite removed: "59924" "STARLINK-31958"
Satellite removed: "59925" "STARLINK-31959"
Satellite removed: "49768" "STARLINK-3196"
Satellite removed: "59931" "STARLINK-31960"
Satellite removed: "59894" "STARLINK-31961"
Satellite removed: "59936" "STARLINK-31962"
Satellite removed: "59893" "STARLINK-31963"
Satellite removed: "59895" "STARLINK-31964"
Satellite removed: "59888" "STARLINK-31965"
Satellite removed: "59944" "STARLINK-31966"
Satellite removed: "60021" "STARLINK-31967"
Satellite removed: "59927" "STARLINK-31968"
Satellite removed: "59889" "STARLINK-31969"
Satellite removed: "49757" "STARLINK-3197"
Satellite removed: "59928" "STARLINK-31970"
Satellite removed: "59934" "STARLINK-31971"
Satellite removed: "59923" "STARLINK-31972"
Satellite removed: "59943" "STARLINK-31973"
Satellite removed: "59885" "STARLINK-31974"
Satellite removed: "59886" "STARLINK-31975"
Satellite removed: "59887" "STARLINK-31976"
Satellite removed: "59892" "STARLINK-31977"
Satellite removed: "60016" "STARLINK-31978"
Satellite removed: "59964" "STARLINK-31979"
Satellite removed: "49763" "STARLINK-3198"
Satellite removed: "59962" "STARLINK-31980"
Satellite removed: "60035" "STARLINK-31981"
Satellite removed: "60022" "STARLINK-31982"
Satellite removed: "60602" "STARLINK-31983"
Satellite removed: "60018" "STARLINK-31984"
Satellite removed: "60036" "STARLINK-31985"
Satellite removed: "60019" "STARLINK-31986"
Satellite removed: "60017" "STARLINK-31987"
Satellite removed: "60601" "STARLINK-31988"
Satellite removed: "59959" "STARLINK-31989"
Satellite removed: "49760" "STARLINK-3199"
Satellite removed: "60024" "STARLINK-31990"
Satellite removed: "59963" "STARLINK-31991"
Satellite removed: "60023" "STARLINK-31992"
Satellite removed: "59961" "STARLINK-31993"
Satellite removed: "60588" "STARLINK-31994"
Satellite removed: "59958" "STARLINK-31995"
Satellite removed: "60100" "STARLINK-31996"
Satellite removed: "60288" "STARLINK-31997"
Satellite removed: "60101" "STARLINK-31999"
Satellite removed: "49753" "STARLINK-3200"
Satellite removed: "60289" "STARLINK-32000"
Satellite removed: "60110" "STARLINK-32001"
Satellite removed: "60200" "STARLINK-32002"
Satellite removed: "60097" "STARLINK-32003"
Satellite removed: "60151" "STARLINK-32004"
Satellite removed: "60034" "STARLINK-32005"
Satellite removed: "60029" "STARLINK-32006"
Satellite removed: "60094" "STARLINK-32007"
Satellite removed: "60028" "STARLINK-32008"
Satellite removed: "60104" "STARLINK-32009"
Satellite removed: "49771" "STARLINK-3201"
Satellite removed: "60279" "STARLINK-32010"
Satellite removed: "60030" "STARLINK-32011"
Satellite removed: "60027" "STARLINK-32012"
Satellite removed: "60103" "STARLINK-32013"
Satellite removed: "60150" "STARLINK-32014"
Satellite removed: "60111" "STARLINK-32015"
Satellite removed: "60096" "STARLINK-32016"
Satellite removed: "60032" "STARLINK-32017"
Satellite removed: "60105" "STARLINK-32018"
Satellite removed: "60147" "STARLINK-32019"
Satellite removed: "49742" "STARLINK-3202"
Satellite removed: "60201" "STARLINK-32020"
Satellite removed: "60148" "STARLINK-32021"
Satellite removed: "60149" "STARLINK-32022"
Satellite removed: "60197" "STARLINK-32023"
Satellite removed: "60112" "STARLINK-32024"
Satellite removed: "60138" "STARLINK-32025"
Satellite removed: "60098" "STARLINK-32026"
Satellite removed: "60143" "STARLINK-32027"
Satellite removed: "60095" "STARLINK-32028"
Satellite removed: "60145" "STARLINK-32029"
Satellite removed: "49761" "STARLINK-3203"
Satellite removed: "61513" "STARLINK-32030"
Satellite removed: "60142" "STARLINK-32031"
Satellite removed: "60077" "STARLINK-32032"
Satellite removed: "60144" "STARLINK-32033"
Satellite removed: "60297" "STARLINK-32034"
Satellite removed: "60107" "STARLINK-32035"
Satellite removed: "60141" "STARLINK-32036"
Satellite removed: "60283" "STARLINK-32037"
Satellite removed: "60281" "STARLINK-32038"
Satellite removed: "60604" "STARLINK-32039"
Satellite removed: "49759" "STARLINK-3204"
Satellite removed: "60109" "STARLINK-32040"
Satellite removed: "60202" "STARLINK-32041"
Satellite removed: "60108" "STARLINK-32042"
Satellite removed: "60135" "STARLINK-32043"
Satellite removed: "60092" "STARLINK-32044"
Satellite removed: "60106" "STARLINK-32045"
Satellite removed: "60198" "STARLINK-32046"
Satellite removed: "61516" "STARLINK-32047"
Satellite removed: "60156" "STARLINK-32048"
Satellite removed: "60199" "STARLINK-32049"
Satellite removed: "60137" "STARLINK-32050"
Satellite removed: "49756" "STARLINK-3207"
Satellite removed: "60345" "STARLINK-32075"
Satellite removed: "60350" "STARLINK-32076"
Satellite removed: "60344" "STARLINK-32077"
Satellite removed: "60338" "STARLINK-32078"
Satellite removed: "60336" "STARLINK-32079"
Satellite removed: "49769" "STARLINK-3208"
Satellite removed: "59683" "STARLINK-32080"
Satellite removed: "60348" "STARLINK-32081"
Satellite removed: "60346" "STARLINK-32082"
Satellite removed: "60343" "STARLINK-32083"
Satellite removed: "60347" "STARLINK-32084"
Satellite removed: "59685" "STARLINK-32085"
Satellite removed: "59703" "STARLINK-32086"
Satellite removed: "59702" "STARLINK-32087"
Satellite removed: "59693" "STARLINK-32088"
Satellite removed: "59687" "STARLINK-32089"
Satellite removed: "49752" "STARLINK-3209"
Satellite removed: "59691" "STARLINK-32090"
Satellite removed: "59684" "STARLINK-32091"
Satellite removed: "59700" "STARLINK-32092"
Satellite removed: "59701" "STARLINK-32093"
Satellite removed: "59696" "STARLINK-32094"
Satellite removed: "59698" "STARLINK-32096"
Satellite removed: "60351" "STARLINK-32097"
Satellite removed: "59704" "STARLINK-32098"
Satellite removed: "59697" "STARLINK-32099"
Satellite removed: "49755" "STARLINK-3210"
Satellite removed: "59686" "STARLINK-32100"
Satellite removed: "60447" "STARLINK-32101"
Satellite removed: "59699" "STARLINK-32102"
Satellite removed: "59688" "STARLINK-32103"
Satellite removed: "59695" "STARLINK-32104"
Satellite removed: "59689" "STARLINK-32105"
Satellite removed: "59690" "STARLINK-32106"
Satellite removed: "59694" "STARLINK-32107"
Satellite removed: "59682" "STARLINK-32108"
Satellite removed: "60136" "STARLINK-32112"
Satellite removed: "60282" "STARLINK-32113"
Satellite removed: "60287" "STARLINK-32114"
Satellite removed: "60280" "STARLINK-32118"
Satellite removed: "60265" "STARLINK-32120"
Satellite removed: "60264" "STARLINK-32121"
Satellite removed: "60285" "STARLINK-32122"
Satellite removed: "60284" "STARLINK-32123"
Satellite removed: "60298" "STARLINK-32124"
Satellite removed: "60260" "STARLINK-32125"
Satellite removed: "60295" "STARLINK-32126"
Satellite removed: "60146" "STARLINK-32127"
Satellite removed: "60272" "STARLINK-32128"
Satellite removed: "60157" "STARLINK-32129"
Satellite removed: "60585" "STARLINK-32130"
Satellite removed: "60153" "STARLINK-32131"
Satellite removed: "60334" "STARLINK-32132"
Satellite removed: "60333" "STARLINK-32133"
Satellite removed: "60300" "STARLINK-32134"
Satellite removed: "60277" "STARLINK-32135"
Satellite removed: "61515" "STARLINK-32136"
Satellite removed: "60155" "STARLINK-32137"
Satellite removed: "60255" "STARLINK-32138"
Satellite removed: "61510" "STARLINK-32139"
Satellite removed: "61511" "STARLINK-32140"
Satellite removed: "60290" "STARLINK-32141"
Satellite removed: "60291" "STARLINK-32142"
Satellite removed: "60296" "STARLINK-32143"
Satellite removed: "60269" "STARLINK-32144"
Satellite removed: "60154" "STARLINK-32145"
Satellite removed: "60152" "STARLINK-32147"
Satellite removed: "60263" "STARLINK-32148"
Satellite removed: "60292" "STARLINK-32149"
Satellite removed: "60294" "STARLINK-32150"
Satellite removed: "60299" "STARLINK-32151"
Satellite removed: "60275" "STARLINK-32152"
Satellite removed: "60330" "STARLINK-32153"
Satellite removed: "60276" "STARLINK-32154"
Satellite removed: "60274" "STARLINK-32155"
Satellite removed: "60278" "STARLINK-32156"
Satellite removed: "60267" "STARLINK-32158"
Satellite removed: "60293" "STARLINK-32159"
Satellite removed: "60261" "STARLINK-32160"
Satellite removed: "60593" "STARLINK-32161"
Satellite removed: "60597" "STARLINK-32162"
Satellite removed: "60262" "STARLINK-32163"
Satellite removed: "60271" "STARLINK-32164"
Satellite removed: "60599" "STARLINK-32165"
Satellite removed: "60257" "STARLINK-32166"
Satellite removed: "60268" "STARLINK-32167"
Satellite removed: "60335" "STARLINK-32168"
Satellite removed: "60589" "STARLINK-32169"
Satellite removed: "60591" "STARLINK-32170"
Satellite removed: "60332" "STARLINK-32171"
Satellite removed: "61518" "STARLINK-32172"
Satellite removed: "60586" "STARLINK-32173"
Satellite removed: "61509" "STARLINK-32174"
Satellite removed: "60339" "STARLINK-32175"
Satellite removed: "60340" "STARLINK-32176"
Satellite removed: "60441" "STARLINK-32177"
Satellite removed: "60413" "STARLINK-32178"
Satellite removed: "60734" "STARLINK-32179"
Satellite removed: "49725" "STARLINK-3218"
Satellite removed: "60374" "STARLINK-32180"
Satellite removed: "60349" "STARLINK-32181"
Satellite removed: "60319" "STARLINK-32182"
Satellite removed: "60433" "STARLINK-32183"
Satellite removed: "60942" "STARLINK-32184"
Satellite removed: "60341" "STARLINK-32185"
Satellite removed: "60412" "STARLINK-32186"
Satellite removed: "60365" "STARLINK-32188"
Satellite removed: "60317" "STARLINK-32189"
Satellite removed: "49724" "STARLINK-3219"
Satellite removed: "60318" "STARLINK-32190"
Satellite removed: "60314" "STARLINK-32191"
Satellite removed: "60316" "STARLINK-32192"
Satellite removed: "60428" "STARLINK-32193"
Satellite removed: "60315" "STARLINK-32194"
Satellite removed: "60440" "STARLINK-32195"
Satellite removed: "60430" "STARLINK-32196"
Satellite removed: "60416" "STARLINK-32197"
Satellite removed: "60321" "STARLINK-32198"
Satellite removed: "60320" "STARLINK-32199"
Satellite removed: "60258" "STARLINK-32200"
Satellite removed: "61512" "STARLINK-32201"
Satellite removed: "60595" "STARLINK-32202"
Satellite removed: "60331" "STARLINK-32203"
Satellite removed: "60584" "STARLINK-32204"
Satellite removed: "60266" "STARLINK-32205"
Satellite removed: "60273" "STARLINK-32206"
Satellite removed: "60259" "STARLINK-32207"
Satellite removed: "60598" "STARLINK-32208"
Satellite removed: "60590" "STARLINK-32209"
Satellite removed: "60594" "STARLINK-32210"
Satellite removed: "60270" "STARLINK-32211"
Satellite removed: "60256" "STARLINK-32212"
Satellite removed: "60370" "STARLINK-32220"
Satellite removed: "60342" "STARLINK-32221"
Satellite removed: "60435" "STARLINK-32222"
Satellite removed: "60373" "STARLINK-32223"
Satellite removed: "60941" "STARLINK-32224"
Satellite removed: "62036" "STARLINK-32225"
Satellite removed: "60426" "STARLINK-32226"
Satellite removed: "60361" "STARLINK-32227"
Satellite removed: "60445" "STARLINK-32228"
Satellite removed: "60436" "STARLINK-32229"
Satellite removed: "60366" "STARLINK-32230"
Satellite removed: "60439" "STARLINK-32231"
Satellite removed: "60431" "STARLINK-32232"
Satellite removed: "60434" "STARLINK-32233"
Satellite removed: "60414" "STARLINK-32234"
Satellite removed: "60739" "STARLINK-32235"
Satellite removed: "60418" "STARLINK-32236"
Satellite removed: "60443" "STARLINK-32237"
Satellite removed: "61661" "STARLINK-32238"
Satellite removed: "61892" "STARLINK-32239"
Satellite removed: "60438" "STARLINK-32240"
Satellite removed: "60437" "STARLINK-32241"
Satellite removed: "60429" "STARLINK-32242"
Satellite removed: "60367" "STARLINK-32243"
Satellite removed: "60411" "STARLINK-32244"
Satellite removed: "62133" "STARLINK-32245"
Satellite removed: "60432" "STARLINK-32246"
Satellite removed: "60446" "STARLINK-32247"
Satellite removed: "61219" "STARLINK-32248"
Satellite removed: "60444" "STARLINK-32249"
Satellite removed: "49737" "STARLINK-3225"
Satellite removed: "60425" "STARLINK-32250"
Satellite removed: "60940" "STARLINK-32251"
Satellite removed: "60442" "STARLINK-32252"
Satellite removed: "60733" "STARLINK-32253"
Satellite removed: "60427" "STARLINK-32254"
Satellite removed: "60417" "STARLINK-32255"
Satellite removed: "60362" "STARLINK-32256"
Satellite removed: "62171" "STARLINK-32257"
Satellite removed: "60939" "STARLINK-32258"
Satellite removed: "60937" "STARLINK-32259"
Satellite removed: "49740" "STARLINK-3226"
Satellite removed: "61522" "STARLINK-32260"
Satellite removed: "61530" "STARLINK-32261"
Satellite removed: "60371" "STARLINK-32263"
Satellite removed: "60415" "STARLINK-32265"
Satellite removed: "60363" "STARLINK-32267"
Satellite removed: "60372" "STARLINK-32268"
Satellite removed: "60377" "STARLINK-32269"
Satellite removed: "49765" "STARLINK-3227"
Satellite removed: "60364" "STARLINK-32270"
Satellite removed: "60368" "STARLINK-32271"
Satellite removed: "61956" "STARLINK-32273"
Satellite removed: "60922" "STARLINK-32274"
Satellite removed: "60360" "STARLINK-32275"
Satellite removed: "60944" "STARLINK-32276"
Satellite removed: "60376" "STARLINK-32277"
Satellite removed: "60356" "STARLINK-32278"
Satellite removed: "61003" "STARLINK-32279"
Satellite removed: "60375" "STARLINK-32281"
Satellite removed: "61006" "STARLINK-32282"
Satellite removed: "62425" "STARLINK-32283"
Satellite removed: "61005" "STARLINK-32284"
Satellite removed: "60355" "STARLINK-32285"
Satellite removed: "60358" "STARLINK-32287"
Satellite removed: "60943" "STARLINK-32288"
Satellite removed: "60737" "STARLINK-32289"
Satellite removed: "49751" "STARLINK-3229"
Satellite removed: "60359" "STARLINK-32290"
Satellite removed: "62442" "STARLINK-32291"
Satellite removed: "61889" "STARLINK-32292"
Satellite removed: "61526" "STARLINK-32293"
Satellite removed: "61675" "STARLINK-32294"
Satellite removed: "62147" "STARLINK-32295"
Satellite removed: "61524" "STARLINK-32296"
Satellite removed: "61521" "STARLINK-32297"
Satellite removed: "61525" "STARLINK-32298"
Satellite removed: "61702" "STARLINK-32299"
Satellite removed: "50845" "STARLINK-3230"
Satellite removed: "61664" "STARLINK-32301"
Satellite removed: "61621" "STARLINK-32302"
Satellite removed: "61912" "STARLINK-32303"
Satellite removed: "60738" "STARLINK-32304"
Satellite removed: "61523" "STARLINK-32305"
Satellite removed: "61520" "STARLINK-32306"
Satellite removed: "61663" "STARLINK-32308"
Satellite removed: "61676" "STARLINK-32309"
Satellite removed: "49744" "STARLINK-3231"
Satellite removed: "61662" "STARLINK-32310"
Satellite removed: "62114" "STARLINK-32311"
Satellite removed: "61711" "STARLINK-32312"
Satellite removed: "61527" "STARLINK-32313"
Satellite removed: "61709" "STARLINK-32314"
Satellite removed: "60740" "STARLINK-32315"
Satellite removed: "61860" "STARLINK-32316"
Satellite removed: "60918" "STARLINK-32317"
Satellite removed: "61864" "STARLINK-32318"
Satellite removed: "61528" "STARLINK-32319"
Satellite removed: "50809" "STARLINK-3232"
Satellite removed: "61638" "STARLINK-32320"
Satellite removed: "61065" "STARLINK-32321"
Satellite removed: "61720" "STARLINK-32322"
Satellite removed: "61677" "STARLINK-32323"
Satellite removed: "61863" "STARLINK-32324"
Satellite removed: "61588" "STARLINK-32325"
Satellite removed: "61674" "STARLINK-32326"
Satellite removed: "61641" "STARLINK-32327"
Satellite removed: "62489" "STARLINK-32328"
Satellite removed: "62736" "STARLINK-32329"
Satellite removed: "49746" "STARLINK-3233"
Satellite removed: "61850" "STARLINK-32330"
Satellite removed: "61623" "STARLINK-32331"
Satellite removed: "62490" "STARLINK-32332"
Satellite removed: "61626" "STARLINK-32333"
Satellite removed: "62023" "STARLINK-32334"
Satellite removed: "61004" "STARLINK-32336"
Satellite removed: "61643" "STARLINK-32337"
Satellite removed: "61519" "STARLINK-32338"
Satellite removed: "61640" "STARLINK-32339"
Satellite removed: "50815" "STARLINK-3234"
Satellite removed: "61008" "STARLINK-32340"
Satellite removed: "61639" "STARLINK-32341"
Satellite removed: "61217" "STARLINK-32342"
Satellite removed: "61712" "STARLINK-32343"
Satellite removed: "61719" "STARLINK-32344"
Satellite removed: "60920" "STARLINK-32345"
Satellite removed: "61849" "STARLINK-32346"
Satellite removed: "61010" "STARLINK-32347"
Satellite removed: "61631" "STARLINK-32348"
Satellite removed: "61700" "STARLINK-32349"
Satellite removed: "50200" "STARLINK-3235"
Satellite removed: "61063" "STARLINK-32350"
Satellite removed: "61529" "STARLINK-32351"
Satellite removed: "61847" "STARLINK-32352"
Satellite removed: "61587" "STARLINK-32353"
Satellite removed: "61932" "STARLINK-32354"
Satellite removed: "61634" "STARLINK-32355"
Satellite removed: "60921" "STARLINK-32356"
Satellite removed: "61531" "STARLINK-32358"
Satellite removed: "61957" "STARLINK-32359"
Satellite removed: "49750" "STARLINK-3236"
Satellite removed: "61007" "STARLINK-32360"
Satellite removed: "61933" "STARLINK-32361"
Satellite removed: "61845" "STARLINK-32362"
Satellite removed: "61678" "STARLINK-32363"
Satellite removed: "61622" "STARLINK-32364"
Satellite removed: "61625" "STARLINK-32365"
Satellite removed: "61551" "STARLINK-32366"
Satellite removed: "60919" "STARLINK-32367"
Satellite removed: "60917" "STARLINK-32369"
Satellite removed: "61635" "STARLINK-32370"
Satellite removed: "60916" "STARLINK-32371"
Satellite removed: "61960" "STARLINK-32372"
Satellite removed: "60923" "STARLINK-32373"
Satellite removed: "62145" "STARLINK-32374"
Satellite removed: "61070" "STARLINK-32375"
Satellite removed: "61707" "STARLINK-32376"
Satellite removed: "61888" "STARLINK-32377"
Satellite removed: "61064" "STARLINK-32378"
Satellite removed: "61851" "STARLINK-32379"
Satellite removed: "49734" "STARLINK-3238"
Satellite removed: "61069" "STARLINK-32380"
Satellite removed: "61066" "STARLINK-32381"
Satellite removed: "61258" "STARLINK-32382"
Satellite removed: "61891" "STARLINK-32383"
Satellite removed: "62146" "STARLINK-32384"
Satellite removed: "61068" "STARLINK-32385"
Satellite removed: "61213" "STARLINK-32386"
Satellite removed: "61704" "STARLINK-32387"
Satellite removed: "62144" "STARLINK-32388"
Satellite removed: "61549" "STARLINK-32389"
Satellite removed: "49743" "STARLINK-3239"
Satellite removed: "61630" "STARLINK-32390"
Satellite removed: "61855" "STARLINK-32391"
Satellite removed: "61214" "STARLINK-32392"
Satellite removed: "61862" "STARLINK-32393"
Satellite removed: "61853" "STARLINK-32394"
Satellite removed: "61679" "STARLINK-32395"
Satellite removed: "61633" "STARLINK-32396"
Satellite removed: "61593" "STARLINK-32397"
Satellite removed: "61624" "STARLINK-32398"
Satellite removed: "61627" "STARLINK-32399"
Satellite removed: "49728" "STARLINK-3240"
Satellite removed: "61669" "STARLINK-32400"
Satellite removed: "61865" "STARLINK-32401"
Satellite removed: "61708" "STARLINK-32402"
Satellite removed: "61629" "STARLINK-32403"
Satellite removed: "61636" "STARLINK-32405"
Satellite removed: "61545" "STARLINK-32406"
Satellite removed: "62172" "STARLINK-32407"
Satellite removed: "62054" "STARLINK-32408"
Satellite removed: "61591" "STARLINK-32409"
Satellite removed: "49745" "STARLINK-3241"
Satellite removed: "61887" "STARLINK-32410"
Satellite removed: "61547" "STARLINK-32411"
Satellite removed: "61680" "STARLINK-32412"
Satellite removed: "61590" "STARLINK-32413"
Satellite removed: "61667" "STARLINK-32414"
Satellite removed: "61861" "STARLINK-32415"
Satellite removed: "61589" "STARLINK-32416"
Satellite removed: "61673" "STARLINK-32417"
Satellite removed: "62429" "STARLINK-32418"
Satellite removed: "61637" "STARLINK-32419"
Satellite removed: "49727" "STARLINK-3242"
Satellite removed: "61931" "STARLINK-32420"
Satellite removed: "61628" "STARLINK-32421"
Satellite removed: "61592" "STARLINK-32422"
Satellite removed: "61218" "STARLINK-32423"
Satellite removed: "61548" "STARLINK-32424"
Satellite removed: "61216" "STARLINK-32425"
Satellite removed: "61681" "STARLINK-32426"
Satellite removed: "61848" "STARLINK-32427"
Satellite removed: "61666" "STARLINK-32428"
Satellite removed: "61682" "STARLINK-32429"
Satellite removed: "51116" "STARLINK-3243"
Satellite removed: "62207" "STARLINK-32430"
Satellite removed: "61256" "STARLINK-32431"
Satellite removed: "61257" "STARLINK-32432"
Satellite removed: "61852" "STARLINK-32433"
Satellite removed: "61913" "STARLINK-32434"
Satellite removed: "61259" "STARLINK-32435"
Satellite removed: "61215" "STARLINK-32436"
Satellite removed: "63001" "STARLINK-32437"
Satellite removed: "61722" "STARLINK-32438"
Satellite removed: "61665" "STARLINK-32439"
Satellite removed: "49741" "STARLINK-3244"
Satellite removed: "61714" "STARLINK-32440"
Satellite removed: "61668" "STARLINK-32441"
Satellite removed: "61672" "STARLINK-32443"
Satellite removed: "62073" "STARLINK-32444"
Satellite removed: "61546" "STARLINK-32445"
Satellite removed: "61262" "STARLINK-32446"
Satellite removed: "61261" "STARLINK-32447"
Satellite removed: "62206" "STARLINK-32448"
Satellite removed: "61670" "STARLINK-32449"
Satellite removed: "50170" "STARLINK-3245"
Satellite removed: "61969" "STARLINK-32450"
Satellite removed: "61857" "STARLINK-32451"
Satellite removed: "61961" "STARLINK-32452"
Satellite removed: "61671" "STARLINK-32453"
Satellite removed: "62142" "STARLINK-32454"
Satellite removed: "61632" "STARLINK-32455"
Satellite removed: "62041" "STARLINK-32456"
Satellite removed: "61717" "STARLINK-32457"
Satellite removed: "61962" "STARLINK-32458"
Satellite removed: "61715" "STARLINK-32459"
Satellite removed: "49732" "STARLINK-3246"
Satellite removed: "61914" "STARLINK-32460"
Satellite removed: "61701" "STARLINK-32461"
Satellite removed: "62129" "STARLINK-32462"
Satellite removed: "62130" "STARLINK-32463"
Satellite removed: "62140" "STARLINK-32464"
Satellite removed: "61716" "STARLINK-32465"
Satellite removed: "61859" "STARLINK-32466"
Satellite removed: "61713" "STARLINK-32467"
Satellite removed: "62149" "STARLINK-32468"
Satellite removed: "61721" "STARLINK-32469"
Satellite removed: "49747" "STARLINK-3247"
Satellite removed: "62115" "STARLINK-32470"
Satellite removed: "61968" "STARLINK-32471"
Satellite removed: "61846" "STARLINK-32472"
Satellite removed: "62049" "STARLINK-32473"
Satellite removed: "61260" "STARLINK-32474"
Satellite removed: "61728" "STARLINK-32475"
Satellite removed: "61550" "STARLINK-32476"
Satellite removed: "61726" "STARLINK-32478"
Satellite removed: "62148" "STARLINK-32479"
Satellite removed: "49748" "STARLINK-3248"
Satellite removed: "62039" "STARLINK-32480"
Satellite removed: "62320" "STARLINK-32481"
Satellite removed: "62141" "STARLINK-32482"
Satellite removed: "61856" "STARLINK-32483"
Satellite removed: "62160" "STARLINK-32484"
Satellite removed: "62143" "STARLINK-32485"
Satellite removed: "61854" "STARLINK-32486"
Satellite removed: "61963" "STARLINK-32487"
Satellite removed: "62125" "STARLINK-32488"
Satellite removed: "61893" "STARLINK-32489"
Satellite removed: "49730" "STARLINK-3249"
Satellite removed: "62126" "STARLINK-32490"
Satellite removed: "62043" "STARLINK-32491"
Satellite removed: "62050" "STARLINK-32492"
Satellite removed: "62025" "STARLINK-32493"
Satellite removed: "62053" "STARLINK-32494"
Satellite removed: "62052" "STARLINK-32495"
Satellite removed: "62051" "STARLINK-32496"
Satellite removed: "62161" "STARLINK-32497"
Satellite removed: "61966" "STARLINK-32498"
Satellite removed: "61959" "STARLINK-32499"
Satellite removed: "49749" "STARLINK-3250"
Satellite removed: "61935" "STARLINK-32500"
Satellite removed: "61890" "STARLINK-32501"
Satellite removed: "62116" "STARLINK-32502"
Satellite removed: "62157" "STARLINK-32503"
Satellite removed: "62024" "STARLINK-32504"
Satellite removed: "63085" "STARLINK-32505"
Satellite removed: "62167" "STARLINK-32506"
Satellite removed: "62132" "STARLINK-32507"
Satellite removed: "62158" "STARLINK-32508"
Satellite removed: "62042" "STARLINK-32509"
Satellite removed: "49729" "STARLINK-3251"
Satellite removed: "62040" "STARLINK-32510"
Satellite removed: "61727" "STARLINK-32511"
Satellite removed: "62027" "STARLINK-32512"
Satellite removed: "61964" "STARLINK-32513"
Satellite removed: "61965" "STARLINK-32514"
Satellite removed: "61705" "STARLINK-32515"
Satellite removed: "62176" "STARLINK-32516"
Satellite removed: "61980" "STARLINK-32517"
Satellite removed: "61967" "STARLINK-32518"
Satellite removed: "62317" "STARLINK-32519"
Satellite removed: "49733" "STARLINK-3252"
Satellite removed: "62021" "STARLINK-32520"
Satellite removed: "62117" "STARLINK-32521"
Satellite removed: "61981" "STARLINK-32522"
Satellite removed: "62165" "STARLINK-32523"
Satellite removed: "62159" "STARLINK-32524"
Satellite removed: "62121" "STARLINK-32525"
Satellite removed: "62162" "STARLINK-32526"
Satellite removed: "62319" "STARLINK-32527"
Satellite removed: "61724" "STARLINK-32528"
Satellite removed: "62139" "STARLINK-32529"
Satellite removed: "51136" "STARLINK-3253"
Satellite removed: "62156" "STARLINK-32532"
Satellite removed: "61706" "STARLINK-32533"
Satellite removed: "62175" "STARLINK-32534"
Satellite removed: "62119" "STARLINK-32535"
Satellite removed: "61925" "STARLINK-32536"
Satellite removed: "61923" "STARLINK-32537"
Satellite removed: "62170" "STARLINK-32538"
Satellite removed: "62022" "STARLINK-32539"
Satellite removed: "50204" "STARLINK-3254"
Satellite removed: "61723" "STARLINK-32540"
Satellite removed: "61916" "STARLINK-32541"
Satellite removed: "62177" "STARLINK-32542"
Satellite removed: "63364" "STARLINK-32543"
Satellite removed: "61917" "STARLINK-32544"
Satellite removed: "62135" "STARLINK-32545"
Satellite removed: "62134" "STARLINK-32546"
Satellite removed: "61919" "STARLINK-32547"
Satellite removed: "62120" "STARLINK-32548"
Satellite removed: "62118" "STARLINK-32549"
Satellite removed: "62131" "STARLINK-32550"
Satellite removed: "62166" "STARLINK-32551"
Satellite removed: "62174" "STARLINK-32552"
Satellite removed: "62071" "STARLINK-32553"
Satellite removed: "62136" "STARLINK-32554"
Satellite removed: "61918" "STARLINK-32555"
Satellite removed: "61858" "STARLINK-32556"
Satellite removed: "62127" "STARLINK-32557"
Satellite removed: "62169" "STARLINK-32558"
Satellite removed: "50202" "STARLINK-3256"
Satellite removed: "61982" "STARLINK-32560"
Satellite removed: "62026" "STARLINK-32561"
Satellite removed: "62168" "STARLINK-32562"
Satellite removed: "61924" "STARLINK-32564"
Satellite removed: "61958" "STARLINK-32566"
Satellite removed: "61930" "STARLINK-32567"
Satellite removed: "62128" "STARLINK-32568"
Satellite removed: "61867" "STARLINK-32569"
Satellite removed: "50203" "STARLINK-3257"
Satellite removed: "62137" "STARLINK-32570"
Satellite removed: "62055" "STARLINK-32571"
Satellite removed: "61952" "STARLINK-32572"
Satellite removed: "61725" "STARLINK-32573"
Satellite removed: "61954" "STARLINK-32574"
Satellite removed: "62173" "STARLINK-32575"
Satellite removed: "62044" "STARLINK-32577"
Satellite removed: "61979" "STARLINK-32578"
Satellite removed: "61922" "STARLINK-32579"
Satellite removed: "62075" "STARLINK-32580"
Satellite removed: "62184" "STARLINK-32581"
Satellite removed: "62033" "STARLINK-32582"
Satellite removed: "61955" "STARLINK-32583"
Satellite removed: "62179" "STARLINK-32584"
Satellite removed: "61953" "STARLINK-32585"
Satellite removed: "61975" "STARLINK-32586"
Satellite removed: "62180" "STARLINK-32587"
Satellite removed: "61866" "STARLINK-32588"
Satellite removed: "62183" "STARLINK-32589"
Satellite removed: "50192" "STARLINK-3259"
Satellite removed: "63047" "STARLINK-32590"
Satellite removed: "61718" "STARLINK-32591"
Satellite removed: "62035" "STARLINK-32592"
Satellite removed: "61974" "STARLINK-32593"
Satellite removed: "62302" "STARLINK-32594"
Satellite removed: "62037" "STARLINK-32595"
Satellite removed: "62316" "STARLINK-32596"
Satellite removed: "62046" "STARLINK-32598"
Satellite removed: "62048" "STARLINK-32599"
Satellite removed: "50205" "STARLINK-3260"
Satellite removed: "62178" "STARLINK-32600"
Satellite removed: "61973" "STARLINK-32601"
Satellite removed: "62181" "STARLINK-32602"
Satellite removed: "62072" "STARLINK-32603"
Satellite removed: "62070" "STARLINK-32604"
Satellite removed: "61921" "STARLINK-32605"
Satellite removed: "61978" "STARLINK-32606"
Satellite removed: "61977" "STARLINK-32607"
Satellite removed: "62124" "STARLINK-32608"
Satellite removed: "61929" "STARLINK-32609"
Satellite removed: "50193" "STARLINK-3261"
Satellite removed: "61971" "STARLINK-32610"
Satellite removed: "61976" "STARLINK-32611"
Satellite removed: "61972" "STARLINK-32612"
Satellite removed: "61970" "STARLINK-32613"
Satellite removed: "62428" "STARLINK-32614"
Satellite removed: "62034" "STARLINK-32615"
Satellite removed: "61920" "STARLINK-32616"
Satellite removed: "62076" "STARLINK-32617"
Satellite removed: "62045" "STARLINK-32618"
Satellite removed: "62074" "STARLINK-32619"
Satellite removed: "61928" "STARLINK-32620"
Satellite removed: "62303" "STARLINK-32621"
Satellite removed: "61927" "STARLINK-32622"
Satellite removed: "62152" "STARLINK-32623"
Satellite removed: "61926" "STARLINK-32624"
Satellite removed: "62154" "STARLINK-32625"
Satellite removed: "62123" "STARLINK-32626"
Satellite removed: "62315" "STARLINK-32627"
Satellite removed: "62122" "STARLINK-32628"
Satellite removed: "62150" "STARLINK-32629"
Satellite removed: "62047" "STARLINK-32630"
Satellite removed: "62235" "STARLINK-32631"
Satellite removed: "62262" "STARLINK-32632"
Satellite removed: "62306" "STARLINK-32633"
Satellite removed: "62313" "STARLINK-32634"
Satellite removed: "62155" "STARLINK-32635"
Satellite removed: "62232" "STARLINK-32636"
Satellite removed: "62032" "STARLINK-32637"
Satellite removed: "62424" "STARLINK-32638"
Satellite removed: "62153" "STARLINK-32639"
Satellite removed: "50198" "STARLINK-3264"
Satellite removed: "62198" "STARLINK-32640"
Satellite removed: "62236" "STARLINK-32641"
Satellite removed: "62211" "STARLINK-32642"
Satellite removed: "62233" "STARLINK-32643"
Satellite removed: "62151" "STARLINK-32644"
Satellite removed: "62321" "STARLINK-32645"
Satellite removed: "62307" "STARLINK-32646"
Satellite removed: "62200" "STARLINK-32647"
Satellite removed: "62301" "STARLINK-32648"
Satellite removed: "62305" "STARLINK-32649"
Satellite removed: "50180" "STARLINK-3265"
Satellite removed: "62231" "STARLINK-32650"
Satellite removed: "62314" "STARLINK-32651"
Satellite removed: "62234" "STARLINK-32652"
Satellite removed: "62199" "STARLINK-32653"
Satellite removed: "62322" "STARLINK-32654"
Satellite removed: "62202" "STARLINK-32655"
Satellite removed: "62452" "STARLINK-32656"
Satellite removed: "62475" "STARLINK-32657"
Satellite removed: "62999" "STARLINK-32658"
Satellite removed: "62427" "STARLINK-32659"
Satellite removed: "50195" "STARLINK-3266"
Satellite removed: "62205" "STARLINK-32660"
Satellite removed: "62899" "STARLINK-32661"
Satellite removed: "62215" "STARLINK-32662"
Satellite removed: "62197" "STARLINK-32663"
Satellite removed: "62204" "STARLINK-32664"
Satellite removed: "62203" "STARLINK-32665"
Satellite removed: "62214" "STARLINK-32666"
Satellite removed: "62201" "STARLINK-32667"
Satellite removed: "62212" "STARLINK-32668"
Satellite removed: "62213" "STARLINK-32669"
Satellite removed: "50197" "STARLINK-3267"
Satellite removed: "62210" "STARLINK-32670"
Satellite removed: "62209" "STARLINK-32671"
Satellite removed: "62195" "STARLINK-32672"
Satellite removed: "63000" "STARLINK-32673"
Satellite removed: "62434" "STARLINK-32674"
Satellite removed: "62208" "STARLINK-32675"
Satellite removed: "62426" "STARLINK-32676"
Satellite removed: "63020" "STARLINK-32677"
Satellite removed: "62309" "STARLINK-32678"
Satellite removed: "62507" "STARLINK-32679"
Satellite removed: "50190" "STARLINK-3268"
Satellite removed: "62423" "STARLINK-32680"
Satellite removed: "62506" "STARLINK-32681"
Satellite removed: "62196" "STARLINK-32682"
Satellite removed: "62445" "STARLINK-32683"
Satellite removed: "62194" "STARLINK-32684"
Satellite removed: "62500" "STARLINK-32685"
Satellite removed: "62192" "STARLINK-32686"
Satellite removed: "63565" "STARLINK-32687"
Satellite removed: "62193" "STARLINK-32688"
Satellite removed: "62440" "STARLINK-32689"
Satellite removed: "62453" "STARLINK-32690"
Satellite removed: "62501" "STARLINK-32691"
Satellite removed: "62422" "STARLINK-32692"
Satellite removed: "62437" "STARLINK-32693"
Satellite removed: "62494" "STARLINK-32694"
Satellite removed: "62866" "STARLINK-32695"
Satellite removed: "62310" "STARLINK-32696"
Satellite removed: "62436" "STARLINK-32697"
Satellite removed: "62312" "STARLINK-32698"
Satellite removed: "62482" "STARLINK-32699"
Satellite removed: "50199" "STARLINK-3270"
Satellite removed: "62311" "STARLINK-32700"
Satellite removed: "62510" "STARLINK-32701"
Satellite removed: "62432" "STARLINK-32702"
Satellite removed: "62996" "STARLINK-32703"
Satellite removed: "62826" "STARLINK-32704"
Satellite removed: "62479" "STARLINK-32705"
Satellite removed: "62308" "STARLINK-32706"
Satellite removed: "62478" "STARLINK-32707"
Satellite removed: "62495" "STARLINK-32708"
Satellite removed: "62439" "STARLINK-32709"
Satellite removed: "50167" "STARLINK-3271"
Satellite removed: "62604" "STARLINK-32710"
Satellite removed: "62435" "STARLINK-32711"
Satellite removed: "62433" "STARLINK-32712"
Satellite removed: "62487" "STARLINK-32713"
Satellite removed: "62499" "STARLINK-32714"
Satellite removed: "62569" "STARLINK-32715"
Satellite removed: "63031" "STARLINK-32716"
Satellite removed: "62491" "STARLINK-32717"
Satellite removed: "62496" "STARLINK-32718"
Satellite removed: "62448" "STARLINK-32719"
Satellite removed: "50187" "STARLINK-3272"
Satellite removed: "62451" "STARLINK-32720"
Satellite removed: "62438" "STARLINK-32721"
Satellite removed: "62450" "STARLINK-32722"
Satellite removed: "62449" "STARLINK-32723"
Satellite removed: "62505" "STARLINK-32725"
Satellite removed: "62446" "STARLINK-32726"
Satellite removed: "62828" "STARLINK-32727"
Satellite removed: "62948" "STARLINK-32728"
Satellite removed: "62497" "STARLINK-32729"
Satellite removed: "50191" "STARLINK-3273"
Satellite removed: "62493" "STARLINK-32731"
Satellite removed: "62488" "STARLINK-32732"
Satellite removed: "62477" "STARLINK-32733"
Satellite removed: "62476" "STARLINK-32734"
Satellite removed: "63044" "STARLINK-32735"
Satellite removed: "62443" "STARLINK-32736"
Satellite removed: "62444" "STARLINK-32737"
Satellite removed: "63046" "STARLINK-32738"
Satellite removed: "62498" "STARLINK-32739"
Satellite removed: "50186" "STARLINK-3274"
Satellite removed: "62754" "STARLINK-32740"
Satellite removed: "62526" "STARLINK-32741"
Satellite removed: "62605" "STARLINK-32742"
Satellite removed: "62480" "STARLINK-32743"
Satellite removed: "62509" "STARLINK-32744"
Satellite removed: "62755" "STARLINK-32745"
Satellite removed: "62745" "STARLINK-32746"
Satellite removed: "62600" "STARLINK-32747"
Satellite removed: "62524" "STARLINK-32748"
Satellite removed: "62508" "STARLINK-32749"
Satellite removed: "62572" "STARLINK-32750"
Satellite removed: "62753" "STARLINK-32751"
Satellite removed: "62567" "STARLINK-32752"
Satellite removed: "62481" "STARLINK-32753"
Satellite removed: "62527" "STARLINK-32754"
Satellite removed: "62842" "STARLINK-32755"
Satellite removed: "62752" "STARLINK-32756"
Satellite removed: "62492" "STARLINK-32757"
Satellite removed: "62744" "STARLINK-32758"
Satellite removed: "62751" "STARLINK-32759"
Satellite removed: "50189" "STARLINK-3276"
Satellite removed: "62568" "STARLINK-32760"
Satellite removed: "62749" "STARLINK-32761"
Satellite removed: "62748" "STARLINK-32762"
Satellite removed: "62750" "STARLINK-32763"
Satellite removed: "62570" "STARLINK-32764"
Satellite removed: "62747" "STARLINK-32765"
Satellite removed: "62574" "STARLINK-32766"
Satellite removed: "62601" "STARLINK-32767"
Satellite removed: "62503" "STARLINK-32768"
Satellite removed: "62602" "STARLINK-32769"
Satellite removed: "50182" "STARLINK-3277"
Satellite removed: "62741" "STARLINK-32770"
Satellite removed: "62573" "STARLINK-32771"
Satellite removed: "63033" "STARLINK-32772"
Satellite removed: "62571" "STARLINK-32773"
Satellite removed: "62737" "STARLINK-32774"
Satellite removed: "62742" "STARLINK-32775"
Satellite removed: "63032" "STARLINK-32776"
Satellite removed: "62525" "STARLINK-32777"
Satellite removed: "62603" "STARLINK-32778"
Satellite removed: "63030" "STARLINK-32779"
Satellite removed: "50830" "STARLINK-3278"
Satellite removed: "62746" "STARLINK-32780"
Satellite removed: "62848" "STARLINK-32781"
Satellite removed: "62821" "STARLINK-32782"
Satellite removed: "62606" "STARLINK-32783"
Satellite removed: "62607" "STARLINK-32784"
Satellite removed: "62531" "STARLINK-32785"
Satellite removed: "62528" "STARLINK-32786"
Satellite removed: "62809" "STARLINK-32787"
Satellite removed: "62502" "STARLINK-32788"
Satellite removed: "62529" "STARLINK-32789"
Satellite removed: "50185" "STARLINK-3279"
Satellite removed: "63048" "STARLINK-32790"
Satellite removed: "62530" "STARLINK-32791"
Satellite removed: "62504" "STARLINK-32792"
Satellite removed: "62874" "STARLINK-32793"
Satellite removed: "62844" "STARLINK-32794"
Satellite removed: "63042" "STARLINK-32795"
Satellite removed: "62739" "STARLINK-32796"
Satellite removed: "62843" "STARLINK-32797"
Satellite removed: "63029" "STARLINK-32798"
Satellite removed: "62847" "STARLINK-32799"
Satellite removed: "62743" "STARLINK-32800"
Satellite removed: "63035" "STARLINK-32801"
Satellite removed: "62738" "STARLINK-32802"
Satellite removed: "63024" "STARLINK-32803"
Satellite removed: "62846" "STARLINK-32804"
Satellite removed: "62740" "STARLINK-32805"
Satellite removed: "62735" "STARLINK-32806"
Satellite removed: "62845" "STARLINK-32807"
Satellite removed: "62863" "STARLINK-32808"
Satellite removed: "62849" "STARLINK-32809"
Satellite removed: "50183" "STARLINK-3281"
Satellite removed: "63037" "STARLINK-32810"
Satellite removed: "63039" "STARLINK-32811"
Satellite removed: "63038" "STARLINK-32812"
Satellite removed: "62869" "STARLINK-32813"
Satellite removed: "62871" "STARLINK-32814"
Satellite removed: "62956" "STARLINK-32815"
Satellite removed: "63050" "STARLINK-32816"
Satellite removed: "63079" "STARLINK-32817"
Satellite removed: "63036" "STARLINK-32818"
Satellite removed: "62995" "STARLINK-32819"
Satellite removed: "50177" "STARLINK-3282"
Satellite removed: "63041" "STARLINK-32820"
Satellite removed: "63078" "STARLINK-32821"
Satellite removed: "62868" "STARLINK-32822"
Satellite removed: "62817" "STARLINK-32824"
Satellite removed: "62825" "STARLINK-32825"
Satellite removed: "62970" "STARLINK-32826"
Satellite removed: "63043" "STARLINK-32827"
Satellite removed: "63045" "STARLINK-32828"
Satellite removed: "63049" "STARLINK-32829"
Satellite removed: "50179" "STARLINK-3283"
Satellite removed: "63034" "STARLINK-32830"
Satellite removed: "62860" "STARLINK-32831"
Satellite removed: "63040" "STARLINK-32832"
Satellite removed: "62873" "STARLINK-32833"
Satellite removed: "62875" "STARLINK-32834"
Satellite removed: "63051" "STARLINK-32835"
Satellite removed: "62965" "STARLINK-32836"
Satellite removed: "62812" "STARLINK-32837"
Satellite removed: "63077" "STARLINK-32839"
Satellite removed: "63363" "STARLINK-32840"
Satellite removed: "62865" "STARLINK-32841"
Satellite removed: "62822" "STARLINK-32842"
Satellite removed: "62814" "STARLINK-32843"
Satellite removed: "62820" "STARLINK-32844"
Satellite removed: "62815" "STARLINK-32845"
Satellite removed: "62867" "STARLINK-32846"
Satellite removed: "62811" "STARLINK-32847"
Satellite removed: "62808" "STARLINK-32848"
Satellite removed: "62872" "STARLINK-32849"
Satellite removed: "50181" "STARLINK-3285"
Satellite removed: "62950" "STARLINK-32850"
Satellite removed: "62810" "STARLINK-32851"
Satellite removed: "62824" "STARLINK-32852"
Satellite removed: "62818" "STARLINK-32853"
Satellite removed: "62816" "STARLINK-32854"
Satellite removed: "62813" "STARLINK-32855"
Satellite removed: "62819" "STARLINK-32856"
Satellite removed: "62949" "STARLINK-32857"
Satellite removed: "62962" "STARLINK-32858"
Satellite removed: "62861" "STARLINK-32859"
Satellite removed: "50171" "STARLINK-3286"
Satellite removed: "62856" "STARLINK-32860"
Satellite removed: "62870" "STARLINK-32861"
Satellite removed: "62864" "STARLINK-32862"
Satellite removed: "62968" "STARLINK-32863"
Satellite removed: "62862" "STARLINK-32864"
Satellite removed: "62952" "STARLINK-32865"
Satellite removed: "62858" "STARLINK-32866"
Satellite removed: "62855" "STARLINK-32867"
Satellite removed: "62854" "STARLINK-32868"
Satellite removed: "62859" "STARLINK-32869"
Satellite removed: "50172" "STARLINK-3287"
Satellite removed: "63018" "STARLINK-32870"
Satellite removed: "62924" "STARLINK-32871"
Satellite removed: "63019" "STARLINK-32872"
Satellite removed: "62857" "STARLINK-32873"
Satellite removed: "62954" "STARLINK-32874"
Satellite removed: "62951" "STARLINK-32875"
Satellite removed: "63151" "STARLINK-32876"
Satellite removed: "62960" "STARLINK-32877"
Satellite removed: "62892" "STARLINK-32878"
Satellite removed: "62957" "STARLINK-32879"
Satellite removed: "62955" "STARLINK-32880"
Satellite removed: "62997" "STARLINK-32881"
Satellite removed: "62963" "STARLINK-32882"
Satellite removed: "62806" "STARLINK-32883"
Satellite removed: "62953" "STARLINK-32884"
Satellite removed: "62958" "STARLINK-32885"
Satellite removed: "62807" "STARLINK-32886"
Satellite removed: "62964" "STARLINK-32887"
Satellite removed: "62966" "STARLINK-32888"
Satellite removed: "62961" "STARLINK-32889"
Satellite removed: "50173" "STARLINK-3289"
Satellite removed: "62896" "STARLINK-32890"
Satellite removed: "62927" "STARLINK-32891"
Satellite removed: "62893" "STARLINK-32892"
Satellite removed: "62897" "STARLINK-32893"
Satellite removed: "62969" "STARLINK-32894"
Satellite removed: "63081" "STARLINK-32895"
Satellite removed: "62959" "STARLINK-32896"
Satellite removed: "62967" "STARLINK-32897"
Satellite removed: "62998" "STARLINK-32898"
Satellite removed: "62994" "STARLINK-32899"
Satellite removed: "50828" "STARLINK-3290"
Satellite removed: "63093" "STARLINK-32900"
Satellite removed: "62895" "STARLINK-32901"
Satellite removed: "62898" "STARLINK-32902"
Satellite removed: "63090" "STARLINK-32903"
Satellite removed: "63198" "STARLINK-32904"
Satellite removed: "62923" "STARLINK-32905"
Satellite removed: "63080" "STARLINK-32906"
Satellite removed: "63095" "STARLINK-32907"
Satellite removed: "63084" "STARLINK-32908"
Satellite removed: "62894" "STARLINK-32909"
Satellite removed: "50175" "STARLINK-3291"
Satellite removed: "63089" "STARLINK-32910"
Satellite removed: "63096" "STARLINK-32911"
Satellite removed: "63088" "STARLINK-32912"
Satellite removed: "63098" "STARLINK-32913"
Satellite removed: "63086" "STARLINK-32914"
Satellite removed: "63152" "STARLINK-32915"
Satellite removed: "62922" "STARLINK-32916"
Satellite removed: "62921" "STARLINK-32917"
Satellite removed: "63087" "STARLINK-32918"
Satellite removed: "63150" "STARLINK-32919"
Satellite removed: "50174" "STARLINK-3292"
Satellite removed: "62925" "STARLINK-32920"
Satellite removed: "62920" "STARLINK-32921"
Satellite removed: "62926" "STARLINK-32922"
Satellite removed: "63097" "STARLINK-32923"
Satellite removed: "63092" "STARLINK-32924"
Satellite removed: "63091" "STARLINK-32925"
Satellite removed: "63025" "STARLINK-32926"
Satellite removed: "63094" "STARLINK-32927"
Satellite removed: "63564" "STARLINK-32928"
Satellite removed: "63021" "STARLINK-32929"
Satellite removed: "50176" "STARLINK-3293"
Satellite removed: "63203" "STARLINK-32930"
Satellite removed: "63199" "STARLINK-32931"
Satellite removed: "63083" "STARLINK-32932"
Satellite removed: "63082" "STARLINK-32933"
Satellite removed: "63200" "STARLINK-32934"
Satellite removed: "63202" "STARLINK-32935"
Satellite removed: "63147" "STARLINK-32936"
Satellite removed: "63148" "STARLINK-32937"
Satellite removed: "63201" "STARLINK-32938"
Satellite removed: "63149" "STARLINK-32939"
Satellite removed: "50829" "STARLINK-3294"
Satellite removed: "63568" "STARLINK-32940"
Satellite removed: "63119" "STARLINK-32941"
Satellite removed: "63120" "STARLINK-32942"
Satellite removed: "63023" "STARLINK-32943"
Satellite removed: "63022" "STARLINK-32944"
Satellite removed: "63118" "STARLINK-32945"
Satellite removed: "63196" "STARLINK-32946"
Satellite removed: "63121" "STARLINK-32947"
Satellite removed: "63123" "STARLINK-32948"
Satellite removed: "63145" "STARLINK-32949"
Satellite removed: "50840" "STARLINK-3295"
Satellite removed: "63566" "STARLINK-32950"
Satellite removed: "63562" "STARLINK-32951"
Satellite removed: "63146" "STARLINK-32952"
Satellite removed: "63561" "STARLINK-32953"
Satellite removed: "63567" "STARLINK-32954"
Satellite removed: "63117" "STARLINK-32955"
Satellite removed: "63570" "STARLINK-32956"
Satellite removed: "63124" "STARLINK-32957"
Satellite removed: "63563" "STARLINK-32958"
Satellite removed: "63569" "STARLINK-32959"
Satellite removed: "63197" "STARLINK-32960"
Satellite removed: "63122" "STARLINK-32961"
Satellite removed: "50159" "STARLINK-3297"
Satellite removed: "50165" "STARLINK-3298"
Satellite removed: "50831" "STARLINK-3299"
Satellite removed: "50841" "STARLINK-3300"
Satellite removed: "50169" "STARLINK-3301"
Satellite removed: "50842" "STARLINK-3302"
Satellite removed: "50161" "STARLINK-3304"
Satellite removed: "50166" "STARLINK-3305"
Satellite removed: "50163" "STARLINK-3306"
Satellite removed: "50846" "STARLINK-3308"
Satellite removed: "50835" "STARLINK-3310"
Satellite removed: "50849" "STARLINK-3311"
Satellite removed: "50850" "STARLINK-3312"
Satellite removed: "50851" "STARLINK-3314"
Satellite removed: "50848" "STARLINK-3315"
Satellite removed: "50837" "STARLINK-3318"
Satellite removed: "50839" "STARLINK-3320"
Satellite removed: "50804" "STARLINK-3323"
Satellite removed: "50814" "STARLINK-3324"
Satellite removed: "50844" "STARLINK-3326"
Satellite removed: "50819" "STARLINK-3327"
Satellite removed: "50832" "STARLINK-3328"
Satellite removed: "50827" "STARLINK-3329"
Satellite removed: "50836" "STARLINK-3330"
Satellite removed: "50834" "STARLINK-3331"
Satellite removed: "50825" "STARLINK-3332"
Satellite removed: "50805" "STARLINK-3333"
Satellite removed: "50823" "STARLINK-3334"
Satellite removed: "50806" "STARLINK-3335"
Satellite removed: "50818" "STARLINK-3336"
Satellite removed: "50812" "STARLINK-3338"
Satellite removed: "50820" "STARLINK-3339"
Satellite removed: "50817" "STARLINK-3341"
Satellite removed: "50816" "STARLINK-3342"
Satellite removed: "50822" "STARLINK-3343"
Satellite removed: "51110" "STARLINK-3344"
Satellite removed: "50821" "STARLINK-3346"
Satellite removed: "50813" "STARLINK-3349"
Satellite removed: "51105" "STARLINK-3350"
Satellite removed: "51147" "STARLINK-3352"
Satellite removed: "63399" "STARLINK-33531"
Satellite removed: "63387" "STARLINK-33533"
Satellite removed: "63499" "STARLINK-33534"
Satellite removed: "63417" "STARLINK-33535"
Satellite removed: "63376" "STARLINK-33539"
Satellite removed: "51146" "STARLINK-3354"
Satellite removed: "62281" "STARLINK-33544"
Satellite removed: "62101" "STARLINK-33545"
Satellite removed: "62287" "STARLINK-33546"
Satellite removed: "62283" "STARLINK-33547"
Satellite removed: "62280" "STARLINK-33548"
Satellite removed: "62289" "STARLINK-33549"
Satellite removed: "50808" "STARLINK-3355"
Satellite removed: "62285" "STARLINK-33550"
Satellite removed: "62110" "STARLINK-33551"
Satellite removed: "62108" "STARLINK-33553"
Satellite removed: "62103" "STARLINK-33554"
Satellite removed: "62104" "STARLINK-33555"
Satellite removed: "62109" "STARLINK-33556"
Satellite removed: "63643" "STARLINK-33558"
Satellite removed: "62107" "STARLINK-33559"
Satellite removed: "51133" "STARLINK-3356"
Satellite removed: "62282" "STARLINK-33560"
Satellite removed: "62102" "STARLINK-33562"
Satellite removed: "62284" "STARLINK-33563"
Satellite removed: "62286" "STARLINK-33564"
Satellite removed: "62288" "STARLINK-33565"
Satellite removed: "62100" "STARLINK-33566"
Satellite removed: "62773" "STARLINK-33567"
Satellite removed: "62779" "STARLINK-33568"
Satellite removed: "62769" "STARLINK-33569"
Satellite removed: "51150" "STARLINK-3357"
Satellite removed: "62776" "STARLINK-33570"
Satellite removed: "63386" "STARLINK-33571"
Satellite removed: "62767" "STARLINK-33572"
Satellite removed: "62778" "STARLINK-33573"
Satellite removed: "62774" "STARLINK-33574"
Satellite removed: "62760" "STARLINK-33575"
Satellite removed: "62775" "STARLINK-33576"
Satellite removed: "62762" "STARLINK-33577"
Satellite removed: "63368" "STARLINK-33578"
Satellite removed: "62764" "STARLINK-33579"
Satellite removed: "51109" "STARLINK-3358"
Satellite removed: "63711" "STARLINK-33580"
Satellite removed: "62784" "STARLINK-33581"
Satellite removed: "62783" "STARLINK-33582"
Satellite removed: "63503" "STARLINK-33583"
Satellite removed: "62761" "STARLINK-33584"
Satellite removed: "62782" "STARLINK-33585"
Satellite removed: "63073" "STARLINK-33586"
Satellite removed: "63469" "STARLINK-33587"
Satellite removed: "62781" "STARLINK-33588"
Satellite removed: "62759" "STARLINK-33589"
Satellite removed: "51148" "STARLINK-3359"
Satellite removed: "64316" "STARLINK-33590"
Satellite removed: "62777" "STARLINK-33591"
Satellite removed: "62765" "STARLINK-33592"
Satellite removed: "62780" "STARLINK-33593"
Satellite removed: "62770" "STARLINK-33594"
Satellite removed: "62766" "STARLINK-33595"
Satellite removed: "62758" "STARLINK-33596"
Satellite removed: "62763" "STARLINK-33597"
Satellite removed: "62771" "STARLINK-33598"
Satellite removed: "51149" "STARLINK-3360"
Satellite removed: "62772" "STARLINK-33600"
Satellite removed: "62768" "STARLINK-33601"
Satellite removed: "63282" "STARLINK-33603"
Satellite removed: "63070" "STARLINK-33604"
Satellite removed: "63074" "STARLINK-33605"
Satellite removed: "63421" "STARLINK-33606"
Satellite removed: "63323" "STARLINK-33607"
Satellite removed: "63425" "STARLINK-33608"
Satellite removed: "63279" "STARLINK-33611"
Satellite removed: "63325" "STARLINK-33612"
Satellite removed: "63286" "STARLINK-33613"
Satellite removed: "63372" "STARLINK-33614"
Satellite removed: "63426" "STARLINK-33615"
Satellite removed: "63385" "STARLINK-33616"
Satellite removed: "63373" "STARLINK-33617"
Satellite removed: "63374" "STARLINK-33618"
Satellite removed: "63324" "STARLINK-33619"
Satellite removed: "51108" "STARLINK-3362"
Satellite removed: "63069" "STARLINK-33620"
Satellite removed: "63375" "STARLINK-33621"
Satellite removed: "63066" "STARLINK-33622"
Satellite removed: "63072" "STARLINK-33623"
Satellite removed: "63071" "STARLINK-33624"
Satellite removed: "63327" "STARLINK-33625"
Satellite removed: "63369" "STARLINK-33626"
Satellite removed: "63068" "STARLINK-33627"
Satellite removed: "63067" "STARLINK-33628"
Satellite removed: "63388" "STARLINK-33629"
Satellite removed: "51135" "STARLINK-3363"
Satellite removed: "63477" "STARLINK-33630"
Satellite removed: "63577" "STARLINK-33632"
Satellite removed: "63377" "STARLINK-33634"
Satellite removed: "63065" "STARLINK-33635"
Satellite removed: "63379" "STARLINK-33636"
Satellite removed: "63470" "STARLINK-33637"
Satellite removed: "63436" "STARLINK-33638"
Satellite removed: "63481" "STARLINK-33639"
Satellite removed: "51152" "STARLINK-3364"
Satellite removed: "63378" "STARLINK-33640"
Satellite removed: "63718" "STARLINK-33641"
Satellite removed: "63978" "STARLINK-33642"
Satellite removed: "63381" "STARLINK-33643"
Satellite removed: "63414" "STARLINK-33644"
Satellite removed: "63412" "STARLINK-33645"
Satellite removed: "63280" "STARLINK-33646"
Satellite removed: "63411" "STARLINK-33647"
Satellite removed: "63371" "STARLINK-33648"
Satellite removed: "63416" "STARLINK-33649"
Satellite removed: "63321" "STARLINK-33650"
Satellite removed: "63588" "STARLINK-33651"
Satellite removed: "63400" "STARLINK-33652"
Satellite removed: "63380" "STARLINK-33653"
Satellite removed: "63466" "STARLINK-33654"
Satellite removed: "63424" "STARLINK-33655"
Satellite removed: "63389" "STARLINK-33656"
Satellite removed: "63370" "STARLINK-33657"
Satellite removed: "63384" "STARLINK-33658"
Satellite removed: "63445" "STARLINK-33659"
Satellite removed: "51104" "STARLINK-3366"
Satellite removed: "63278" "STARLINK-33660"
Satellite removed: "63646" "STARLINK-33661"
Satellite removed: "63285" "STARLINK-33662"
Satellite removed: "63652" "STARLINK-33663"
Satellite removed: "63415" "STARLINK-33664"
Satellite removed: "63281" "STARLINK-33665"
Satellite removed: "63592" "STARLINK-33666"
Satellite removed: "63402" "STARLINK-33668"
Satellite removed: "63283" "STARLINK-33669"
Satellite removed: "63413" "STARLINK-33670"
Satellite removed: "63320" "STARLINK-33671"
Satellite removed: "63326" "STARLINK-33672"
Satellite removed: "63284" "STARLINK-33673"
Satellite removed: "63329" "STARLINK-33674"
Satellite removed: "63423" "STARLINK-33675"
Satellite removed: "63403" "STARLINK-33676"
Satellite removed: "63410" "STARLINK-33677"
Satellite removed: "63509" "STARLINK-33678"
Satellite removed: "63460" "STARLINK-33679"
Satellite removed: "63287" "STARLINK-33680"
Satellite removed: "63438" "STARLINK-33681"
Satellite removed: "63433" "STARLINK-33682"
Satellite removed: "63573" "STARLINK-33683"
Satellite removed: "63649" "STARLINK-33684"
Satellite removed: "63465" "STARLINK-33685"
Satellite removed: "63422" "STARLINK-33686"
Satellite removed: "63485" "STARLINK-33687"
Satellite removed: "63483" "STARLINK-33688"
Satellite removed: "63322" "STARLINK-33689"
Satellite removed: "51142" "STARLINK-3369"
Satellite removed: "63462" "STARLINK-33691"
Satellite removed: "63408" "STARLINK-33692"
Satellite removed: "63409" "STARLINK-33693"
Satellite removed: "63407" "STARLINK-33694"
Satellite removed: "63478" "STARLINK-33695"
Satellite removed: "63463" "STARLINK-33696"
Satellite removed: "63467" "STARLINK-33697"
Satellite removed: "63420" "STARLINK-33698"
Satellite removed: "63328" "STARLINK-33699"
Satellite removed: "51127" "STARLINK-3370"
Satellite removed: "63484" "STARLINK-33700"
Satellite removed: "63464" "STARLINK-33701"
Satellite removed: "63591" "STARLINK-33702"
Satellite removed: "63418" "STARLINK-33703"
Satellite removed: "63650" "STARLINK-33704"
Satellite removed: "63651" "STARLINK-33705"
Satellite removed: "63461" "STARLINK-33706"
Satellite removed: "63401" "STARLINK-33707"
Satellite removed: "63405" "STARLINK-33708"
Satellite removed: "63419" "STARLINK-33709"
Satellite removed: "63434" "STARLINK-33710"
Satellite removed: "63404" "STARLINK-33711"
Satellite removed: "63797" "STARLINK-33712"
Satellite removed: "63479" "STARLINK-33713"
Satellite removed: "63581" "STARLINK-33714"
Satellite removed: "63441" "STARLINK-33715"
Satellite removed: "63486" "STARLINK-33716"
Satellite removed: "63648" "STARLINK-33717"
Satellite removed: "63476" "STARLINK-33718"
Satellite removed: "63578" "STARLINK-33719"
Satellite removed: "51113" "STARLINK-3372"
Satellite removed: "63468" "STARLINK-33720"
Satellite removed: "63480" "STARLINK-33721"
Satellite removed: "63571" "STARLINK-33722"
Satellite removed: "63593" "STARLINK-33723"
Satellite removed: "63717" "STARLINK-33725"
Satellite removed: "63437" "STARLINK-33726"
Satellite removed: "63719" "STARLINK-33727"
Satellite removed: "63715" "STARLINK-33728"
Satellite removed: "63647" "STARLINK-33729"
Satellite removed: "63439" "STARLINK-33730"
Satellite removed: "63475" "STARLINK-33731"
Satellite removed: "63575" "STARLINK-33732"
Satellite removed: "63435" "STARLINK-33733"
Satellite removed: "63367" "STARLINK-33734"
Satellite removed: "63474" "STARLINK-33735"
Satellite removed: "63450" "STARLINK-33736"
Satellite removed: "63456" "STARLINK-33737"
Satellite removed: "63889" "STARLINK-33738"
Satellite removed: "63572" "STARLINK-33739"
Satellite removed: "51112" "STARLINK-3374"
Satellite removed: "63451" "STARLINK-33740"
Satellite removed: "63365" "STARLINK-33741"
Satellite removed: "63366" "STARLINK-33742"
Satellite removed: "63440" "STARLINK-33743"
Satellite removed: "63471" "STARLINK-33744"
Satellite removed: "63714" "STARLINK-33745"
Satellite removed: "63446" "STARLINK-33746"
Satellite removed: "63444" "STARLINK-33747"
Satellite removed: "63383" "STARLINK-33748"
Satellite removed: "63716" "STARLINK-33749"
Satellite removed: "51114" "STARLINK-3375"
Satellite removed: "63513" "STARLINK-33750"
Satellite removed: "63512" "STARLINK-33751"
Satellite removed: "63580" "STARLINK-33752"
Satellite removed: "63443" "STARLINK-33753"
Satellite removed: "63487" "STARLINK-33754"
Satellite removed: "63579" "STARLINK-33755"
Satellite removed: "63458" "STARLINK-33756"
Satellite removed: "63720" "STARLINK-33757"
Satellite removed: "64004" "STARLINK-33758"
Satellite removed: "64007" "STARLINK-33759"
Satellite removed: "63764" "STARLINK-33760"
Satellite removed: "63455" "STARLINK-33761"
Satellite removed: "63442" "STARLINK-33762"
Satellite removed: "63452" "STARLINK-33763"
Satellite removed: "63510" "STARLINK-33764"
Satellite removed: "63473" "STARLINK-33765"
Satellite removed: "63472" "STARLINK-33766"
Satellite removed: "63722" "STARLINK-33767"
Satellite removed: "63454" "STARLINK-33768"
Satellite removed: "63773" "STARLINK-33769"
Satellite removed: "63906" "STARLINK-33770"
Satellite removed: "63659" "STARLINK-33771"
Satellite removed: "63656" "STARLINK-33772"
Satellite removed: "63713" "STARLINK-33773"
Satellite removed: "63721" "STARLINK-33774"
Satellite removed: "63851" "STARLINK-33776"
Satellite removed: "63843" "STARLINK-33777"
Satellite removed: "63877" "STARLINK-33778"
Satellite removed: "63880" "STARLINK-33779"
Satellite removed: "63459" "STARLINK-33780"
Satellite removed: "63826" "STARLINK-33781"
Satellite removed: "64332" "STARLINK-33782"
Satellite removed: "63712" "STARLINK-33783"
Satellite removed: "63453" "STARLINK-33784"
Satellite removed: "63516" "STARLINK-33785"
Satellite removed: "63514" "STARLINK-33786"
Satellite removed: "63519" "STARLINK-33787"
Satellite removed: "63589" "STARLINK-33788"
Satellite removed: "63657" "STARLINK-33789"
Satellite removed: "64029" "STARLINK-33790"
Satellite removed: "63594" "STARLINK-33791"
Satellite removed: "63506" "STARLINK-33792"
Satellite removed: "64165" "STARLINK-33793"
Satellite removed: "63820" "STARLINK-33794"
Satellite removed: "63457" "STARLINK-33795"
Satellite removed: "63515" "STARLINK-33796"
Satellite removed: "63448" "STARLINK-33797"
Satellite removed: "63449" "STARLINK-33798"
Satellite removed: "63447" "STARLINK-33799"
Satellite removed: "63576" "STARLINK-33800"
Satellite removed: "63963" "STARLINK-33801"
Satellite removed: "64392" "STARLINK-33802"
Satellite removed: "63517" "STARLINK-33803"
Satellite removed: "63511" "STARLINK-33804"
Satellite removed: "63590" "STARLINK-33805"
Satellite removed: "63723" "STARLINK-33806"
Satellite removed: "63767" "STARLINK-33808"
Satellite removed: "63508" "STARLINK-33809"
Satellite removed: "63660" "STARLINK-33810"
Satellite removed: "63504" "STARLINK-33811"
Satellite removed: "63879" "STARLINK-33812"
Satellite removed: "63585" "STARLINK-33813"
Satellite removed: "63582" "STARLINK-33814"
Satellite removed: "63497" "STARLINK-33815"
Satellite removed: "63677" "STARLINK-33816"
Satellite removed: "63583" "STARLINK-33817"
Satellite removed: "63502" "STARLINK-33818"
Satellite removed: "63494" "STARLINK-33819"
Satellite removed: "63584" "STARLINK-33820"
Satellite removed: "63859" "STARLINK-33821"
Satellite removed: "63658" "STARLINK-33822"
Satellite removed: "63661" "STARLINK-33823"
Satellite removed: "63766" "STARLINK-33824"
Satellite removed: "63505" "STARLINK-33825"
Satellite removed: "63641" "STARLINK-33826"
Satellite removed: "63798" "STARLINK-33827"
Satellite removed: "63493" "STARLINK-33828"
Satellite removed: "63496" "STARLINK-33829"
Satellite removed: "63587" "STARLINK-33830"
Satellite removed: "63595" "STARLINK-33831"
Satellite removed: "63637" "STARLINK-33832"
Satellite removed: "63498" "STARLINK-33833"
Satellite removed: "63586" "STARLINK-33834"
Satellite removed: "63645" "STARLINK-33835"
Satellite removed: "63642" "STARLINK-33836"
Satellite removed: "63501" "STARLINK-33837"
Satellite removed: "63500" "STARLINK-33838"
Satellite removed: "64113" "STARLINK-33839"
Satellite removed: "63682" "STARLINK-33840"
Satellite removed: "63771" "STARLINK-33841"
Satellite removed: "63782" "STARLINK-33842"
Satellite removed: "63507" "STARLINK-33843"
Satellite removed: "63768" "STARLINK-33844"
Satellite removed: "63495" "STARLINK-33845"
Satellite removed: "63780" "STARLINK-33846"
Satellite removed: "63685" "STARLINK-33847"
Satellite removed: "63705" "STARLINK-33848"
Satellite removed: "63654" "STARLINK-33849"
Satellite removed: "63679" "STARLINK-33850"
Satellite removed: "63644" "STARLINK-33852"
Satellite removed: "63684" "STARLINK-33853"
Satellite removed: "63635" "STARLINK-33854"
Satellite removed: "64335" "STARLINK-33855"
Satellite removed: "63638" "STARLINK-33856"
Satellite removed: "64195" "STARLINK-33857"
Satellite removed: "63885" "STARLINK-33858"
Satellite removed: "63640" "STARLINK-33859"
Satellite removed: "51126" "STARLINK-3386"
Satellite removed: "64033" "STARLINK-33860"
Satellite removed: "63678" "STARLINK-33861"
Satellite removed: "63709" "STARLINK-33862"
Satellite removed: "63864" "STARLINK-33863"
Satellite removed: "63636" "STARLINK-33864"
Satellite removed: "64247" "STARLINK-33865"
Satellite removed: "63653" "STARLINK-33866"
Satellite removed: "63795" "STARLINK-33867"
Satellite removed: "63703" "STARLINK-33868"
Satellite removed: "63790" "STARLINK-33869"
Satellite removed: "51125" "STARLINK-3387"
Satellite removed: "63794" "STARLINK-33870"
Satellite removed: "63994" "STARLINK-33871"
Satellite removed: "64189" "STARLINK-33872"
Satellite removed: "63655" "STARLINK-33873"
Satellite removed: "63825" "STARLINK-33874"
Satellite removed: "63789" "STARLINK-33875"
Satellite removed: "63639" "STARLINK-33876"
Satellite removed: "63933" "STARLINK-33877"
Satellite removed: "63862" "STARLINK-33878"
Satellite removed: "63634" "STARLINK-33879"
Satellite removed: "51131" "STARLINK-3388"
Satellite removed: "63686" "STARLINK-33880"
Satellite removed: "63779" "STARLINK-33881"
Satellite removed: "63788" "STARLINK-33882"
Satellite removed: "63781" "STARLINK-33883"
Satellite removed: "63770" "STARLINK-33884"
Satellite removed: "63886" "STARLINK-33885"
Satellite removed: "63681" "STARLINK-33886"
Satellite removed: "63680" "STARLINK-33887"
Satellite removed: "63860" "STARLINK-33888"
Satellite removed: "63829" "STARLINK-33889"
Satellite removed: "51124" "STARLINK-3389"
Satellite removed: "65332" "STARLINK-33890"
Satellite removed: "63827" "STARLINK-33891"
Satellite removed: "63783" "STARLINK-33892"
Satellite removed: "64253" "STARLINK-33893"
Satellite removed: "63697" "STARLINK-33894"
Satellite removed: "63934" "STARLINK-33895"
Satellite removed: "63861" "STARLINK-33896"
Satellite removed: "63865" "STARLINK-33897"
Satellite removed: "64002" "STARLINK-33898"
Satellite removed: "63799" "STARLINK-33899"
Satellite removed: "63800" "STARLINK-33900"
Satellite removed: "63878" "STARLINK-33901"
Satellite removed: "65920" "STARLINK-33902"
Satellite removed: "63828" "STARLINK-33903"
Satellite removed: "63887" "STARLINK-33904"
Satellite removed: "63881" "STARLINK-33905"
Satellite removed: "63769" "STARLINK-33907"
Satellite removed: "63700" "STARLINK-33908"
Satellite removed: "63804" "STARLINK-33909"
Satellite removed: "51117" "STARLINK-3391"
Satellite removed: "63916" "STARLINK-33910"
Satellite removed: "63777" "STARLINK-33911"
Satellite removed: "64107" "STARLINK-33912"
Satellite removed: "65215" "STARLINK-33913"
Satellite removed: "63774" "STARLINK-33914"
Satellite removed: "63708" "STARLINK-33915"
Satellite removed: "63792" "STARLINK-33916"
Satellite removed: "64181" "STARLINK-33917"
Satellite removed: "63796" "STARLINK-33918"
Satellite removed: "63699" "STARLINK-33919"
Satellite removed: "51123" "STARLINK-3392"
Satellite removed: "63710" "STARLINK-33920"
Satellite removed: "65934" "STARLINK-33921"
Satellite removed: "63698" "STARLINK-33922"
Satellite removed: "63786" "STARLINK-33923"
Satellite removed: "64149" "STARLINK-33924"
Satellite removed: "63793" "STARLINK-33925"
Satellite removed: "64147" "STARLINK-33926"
Satellite removed: "64001" "STARLINK-33927"
Satellite removed: "64003" "STARLINK-33928"
Satellite removed: "64188" "STARLINK-33929"
Satellite removed: "51132" "STARLINK-3393"
Satellite removed: "63776" "STARLINK-33930"
Satellite removed: "64006" "STARLINK-33931"
Satellite removed: "63775" "STARLINK-33932"
Satellite removed: "63784" "STARLINK-33933"
Satellite removed: "64187" "STARLINK-33934"
Satellite removed: "63791" "STARLINK-33935"
Satellite removed: "64005" "STARLINK-33936"
Satellite removed: "63704" "STARLINK-33937"
Satellite removed: "63778" "STARLINK-33938"
Satellite removed: "63702" "STARLINK-33939"
Satellite removed: "51118" "STARLINK-3394"
Satellite removed: "63831" "STARLINK-33940"
Satellite removed: "63765" "STARLINK-33941"
Satellite removed: "63974" "STARLINK-33942"
Satellite removed: "63884" "STARLINK-33943"
Satellite removed: "64209" "STARLINK-33944"
Satellite removed: "64154" "STARLINK-33945"
Satellite removed: "64034" "STARLINK-33946"
Satellite removed: "63787" "STARLINK-33947"
Satellite removed: "66147" "STARLINK-33948"
Satellite removed: "64105" "STARLINK-33949"
Satellite removed: "51130" "STARLINK-3395"
Satellite removed: "63701" "STARLINK-33950"
Satellite removed: "63803" "STARLINK-33951"
Satellite removed: "64046" "STARLINK-33952"
Satellite removed: "64028" "STARLINK-33953"
Satellite removed: "63863" "STARLINK-33954"
Satellite removed: "63902" "STARLINK-33955"
Satellite removed: "63927" "STARLINK-33956"
Satellite removed: "63897" "STARLINK-33957"
Satellite removed: "63850" "STARLINK-33958"
Satellite removed: "63817" "STARLINK-33959"
Satellite removed: "51129" "STARLINK-3396"
Satellite removed: "63966" "STARLINK-33960"
Satellite removed: "64047" "STARLINK-33961"
Satellite removed: "63950" "STARLINK-33962"
Satellite removed: "63968" "STARLINK-33963"
Satellite removed: "64118" "STARLINK-33964"
Satellite removed: "64755" "STARLINK-33965"
Satellite removed: "64203" "STARLINK-33966"
Satellite removed: "64027" "STARLINK-33967"
Satellite removed: "63883" "STARLINK-33968"
Satellite removed: "63855" "STARLINK-33969"
Satellite removed: "51115" "STARLINK-3397"
Satellite removed: "64106" "STARLINK-33970"
Satellite removed: "63932" "STARLINK-33971"
Satellite removed: "63893" "STARLINK-33972"
Satellite removed: "63894" "STARLINK-33973"
Satellite removed: "63954" "STARLINK-33974"
Satellite removed: "63802" "STARLINK-33975"
Satellite removed: "63858" "STARLINK-33976"
Satellite removed: "64344" "STARLINK-33977"
Satellite removed: "63832" "STARLINK-33978"
Satellite removed: "63867" "STARLINK-33979"
Satellite removed: "51120" "STARLINK-3398"
Satellite removed: "63930" "STARLINK-33980"
Satellite removed: "63888" "STARLINK-33981"
Satellite removed: "63707" "STARLINK-33982"
Satellite removed: "63948" "STARLINK-33983"
Satellite removed: "63830" "STARLINK-33984"
Satellite removed: "63943" "STARLINK-33985"
Satellite removed: "63870" "STARLINK-33986"
Satellite removed: "63873" "STARLINK-33987"
Satellite removed: "63938" "STARLINK-33988"
Satellite removed: "63929" "STARLINK-33989"
Satellite removed: "51121" "STARLINK-3399"
Satellite removed: "63840" "STARLINK-33990"
Satellite removed: "64122" "STARLINK-33991"
Satellite removed: "64026" "STARLINK-33992"
Satellite removed: "63949" "STARLINK-33993"
Satellite removed: "63931" "STARLINK-33994"
Satellite removed: "63706" "STARLINK-33995"
Satellite removed: "63944" "STARLINK-33996"
Satellite removed: "63928" "STARLINK-33997"
Satellite removed: "63951" "STARLINK-33998"
Satellite removed: "63857" "STARLINK-33999"
Satellite removed: "51128" "STARLINK-3400"
Satellite removed: "64180" "STARLINK-34000"
Satellite removed: "64272" "STARLINK-34001"
Satellite removed: "63856" "STARLINK-34002"
Satellite removed: "63882" "STARLINK-34003"
Satellite removed: "63941" "STARLINK-34004"
Satellite removed: "63935" "STARLINK-34005"
Satellite removed: "63869" "STARLINK-34006"
Satellite removed: "63868" "STARLINK-34007"
Satellite removed: "64037" "STARLINK-34008"
Satellite removed: "63849" "STARLINK-34009"
Satellite removed: "51465" "STARLINK-3401"
Satellite removed: "63848" "STARLINK-34010"
Satellite removed: "63845" "STARLINK-34011"
Satellite removed: "63926" "STARLINK-34012"
Satellite removed: "63871" "STARLINK-34013"
Satellite removed: "63942" "STARLINK-34014"
Satellite removed: "63854" "STARLINK-34015"
Satellite removed: "64016" "STARLINK-34016"
Satellite removed: "64339" "STARLINK-34017"
Satellite removed: "63836" "STARLINK-34018"
Satellite removed: "64032" "STARLINK-34019"
Satellite removed: "63939" "STARLINK-34020"
Satellite removed: "63940" "STARLINK-34021"
Satellite removed: "63866" "STARLINK-34022"
Satellite removed: "63875" "STARLINK-34023"
Satellite removed: "64031" "STARLINK-34024"
Satellite removed: "63824" "STARLINK-34025"
Satellite removed: "63842" "STARLINK-34026"
Satellite removed: "63936" "STARLINK-34027"
Satellite removed: "63973" "STARLINK-34028"
Satellite removed: "63805" "STARLINK-34029"
Satellite removed: "64030" "STARLINK-34030"
Satellite removed: "63912" "STARLINK-34031"
Satellite removed: "63853" "STARLINK-34032"
Satellite removed: "64045" "STARLINK-34033"
Satellite removed: "63947" "STARLINK-34034"
Satellite removed: "63937" "STARLINK-34035"
Satellite removed: "63945" "STARLINK-34036"
Satellite removed: "63847" "STARLINK-34037"
Satellite removed: "63911" "STARLINK-34038"
Satellite removed: "63946" "STARLINK-34039"
Satellite removed: "63839" "STARLINK-34040"
Satellite removed: "63844" "STARLINK-34041"
Satellite removed: "63838" "STARLINK-34042"
Satellite removed: "63823" "STARLINK-34043"
Satellite removed: "63846" "STARLINK-34044"
Satellite removed: "63979" "STARLINK-34045"
Satellite removed: "64035" "STARLINK-34046"
Satellite removed: "63821" "STARLINK-34047"
Satellite removed: "63816" "STARLINK-34048"
Satellite removed: "64042" "STARLINK-34049"
Satellite removed: "64331" "STARLINK-34050"
Satellite removed: "64022" "STARLINK-34051"
Satellite removed: "63874" "STARLINK-34052"
Satellite removed: "63837" "STARLINK-34053"
Satellite removed: "64141" "STARLINK-34054"
Satellite removed: "63819" "STARLINK-34055"
Satellite removed: "63841" "STARLINK-34056"
Satellite removed: "63814" "STARLINK-34057"
Satellite removed: "63818" "STARLINK-34058"
Satellite removed: "63872" "STARLINK-34059"
Satellite removed: "63815" "STARLINK-34060"
Satellite removed: "64021" "STARLINK-34062"
Satellite removed: "64185" "STARLINK-34063"
Satellite removed: "64114" "STARLINK-34064"
Satellite removed: "63813" "STARLINK-34065"
Satellite removed: "63909" "STARLINK-34066"
Satellite removed: "64115" "STARLINK-34067"
Satellite removed: "63914" "STARLINK-34068"
Satellite removed: "64920" "STARLINK-34069"
Satellite removed: "63913" "STARLINK-34070"
Satellite removed: "63910" "STARLINK-34071"
Satellite removed: "64101" "STARLINK-34072"
Satellite removed: "64606" "STARLINK-34073"
Satellite removed: "64099" "STARLINK-34074"
Satellite removed: "63917" "STARLINK-34075"
Satellite removed: "63915" "STARLINK-34076"
Satellite removed: "64009" "STARLINK-34077"
Satellite removed: "64012" "STARLINK-34078"
Satellite removed: "64038" "STARLINK-34079"
Satellite removed: "64116" "STARLINK-34080"
Satellite removed: "64044" "STARLINK-34081"
Satellite removed: "64100" "STARLINK-34082"
Satellite removed: "63908" "STARLINK-34083"
Satellite removed: "63970" "STARLINK-34084"
Satellite removed: "64036" "STARLINK-34085"
Satellite removed: "65734" "STARLINK-34086"
Satellite removed: "64023" "STARLINK-34087"
Satellite removed: "64025" "STARLINK-34088"
Satellite removed: "64039" "STARLINK-34089"
Satellite removed: "63976" "STARLINK-34090"
Satellite removed: "63808" "STARLINK-34091"
Satellite removed: "63904" "STARLINK-34092"
Satellite removed: "64015" "STARLINK-34093"
Satellite removed: "63822" "STARLINK-34094"
Satellite removed: "63809" "STARLINK-34095"
Satellite removed: "64043" "STARLINK-34096"
Satellite removed: "63903" "STARLINK-34097"
Satellite removed: "64080" "STARLINK-34098"
Satellite removed: "63959" "STARLINK-34099"
Satellite removed: "64385" "STARLINK-34100"
Satellite removed: "63812" "STARLINK-34101"
Satellite removed: "63806" "STARLINK-34102"
Satellite removed: "63962" "STARLINK-34103"
Satellite removed: "64102" "STARLINK-34104"
Satellite removed: "63977" "STARLINK-34105"
Satellite removed: "63907" "STARLINK-34106"
Satellite removed: "63960" "STARLINK-34107"
Satellite removed: "65872" "STARLINK-34108"
Satellite removed: "63807" "STARLINK-34109"
Satellite removed: "64041" "STARLINK-34111"
Satellite removed: "63969" "STARLINK-34112"
Satellite removed: "64010" "STARLINK-34113"
Satellite removed: "63905" "STARLINK-34114"
Satellite removed: "63972" "STARLINK-34115"
Satellite removed: "63890" "STARLINK-34116"
Satellite removed: "64040" "STARLINK-34117"
Satellite removed: "63900" "STARLINK-34118"
Satellite removed: "63895" "STARLINK-34119"
Satellite removed: "63898" "STARLINK-34120"
Satellite removed: "63961" "STARLINK-34121"
Satellite removed: "64117" "STARLINK-34122"
Satellite removed: "63891" "STARLINK-34123"
Satellite removed: "64109" "STARLINK-34124"
Satellite removed: "63901" "STARLINK-34125"
Satellite removed: "64083" "STARLINK-34126"
Satellite removed: "63810" "STARLINK-34127"
Satellite removed: "64138" "STARLINK-34129"
Satellite removed: "64736" "STARLINK-34130"
Satellite removed: "64182" "STARLINK-34131"
Satellite removed: "64086" "STARLINK-34132"
Satellite removed: "64143" "STARLINK-34133"
Satellite removed: "63899" "STARLINK-34134"
Satellite removed: "63964" "STARLINK-34135"
Satellite removed: "64112" "STARLINK-34136"
Satellite removed: "63953" "STARLINK-34137"
Satellite removed: "63971" "STARLINK-34138"
Satellite removed: "63975" "STARLINK-34139"
Satellite removed: "64085" "STARLINK-34140"
Satellite removed: "64020" "STARLINK-34141"
Satellite removed: "63957" "STARLINK-34142"
Satellite removed: "63896" "STARLINK-34143"
Satellite removed: "63958" "STARLINK-34144"
Satellite removed: "64110" "STARLINK-34145"
Satellite removed: "64098" "STARLINK-34146"
Satellite removed: "63965" "STARLINK-34147"
Satellite removed: "64111" "STARLINK-34148"
Satellite removed: "64140" "STARLINK-34149"
Satellite removed: "51472" "STARLINK-3415"
Satellite removed: "63998" "STARLINK-34150"
Satellite removed: "64120" "STARLINK-34151"
Satellite removed: "64000" "STARLINK-34152"
Satellite removed: "63967" "STARLINK-34153"
Satellite removed: "63995" "STARLINK-34154"
Satellite removed: "64019" "STARLINK-34155"
Satellite removed: "64108" "STARLINK-34156"
Satellite removed: "64084" "STARLINK-34157"
Satellite removed: "63996" "STARLINK-34158"
Satellite removed: "63952" "STARLINK-34159"
Satellite removed: "64119" "STARLINK-34160"
Satellite removed: "64017" "STARLINK-34161"
Satellite removed: "64018" "STARLINK-34162"
Satellite removed: "64008" "STARLINK-34163"
Satellite removed: "64177" "STARLINK-34164"
Satellite removed: "63997" "STARLINK-34165"
Satellite removed: "64158" "STARLINK-34166"
Satellite removed: "64228" "STARLINK-34167"
Satellite removed: "64079" "STARLINK-34168"
Satellite removed: "63999" "STARLINK-34169"
Satellite removed: "63955" "STARLINK-34170"
Satellite removed: "64082" "STARLINK-34171"
Satellite removed: "64173" "STARLINK-34172"
Satellite removed: "64196" "STARLINK-34173"
Satellite removed: "64097" "STARLINK-34174"
Satellite removed: "64169" "STARLINK-34175"
Satellite removed: "64104" "STARLINK-34176"
Satellite removed: "64170" "STARLINK-34177"
Satellite removed: "64096" "STARLINK-34178"
Satellite removed: "64103" "STARLINK-34179"
Satellite removed: "64081" "STARLINK-34180"
Satellite removed: "64144" "STARLINK-34181"
Satellite removed: "64013" "STARLINK-34182"
Satellite removed: "64254" "STARLINK-34183"
Satellite removed: "64024" "STARLINK-34184"
Satellite removed: "64744" "STARLINK-34185"
Satellite removed: "64145" "STARLINK-34186"
Satellite removed: "63956" "STARLINK-34187"
Satellite removed: "64183" "STARLINK-34188"
Satellite removed: "64121" "STARLINK-34189"
Satellite removed: "51463" "STARLINK-3419"
Satellite removed: "64078" "STARLINK-34190"
Satellite removed: "64176" "STARLINK-34191"
Satellite removed: "64014" "STARLINK-34192"
Satellite removed: "64011" "STARLINK-34193"
Satellite removed: "64179" "STARLINK-34194"
Satellite removed: "64142" "STARLINK-34195"
Satellite removed: "65324" "STARLINK-34196"
Satellite removed: "64184" "STARLINK-34197"
Satellite removed: "64388" "STARLINK-34198"
Satellite removed: "64924" "STARLINK-34199"
Satellite removed: "64186" "STARLINK-34200"
Satellite removed: "64077" "STARLINK-34201"
Satellite removed: "64174" "STARLINK-34202"
Satellite removed: "64246" "STARLINK-34203"
Satellite removed: "66213" "STARLINK-34204"
Satellite removed: "64741" "STARLINK-34205"
Satellite removed: "66098" "STARLINK-34206"
Satellite removed: "64333" "STARLINK-34207"
Satellite removed: "64740" "STARLINK-34208"
Satellite removed: "64150" "STARLINK-34209"
Satellite removed: "65653" "STARLINK-34210"
Satellite removed: "64255" "STARLINK-34211"
Satellite removed: "64139" "STARLINK-34212"
Satellite removed: "64148" "STARLINK-34213"
Satellite removed: "64190" "STARLINK-34214"
Satellite removed: "64252" "STARLINK-34215"
Satellite removed: "64337" "STARLINK-34216"
Satellite removed: "64488" "STARLINK-34217"
Satellite removed: "64338" "STARLINK-34218"
Satellite removed: "64270" "STARLINK-34219"
Satellite removed: "64930" "STARLINK-34220"
Satellite removed: "64453" "STARLINK-34221"
Satellite removed: "64191" "STARLINK-34222"
Satellite removed: "64336" "STARLINK-34223"
Satellite removed: "64251" "STARLINK-34224"
Satellite removed: "64414" "STARLINK-34225"
Satellite removed: "64494" "STARLINK-34226"
Satellite removed: "64178" "STARLINK-34227"
Satellite removed: "64171" "STARLINK-34228"
Satellite removed: "64250" "STARLINK-34229"
Satellite removed: "64175" "STARLINK-34231"
Satellite removed: "65019" "STARLINK-34232"
Satellite removed: "64172" "STARLINK-34233"
Satellite removed: "64248" "STARLINK-34234"
Satellite removed: "64760" "STARLINK-34235"
Satellite removed: "64743" "STARLINK-34236"
Satellite removed: "64194" "STARLINK-34237"
Satellite removed: "65415" "STARLINK-34238"
Satellite removed: "64728" "STARLINK-34239"
Satellite removed: "64265" "STARLINK-34240"
Satellite removed: "64229" "STARLINK-34241"
Satellite removed: "64727" "STARLINK-34242"
Satellite removed: "64361" "STARLINK-34243"
Satellite removed: "65351" "STARLINK-34244"
Satellite removed: "64193" "STARLINK-34245"
Satellite removed: "64769" "STARLINK-34246"
Satellite removed: "65083" "STARLINK-34247"
Satellite removed: "64928" "STARLINK-34248"
Satellite removed: "65376" "STARLINK-34249"
Satellite removed: "64690" "STARLINK-34250"
Satellite removed: "64205" "STARLINK-34251"
Satellite removed: "64330" "STARLINK-34252"
Satellite removed: "64685" "STARLINK-34253"
Satellite removed: "64136" "STARLINK-34254"
Satellite removed: "65417" "STARLINK-34255"
Satellite removed: "64249" "STARLINK-34256"
Satellite removed: "65225" "STARLINK-34257"
Satellite removed: "64211" "STARLINK-34258"
Satellite removed: "65368" "STARLINK-34259"
Satellite removed: "64334" "STARLINK-34260"
Satellite removed: "64764" "STARLINK-34261"
Satellite removed: "64688" "STARLINK-34262"
Satellite removed: "64164" "STARLINK-34263"
Satellite removed: "64277" "STARLINK-34264"
Satellite removed: "64192" "STARLINK-34265"
Satellite removed: "65093" "STARLINK-34266"
Satellite removed: "65080" "STARLINK-34267"
Satellite removed: "64386" "STARLINK-34269"
Satellite removed: "64355" "STARLINK-34270"
Satellite removed: "64384" "STARLINK-34271"
Satellite removed: "64274" "STARLINK-34272"
Satellite removed: "64905" "STARLINK-34273"
Satellite removed: "64348" "STARLINK-34274"
Satellite removed: "64413" "STARLINK-34275"
Satellite removed: "64263" "STARLINK-34276"
Satellite removed: "64156" "STARLINK-34277"
Satellite removed: "64391" "STARLINK-34278"
Satellite removed: "64389" "STARLINK-34279"
Satellite removed: "64594" "STARLINK-34280"
Satellite removed: "64260" "STARLINK-34281"
Satellite removed: "64454" "STARLINK-34282"
Satellite removed: "64214" "STARLINK-34283"
Satellite removed: "64212" "STARLINK-34284"
Satellite removed: "65101" "STARLINK-34285"
Satellite removed: "65035" "STARLINK-34286"
Satellite removed: "64670" "STARLINK-34287"
Satellite removed: "64673" "STARLINK-34288"
Satellite removed: "64225" "STARLINK-34289"
Satellite removed: "64929" "STARLINK-34290"
Satellite removed: "64359" "STARLINK-34291"
Satellite removed: "64390" "STARLINK-34292"
Satellite removed: "64275" "STARLINK-34293"
Satellite removed: "64599" "STARLINK-34294"
Satellite removed: "64455" "STARLINK-34295"
Satellite removed: "64216" "STARLINK-34296"
Satellite removed: "64261" "STARLINK-34297"
Satellite removed: "64269" "STARLINK-34298"
Satellite removed: "64383" "STARLINK-34299"
Satellite removed: "64218" "STARLINK-34300"
Satellite removed: "64349" "STARLINK-34301"
Satellite removed: "65216" "STARLINK-34302"
Satellite removed: "64168" "STARLINK-34303"
Satellite removed: "64224" "STARLINK-34304"
Satellite removed: "65375" "STARLINK-34305"
Satellite removed: "64259" "STARLINK-34306"
Satellite removed: "64489" "STARLINK-34307"
Satellite removed: "64258" "STARLINK-34308"
Satellite removed: "64167" "STARLINK-34309"
Satellite removed: "64210" "STARLINK-34310"
Satellite removed: "64206" "STARLINK-34311"
Satellite removed: "64711" "STARLINK-34312"
Satellite removed: "64166" "STARLINK-34313"
Satellite removed: "64146" "STARLINK-34314"
Satellite removed: "64266" "STARLINK-34315"
Satellite removed: "64707" "STARLINK-34316"
Satellite removed: "64162" "STARLINK-34317"
Satellite removed: "64222" "STARLINK-34318"
Satellite removed: "64268" "STARLINK-34319"
Satellite removed: "64217" "STARLINK-34320"
Satellite removed: "64267" "STARLINK-34321"
Satellite removed: "64702" "STARLINK-34322"
Satellite removed: "64219" "STARLINK-34323"
Satellite removed: "64207" "STARLINK-34324"
Satellite removed: "64262" "STARLINK-34325"
Satellite removed: "64221" "STARLINK-34326"
Satellite removed: "64208" "STARLINK-34327"
Satellite removed: "64220" "STARLINK-34328"
Satellite removed: "64256" "STARLINK-34329"
Satellite removed: "64227" "STARLINK-34330"
Satellite removed: "64204" "STARLINK-34331"
Satellite removed: "64213" "STARLINK-34332"
Satellite removed: "64264" "STARLINK-34333"
Satellite removed: "64273" "STARLINK-34334"
Satellite removed: "64362" "STARLINK-34335"
Satellite removed: "64462" "STARLINK-34336"
Satellite removed: "64223" "STARLINK-34337"
Satellite removed: "64151" "STARLINK-34338"
Satellite removed: "64160" "STARLINK-34339"
Satellite removed: "64163" "STARLINK-34340"
Satellite removed: "64161" "STARLINK-34341"
Satellite removed: "64271" "STARLINK-34342"
Satellite removed: "64157" "STARLINK-34343"
Satellite removed: "64159" "STARLINK-34344"
Satellite removed: "64153" "STARLINK-34345"
Satellite removed: "64155" "STARLINK-34346"
Satellite removed: "64226" "STARLINK-34347"
Satellite removed: "64152" "STARLINK-34348"
Satellite removed: "64215" "STARLINK-34349"
Satellite removed: "64276" "STARLINK-34350"
Satellite removed: "64387" "STARLINK-34351"
Satellite removed: "64257" "STARLINK-34352"
Satellite removed: "64278" "STARLINK-34353"
Satellite removed: "64314" "STARLINK-34354"
Satellite removed: "64306" "STARLINK-34355"
Satellite removed: "64303" "STARLINK-34356"
Satellite removed: "64310" "STARLINK-34357"
Satellite removed: "64313" "STARLINK-34358"
Satellite removed: "64280" "STARLINK-34359"
Satellite removed: "64304" "STARLINK-34360"
Satellite removed: "64450" "STARLINK-34361"
Satellite removed: "64292" "STARLINK-34362"
Satellite removed: "64497" "STARLINK-34363"
Satellite removed: "64495" "STARLINK-34364"
Satellite removed: "64671" "STARLINK-34365"
Satellite removed: "64281" "STARLINK-34366"
Satellite removed: "64452" "STARLINK-34367"
Satellite removed: "64311" "STARLINK-34368"
Satellite removed: "64297" "STARLINK-34369"
Satellite removed: "64309" "STARLINK-34370"
Satellite removed: "64756" "STARLINK-34371"
Satellite removed: "64301" "STARLINK-34372"
Satellite removed: "64944" "STARLINK-34373"
Satellite removed: "64308" "STARLINK-34374"
Satellite removed: "64477" "STARLINK-34375"
Satellite removed: "64300" "STARLINK-34376"
Satellite removed: "64279" "STARLINK-34377"
Satellite removed: "64299" "STARLINK-34378"
Satellite removed: "64302" "STARLINK-34379"
Satellite removed: "64307" "STARLINK-34380"
Satellite removed: "64282" "STARLINK-34381"
Satellite removed: "64667" "STARLINK-34382"
Satellite removed: "64305" "STARLINK-34383"
Satellite removed: "64312" "STARLINK-34384"
Satellite removed: "64352" "STARLINK-34385"
Satellite removed: "66096" "STARLINK-34386"
Satellite removed: "64315" "STARLINK-34387"
Satellite removed: "64294" "STARLINK-34388"
Satellite removed: "64351" "STARLINK-34389"
Satellite removed: "64666" "STARLINK-34390"
Satellite removed: "64298" "STARLINK-34391"
Satellite removed: "64451" "STARLINK-34392"
Satellite removed: "64724" "STARLINK-34393"
Satellite removed: "64669" "STARLINK-34394"
Satellite removed: "64668" "STARLINK-34395"
Satellite removed: "64436" "STARLINK-34396"
Satellite removed: "64356" "STARLINK-34397"
Satellite removed: "64445" "STARLINK-34398"
Satellite removed: "64444" "STARLINK-34399"
Satellite removed: "64463" "STARLINK-34400"
Satellite removed: "64757" "STARLINK-34401"
Satellite removed: "64446" "STARLINK-34402"
Satellite removed: "64443" "STARLINK-34403"
Satellite removed: "64442" "STARLINK-34404"
Satellite removed: "64704" "STARLINK-34405"
Satellite removed: "64705" "STARLINK-34406"
Satellite removed: "64347" "STARLINK-34407"
Satellite removed: "64363" "STARLINK-34408"
Satellite removed: "64485" "STARLINK-34409"
Satellite removed: "64440" "STARLINK-34410"
Satellite removed: "66132" "STARLINK-34412"
Satellite removed: "64616" "STARLINK-34413"
Satellite removed: "64620" "STARLINK-34414"
Satellite removed: "64618" "STARLINK-34415"
Satellite removed: "64619" "STARLINK-34416"
Satellite removed: "64617" "STARLINK-34417"
Satellite removed: "64461" "STARLINK-34418"
Satellite removed: "64412" "STARLINK-34419"
Satellite removed: "64483" "STARLINK-34420"
Satellite removed: "64459" "STARLINK-34421"
Satellite removed: "64415" "STARLINK-34422"
Satellite removed: "64460" "STARLINK-34423"
Satellite removed: "64295" "STARLINK-34424"
Satellite removed: "64350" "STARLINK-34425"
Satellite removed: "64345" "STARLINK-34426"
Satellite removed: "64498" "STARLINK-34427"
Satellite removed: "64293" "STARLINK-34428"
Satellite removed: "64464" "STARLINK-34429"
Satellite removed: "64456" "STARLINK-34430"
Satellite removed: "64353" "STARLINK-34431"
Satellite removed: "64426" "STARLINK-34432"
Satellite removed: "64448" "STARLINK-34433"
Satellite removed: "64422" "STARLINK-34434"
Satellite removed: "64602" "STARLINK-34435"
Satellite removed: "64358" "STARLINK-34436"
Satellite removed: "64346" "STARLINK-34437"
Satellite removed: "65876" "STARLINK-34438"
Satellite removed: "64458" "STARLINK-34439"
Satellite removed: "64614" "STARLINK-34440"
Satellite removed: "64430" "STARLINK-34441"
Satellite removed: "64672" "STARLINK-34442"
Satellite removed: "64296" "STARLINK-34443"
Satellite removed: "64369" "STARLINK-34444"
Satellite removed: "64457" "STARLINK-34445"
Satellite removed: "65495" "STARLINK-34446"
Satellite removed: "64710" "STARLINK-34447"
Satellite removed: "64291" "STARLINK-34448"
Satellite removed: "64465" "STARLINK-34449"
Satellite removed: "51717" "STARLINK-3445"
Satellite removed: "64447" "STARLINK-34450"
Satellite removed: "64433" "STARLINK-34451"
Satellite removed: "64425" "STARLINK-34452"
Satellite removed: "64441" "STARLINK-34453"
Satellite removed: "64357" "STARLINK-34454"
Satellite removed: "65497" "STARLINK-34455"
Satellite removed: "64439" "STARLINK-34456"
Satellite removed: "64368" "STARLINK-34457"
Satellite removed: "64360" "STARLINK-34458"
Satellite removed: "64449" "STARLINK-34459"
Satellite removed: "51747" "STARLINK-3446"
Satellite removed: "66099" "STARLINK-34460"
Satellite removed: "64418" "STARLINK-34461"
Satellite removed: "64493" "STARLINK-34462"
Satellite removed: "64598" "STARLINK-34463"
Satellite removed: "64664" "STARLINK-34464"
Satellite removed: "64438" "STARLINK-34465"
Satellite removed: "66226" "STARLINK-34466"
Satellite removed: "64423" "STARLINK-34467"
Satellite removed: "64424" "STARLINK-34468"
Satellite removed: "64615" "STARLINK-34469"
Satellite removed: "51736" "STARLINK-3447"
Satellite removed: "64703" "STARLINK-34470"
Satellite removed: "64739" "STARLINK-34471"
Satellite removed: "64434" "STARLINK-34472"
Satellite removed: "64354" "STARLINK-34473"
Satellite removed: "64474" "STARLINK-34474"
Satellite removed: "64603" "STARLINK-34475"
Satellite removed: "64364" "STARLINK-34476"
Satellite removed: "64487" "STARLINK-34477"
Satellite removed: "64435" "STARLINK-34478"
Satellite removed: "64365" "STARLINK-34479"
Satellite removed: "64427" "STARLINK-34480"
Satellite removed: "65104" "STARLINK-34481"
Satellite removed: "64782" "STARLINK-34482"
Satellite removed: "64367" "STARLINK-34483"
Satellite removed: "64366" "STARLINK-34484"
Satellite removed: "64684" "STARLINK-34485"
Satellite removed: "64597" "STARLINK-34486"
Satellite removed: "64417" "STARLINK-34487"
Satellite removed: "64604" "STARLINK-34488"
Satellite removed: "64679" "STARLINK-34489"
Satellite removed: "51745" "STARLINK-3449"
Satellite removed: "64478" "STARLINK-34490"
Satellite removed: "64780" "STARLINK-34491"
Satellite removed: "64473" "STARLINK-34492"
Satellite removed: "64472" "STARLINK-34493"
Satellite removed: "64611" "STARLINK-34494"
Satellite removed: "64428" "STARLINK-34495"
Satellite removed: "64476" "STARLINK-34496"
Satellite removed: "64696" "STARLINK-34497"
Satellite removed: "64421" "STARLINK-34498"
Satellite removed: "64709" "STARLINK-34499"
Satellite removed: "51734" "STARLINK-3450"
Satellite removed: "64613" "STARLINK-34500"
Satellite removed: "64429" "STARLINK-34501"
Satellite removed: "64680" "STARLINK-34502"
Satellite removed: "64420" "STARLINK-34503"
Satellite removed: "64600" "STARLINK-34504"
Satellite removed: "64490" "STARLINK-34505"
Satellite removed: "64432" "STARLINK-34506"
Satellite removed: "64437" "STARLINK-34507"
Satellite removed: "64601" "STARLINK-34508"
Satellite removed: "64484" "STARLINK-34509"
Satellite removed: "51749" "STARLINK-3451"
Satellite removed: "64596" "STARLINK-34510"
Satellite removed: "65214" "STARLINK-34511"
Satellite removed: "64419" "STARLINK-34512"
Satellite removed: "64609" "STARLINK-34513"
Satellite removed: "64416" "STARLINK-34514"
Satellite removed: "64712" "STARLINK-34515"
Satellite removed: "64605" "STARLINK-34516"
Satellite removed: "64595" "STARLINK-34517"
Satellite removed: "64480" "STARLINK-34518"
Satellite removed: "64608" "STARLINK-34519"
Satellite removed: "51744" "STARLINK-3452"
Satellite removed: "64486" "STARLINK-34520"
Satellite removed: "64612" "STARLINK-34521"
Satellite removed: "64492" "STARLINK-34522"
Satellite removed: "64475" "STARLINK-34523"
Satellite removed: "64431" "STARLINK-34524"
Satellite removed: "64678" "STARLINK-34525"
Satellite removed: "64481" "STARLINK-34526"
Satellite removed: "64482" "STARLINK-34527"
Satellite removed: "64479" "STARLINK-34528"
Satellite removed: "64936" "STARLINK-34529"
Satellite removed: "64491" "STARLINK-34530"
Satellite removed: "64750" "STARLINK-34531"
Satellite removed: "64607" "STARLINK-34532"
Satellite removed: "64715" "STARLINK-34533"
Satellite removed: "64763" "STARLINK-34534"
Satellite removed: "64698" "STARLINK-34535"
Satellite removed: "64748" "STARLINK-34536"
Satellite removed: "64778" "STARLINK-34537"
Satellite removed: "64689" "STARLINK-34538"
Satellite removed: "64674" "STARLINK-34539"
Satellite removed: "65657" "STARLINK-34540"
Satellite removed: "64771" "STARLINK-34541"
Satellite removed: "65890" "STARLINK-34542"
Satellite removed: "64926" "STARLINK-34543"
Satellite removed: "64865" "STARLINK-34544"
Satellite removed: "65105" "STARLINK-34545"
Satellite removed: "64718" "STARLINK-34546"
Satellite removed: "64777" "STARLINK-34547"
Satellite removed: "64716" "STARLINK-34548"
Satellite removed: "65017" "STARLINK-34549"
Satellite removed: "64683" "STARLINK-34550"
Satellite removed: "64682" "STARLINK-34551"
Satellite removed: "64731" "STARLINK-34552"
Satellite removed: "64681" "STARLINK-34553"
Satellite removed: "64687" "STARLINK-34554"
Satellite removed: "64665" "STARLINK-34555"
Satellite removed: "64733" "STARLINK-34556"
Satellite removed: "64726" "STARLINK-34557"
Satellite removed: "64721" "STARLINK-34558"
Satellite removed: "64706" "STARLINK-34559"
Satellite removed: "51759" "STARLINK-3456"
Satellite removed: "64700" "STARLINK-34560"
Satellite removed: "65081" "STARLINK-34561"
Satellite removed: "64725" "STARLINK-34562"
Satellite removed: "64708" "STARLINK-34563"
Satellite removed: "64852" "STARLINK-34564"
Satellite removed: "64686" "STARLINK-34565"
Satellite removed: "64765" "STARLINK-34566"
Satellite removed: "64795" "STARLINK-34567"
Satellite removed: "64717" "STARLINK-34568"
Satellite removed: "64610" "STARLINK-34569"
Satellite removed: "51754" "STARLINK-3457"
Satellite removed: "64860" "STARLINK-34570"
Satellite removed: "64914" "STARLINK-34571"
Satellite removed: "64720" "STARLINK-34572"
Satellite removed: "64676" "STARLINK-34573"
Satellite removed: "64714" "STARLINK-34574"
Satellite removed: "64859" "STARLINK-34575"
Satellite removed: "64701" "STARLINK-34576"
Satellite removed: "64719" "STARLINK-34577"
Satellite removed: "64856" "STARLINK-34578"
Satellite removed: "64925" "STARLINK-34579"
Satellite removed: "51758" "STARLINK-3458"
Satellite removed: "65808" "STARLINK-34580"
Satellite removed: "64745" "STARLINK-34581"
Satellite removed: "64781" "STARLINK-34582"
Satellite removed: "64713" "STARLINK-34583"
Satellite removed: "64697" "STARLINK-34584"
Satellite removed: "64779" "STARLINK-34585"
Satellite removed: "64950" "STARLINK-34586"
Satellite removed: "64735" "STARLINK-34587"
Satellite removed: "64729" "STARLINK-34588"
Satellite removed: "64747" "STARLINK-34589"
Satellite removed: "51757" "STARLINK-3459"
Satellite removed: "64675" "STARLINK-34590"
Satellite removed: "64734" "STARLINK-34591"
Satellite removed: "64746" "STARLINK-34592"
Satellite removed: "64758" "STARLINK-34593"
Satellite removed: "65088" "STARLINK-34594"
Satellite removed: "64749" "STARLINK-34595"
Satellite removed: "64732" "STARLINK-34596"
Satellite removed: "64738" "STARLINK-34597"
Satellite removed: "64759" "STARLINK-34598"
Satellite removed: "64919" "STARLINK-34599"
Satellite removed: "51755" "STARLINK-3460"
Satellite removed: "64699" "STARLINK-34600"
Satellite removed: "65084" "STARLINK-34601"
Satellite removed: "65333" "STARLINK-34602"
Satellite removed: "65220" "STARLINK-34603"
Satellite removed: "64801" "STARLINK-34604"
Satellite removed: "64677" "STARLINK-34605"
Satellite removed: "64730" "STARLINK-34606"
Satellite removed: "64742" "STARLINK-34607"
Satellite removed: "64810" "STARLINK-34608"
Satellite removed: "64768" "STARLINK-34609"
Satellite removed: "65034" "STARLINK-34610"
Satellite removed: "64918" "STARLINK-34611"
Satellite removed: "64773" "STARLINK-34612"
Satellite removed: "65294" "STARLINK-34613"
Satellite removed: "65030" "STARLINK-34614"
Satellite removed: "66321" "STARLINK-34615"
Satellite removed: "66320" "STARLINK-34616"
Satellite removed: "65015" "STARLINK-34617"
Satellite removed: "64770" "STARLINK-34618"
Satellite removed: "64737" "STARLINK-34619"
Satellite removed: "64803" "STARLINK-34620"
Satellite removed: "64774" "STARLINK-34621"
Satellite removed: "66015" "STARLINK-34622"
Satellite removed: "65018" "STARLINK-34623"
Satellite removed: "64805" "STARLINK-34624"
Satellite removed: "66154" "STARLINK-34625"
Satellite removed: "65082" "STARLINK-34626"
Satellite removed: "65016" "STARLINK-34627"
Satellite removed: "64864" "STARLINK-34628"
Satellite removed: "64790" "STARLINK-34629"
Satellite removed: "64948" "STARLINK-34630"
Satellite removed: "64855" "STARLINK-34631"
Satellite removed: "64792" "STARLINK-34632"
Satellite removed: "64804" "STARLINK-34633"
Satellite removed: "65079" "STARLINK-34634"
Satellite removed: "64761" "STARLINK-34635"
Satellite removed: "64915" "STARLINK-34636"
Satellite removed: "64776" "STARLINK-34637"
Satellite removed: "64762" "STARLINK-34638"
Satellite removed: "64767" "STARLINK-34639"
Satellite removed: "65092" "STARLINK-34640"
Satellite removed: "64797" "STARLINK-34641"
Satellite removed: "64910" "STARLINK-34642"
Satellite removed: "64923" "STARLINK-34643"
Satellite removed: "64812" "STARLINK-34644"
Satellite removed: "64766" "STARLINK-34645"
Satellite removed: "64796" "STARLINK-34646"
Satellite removed: "64904" "STARLINK-34647"
Satellite removed: "65091" "STARLINK-34648"
Satellite removed: "64798" "STARLINK-34649"
Satellite removed: "66258" "STARLINK-34650"
Satellite removed: "64861" "STARLINK-34651"
Satellite removed: "64772" "STARLINK-34652"
Satellite removed: "64917" "STARLINK-34653"
Satellite removed: "64858" "STARLINK-34654"
Satellite removed: "65027" "STARLINK-34655"
Satellite removed: "65032" "STARLINK-34656"
Satellite removed: "64775" "STARLINK-34657"
Satellite removed: "64802" "STARLINK-34658"
Satellite removed: "64913" "STARLINK-34659"
Satellite removed: "64800" "STARLINK-34660"
Satellite removed: "64927" "STARLINK-34661"
Satellite removed: "64799" "STARLINK-34662"
Satellite removed: "64807" "STARLINK-34663"
Satellite removed: "64806" "STARLINK-34664"
Satellite removed: "65089" "STARLINK-34665"
Satellite removed: "64794" "STARLINK-34666"
Satellite removed: "64815" "STARLINK-34667"
Satellite removed: "64814" "STARLINK-34668"
Satellite removed: "64811" "STARLINK-34669"
Satellite removed: "65424" "STARLINK-34670"
Satellite removed: "65894" "STARLINK-34672"
Satellite removed: "65090" "STARLINK-34673"
Satellite removed: "65526" "STARLINK-34674"
Satellite removed: "64809" "STARLINK-34675"
Satellite removed: "64853" "STARLINK-34676"
Satellite removed: "65031" "STARLINK-34677"
Satellite removed: "65443" "STARLINK-34678"
Satellite removed: "65442" "STARLINK-34679"
Satellite removed: "65356" "STARLINK-34680"
Satellite removed: "66438" "STARLINK-34681"
Satellite removed: "64854" "STARLINK-34682"
Satellite removed: "64857" "STARLINK-34683"
Satellite removed: "64862" "STARLINK-34684"
Satellite removed: "64813" "STARLINK-34685"
Satellite removed: "65087" "STARLINK-34686"
Satellite removed: "64909" "STARLINK-34687"
Satellite removed: "65875" "STARLINK-34688"
Satellite removed: "64949" "STARLINK-34689"
Satellite removed: "64863" "STARLINK-34690"
Satellite removed: "65691" "STARLINK-34691"
Satellite removed: "65759" "STARLINK-34692"
Satellite removed: "64793" "STARLINK-34693"
Satellite removed: "66189" "STARLINK-34694"
Satellite removed: "64916" "STARLINK-34695"
Satellite removed: "64808" "STARLINK-34696"
Satellite removed: "64791" "STARLINK-34697"
Satellite removed: "66445" "STARLINK-34698"
Satellite removed: "64921" "STARLINK-34699"
Satellite removed: "64922" "STARLINK-34700"
Satellite removed: "64953" "STARLINK-34701"
Satellite removed: "64908" "STARLINK-34702"
Satellite removed: "65387" "STARLINK-34703"
Satellite removed: "65746" "STARLINK-34704"
Satellite removed: "64932" "STARLINK-34705"
Satellite removed: "64845" "STARLINK-34706"
Satellite removed: "65176" "STARLINK-34707"
Satellite removed: "65062" "STARLINK-34708"
Satellite removed: "64844" "STARLINK-34709"
Satellite removed: "65365" "STARLINK-34710"
Satellite removed: "64912" "STARLINK-34711"
Satellite removed: "64907" "STARLINK-34712"
Satellite removed: "64906" "STARLINK-34713"
Satellite removed: "64939" "STARLINK-34714"
Satellite removed: "64931" "STARLINK-34715"
Satellite removed: "65352" "STARLINK-34716"
Satellite removed: "65060" "STARLINK-34717"
Satellite removed: "64911" "STARLINK-34718"
Satellite removed: "64943" "STARLINK-34719"
Satellite removed: "66449" "STARLINK-34720"
Satellite removed: "65039" "STARLINK-34721"
Satellite removed: "64851" "STARLINK-34722"
Satellite removed: "64842" "STARLINK-34723"
Satellite removed: "66442" "STARLINK-34724"
Satellite removed: "64843" "STARLINK-34725"
Satellite removed: "64935" "STARLINK-34726"
Satellite removed: "65025" "STARLINK-34727"
Satellite removed: "65455" "STARLINK-34728"
Satellite removed: "65364" "STARLINK-34729"
Satellite removed: "64938" "STARLINK-34730"
Satellite removed: "65029" "STARLINK-34731"
Satellite removed: "64955" "STARLINK-34732"
Satellite removed: "66487" "STARLINK-34733"
Satellite removed: "65696" "STARLINK-34734"
Satellite removed: "65072" "STARLINK-34735"
Satellite removed: "64846" "STARLINK-34736"
Satellite removed: "64933" "STARLINK-34737"
Satellite removed: "64951" "STARLINK-34738"
Satellite removed: "65066" "STARLINK-34739"
Satellite removed: "64941" "STARLINK-34740"
Satellite removed: "65097" "STARLINK-34741"
Satellite removed: "64942" "STARLINK-34742"
Satellite removed: "64937" "STARLINK-34743"
Satellite removed: "64952" "STARLINK-34744"
Satellite removed: "65057" "STARLINK-34745"
Satellite removed: "64847" "STARLINK-34746"
Satellite removed: "64947" "STARLINK-34747"
Satellite removed: "64848" "STARLINK-34748"
Satellite removed: "65675" "STARLINK-34749"
Satellite removed: "65061" "STARLINK-34750"
Satellite removed: "65338" "STARLINK-34751"
Satellite removed: "66153" "STARLINK-34752"
Satellite removed: "64946" "STARLINK-34753"
Satellite removed: "64940" "STARLINK-34755"
Satellite removed: "64849" "STARLINK-34756"
Satellite removed: "64850" "STARLINK-34757"
Satellite removed: "64945" "STARLINK-34758"
Satellite removed: "65096" "STARLINK-34759"
Satellite removed: "65359" "STARLINK-34760"
Satellite removed: "64954" "STARLINK-34761"
Satellite removed: "65473" "STARLINK-34762"
Satellite removed: "65206" "STARLINK-34763"
Satellite removed: "65098" "STARLINK-34764"
Satellite removed: "66506" "STARLINK-34765"
Satellite removed: "66505" "STARLINK-34766"
Satellite removed: "66507" "STARLINK-34767"
Satellite removed: "65095" "STARLINK-34768"
Satellite removed: "65094" "STARLINK-34769"
Satellite removed: "65036" "STARLINK-34770"
Satellite removed: "65078" "STARLINK-34771"
Satellite removed: "65020" "STARLINK-34772"
Satellite removed: "65024" "STARLINK-34773"
Satellite removed: "66485" "STARLINK-34774"
Satellite removed: "64934" "STARLINK-34775"
Satellite removed: "65037" "STARLINK-34776"
Satellite removed: "65339" "STARLINK-34777"
Satellite removed: "65021" "STARLINK-34778"
Satellite removed: "65058" "STARLINK-34779"
Satellite removed: "65074" "STARLINK-34780"
Satellite removed: "65073" "STARLINK-34781"
Satellite removed: "65358" "STARLINK-34782"
Satellite removed: "66337" "STARLINK-34783"
Satellite removed: "65458" "STARLINK-34784"
Satellite removed: "65354" "STARLINK-34785"
Satellite removed: "65391" "STARLINK-34786"
Satellite removed: "65204" "STARLINK-34787"
Satellite removed: "65056" "STARLINK-34788"
Satellite removed: "65022" "STARLINK-34789"
Satellite removed: "65690" "STARLINK-34790"
Satellite removed: "65891" "STARLINK-34791"
Satellite removed: "65064" "STARLINK-34793"
Satellite removed: "65070" "STARLINK-34794"
Satellite removed: "65684" "STARLINK-34795"
Satellite removed: "65205" "STARLINK-34796"
Satellite removed: "65363" "STARLINK-34797"
Satellite removed: "65063" "STARLINK-34798"
Satellite removed: "65472" "STARLINK-34799"
Satellite removed: "65361" "STARLINK-34800"
Satellite removed: "66076" "STARLINK-34801"
Satellite removed: "65067" "STARLINK-34802"
Satellite removed: "65059" "STARLINK-34803"
Satellite removed: "65026" "STARLINK-34804"
Satellite removed: "65071" "STARLINK-34805"
Satellite removed: "65065" "STARLINK-34806"
Satellite removed: "65028" "STARLINK-34807"
Satellite removed: "65745" "STARLINK-34808"
Satellite removed: "65069" "STARLINK-34809"
Satellite removed: "65068" "STARLINK-34810"
Satellite removed: "65396" "STARLINK-34811"
Satellite removed: "66026" "STARLINK-34812"
Satellite removed: "66195" "STARLINK-34813"
Satellite removed: "65100" "STARLINK-34814"
Satellite removed: "65099" "STARLINK-34815"
Satellite removed: "65467" "STARLINK-34816"
Satellite removed: "65362" "STARLINK-34817"
Satellite removed: "65238" "STARLINK-34818"
Satellite removed: "65040" "STARLINK-34819"
Satellite removed: "65041" "STARLINK-34820"
Satellite removed: "65199" "STARLINK-34821"
Satellite removed: "65086" "STARLINK-34822"
Satellite removed: "65355" "STARLINK-34823"
Satellite removed: "65042" "STARLINK-34824"
Satellite removed: "65692" "STARLINK-34825"
Satellite removed: "65360" "STARLINK-34826"
Satellite removed: "65038" "STARLINK-34827"
Satellite removed: "65353" "STARLINK-34828"
Satellite removed: "65470" "STARLINK-34829"
Satellite removed: "65405" "STARLINK-34830"
Satellite removed: "65345" "STARLINK-34831"
Satellite removed: "65475" "STARLINK-34832"
Satellite removed: "65218" "STARLINK-34833"
Satellite removed: "65295" "STARLINK-34834"
Satellite removed: "65336" "STARLINK-34835"
Satellite removed: "65399" "STARLINK-34836"
Satellite removed: "65423" "STARLINK-34837"
Satellite removed: "65343" "STARLINK-34838"
Satellite removed: "65703" "STARLINK-34839"
Satellite removed: "66406" "STARLINK-34840"
Satellite removed: "65208" "STARLINK-34841"
Satellite removed: "65235" "STARLINK-34842"
Satellite removed: "65201" "STARLINK-34843"
Satellite removed: "66486" "STARLINK-34844"
Satellite removed: "65289" "STARLINK-34845"
Satellite removed: "66972" "STARLINK-34846"
Satellite removed: "65211" "STARLINK-34847"
Satellite removed: "65402" "STARLINK-34848"
Satellite removed: "66005" "STARLINK-34849"
Satellite removed: "65460" "STARLINK-34850"
Satellite removed: "66447" "STARLINK-34851"
Satellite removed: "66135" "STARLINK-34852"
Satellite removed: "65892" "STARLINK-34853"
Satellite removed: "65337" "STARLINK-34854"
Satellite removed: "65687" "STARLINK-34856"
Satellite removed: "65102" "STARLINK-34857"
Satellite removed: "65023" "STARLINK-34858"
Satellite removed: "65348" "STARLINK-34859"
Satellite removed: "65357" "STARLINK-34860"
Satellite removed: "66368" "STARLINK-34861"
Satellite removed: "65180" "STARLINK-34862"
Satellite removed: "66190" "STARLINK-34863"
Satellite removed: "65330" "STARLINK-34864"
Satellite removed: "65200" "STARLINK-34865"
Satellite removed: "65189" "STARLINK-34866"
Satellite removed: "65459" "STARLINK-34867"
Satellite removed: "65648" "STARLINK-34868"
Satellite removed: "65371" "STARLINK-34869"
Satellite removed: "65370" "STARLINK-34870"
Satellite removed: "65217" "STARLINK-34871"
Satellite removed: "65296" "STARLINK-34872"
Satellite removed: "65346" "STARLINK-34873"
Satellite removed: "65335" "STARLINK-34874"
Satellite removed: "65689" "STARLINK-34875"
Satellite removed: "65400" "STARLINK-34876"
Satellite removed: "65630" "STARLINK-34877"
Satellite removed: "65334" "STARLINK-34878"
Satellite removed: "65377" "STARLINK-34879"
Satellite removed: "65327" "STARLINK-34880"
Satellite removed: "66227" "STARLINK-34882"
Satellite removed: "65426" "STARLINK-34883"
Satellite removed: "66287" "STARLINK-34884"
Satellite removed: "65328" "STARLINK-34885"
Satellite removed: "65683" "STARLINK-34886"
Satellite removed: "65103" "STARLINK-34887"
Satellite removed: "65471" "STARLINK-34888"
Satellite removed: "65761" "STARLINK-34889"
Satellite removed: "65760" "STARLINK-34890"
Satellite removed: "65373" "STARLINK-34891"
Satellite removed: "65350" "STARLINK-34892"
Satellite removed: "65752" "STARLINK-34893"
Satellite removed: "65753" "STARLINK-34894"
Satellite removed: "65349" "STARLINK-34895"
Satellite removed: "66288" "STARLINK-34896"
Satellite removed: "65212" "STARLINK-34897"
Satellite removed: "65895" "STARLINK-34898"
Satellite removed: "65323" "STARLINK-34899"
Satellite removed: "65374" "STARLINK-34900"
Satellite removed: "65207" "STARLINK-34901"
Satellite removed: "65326" "STARLINK-34902"
Satellite removed: "65372" "STARLINK-34903"
Satellite removed: "65274" "STARLINK-34904"
Satellite removed: "65202" "STARLINK-34905"
Satellite removed: "65896" "STARLINK-34906"
Satellite removed: "65213" "STARLINK-34907"
Satellite removed: "65329" "STARLINK-34908"
Satellite removed: "65401" "STARLINK-34909"
Satellite removed: "66269" "STARLINK-34910"
Satellite removed: "65325" "STARLINK-34911"
Satellite removed: "65378" "STARLINK-34912"
Satellite removed: "65369" "STARLINK-34913"
Satellite removed: "65203" "STARLINK-34914"
Satellite removed: "65187" "STARLINK-34915"
Satellite removed: "65427" "STARLINK-34916"
Satellite removed: "65190" "STARLINK-34917"
Satellite removed: "65331" "STARLINK-34918"
Satellite removed: "65802" "STARLINK-34919"
Satellite removed: "65447" "STARLINK-34920"
Satellite removed: "65893" "STARLINK-34921"
Satellite removed: "65273" "STARLINK-34922"
Satellite removed: "65247" "STARLINK-34923"
Satellite removed: "65469" "STARLINK-34924"
Satellite removed: "65249" "STARLINK-34925"
Satellite removed: "65194" "STARLINK-34926"
Satellite removed: "65196" "STARLINK-34927"
Satellite removed: "65195" "STARLINK-34928"
Satellite removed: "65178" "STARLINK-34929"
Satellite removed: "65688" "STARLINK-34930"
Satellite removed: "65398" "STARLINK-34931"
Satellite removed: "65179" "STARLINK-34932"
Satellite removed: "65253" "STARLINK-34933"
Satellite removed: "65897" "STARLINK-34934"
Satellite removed: "65277" "STARLINK-34935"
Satellite removed: "65898" "STARLINK-34936"
Satellite removed: "66192" "STARLINK-34937"
Satellite removed: "65236" "STARLINK-34938"
Satellite removed: "65183" "STARLINK-34939"
Satellite removed: "65397" "STARLINK-34940"
Satellite removed: "65210" "STARLINK-34941"
Satellite removed: "65181" "STARLINK-34942"
Satellite removed: "65366" "STARLINK-34943"
Satellite removed: "65182" "STARLINK-34944"
Satellite removed: "65185" "STARLINK-34945"
Satellite removed: "65367" "STARLINK-34946"
Satellite removed: "65184" "STARLINK-34947"
Satellite removed: "65191" "STARLINK-34948"
Satellite removed: "65175" "STARLINK-34949"
Satellite removed: "65193" "STARLINK-34950"
Satellite removed: "65293" "STARLINK-34951"
Satellite removed: "65197" "STARLINK-34952"
Satellite removed: "65240" "STARLINK-34953"
Satellite removed: "65275" "STARLINK-34954"
Satellite removed: "65192" "STARLINK-34955"
Satellite removed: "65174" "STARLINK-34956"
Satellite removed: "65388" "STARLINK-34957"
Satellite removed: "65237" "STARLINK-34958"
Satellite removed: "65246" "STARLINK-34959"
Satellite removed: "65219" "STARLINK-34960"
Satellite removed: "65252" "STARLINK-34961"
Satellite removed: "65248" "STARLINK-34962"
Satellite removed: "65242" "STARLINK-34963"
Satellite removed: "65239" "STARLINK-34964"
Satellite removed: "65186" "STARLINK-34965"
Satellite removed: "65257" "STARLINK-34966"
Satellite removed: "65177" "STARLINK-34967"
Satellite removed: "65276" "STARLINK-34968"
Satellite removed: "65241" "STARLINK-34969"
Satellite removed: "65450" "STARLINK-34970"
Satellite removed: "65256" "STARLINK-34971"
Satellite removed: "65188" "STARLINK-34972"
Satellite removed: "65250" "STARLINK-34973"
Satellite removed: "65221" "STARLINK-34974"
Satellite removed: "65224" "STARLINK-34975"
Satellite removed: "65209" "STARLINK-34976"
Satellite removed: "65245" "STARLINK-34977"
Satellite removed: "65435" "STARLINK-34978"
Satellite removed: "65254" "STARLINK-34979"
Satellite removed: "65258" "STARLINK-34980"
Satellite removed: "65198" "STARLINK-34981"
Satellite removed: "65243" "STARLINK-34982"
Satellite removed: "65411" "STARLINK-34983"
Satellite removed: "65290" "STARLINK-34984"
Satellite removed: "65379" "STARLINK-34985"
Satellite removed: "66446" "STARLINK-34986"
Satellite removed: "65255" "STARLINK-34987"
Satellite removed: "65453" "STARLINK-34988"
Satellite removed: "65251" "STARLINK-34989"
Satellite removed: "65244" "STARLINK-34990"
Satellite removed: "65446" "STARLINK-34991"
Satellite removed: "65412" "STARLINK-34992"
Satellite removed: "65389" "STARLINK-34993"
Satellite removed: "65924" "STARLINK-34994"
Satellite removed: "65285" "STARLINK-34995"
Satellite removed: "65223" "STARLINK-34996"
Satellite removed: "65418" "STARLINK-34997"
Satellite removed: "65474" "STARLINK-34998"
Satellite removed: "65222" "STARLINK-34999"
Satellite removed: "51740" "STARLINK-3500"
Satellite removed: "65278" "STARLINK-35000"
Satellite removed: "65280" "STARLINK-35001"
Satellite removed: "65291" "STARLINK-35002"
Satellite removed: "65413" "STARLINK-35003"
Satellite removed: "65428" "STARLINK-35004"
Satellite removed: "65456" "STARLINK-35005"
Satellite removed: "65284" "STARLINK-35006"
Satellite removed: "65287" "STARLINK-35007"
Satellite removed: "65408" "STARLINK-35008"
Satellite removed: "65449" "STARLINK-35009"
Satellite removed: "51748" "STARLINK-3501"
Satellite removed: "65281" "STARLINK-35010"
Satellite removed: "66082" "STARLINK-35011"
Satellite removed: "65384" "STARLINK-35012"
Satellite removed: "65429" "STARLINK-35014"
Satellite removed: "65283" "STARLINK-35015"
Satellite removed: "65341" "STARLINK-35016"
Satellite removed: "65292" "STARLINK-35017"
Satellite removed: "65288" "STARLINK-35018"
Satellite removed: "65513" "STARLINK-35019"
Satellite removed: "51746" "STARLINK-3502"
Satellite removed: "65340" "STARLINK-35020"
Satellite removed: "65282" "STARLINK-35021"
Satellite removed: "65409" "STARLINK-35022"
Satellite removed: "65279" "STARLINK-35023"
Satellite removed: "65410" "STARLINK-35024"
Satellite removed: "65430" "STARLINK-35025"
Satellite removed: "65514" "STARLINK-35026"
Satellite removed: "65466" "STARLINK-35027"
Satellite removed: "65381" "STARLINK-35028"
Satellite removed: "65445" "STARLINK-35029"
Satellite removed: "51865" "STARLINK-3503"
Satellite removed: "65448" "STARLINK-35030"
Satellite removed: "65404" "STARLINK-35031"
Satellite removed: "65382" "STARLINK-35032"
Satellite removed: "65468" "STARLINK-35033"
Satellite removed: "65431" "STARLINK-35034"
Satellite removed: "65407" "STARLINK-35035"
Satellite removed: "65406" "STARLINK-35036"
Satellite removed: "65483" "STARLINK-35037"
Satellite removed: "65482" "STARLINK-35038"
Satellite removed: "65451" "STARLINK-35039"
Satellite removed: "51881" "STARLINK-3504"
Satellite removed: "65480" "STARLINK-35040"
Satellite removed: "66188" "STARLINK-35041"
Satellite removed: "65481" "STARLINK-35042"
Satellite removed: "65436" "STARLINK-35043"
Satellite removed: "65536" "STARLINK-35044"
Satellite removed: "65439" "STARLINK-35045"
Satellite removed: "65701" "STARLINK-35046"
Satellite removed: "65806" "STARLINK-35047"
Satellite removed: "65286" "STARLINK-35048"
Satellite removed: "65444" "STARLINK-35049"
Satellite removed: "51750" "STARLINK-3505"
Satellite removed: "65440" "STARLINK-35050"
Satellite removed: "65380" "STARLINK-35051"
Satellite removed: "65540" "STARLINK-35052"
Satellite removed: "65609" "STARLINK-35053"
Satellite removed: "65383" "STARLINK-35054"
Satellite removed: "65524" "STARLINK-35055"
Satellite removed: "66266" "STARLINK-35056"
Satellite removed: "65525" "STARLINK-35057"
Satellite removed: "65394" "STARLINK-35058"
Satellite removed: "65454" "STARLINK-35059"
Satellite removed: "51751" "STARLINK-3506"
Satellite removed: "65693" "STARLINK-35060"
Satellite removed: "66191" "STARLINK-35061"
Satellite removed: "65643" "STARLINK-35062"
Satellite removed: "65528" "STARLINK-35063"
Satellite removed: "65531" "STARLINK-35064"
Satellite removed: "65441" "STARLINK-35065"
Satellite removed: "65386" "STARLINK-35066"
Satellite removed: "65527" "STARLINK-35067"
Satellite removed: "65438" "STARLINK-35068"
Satellite removed: "66268" "STARLINK-35069"
Satellite removed: "51753" "STARLINK-3507"
Satellite removed: "65680" "STARLINK-35070"
Satellite removed: "65477" "STARLINK-35071"
Satellite removed: "65505" "STARLINK-35072"
Satellite removed: "65385" "STARLINK-35073"
Satellite removed: "65422" "STARLINK-35074"
Satellite removed: "65702" "STARLINK-35075"
Satellite removed: "65457" "STARLINK-35076"
Satellite removed: "65529" "STARLINK-35077"
Satellite removed: "65523" "STARLINK-35078"
Satellite removed: "65649" "STARLINK-35079"
Satellite removed: "51862" "STARLINK-3508"
Satellite removed: "65437" "STARLINK-35080"
Satellite removed: "66148" "STARLINK-35081"
Satellite removed: "65392" "STARLINK-35082"
Satellite removed: "65390" "STARLINK-35083"
Satellite removed: "65452" "STARLINK-35084"
Satellite removed: "65419" "STARLINK-35085"
Satellite removed: "65699" "STARLINK-35086"
Satellite removed: "65541" "STARLINK-35087"
Satellite removed: "65344" "STARLINK-35088"
Satellite removed: "65484" "STARLINK-35089"
Satellite removed: "51737" "STARLINK-3509"
Satellite removed: "65698" "STARLINK-35090"
Satellite removed: "65640" "STARLINK-35091"
Satellite removed: "65342" "STARLINK-35092"
Satellite removed: "65478" "STARLINK-35093"
Satellite removed: "65395" "STARLINK-35094"
Satellite removed: "65425" "STARLINK-35095"
Satellite removed: "65479" "STARLINK-35096"
Satellite removed: "65393" "STARLINK-35097"
Satellite removed: "65476" "STARLINK-35098"
Satellite removed: "65735" "STARLINK-35099"
Satellite removed: "65542" "STARLINK-35100"
Satellite removed: "65700" "STARLINK-35101"
Satellite removed: "65839" "STARLINK-35102"
Satellite removed: "65633" "STARLINK-35103"
Satellite removed: "65631" "STARLINK-35104"
Satellite removed: "65543" "STARLINK-35105"
Satellite removed: "65739" "STARLINK-35106"
Satellite removed: "65464" "STARLINK-35107"
Satellite removed: "65738" "STARLINK-35108"
Satellite removed: "65642" "STARLINK-35109"
Satellite removed: "51752" "STARLINK-3511"
Satellite removed: "65539" "STARLINK-35110"
Satellite removed: "65463" "STARLINK-35111"
Satellite removed: "65520" "STARLINK-35112"
Satellite removed: "65697" "STARLINK-35113"
Satellite removed: "65502" "STARLINK-35114"
Satellite removed: "65665" "STARLINK-35115"
Satellite removed: "66078" "STARLINK-35116"
Satellite removed: "65632" "STARLINK-35117"
Satellite removed: "66858" "STARLINK-35118"
Satellite removed: "65508" "STARLINK-35119"
Satellite removed: "51743" "STARLINK-3512"
Satellite removed: "65659" "STARLINK-35120"
Satellite removed: "65737" "STARLINK-35121"
Satellite removed: "65510" "STARLINK-35122"
Satellite removed: "65634" "STARLINK-35123"
Satellite removed: "65511" "STARLINK-35124"
Satellite removed: "65534" "STARLINK-35125"
Satellite removed: "65503" "STARLINK-35126"
Satellite removed: "65639" "STARLINK-35127"
Satellite removed: "65628" "STARLINK-35128"
Satellite removed: "66077" "STARLINK-35129"
Satellite removed: "51756" "STARLINK-3513"
Satellite removed: "65740" "STARLINK-35130"
Satellite removed: "66075" "STARLINK-35131"
Satellite removed: "66461" "STARLINK-35132"
Satellite removed: "65535" "STARLINK-35133"
Satellite removed: "65641" "STARLINK-35134"
Satellite removed: "65629" "STARLINK-35135"
Satellite removed: "65537" "STARLINK-35136"
Satellite removed: "65686" "STARLINK-35137"
Satellite removed: "65420" "STARLINK-35138"
Satellite removed: "66380" "STARLINK-35139"
Satellite removed: "51731" "STARLINK-3514"
Satellite removed: "65501" "STARLINK-35140"
Satellite removed: "65644" "STARLINK-35141"
Satellite removed: "65434" "STARLINK-35142"
Satellite removed: "65485" "STARLINK-35143"
Satellite removed: "65538" "STARLINK-35144"
Satellite removed: "65685" "STARLINK-35145"
Satellite removed: "65421" "STARLINK-35146"
Satellite removed: "65637" "STARLINK-35147"
Satellite removed: "65844" "STARLINK-35148"
Satellite removed: "65512" "STARLINK-35149"
Satellite removed: "51738" "STARLINK-3515"
Satellite removed: "65635" "STARLINK-35150"
Satellite removed: "65624" "STARLINK-35151"
Satellite removed: "65530" "STARLINK-35152"
Satellite removed: "65625" "STARLINK-35153"
Satellite removed: "65612" "STARLINK-35154"
Satellite removed: "65935" "STARLINK-35155"
Satellite removed: "65607" "STARLINK-35156"
Satellite removed: "65814" "STARLINK-35157"
Satellite removed: "66381" "STARLINK-35158"
Satellite removed: "65461" "STARLINK-35159"
Satellite removed: "51739" "STARLINK-3516"
Satellite removed: "65911" "STARLINK-35160"
Satellite removed: "65936" "STARLINK-35161"
Satellite removed: "65613" "STARLINK-35162"
Satellite removed: "65507" "STARLINK-35163"
Satellite removed: "65519" "STARLINK-35164"
Satellite removed: "65750" "STARLINK-35165"
Satellite removed: "65499" "STARLINK-35166"
Satellite removed: "65736" "STARLINK-35167"
Satellite removed: "65509" "STARLINK-35168"
Satellite removed: "65465" "STARLINK-35169"
Satellite removed: "51735" "STARLINK-3517"
Satellite removed: "65532" "STARLINK-35170"
Satellite removed: "65605" "STARLINK-35171"
Satellite removed: "65533" "STARLINK-35172"
Satellite removed: "65744" "STARLINK-35173"
Satellite removed: "65615" "STARLINK-35174"
Satellite removed: "65929" "STARLINK-35175"
Satellite removed: "65662" "STARLINK-35176"
Satellite removed: "65673" "STARLINK-35177"
Satellite removed: "65610" "STARLINK-35178"
Satellite removed: "66066" "STARLINK-35179"
Satellite removed: "51732" "STARLINK-3518"
Satellite removed: "65462" "STARLINK-35180"
Satellite removed: "65666" "STARLINK-35181"
Satellite removed: "65504" "STARLINK-35182"
Satellite removed: "65646" "STARLINK-35183"
Satellite removed: "65506" "STARLINK-35184"
Satellite removed: "65608" "STARLINK-35185"
Satellite removed: "65611" "STARLINK-35186"
Satellite removed: "65521" "STARLINK-35187"
Satellite removed: "65522" "STARLINK-35188"
Satellite removed: "65676" "STARLINK-35189"
Satellite removed: "65663" "STARLINK-35190"
Satellite removed: "65594" "STARLINK-35191"
Satellite removed: "65933" "STARLINK-35192"
Satellite removed: "65889" "STARLINK-35193"
Satellite removed: "65671" "STARLINK-35194"
Satellite removed: "65606" "STARLINK-35195"
Satellite removed: "66007" "STARLINK-35196"
Satellite removed: "66193" "STARLINK-35197"
Satellite removed: "65672" "STARLINK-35198"
Satellite removed: "65858" "STARLINK-35199"
Satellite removed: "51741" "STARLINK-3520"
Satellite removed: "65855" "STARLINK-35200"
Satellite removed: "65664" "STARLINK-35201"
Satellite removed: "65647" "STARLINK-35202"
Satellite removed: "65498" "STARLINK-35203"
Satellite removed: "65694" "STARLINK-35204"
Satellite removed: "65679" "STARLINK-35205"
Satellite removed: "65614" "STARLINK-35206"
Satellite removed: "65500" "STARLINK-35207"
Satellite removed: "65854" "STARLINK-35208"
Satellite removed: "65636" "STARLINK-35209"
Satellite removed: "51742" "STARLINK-3521"
Satellite removed: "65903" "STARLINK-35210"
Satellite removed: "65757" "STARLINK-35211"
Satellite removed: "65496" "STARLINK-35212"
Satellite removed: "65638" "STARLINK-35213"
Satellite removed: "65747" "STARLINK-35214"
Satellite removed: "65813" "STARLINK-35215"
Satellite removed: "65516" "STARLINK-35216"
Satellite removed: "65627" "STARLINK-35217"
Satellite removed: "66340" "STARLINK-35218"
Satellite removed: "66443" "STARLINK-35219"
Satellite removed: "51725" "STARLINK-3522"
Satellite removed: "65661" "STARLINK-35220"
Satellite removed: "65695" "STARLINK-35221"
Satellite removed: "65494" "STARLINK-35223"
Satellite removed: "65811" "STARLINK-35224"
Satellite removed: "65626" "STARLINK-35225"
Satellite removed: "65492" "STARLINK-35226"
Satellite removed: "65654" "STARLINK-35227"
Satellite removed: "65517" "STARLINK-35228"
Satellite removed: "65600" "STARLINK-35229"
Satellite removed: "51729" "STARLINK-3523"
Satellite removed: "65681" "STARLINK-35230"
Satellite removed: "65849" "STARLINK-35231"
Satellite removed: "65518" "STARLINK-35232"
Satellite removed: "65678" "STARLINK-35233"
Satellite removed: "65601" "STARLINK-35234"
Satellite removed: "65682" "STARLINK-35235"
Satellite removed: "66008" "STARLINK-35236"
Satellite removed: "65645" "STARLINK-35237"
Satellite removed: "65623" "STARLINK-35239"
Satellite removed: "51721" "STARLINK-3524"
Satellite removed: "65655" "STARLINK-35240"
Satellite removed: "65515" "STARLINK-35241"
Satellite removed: "65493" "STARLINK-35242"
Satellite removed: "66016" "STARLINK-35243"
Satellite removed: "65829" "STARLINK-35244"
Satellite removed: "65599" "STARLINK-35245"
Satellite removed: "65660" "STARLINK-35246"
Satellite removed: "65622" "STARLINK-35247"
Satellite removed: "65598" "STARLINK-35248"
Satellite removed: "65901" "STARLINK-35249"
Satellite removed: "51733" "STARLINK-3525"
Satellite removed: "65603" "STARLINK-35250"
Satellite removed: "65604" "STARLINK-35251"
Satellite removed: "65850" "STARLINK-35252"
Satellite removed: "65596" "STARLINK-35253"
Satellite removed: "65674" "STARLINK-35254"
Satellite removed: "65602" "STARLINK-35255"
Satellite removed: "66011" "STARLINK-35256"
Satellite removed: "66331" "STARLINK-35257"
Satellite removed: "65861" "STARLINK-35258"
Satellite removed: "66197" "STARLINK-35259"
Satellite removed: "51720" "STARLINK-3526"
Satellite removed: "65751" "STARLINK-35260"
Satellite removed: "65595" "STARLINK-35261"
Satellite removed: "65847" "STARLINK-35262"
Satellite removed: "65597" "STARLINK-35263"
Satellite removed: "65900" "STARLINK-35264"
Satellite removed: "65748" "STARLINK-35265"
Satellite removed: "65804" "STARLINK-35266"
Satellite removed: "65592" "STARLINK-35267"
Satellite removed: "65810" "STARLINK-35268"
Satellite removed: "65593" "STARLINK-35269"
Satellite removed: "51726" "STARLINK-3527"
Satellite removed: "65882" "STARLINK-35270"
Satellite removed: "65812" "STARLINK-35271"
Satellite removed: "65899" "STARLINK-35272"
Satellite removed: "65805" "STARLINK-35273"
Satellite removed: "66073" "STARLINK-35274"
Satellite removed: "65756" "STARLINK-35275"
Satellite removed: "66009" "STARLINK-35276"
Satellite removed: "65832" "STARLINK-35277"
Satellite removed: "65902" "STARLINK-35278"
Satellite removed: "66069" "STARLINK-35279"
Satellite removed: "51714" "STARLINK-3528"
Satellite removed: "66025" "STARLINK-35280"
Satellite removed: "65824" "STARLINK-35281"
Satellite removed: "65658" "STARLINK-35282"
Satellite removed: "66478" "STARLINK-35283"
Satellite removed: "65741" "STARLINK-35284"
Satellite removed: "65807" "STARLINK-35285"
Satellite removed: "65803" "STARLINK-35286"
Satellite removed: "65754" "STARLINK-35287"
Satellite removed: "65749" "STARLINK-35288"
Satellite removed: "65809" "STARLINK-35289"
Satellite removed: "51724" "STARLINK-3529"
Satellite removed: "65846" "STARLINK-35290"
Satellite removed: "66083" "STARLINK-35291"
Satellite removed: "66322" "STARLINK-35292"
Satellite removed: "66012" "STARLINK-35293"
Satellite removed: "65755" "STARLINK-35294"
Satellite removed: "66070" "STARLINK-35295"
Satellite removed: "65801" "STARLINK-35296"
Satellite removed: "66010" "STARLINK-35297"
Satellite removed: "65842" "STARLINK-35298"
Satellite removed: "66072" "STARLINK-35299"
Satellite removed: "65800" "STARLINK-35300"
Satellite removed: "65843" "STARLINK-35301"
Satellite removed: "65845" "STARLINK-35302"
Satellite removed: "65860" "STARLINK-35303"
Satellite removed: "66249" "STARLINK-35304"
Satellite removed: "66561" "STARLINK-35305"
Satellite removed: "67361" "STARLINK-35306"
Satellite removed: "66013" "STARLINK-35307"
Satellite removed: "65848" "STARLINK-35308"
Satellite removed: "66323" "STARLINK-35309"
Satellite removed: "66183" "STARLINK-35310"
Satellite removed: "66032" "STARLINK-35311"
Satellite removed: "65866" "STARLINK-35312"
Satellite removed: "65758" "STARLINK-35313"
Satellite removed: "65837" "STARLINK-35314"
Satellite removed: "66543" "STARLINK-35315"
Satellite removed: "65742" "STARLINK-35316"
Satellite removed: "66184" "STARLINK-35317"
Satellite removed: "66146" "STARLINK-35318"
Satellite removed: "65743" "STARLINK-35319"
Satellite removed: "51727" "STARLINK-3532"
Satellite removed: "65834" "STARLINK-35320"
Satellite removed: "66074" "STARLINK-35321"
Satellite removed: "66332" "STARLINK-35322"
Satellite removed: "66071" "STARLINK-35323"
Satellite removed: "65838" "STARLINK-35324"
Satellite removed: "66080" "STARLINK-35325"
Satellite removed: "66031" "STARLINK-35326"
Satellite removed: "66439" "STARLINK-35327"
Satellite removed: "65652" "STARLINK-35328"
Satellite removed: "65908" "STARLINK-35329"
Satellite removed: "51715" "STARLINK-3533"
Satellite removed: "65791" "STARLINK-35330"
Satellite removed: "66468" "STARLINK-35331"
Satellite removed: "65887" "STARLINK-35332"
Satellite removed: "66182" "STARLINK-35333"
Satellite removed: "66450" "STARLINK-35334"
Satellite removed: "66180" "STARLINK-35335"
Satellite removed: "66006" "STARLINK-35336"
Satellite removed: "65831" "STARLINK-35337"
Satellite removed: "66250" "STARLINK-35338"
Satellite removed: "66028" "STARLINK-35339"
Satellite removed: "52120" "STARLINK-3534"
Satellite removed: "66022" "STARLINK-35340"
Satellite removed: "66027" "STARLINK-35341"
Satellite removed: "66181" "STARLINK-35342"
Satellite removed: "67334" "STARLINK-35343"
Satellite removed: "65656" "STARLINK-35344"
Satellite removed: "65833" "STARLINK-35345"
Satellite removed: "66179" "STARLINK-35346"
Satellite removed: "65907" "STARLINK-35347"
Satellite removed: "65904" "STARLINK-35348"
Satellite removed: "65835" "STARLINK-35349"
Satellite removed: "51722" "STARLINK-3535"
Satellite removed: "66187" "STARLINK-35350"
Satellite removed: "65668" "STARLINK-35351"
Satellite removed: "65669" "STARLINK-35353"
Satellite removed: "66477" "STARLINK-35354"
Satellite removed: "66448" "STARLINK-35355"
Satellite removed: "65836" "STARLINK-35356"
Satellite removed: "65799" "STARLINK-35357"
Satellite removed: "66564" "STARLINK-35358"
Satellite removed: "65670" "STARLINK-35359"
Satellite removed: "51888" "STARLINK-3536"
Satellite removed: "66444" "STARLINK-35360"
Satellite removed: "65667" "STARLINK-35361"
Satellite removed: "65888" "STARLINK-35362"
Satellite removed: "66178" "STARLINK-35363"
Satellite removed: "65840" "STARLINK-35364"
Satellite removed: "66186" "STARLINK-35365"
Satellite removed: "66512" "STARLINK-35366"
Satellite removed: "65883" "STARLINK-35367"
Satellite removed: "65830" "STARLINK-35368"
Satellite removed: "68705" "STARLINK-35369"
Satellite removed: "66085" "STARLINK-35370"
Satellite removed: "66484" "STARLINK-35371"
Satellite removed: "66476" "STARLINK-35372"
Satellite removed: "65792" "STARLINK-35373"
Satellite removed: "66194" "STARLINK-35374"
Satellite removed: "66065" "STARLINK-35375"
Satellite removed: "66018" "STARLINK-35376"
Satellite removed: "66185" "STARLINK-35377"
Satellite removed: "65794" "STARLINK-35378"
Satellite removed: "66084" "STARLINK-35379"
Satellite removed: "51996" "STARLINK-3538"
Satellite removed: "65905" "STARLINK-35380"
Satellite removed: "65826" "STARLINK-35381"
Satellite removed: "66019" "STARLINK-35382"
Satellite removed: "65793" "STARLINK-35383"
Satellite removed: "65884" "STARLINK-35384"
Satellite removed: "65906" "STARLINK-35385"
Satellite removed: "65862" "STARLINK-35386"
Satellite removed: "65909" "STARLINK-35387"
Satellite removed: "66466" "STARLINK-35388"
Satellite removed: "66434" "STARLINK-35389"
Satellite removed: "65796" "STARLINK-35390"
Satellite removed: "66616" "STARLINK-35391"
Satellite removed: "65823" "STARLINK-35392"
Satellite removed: "65827" "STARLINK-35393"
Satellite removed: "66023" "STARLINK-35394"
Satellite removed: "66014" "STARLINK-35395"
Satellite removed: "65828" "STARLINK-35396"
Satellite removed: "65825" "STARLINK-35397"
Satellite removed: "66017" "STARLINK-35398"
Satellite removed: "66029" "STARLINK-35399"
Satellite removed: "51719" "STARLINK-3540"
Satellite removed: "66333" "STARLINK-35400"
Satellite removed: "66067" "STARLINK-35401"
Satellite removed: "66079" "STARLINK-35402"
Satellite removed: "66081" "STARLINK-35403"
Satellite removed: "66336" "STARLINK-35404"
Satellite removed: "66440" "STARLINK-35405"
Satellite removed: "65795" "STARLINK-35406"
Satellite removed: "66334" "STARLINK-35407"
Satellite removed: "65859" "STARLINK-35408"
Satellite removed: "66196" "STARLINK-35409"
Satellite removed: "51854" "STARLINK-3541"
Satellite removed: "66024" "STARLINK-35410"
Satellite removed: "66560" "STARLINK-35411"
Satellite removed: "65797" "STARLINK-35412"
Satellite removed: "65886" "STARLINK-35413"
Satellite removed: "65798" "STARLINK-35414"
Satellite removed: "65885" "STARLINK-35415"
Satellite removed: "66248" "STARLINK-35416"
Satellite removed: "66335" "STARLINK-35417"
Satellite removed: "65879" "STARLINK-35418"
Satellite removed: "66559" "STARLINK-35419"
Satellite removed: "51852" "STARLINK-3542"
Satellite removed: "66260" "STARLINK-35420"
Satellite removed: "66062" "STARLINK-35421"
Satellite removed: "66068" "STARLINK-35422"
Satellite removed: "65873" "STARLINK-35423"
Satellite removed: "66460" "STARLINK-35424"
Satellite removed: "65874" "STARLINK-35425"
Satellite removed: "66441" "STARLINK-35426"
Satellite removed: "66110" "STARLINK-35427"
Satellite removed: "66115" "STARLINK-35428"
Satellite removed: "66590" "STARLINK-35429"
Satellite removed: "51716" "STARLINK-3543"
Satellite removed: "66020" "STARLINK-35430"
Satellite removed: "66030" "STARLINK-35431"
Satellite removed: "66021" "STARLINK-35432"
Satellite removed: "65870" "STARLINK-35433"
Satellite removed: "66246" "STARLINK-35434"
Satellite removed: "66464" "STARLINK-35435"
Satellite removed: "65932" "STARLINK-35436"
Satellite removed: "66563" "STARLINK-35437"
Satellite removed: "66347" "STARLINK-35438"
Satellite removed: "66431" "STARLINK-35439"
Satellite removed: "51803" "STARLINK-3544"
Satellite removed: "66345" "STARLINK-35440"
Satellite removed: "65869" "STARLINK-35441"
Satellite removed: "66319" "STARLINK-35442"
Satellite removed: "66339" "STARLINK-35443"
Satellite removed: "66511" "STARLINK-35444"
Satellite removed: "65880" "STARLINK-35445"
Satellite removed: "66432" "STARLINK-35446"
Satellite removed: "66589" "STARLINK-35447"
Satellite removed: "66465" "STARLINK-35448"
Satellite removed: "66459" "STARLINK-35449"
Satellite removed: "51855" "STARLINK-3545"
Satellite removed: "65868" "STARLINK-35450"
Satellite removed: "66469" "STARLINK-35451"
Satellite removed: "66104" "STARLINK-35452"
Satellite removed: "65878" "STARLINK-35453"
Satellite removed: "66236" "STARLINK-35454"
Satellite removed: "66152" "STARLINK-35455"
Satellite removed: "65867" "STARLINK-35456"
Satellite removed: "66433" "STARLINK-35457"
Satellite removed: "65925" "STARLINK-35458"
Satellite removed: "65856" "STARLINK-35459"
Satellite removed: "51718" "STARLINK-3546"
Satellite removed: "66328" "STARLINK-35460"
Satellite removed: "66088" "STARLINK-35461"
Satellite removed: "65877" "STARLINK-35462"
Satellite removed: "66463" "STARLINK-35463"
Satellite removed: "65881" "STARLINK-35464"
Satellite removed: "65871" "STARLINK-35465"
Satellite removed: "66457" "STARLINK-35466"
Satellite removed: "66343" "STARLINK-35467"
Satellite removed: "66118" "STARLINK-35468"
Satellite removed: "65863" "STARLINK-35469"
Satellite removed: "51889" "STARLINK-3547"
Satellite removed: "66430" "STARLINK-35470"
Satellite removed: "65864" "STARLINK-35471"
Satellite removed: "65913" "STARLINK-35472"
Satellite removed: "65937" "STARLINK-35473"
Satellite removed: "66437" "STARLINK-35474"
Satellite removed: "65865" "STARLINK-35475"
Satellite removed: "66825" "STARLINK-35476"
Satellite removed: "66338" "STARLINK-35477"
Satellite removed: "65917" "STARLINK-35478"
Satellite removed: "66326" "STARLINK-35479"
Satellite removed: "51864" "STARLINK-3548"
Satellite removed: "66242" "STARLINK-35480"
Satellite removed: "66247" "STARLINK-35481"
Satellite removed: "66346" "STARLINK-35482"
Satellite removed: "66252" "STARLINK-35483"
Satellite removed: "65923" "STARLINK-35484"
Satellite removed: "66251" "STARLINK-35485"
Satellite removed: "66253" "STARLINK-35486"
Satellite removed: "66262" "STARLINK-35487"
Satellite removed: "66254" "STARLINK-35488"
Satellite removed: "65857" "STARLINK-35489"
Satellite removed: "51891" "STARLINK-3549"
Satellite removed: "66204" "STARLINK-35490"
Satellite removed: "66113" "STARLINK-35491"
Satellite removed: "65926" "STARLINK-35492"
Satellite removed: "65928" "STARLINK-35493"
Satellite removed: "65927" "STARLINK-35494"
Satellite removed: "66243" "STARLINK-35495"
Satellite removed: "66114" "STARLINK-35496"
Satellite removed: "66241" "STARLINK-35497"
Satellite removed: "67017" "STARLINK-35498"
Satellite removed: "66462" "STARLINK-35499"
Satellite removed: "52373" "STARLINK-3550"
Satellite removed: "66093" "STARLINK-35500"
Satellite removed: "66436" "STARLINK-35501"
Satellite removed: "66435" "STARLINK-35502"
Satellite removed: "66245" "STARLINK-35503"
Satellite removed: "66325" "STARLINK-35504"
Satellite removed: "66329" "STARLINK-35505"
Satellite removed: "66324" "STARLINK-35506"
Satellite removed: "66327" "STARLINK-35507"
Satellite removed: "65912" "STARLINK-35508"
Satellite removed: "66199" "STARLINK-35509"
Satellite removed: "51887" "STARLINK-3551"
Satellite removed: "66397" "STARLINK-35510"
Satellite removed: "66344" "STARLINK-35511"
Satellite removed: "66330" "STARLINK-35512"
Satellite removed: "65930" "STARLINK-35513"
Satellite removed: "66535" "STARLINK-35514"
Satellite removed: "66488" "STARLINK-35515"
Satellite removed: "65918" "STARLINK-35516"
Satellite removed: "66244" "STARLINK-35517"
Satellite removed: "66198" "STARLINK-35518"
Satellite removed: "65919" "STARLINK-35519"
Satellite removed: "51813" "STARLINK-3552"
Satellite removed: "66133" "STARLINK-35520"
Satellite removed: "65916" "STARLINK-35521"
Satellite removed: "66341" "STARLINK-35522"
Satellite removed: "65910" "STARLINK-35523"
Satellite removed: "65914" "STARLINK-35524"
Satellite removed: "66134" "STARLINK-35525"
Satellite removed: "65931" "STARLINK-35526"
Satellite removed: "66092" "STARLINK-35527"
Satellite removed: "66094" "STARLINK-35528"
Satellite removed: "66259" "STARLINK-35529"
Satellite removed: "51866" "STARLINK-3553"
Satellite removed: "65921" "STARLINK-35530"
Satellite removed: "66112" "STARLINK-35531"
Satellite removed: "66091" "STARLINK-35532"
Satellite removed: "66429" "STARLINK-35533"
Satellite removed: "66202" "STARLINK-35534"
Satellite removed: "66342" "STARLINK-35535"
Satellite removed: "66261" "STARLINK-35536"
Satellite removed: "66234" "STARLINK-35537"
Satellite removed: "66475" "STARLINK-35538"
Satellite removed: "65915" "STARLINK-35539"
Satellite removed: "51872" "STARLINK-3554"
Satellite removed: "66151" "STARLINK-35540"
Satellite removed: "66235" "STARLINK-35541"
Satellite removed: "66064" "STARLINK-35542"
Satellite removed: "66201" "STARLINK-35543"
Satellite removed: "65922" "STARLINK-35544"
Satellite removed: "66109" "STARLINK-35545"
Satellite removed: "66240" "STARLINK-35546"
Satellite removed: "66119" "STARLINK-35547"
Satellite removed: "66203" "STARLINK-35548"
Satellite removed: "66139" "STARLINK-35549"
Satellite removed: "51863" "STARLINK-3555"
Satellite removed: "66267" "STARLINK-35550"
Satellite removed: "66200" "STARLINK-35551"
Satellite removed: "66058" "STARLINK-35552"
Satellite removed: "66120" "STARLINK-35553"
Satellite removed: "66239" "STARLINK-35554"
Satellite removed: "66425" "STARLINK-35555"
Satellite removed: "66238" "STARLINK-35556"
Satellite removed: "66237" "STARLINK-35557"
Satellite removed: "66060" "STARLINK-35558"
Satellite removed: "66095" "STARLINK-35559"
Satellite removed: "51877" "STARLINK-3556"
Satellite removed: "66059" "STARLINK-35560"
Satellite removed: "66105" "STARLINK-35561"
Satellite removed: "66063" "STARLINK-35562"
Satellite removed: "66087" "STARLINK-35563"
Satellite removed: "67420" "STARLINK-35564"
Satellite removed: "66803" "STARLINK-35565"
Satellite removed: "66061" "STARLINK-35566"
Satellite removed: "66472" "STARLINK-35567"
Satellite removed: "66473" "STARLINK-35568"
Satellite removed: "66471" "STARLINK-35569"
Satellite removed: "66090" "STARLINK-35570"
Satellite removed: "66089" "STARLINK-35571"
Satellite removed: "66117" "STARLINK-35572"
Satellite removed: "66116" "STARLINK-35573"
Satellite removed: "66111" "STARLINK-35574"
Satellite removed: "66165" "STARLINK-35575"
Satellite removed: "66137" "STARLINK-35576"
Satellite removed: "66538" "STARLINK-35577"
Satellite removed: "66168" "STARLINK-35578"
Satellite removed: "66562" "STARLINK-35579"
Satellite removed: "52119" "STARLINK-3558"
Satellite removed: "66155" "STARLINK-35580"
Satellite removed: "66479" "STARLINK-35581"
Satellite removed: "66537" "STARLINK-35582"
Satellite removed: "66611" "STARLINK-35583"
Satellite removed: "66106" "STARLINK-35584"
Satellite removed: "66170" "STARLINK-35585"
Satellite removed: "66159" "STARLINK-35586"
Satellite removed: "66158" "STARLINK-35587"
Satellite removed: "66424" "STARLINK-35588"
Satellite removed: "66426" "STARLINK-35589"
Satellite removed: "51860" "STARLINK-3559"
Satellite removed: "66108" "STARLINK-35590"
Satellite removed: "66984" "STARLINK-35591"
Satellite removed: "66136" "STARLINK-35592"
Satellite removed: "66107" "STARLINK-35593"
Satellite removed: "66157" "STARLINK-35594"
Satellite removed: "66101" "STARLINK-35595"
Satellite removed: "66086" "STARLINK-35596"
Satellite removed: "66493" "STARLINK-35597"
Satellite removed: "66509" "STARLINK-35598"
Satellite removed: "66102" "STARLINK-35599"
Satellite removed: "51859" "STARLINK-3560"
Satellite removed: "66510" "STARLINK-35600"
Satellite removed: "66149" "STARLINK-35601"
Satellite removed: "66403" "STARLINK-35602"
Satellite removed: "66141" "STARLINK-35603"
Satellite removed: "66802" "STARLINK-35604"
Satellite removed: "66150" "STARLINK-35605"
Satellite removed: "66171" "STARLINK-35606"
Satellite removed: "66163" "STARLINK-35607"
Satellite removed: "66508" "STARLINK-35608"
Satellite removed: "66100" "STARLINK-35609"
Satellite removed: "52284" "STARLINK-3561"
Satellite removed: "66428" "STARLINK-35610"
Satellite removed: "66427" "STARLINK-35611"
Satellite removed: "66128" "STARLINK-35612"
Satellite removed: "66097" "STARLINK-35613"
Satellite removed: "66164" "STARLINK-35614"
Satellite removed: "66257" "STARLINK-35615"
Satellite removed: "66255" "STARLINK-35616"
Satellite removed: "66422" "STARLINK-35617"
Satellite removed: "66423" "STARLINK-35618"
Satellite removed: "66256" "STARLINK-35619"
Satellite removed: "51861" "STARLINK-3562"
Satellite removed: "66474" "STARLINK-35620"
Satellite removed: "66156" "STARLINK-35621"
Satellite removed: "66103" "STARLINK-35622"
Satellite removed: "66138" "STARLINK-35623"
Satellite removed: "66166" "STARLINK-35624"
Satellite removed: "66140" "STARLINK-35625"
Satellite removed: "66233" "STARLINK-35626"
Satellite removed: "66172" "STARLINK-35627"
Satellite removed: "66123" "STARLINK-35628"
Satellite removed: "66127" "STARLINK-35629"
Satellite removed: "51858" "STARLINK-3563"
Satellite removed: "66131" "STARLINK-35630"
Satellite removed: "66121" "STARLINK-35631"
Satellite removed: "66129" "STARLINK-35632"
Satellite removed: "66162" "STARLINK-35633"
Satellite removed: "66173" "STARLINK-35634"
Satellite removed: "66161" "STARLINK-35635"
Satellite removed: "66130" "STARLINK-35637"
Satellite removed: "66169" "STARLINK-35638"
Satellite removed: "66382" "STARLINK-35639"
Satellite removed: "52302" "STARLINK-3564"
Satellite removed: "66536" "STARLINK-35640"
Satellite removed: "66167" "STARLINK-35641"
Satellite removed: "66398" "STARLINK-35642"
Satellite removed: "66456" "STARLINK-35643"
Satellite removed: "66124" "STARLINK-35645"
Satellite removed: "66859" "STARLINK-35646"
Satellite removed: "66388" "STARLINK-35647"
Satellite removed: "66482" "STARLINK-35648"
Satellite removed: "66125" "STARLINK-35649"
Satellite removed: "51886" "STARLINK-3565"
Satellite removed: "66573" "STARLINK-35650"
Satellite removed: "66386" "STARLINK-35651"
Satellite removed: "66393" "STARLINK-35652"
Satellite removed: "66122" "STARLINK-35653"
Satellite removed: "66483" "STARLINK-35654"
Satellite removed: "66470" "STARLINK-35655"
Satellite removed: "66391" "STARLINK-35656"
Satellite removed: "66399" "STARLINK-35657"
Satellite removed: "66126" "STARLINK-35658"
Satellite removed: "66385" "STARLINK-35659"
Satellite removed: "51880" "STARLINK-3566"
Satellite removed: "67003" "STARLINK-35660"
Satellite removed: "66387" "STARLINK-35661"
Satellite removed: "66384" "STARLINK-35662"
Satellite removed: "66491" "STARLINK-35663"
Satellite removed: "66223" "STARLINK-35664"
Satellite removed: "66390" "STARLINK-35665"
Satellite removed: "66222" "STARLINK-35666"
Satellite removed: "66400" "STARLINK-35667"
Satellite removed: "66401" "STARLINK-35668"
Satellite removed: "66396" "STARLINK-35669"
Satellite removed: "51871" "STARLINK-3567"
Satellite removed: "66480" "STARLINK-35670"
Satellite removed: "66392" "STARLINK-35671"
Satellite removed: "66394" "STARLINK-35672"
Satellite removed: "66492" "STARLINK-35673"
Satellite removed: "67117" "STARLINK-35674"
Satellite removed: "67188" "STARLINK-35675"
Satellite removed: "67345" "STARLINK-35676"
Satellite removed: "66220" "STARLINK-35677"
Satellite removed: "66971" "STARLINK-35678"
Satellite removed: "66408" "STARLINK-35679"
Satellite removed: "51856" "STARLINK-3568"
Satellite removed: "66610" "STARLINK-35680"
Satellite removed: "66395" "STARLINK-35681"
Satellite removed: "66467" "STARLINK-35682"
Satellite removed: "66405" "STARLINK-35683"
Satellite removed: "66458" "STARLINK-35684"
Satellite removed: "67128" "STARLINK-35685"
Satellite removed: "66407" "STARLINK-35686"
Satellite removed: "66524" "STARLINK-35687"
Satellite removed: "67019" "STARLINK-35688"
Satellite removed: "66494" "STARLINK-35689"
Satellite removed: "51811" "STARLINK-3569"
Satellite removed: "66383" "STARLINK-35690"
Satellite removed: "66404" "STARLINK-35691"
Satellite removed: "66513" "STARLINK-35692"
Satellite removed: "66490" "STARLINK-35693"
Satellite removed: "66389" "STARLINK-35694"
Satellite removed: "66558" "STARLINK-35695"
Satellite removed: "66489" "STARLINK-35696"
Satellite removed: "66539" "STARLINK-35697"
Satellite removed: "66481" "STARLINK-35698"
Satellite removed: "66557" "STARLINK-35699"
Satellite removed: "51882" "STARLINK-3570"
Satellite removed: "66217" "STARLINK-35700"
Satellite removed: "67118" "STARLINK-35701"
Satellite removed: "66876" "STARLINK-35702"
Satellite removed: "66970" "STARLINK-35703"
Satellite removed: "66221" "STARLINK-35704"
Satellite removed: "67039" "STARLINK-35705"
Satellite removed: "67051" "STARLINK-35706"
Satellite removed: "66533" "STARLINK-35707"
Satellite removed: "66277" "STARLINK-35708"
Satellite removed: "66216" "STARLINK-35709"
Satellite removed: "51857" "STARLINK-3571"
Satellite removed: "66212" "STARLINK-35710"
Satellite removed: "66595" "STARLINK-35711"
Satellite removed: "66215" "STARLINK-35712"
Satellite removed: "66278" "STARLINK-35713"
Satellite removed: "66214" "STARLINK-35714"
Satellite removed: "66841" "STARLINK-35715"
Satellite removed: "67191" "STARLINK-35716"
Satellite removed: "66839" "STARLINK-35717"
Satellite removed: "66894" "STARLINK-35718"
Satellite removed: "67183" "STARLINK-35719"
Satellite removed: "51879" "STARLINK-3572"
Satellite removed: "67052" "STARLINK-35720"
Satellite removed: "67046" "STARLINK-35721"
Satellite removed: "66218" "STARLINK-35722"
Satellite removed: "66211" "STARLINK-35723"
Satellite removed: "66279" "STARLINK-35724"
Satellite removed: "67565" "STARLINK-35725"
Satellite removed: "66280" "STARLINK-35726"
Satellite removed: "66281" "STARLINK-35727"
Satellite removed: "66544" "STARLINK-35728"
Satellite removed: "66837" "STARLINK-35729"
Satellite removed: "66273" "STARLINK-35730"
Satellite removed: "66228" "STARLINK-35731"
Satellite removed: "67037" "STARLINK-35732"
Satellite removed: "66224" "STARLINK-35733"
Satellite removed: "66225" "STARLINK-35734"
Satellite removed: "66231" "STARLINK-35735"
Satellite removed: "66230" "STARLINK-35736"
Satellite removed: "66219" "STARLINK-35737"
Satellite removed: "67116" "STARLINK-35738"
Satellite removed: "67053" "STARLINK-35739"
Satellite removed: "51874" "STARLINK-3574"
Satellite removed: "66210" "STARLINK-35740"
Satellite removed: "66272" "STARLINK-35741"
Satellite removed: "66276" "STARLINK-35742"
Satellite removed: "66578" "STARLINK-35743"
Satellite removed: "66581" "STARLINK-35744"
Satellite removed: "66271" "STARLINK-35745"
Satellite removed: "66582" "STARLINK-35746"
Satellite removed: "66207" "STARLINK-35747"
Satellite removed: "66206" "STARLINK-35748"
Satellite removed: "66879" "STARLINK-35749"
Satellite removed: "51878" "STARLINK-3575"
Satellite removed: "66209" "STARLINK-35750"
Satellite removed: "66208" "STARLINK-35751"
Satellite removed: "66275" "STARLINK-35752"
Satellite removed: "66232" "STARLINK-35753"
Satellite removed: "67054" "STARLINK-35754"
Satellite removed: "67163" "STARLINK-35755"
Satellite removed: "67175" "STARLINK-35756"
Satellite removed: "66270" "STARLINK-35757"
Satellite removed: "66229" "STARLINK-35758"
Satellite removed: "51883" "STARLINK-3576"
Satellite removed: "66274" "STARLINK-35760"
Satellite removed: "66961" "STARLINK-35761"
Satellite removed: "67172" "STARLINK-35762"
Satellite removed: "67089" "STARLINK-35763"
Satellite removed: "67109" "STARLINK-35764"
Satellite removed: "67041" "STARLINK-35765"
Satellite removed: "67181" "STARLINK-35766"
Satellite removed: "67058" "STARLINK-35767"
Satellite removed: "66832" "STARLINK-35768"
Satellite removed: "66842" "STARLINK-35769"
Satellite removed: "51884" "STARLINK-3577"
Satellite removed: "66977" "STARLINK-35770"
Satellite removed: "67171" "STARLINK-35771"
Satellite removed: "66976" "STARLINK-35772"
Satellite removed: "67042" "STARLINK-35773"
Satellite removed: "66283" "STARLINK-35774"
Satellite removed: "67038" "STARLINK-35775"
Satellite removed: "66282" "STARLINK-35776"
Satellite removed: "66975" "STARLINK-35777"
Satellite removed: "66973" "STARLINK-35778"
Satellite removed: "67047" "STARLINK-35779"
Satellite removed: "51868" "STARLINK-3578"
Satellite removed: "66974" "STARLINK-35780"
Satellite removed: "67110" "STARLINK-35781"
Satellite removed: "67182" "STARLINK-35782"
Satellite removed: "66286" "STARLINK-35783"
Satellite removed: "67093" "STARLINK-35784"
Satellite removed: "67176" "STARLINK-35785"
Satellite removed: "67040" "STARLINK-35786"
Satellite removed: "66978" "STARLINK-35787"
Satellite removed: "66831" "STARLINK-35788"
Satellite removed: "67113" "STARLINK-35789"
Satellite removed: "51893" "STARLINK-3579"
Satellite removed: "67055" "STARLINK-35790"
Satellite removed: "66896" "STARLINK-35791"
Satellite removed: "67092" "STARLINK-35792"
Satellite removed: "67179" "STARLINK-35793"
Satellite removed: "67085" "STARLINK-35794"
Satellite removed: "66369" "STARLINK-35795"
Satellite removed: "66541" "STARLINK-35796"
Satellite removed: "66364" "STARLINK-35797"
Satellite removed: "66292" "STARLINK-35798"
Satellite removed: "66290" "STARLINK-35799"
Satellite removed: "51781" "STARLINK-3580"
Satellite removed: "66291" "STARLINK-35800"
Satellite removed: "66265" "STARLINK-35801"
Satellite removed: "66289" "STARLINK-35802"
Satellite removed: "66568" "STARLINK-35803"
Satellite removed: "66371" "STARLINK-35804"
Satellite removed: "66359" "STARLINK-35805"
Satellite removed: "66363" "STARLINK-35806"
Satellite removed: "66358" "STARLINK-35807"
Satellite removed: "68052" "STARLINK-35808"
Satellite removed: "66373" "STARLINK-35809"
Satellite removed: "66575" "STARLINK-35810"
Satellite removed: "66596" "STARLINK-35811"
Satellite removed: "66574" "STARLINK-35812"
Satellite removed: "66361" "STARLINK-35813"
Satellite removed: "66576" "STARLINK-35814"
Satellite removed: "66577" "STARLINK-35815"
Satellite removed: "66499" "STARLINK-35816"
Satellite removed: "66357" "STARLINK-35817"
Satellite removed: "66540" "STARLINK-35818"
Satellite removed: "66285" "STARLINK-35819"
Satellite removed: "51873" "STARLINK-3582"
Satellite removed: "66597" "STARLINK-35820"
Satellite removed: "66372" "STARLINK-35821"
Satellite removed: "66362" "STARLINK-35822"
Satellite removed: "66360" "STARLINK-35823"
Satellite removed: "66370" "STARLINK-35824"
Satellite removed: "66567" "STARLINK-35825"
Satellite removed: "66375" "STARLINK-35826"
Satellite removed: "66365" "STARLINK-35827"
Satellite removed: "66351" "STARLINK-35828"
Satellite removed: "66350" "STARLINK-35829"
Satellite removed: "51876" "STARLINK-3583"
Satellite removed: "66284" "STARLINK-35830"
Satellite removed: "66374" "STARLINK-35831"
Satellite removed: "66495" "STARLINK-35832"
Satellite removed: "66542" "STARLINK-35833"
Satellite removed: "66570" "STARLINK-35834"
Satellite removed: "66569" "STARLINK-35835"
Satellite removed: "66571" "STARLINK-35836"
Satellite removed: "66840" "STARLINK-35837"
Satellite removed: "66836" "STARLINK-35838"
Satellite removed: "67169" "STARLINK-35839"
Satellite removed: "51885" "STARLINK-3584"
Satellite removed: "66834" "STARLINK-35840"
Satellite removed: "67086" "STARLINK-35841"
Satellite removed: "67087" "STARLINK-35842"
Satellite removed: "67606" "STARLINK-35843"
Satellite removed: "66880" "STARLINK-35844"
Satellite removed: "66366" "STARLINK-35845"
Satellite removed: "66367" "STARLINK-35846"
Satellite removed: "66621" "STARLINK-35847"
Satellite removed: "66349" "STARLINK-35848"
Satellite removed: "66348" "STARLINK-35849"
Satellite removed: "51875" "STARLINK-3585"
Satellite removed: "66352" "STARLINK-35850"
Satellite removed: "66356" "STARLINK-35851"
Satellite removed: "66889" "STARLINK-35852"
Satellite removed: "67177" "STARLINK-35853"
Satellite removed: "68214" "STARLINK-35854"
Satellite removed: "66891" "STARLINK-35855"
Satellite removed: "67013" "STARLINK-35856"
Satellite removed: "67186" "STARLINK-35857"
Satellite removed: "66833" "STARLINK-35858"
Satellite removed: "67185" "STARLINK-35859"
Satellite removed: "51795" "STARLINK-3586"
Satellite removed: "66881" "STARLINK-35860"
Satellite removed: "66355" "STARLINK-35861"
Satellite removed: "66628" "STARLINK-35862"
Satellite removed: "67170" "STARLINK-35863"
Satellite removed: "67081" "STARLINK-35864"
Satellite removed: "67826" "STARLINK-35865"
Satellite removed: "66878" "STARLINK-35866"
Satellite removed: "66791" "STARLINK-35867"
Satellite removed: "66579" "STARLINK-35868"
Satellite removed: "66353" "STARLINK-35869"
Satellite removed: "51892" "STARLINK-3587"
Satellite removed: "66572" "STARLINK-35870"
Satellite removed: "66566" "STARLINK-35871"
Satellite removed: "66580" "STARLINK-35872"
Satellite removed: "67860" "STARLINK-35873"
Satellite removed: "66962" "STARLINK-35874"
Satellite removed: "67111" "STARLINK-35875"
Satellite removed: "67180" "STARLINK-35876"
Satellite removed: "67049" "STARLINK-35877"
Satellite removed: "67178" "STARLINK-35878"
Satellite removed: "66960" "STARLINK-35879"
Satellite removed: "51869" "STARLINK-3588"
Satellite removed: "67187" "STARLINK-35880"
Satellite removed: "66830" "STARLINK-35881"
Satellite removed: "67088" "STARLINK-35882"
Satellite removed: "66892" "STARLINK-35883"
Satellite removed: "67044" "STARLINK-35884"
Satellite removed: "66890" "STARLINK-35885"
Satellite removed: "66838" "STARLINK-35886"
Satellite removed: "66959" "STARLINK-35887"
Satellite removed: "67190" "STARLINK-35888"
Satellite removed: "67189" "STARLINK-35889"
Satellite removed: "51997" "STARLINK-3589"
Satellite removed: "66835" "STARLINK-35890"
Satellite removed: "67045" "STARLINK-35891"
Satellite removed: "67115" "STARLINK-35892"
Satellite removed: "66565" "STARLINK-35893"
Satellite removed: "66500" "STARLINK-35894"
Satellite removed: "66354" "STARLINK-35895"
Satellite removed: "66824" "STARLINK-35896"
Satellite removed: "66501" "STARLINK-35897"
Satellite removed: "66826" "STARLINK-35898"
Satellite removed: "66497" "STARLINK-35899"
Satellite removed: "51867" "STARLINK-3590"
Satellite removed: "66886" "STARLINK-35900"
Satellite removed: "67043" "STARLINK-35901"
Satellite removed: "66626" "STARLINK-35902"
Satellite removed: "67168" "STARLINK-35903"
Satellite removed: "66627" "STARLINK-35904"
Satellite removed: "67048" "STARLINK-35905"
Satellite removed: "67112" "STARLINK-35906"
Satellite removed: "66498" "STARLINK-35907"
Satellite removed: "66639" "STARLINK-35908"
Satellite removed: "66496" "STARLINK-35909"
Satellite removed: "51870" "STARLINK-3591"
Satellite removed: "67184" "STARLINK-35910"
Satellite removed: "68051" "STARLINK-35911"
Satellite removed: "66882" "STARLINK-35912"
Satellite removed: "67004" "STARLINK-35913"
Satellite removed: "66532" "STARLINK-35914"
Satellite removed: "66521" "STARLINK-35915"
Satellite removed: "66504" "STARLINK-35916"
Satellite removed: "66503" "STARLINK-35917"
Satellite removed: "66643" "STARLINK-35918"
Satellite removed: "66888" "STARLINK-35919"
Satellite removed: "51801" "STARLINK-3592"
Satellite removed: "66623" "STARLINK-35920"
Satellite removed: "66640" "STARLINK-35921"
Satellite removed: "66502" "STARLINK-35922"
Satellite removed: "66641" "STARLINK-35923"
Satellite removed: "66516" "STARLINK-35924"
Satellite removed: "66887" "STARLINK-35925"
Satellite removed: "66642" "STARLINK-35926"
Satellite removed: "66624" "STARLINK-35927"
Satellite removed: "66528" "STARLINK-35928"
Satellite removed: "66625" "STARLINK-35929"
Satellite removed: "51896" "STARLINK-3593"
Satellite removed: "66599" "STARLINK-35930"
Satellite removed: "66519" "STARLINK-35931"
Satellite removed: "66526" "STARLINK-35932"
Satellite removed: "66529" "STARLINK-35933"
Satellite removed: "67542" "STARLINK-35934"
Satellite removed: "66527" "STARLINK-35935"
Satellite removed: "66620" "STARLINK-35936"
Satellite removed: "66517" "STARLINK-35937"
Satellite removed: "66644" "STARLINK-35938"
Satellite removed: "66584" "STARLINK-35939"
Satellite removed: "51895" "STARLINK-3594"
Satellite removed: "66617" "STARLINK-35940"
Satellite removed: "66583" "STARLINK-35941"
Satellite removed: "66926" "STARLINK-35942"
Satellite removed: "66927" "STARLINK-35943"
Satellite removed: "66928" "STARLINK-35944"
Satellite removed: "66925" "STARLINK-35945"
Satellite removed: "66522" "STARLINK-35946"
Satellite removed: "66883" "STARLINK-35947"
Satellite removed: "66633" "STARLINK-35948"
Satellite removed: "66630" "STARLINK-35949"
Satellite removed: "51894" "STARLINK-3595"
Satellite removed: "66622" "STARLINK-35950"
Satellite removed: "66619" "STARLINK-35951"
Satellite removed: "66520" "STARLINK-35952"
Satellite removed: "66637" "STARLINK-35953"
Satellite removed: "66885" "STARLINK-35954"
Satellite removed: "66635" "STARLINK-35955"
Satellite removed: "66823" "STARLINK-35957"
Satellite removed: "66822" "STARLINK-35958"
Satellite removed: "66827" "STARLINK-35959"
Satellite removed: "66531" "STARLINK-35960"
Satellite removed: "66530" "STARLINK-35961"
Satellite removed: "66518" "STARLINK-35962"
Satellite removed: "66585" "STARLINK-35963"
Satellite removed: "66796" "STARLINK-35964"
Satellite removed: "66631" "STARLINK-35965"
Satellite removed: "66821" "STARLINK-35966"
Satellite removed: "66634" "STARLINK-35967"
Satellite removed: "66636" "STARLINK-35968"
Satellite removed: "66523" "STARLINK-35969"
Satellite removed: "51898" "STARLINK-3597"
Satellite removed: "66618" "STARLINK-35970"
Satellite removed: "66895" "STARLINK-35971"
Satellite removed: "66638" "STARLINK-35972"
Satellite removed: "66632" "STARLINK-35973"
Satellite removed: "66862" "STARLINK-35974"
Satellite removed: "66525" "STARLINK-35975"
Satellite removed: "66534" "STARLINK-35976"
Satellite removed: "66604" "STARLINK-35977"
Satellite removed: "66601" "STARLINK-35978"
Satellite removed: "66809" "STARLINK-35979"
Satellite removed: "51897" "STARLINK-3598"
Satellite removed: "66600" "STARLINK-35980"
Satellite removed: "66598" "STARLINK-35981"
Satellite removed: "66828" "STARLINK-35982"
Satellite removed: "66902" "STARLINK-35983"
Satellite removed: "66814" "STARLINK-35984"
Satellite removed: "66815" "STARLINK-35985"
Satellite removed: "66853" "STARLINK-35986"
Satellite removed: "66860" "STARLINK-35987"
Satellite removed: "66615" "STARLINK-35988"
Satellite removed: "66819" "STARLINK-35989"
Satellite removed: "51814" "STARLINK-3599"
Satellite removed: "66792" "STARLINK-35990"
Satellite removed: "66861" "STARLINK-35991"
Satellite removed: "66852" "STARLINK-35992"
Satellite removed: "66607" "STARLINK-35993"
Satellite removed: "66818" "STARLINK-35994"
Satellite removed: "66817" "STARLINK-35995"
Satellite removed: "66800" "STARLINK-35996"
Satellite removed: "66843" "STARLINK-35997"
Satellite removed: "68055" "STARLINK-35998"
Satellite removed: "66951" "STARLINK-35999"
Satellite removed: "66807" "STARLINK-36000"
Satellite removed: "51804" "STARLINK-3601"
Satellite removed: "51791" "STARLINK-3602"
Satellite removed: "66593" "STARLINK-36031"
Satellite removed: "66594" "STARLINK-36032"
Satellite removed: "66893" "STARLINK-36033"
Satellite removed: "66609" "STARLINK-36034"
Satellite removed: "67082" "STARLINK-36035"
Satellite removed: "66608" "STARLINK-36036"
Satellite removed: "66613" "STARLINK-36037"
Satellite removed: "66804" "STARLINK-36038"
Satellite removed: "66612" "STARLINK-36039"
Satellite removed: "51815" "STARLINK-3604"
Satellite removed: "66614" "STARLINK-36040"
Satellite removed: "66798" "STARLINK-36041"
Satellite removed: "66813" "STARLINK-36042"
Satellite removed: "66901" "STARLINK-36043"
Satellite removed: "66799" "STARLINK-36044"
Satellite removed: "66811" "STARLINK-36045"
Satellite removed: "66810" "STARLINK-36046"
Satellite removed: "66795" "STARLINK-36047"
Satellite removed: "66603" "STARLINK-36048"
Satellite removed: "66805" "STARLINK-36049"
Satellite removed: "51805" "STARLINK-3605"
Satellite removed: "66602" "STARLINK-36050"
Satellite removed: "66793" "STARLINK-36051"
Satellite removed: "66605" "STARLINK-36052"
Satellite removed: "66875" "STARLINK-36053"
Satellite removed: "66812" "STARLINK-36054"
Satellite removed: "66846" "STARLINK-36055"
Satellite removed: "67206" "STARLINK-36056"
Satellite removed: "66884" "STARLINK-36057"
Satellite removed: "66591" "STARLINK-36058"
Satellite removed: "66904" "STARLINK-36059"
Satellite removed: "51807" "STARLINK-3606"
Satellite removed: "67090" "STARLINK-36060"
Satellite removed: "66847" "STARLINK-36061"
Satellite removed: "66794" "STARLINK-36062"
Satellite removed: "66606" "STARLINK-36063"
Satellite removed: "66899" "STARLINK-36064"
Satellite removed: "66898" "STARLINK-36065"
Satellite removed: "66592" "STARLINK-36066"
Satellite removed: "66965" "STARLINK-36067"
Satellite removed: "66845" "STARLINK-36068"
Satellite removed: "66806" "STARLINK-36069"
Satellite removed: "51809" "STARLINK-3607"
Satellite removed: "66864" "STARLINK-36070"
Satellite removed: "66808" "STARLINK-36071"
Satellite removed: "66856" "STARLINK-36072"
Satellite removed: "66844" "STARLINK-36073"
Satellite removed: "66900" "STARLINK-36074"
Satellite removed: "66905" "STARLINK-36075"
Satellite removed: "66588" "STARLINK-36076"
Satellite removed: "66903" "STARLINK-36077"
Satellite removed: "67050" "STARLINK-36078"
Satellite removed: "66897" "STARLINK-36079"
Satellite removed: "51776" "STARLINK-3608"
Satellite removed: "66801" "STARLINK-36080"
Satellite removed: "67498" "STARLINK-36081"
Satellite removed: "66872" "STARLINK-36082"
Satellite removed: "66857" "STARLINK-36083"
Satellite removed: "66829" "STARLINK-36084"
Satellite removed: "67035" "STARLINK-36085"
Satellite removed: "66980" "STARLINK-36086"
Satellite removed: "66854" "STARLINK-36087"
Satellite removed: "66941" "STARLINK-36088"
Satellite removed: "66947" "STARLINK-36089"
Satellite removed: "51808" "STARLINK-3609"
Satellite removed: "66855" "STARLINK-36090"
Satellite removed: "66848" "STARLINK-36091"
Satellite removed: "66869" "STARLINK-36092"
Satellite removed: "67015" "STARLINK-36093"
Satellite removed: "66851" "STARLINK-36094"
Satellite removed: "66871" "STARLINK-36095"
Satellite removed: "66949" "STARLINK-36096"
Satellite removed: "67091" "STARLINK-36097"
Satellite removed: "66816" "STARLINK-36098"
Satellite removed: "66797" "STARLINK-36099"
Satellite removed: "51812" "STARLINK-3610"
Satellite removed: "66942" "STARLINK-36100"
Satellite removed: "66867" "STARLINK-36101"
Satellite removed: "66849" "STARLINK-36102"
Satellite removed: "66985" "STARLINK-36103"
Satellite removed: "66964" "STARLINK-36104"
Satellite removed: "66850" "STARLINK-36105"
Satellite removed: "67018" "STARLINK-36106"
Satellite removed: "66979" "STARLINK-36107"
Satellite removed: "66868" "STARLINK-36108"
Satellite removed: "66943" "STARLINK-36109"
Satellite removed: "51779" "STARLINK-3611"
Satellite removed: "66945" "STARLINK-36110"
Satellite removed: "66950" "STARLINK-36111"
Satellite removed: "66944" "STARLINK-36112"
Satellite removed: "66982" "STARLINK-36113"
Satellite removed: "66870" "STARLINK-36114"
Satellite removed: "66946" "STARLINK-36115"
Satellite removed: "66948" "STARLINK-36116"
Satellite removed: "66865" "STARLINK-36117"
Satellite removed: "67009" "STARLINK-36118"
Satellite removed: "67619" "STARLINK-36119"
Satellite removed: "51770" "STARLINK-3612"
Satellite removed: "67016" "STARLINK-36120"
Satellite removed: "66940" "STARLINK-36121"
Satellite removed: "66952" "STARLINK-36122"
Satellite removed: "67007" "STARLINK-36123"
Satellite removed: "67121" "STARLINK-36124"
Satellite removed: "67036" "STARLINK-36125"
Satellite removed: "66866" "STARLINK-36126"
Satellite removed: "66935" "STARLINK-36127"
Satellite removed: "66873" "STARLINK-36128"
Satellite removed: "66874" "STARLINK-36129"
Satellite removed: "51810" "STARLINK-3613"
Satellite removed: "66931" "STARLINK-36130"
Satellite removed: "67032" "STARLINK-36131"
Satellite removed: "67028" "STARLINK-36132"
Satellite removed: "66963" "STARLINK-36133"
Satellite removed: "66863" "STARLINK-36134"
Satellite removed: "66986" "STARLINK-36135"
Satellite removed: "66967" "STARLINK-36136"
Satellite removed: "67033" "STARLINK-36137"
Satellite removed: "67030" "STARLINK-36138"
Satellite removed: "66966" "STARLINK-36139"
Satellite removed: "51771" "STARLINK-3614"
Satellite removed: "67034" "STARLINK-36140"
Satellite removed: "67057" "STARLINK-36141"
Satellite removed: "66981" "STARLINK-36142"
Satellite removed: "67056" "STARLINK-36143"
Satellite removed: "67829" "STARLINK-36144"
Satellite removed: "66983" "STARLINK-36145"
Satellite removed: "67426" "STARLINK-36146"
Satellite removed: "66987" "STARLINK-36147"
Satellite removed: "67005" "STARLINK-36148"
Satellite removed: "66969" "STARLINK-36149"
Satellite removed: "51778" "STARLINK-3615"
Satellite removed: "67031" "STARLINK-36150"
Satellite removed: "67123" "STARLINK-36151"
Satellite removed: "66968" "STARLINK-36152"
Satellite removed: "66934" "STARLINK-36153"
Satellite removed: "66939" "STARLINK-36154"
Satellite removed: "66938" "STARLINK-36155"
Satellite removed: "67006" "STARLINK-36156"
Satellite removed: "66933" "STARLINK-36157"
Satellite removed: "67080" "STARLINK-36158"
Satellite removed: "67079" "STARLINK-36159"
Satellite removed: "51782" "STARLINK-3616"
Satellite removed: "66936" "STARLINK-36160"
Satellite removed: "67008" "STARLINK-36163"
Satellite removed: "67127" "STARLINK-36164"
Satellite removed: "66937" "STARLINK-36165"
Satellite removed: "67084" "STARLINK-36166"
Satellite removed: "67011" "STARLINK-36167"
Satellite removed: "68677" "STARLINK-36168"
Satellite removed: "66929" "STARLINK-36169"
Satellite removed: "51780" "STARLINK-3617"
Satellite removed: "67083" "STARLINK-36170"
Satellite removed: "67027" "STARLINK-36171"
Satellite removed: "67020" "STARLINK-36172"
Satellite removed: "67210" "STARLINK-36173"
Satellite removed: "67166" "STARLINK-36174"
Satellite removed: "67012" "STARLINK-36175"
Satellite removed: "67026" "STARLINK-36176"
Satellite removed: "66932" "STARLINK-36177"
Satellite removed: "67025" "STARLINK-36178"
Satellite removed: "67119" "STARLINK-36179"
Satellite removed: "51998" "STARLINK-3618"
Satellite removed: "67114" "STARLINK-36180"
Satellite removed: "68047" "STARLINK-36181"
Satellite removed: "67192" "STARLINK-36182"
Satellite removed: "67173" "STARLINK-36183"
Satellite removed: "67021" "STARLINK-36184"
Satellite removed: "67204" "STARLINK-36185"
Satellite removed: "67165" "STARLINK-36186"
Satellite removed: "68613" "STARLINK-36187"
Satellite removed: "67122" "STARLINK-36188"
Satellite removed: "67010" "STARLINK-36189"
Satellite removed: "51787" "STARLINK-3619"
Satellite removed: "67029" "STARLINK-36190"
Satellite removed: "67023" "STARLINK-36191"
Satellite removed: "67024" "STARLINK-36192"
Satellite removed: "67099" "STARLINK-36193"
Satellite removed: "67130" "STARLINK-36194"
Satellite removed: "67124" "STARLINK-36195"
Satellite removed: "67107" "STARLINK-36196"
Satellite removed: "67205" "STARLINK-36197"
Satellite removed: "67167" "STARLINK-36198"
Satellite removed: "67213" "STARLINK-36199"
Satellite removed: "51775" "STARLINK-3620"
Satellite removed: "67101" "STARLINK-36200"
Satellite removed: "67164" "STARLINK-36201"
Satellite removed: "67094" "STARLINK-36202"
Satellite removed: "67214" "STARLINK-36203"
Satellite removed: "68549" "STARLINK-36204"
Satellite removed: "67098" "STARLINK-36205"
Satellite removed: "66930" "STARLINK-36206"
Satellite removed: "67014" "STARLINK-36207"
Satellite removed: "67108" "STARLINK-36208"
Satellite removed: "67022" "STARLINK-36209"
Satellite removed: "51769" "STARLINK-3621"
Satellite removed: "67174" "STARLINK-36210"
Satellite removed: "67218" "STARLINK-36211"
Satellite removed: "67216" "STARLINK-36212"
Satellite removed: "67212" "STARLINK-36213"
Satellite removed: "67129" "STARLINK-36214"
Satellite removed: "67100" "STARLINK-36215"
Satellite removed: "67217" "STARLINK-36216"
Satellite removed: "67120" "STARLINK-36217"
Satellite removed: "69968" "STARLINK-36218"
Satellite removed: "67125" "STARLINK-36219"
Satellite removed: "51768" "STARLINK-3622"
Satellite removed: "67215" "STARLINK-36221"
Satellite removed: "67097" "STARLINK-36222"
Satellite removed: "67126" "STARLINK-36223"
Satellite removed: "67203" "STARLINK-36224"
Satellite removed: "67207" "STARLINK-36225"
Satellite removed: "67209" "STARLINK-36226"
Satellite removed: "67095" "STARLINK-36227"
Satellite removed: "67096" "STARLINK-36228"
Satellite removed: "68114" "STARLINK-36229"
Satellite removed: "51772" "STARLINK-3623"
Satellite removed: "67075" "STARLINK-36230"
Satellite removed: "68400" "STARLINK-36235"
Satellite removed: "67078" "STARLINK-36236"
Satellite removed: "68337" "STARLINK-36237"
Satellite removed: "68563" "STARLINK-36238"
Satellite removed: "67196" "STARLINK-36239"
Satellite removed: "51773" "STARLINK-3624"
Satellite removed: "67076" "STARLINK-36240"
Satellite removed: "68154" "STARLINK-36241"
Satellite removed: "68958" "STARLINK-36242"
Satellite removed: "67077" "STARLINK-36243"
Satellite removed: "68145" "STARLINK-36244"
Satellite removed: "68328" "STARLINK-36245"
Satellite removed: "67939" "STARLINK-36246"
Satellite removed: "68245" "STARLINK-36247"
Satellite removed: "68979" "STARLINK-36248"
Satellite removed: "68532" "STARLINK-36249"
Satellite removed: "51777" "STARLINK-3625"
Satellite removed: "68513" "STARLINK-36250"
Satellite removed: "68093" "STARLINK-36251"
Satellite removed: "68533" "STARLINK-36252"
Satellite removed: "68028" "STARLINK-36253"
Satellite removed: "68338" "STARLINK-36254"
Satellite removed: "67102" "STARLINK-36255"
Satellite removed: "67103" "STARLINK-36256"
Satellite removed: "67903" "STARLINK-36257"
Satellite removed: "67104" "STARLINK-36258"
Satellite removed: "67106" "STARLINK-36259"
Satellite removed: "51792" "STARLINK-3626"
Satellite removed: "67732" "STARLINK-36260"
Satellite removed: "67105" "STARLINK-36261"
Satellite removed: "67201" "STARLINK-36262"
Satellite removed: "67202" "STARLINK-36263"
Satellite removed: "68307" "STARLINK-36264"
Satellite removed: "67208" "STARLINK-36265"
Satellite removed: "67984" "STARLINK-36266"
Satellite removed: "67198" "STARLINK-36267"
Satellite removed: "67199" "STARLINK-36268"
Satellite removed: "67472" "STARLINK-36269"
Satellite removed: "67200" "STARLINK-36270"
Satellite removed: "68703" "STARLINK-36271"
Satellite removed: "68215" "STARLINK-36272"
Satellite removed: "68166" "STARLINK-36273"
Satellite removed: "68251" "STARLINK-36274"
Satellite removed: "68702" "STARLINK-36275"
Satellite removed: "67852" "STARLINK-36276"
Satellite removed: "68305" "STARLINK-36277"
Satellite removed: "68685" "STARLINK-36278"
Satellite removed: "67193" "STARLINK-36279"
Satellite removed: "51783" "STARLINK-3628"
Satellite removed: "67211" "STARLINK-36280"
Satellite removed: "67605" "STARLINK-36281"
Satellite removed: "67197" "STARLINK-36283"
Satellite removed: "67194" "STARLINK-36284"
Satellite removed: "68530" "STARLINK-36285"
Satellite removed: "69162" "STARLINK-36286"
Satellite removed: "67708" "STARLINK-36287"
Satellite removed: "69164" "STARLINK-36288"
Satellite removed: "67827" "STARLINK-36289"
Satellite removed: "51774" "STARLINK-3629"
Satellite removed: "68516" "STARLINK-36290"
Satellite removed: "67195" "STARLINK-36291"
Satellite removed: "68509" "STARLINK-36292"
Satellite removed: "68515" "STARLINK-36293"
Satellite removed: "68531" "STARLINK-36294"
Satellite removed: "68667" "STARLINK-36295"
Satellite removed: "68380" "STARLINK-36296"
Satellite removed: "67671" "STARLINK-36297"
Satellite removed: "68517" "STARLINK-36298"
Satellite removed: "68534" "STARLINK-36299"
Satellite removed: "68303" "STARLINK-36300"
Satellite removed: "67932" "STARLINK-36301"
Satellite removed: "68524" "STARLINK-36302"
Satellite removed: "68969" "STARLINK-36303"
Satellite removed: "68550" "STARLINK-36304"
Satellite removed: "68189" "STARLINK-36305"
Satellite removed: "68160" "STARLINK-36306"
Satellite removed: "68306" "STARLINK-36307"
Satellite removed: "68543" "STARLINK-36308"
Satellite removed: "68325" "STARLINK-36309"
Satellite removed: "51790" "STARLINK-3631"
Satellite removed: "68244" "STARLINK-36310"
Satellite removed: "68525" "STARLINK-36311"
Satellite removed: "67609" "STARLINK-36312"
Satellite removed: "68156" "STARLINK-36313"
Satellite removed: "68741" "STARLINK-36314"
Satellite removed: "67731" "STARLINK-36315"
Satellite removed: "67705" "STARLINK-36316"
Satellite removed: "67736" "STARLINK-36317"
Satellite removed: "68048" "STARLINK-36318"
Satellite removed: "67970" "STARLINK-36319"
Satellite removed: "51784" "STARLINK-3632"
Satellite removed: "68090" "STARLINK-36320"
Satellite removed: "68046" "STARLINK-36321"
Satellite removed: "68522" "STARLINK-36322"
Satellite removed: "68259" "STARLINK-36323"
Satellite removed: "68091" "STARLINK-36324"
Satellite removed: "67861" "STARLINK-36325"
Satellite removed: "68519" "STARLINK-36326"
Satellite removed: "67738" "STARLINK-36327"
Satellite removed: "68096" "STARLINK-36328"
Satellite removed: "67739" "STARLINK-36329"
Satellite removed: "67737" "STARLINK-36330"
Satellite removed: "67862" "STARLINK-36332"
Satellite removed: "68256" "STARLINK-36333"
Satellite removed: "67471" "STARLINK-36334"
Satellite removed: "68015" "STARLINK-36335"
Satellite removed: "67901" "STARLINK-36336"
Satellite removed: "68716" "STARLINK-36337"
Satellite removed: "67704" "STARLINK-36338"
Satellite removed: "67340" "STARLINK-36339"
Satellite removed: "51798" "STARLINK-3634"
Satellite removed: "67918" "STARLINK-36341"
Satellite removed: "67649" "STARLINK-36342"
Satellite removed: "67816" "STARLINK-36343"
Satellite removed: "67710" "STARLINK-36344"
Satellite removed: "68243" "STARLINK-36345"
Satellite removed: "67818" "STARLINK-36346"
Satellite removed: "68521" "STARLINK-36347"
Satellite removed: "67851" "STARLINK-36348"
Satellite removed: "67964" "STARLINK-36349"
Satellite removed: "51981" "STARLINK-3635"
Satellite removed: "67572" "STARLINK-36350"
Satellite removed: "67607" "STARLINK-36351"
Satellite removed: "67567" "STARLINK-36352"
Satellite removed: "67820" "STARLINK-36353"
Satellite removed: "67800" "STARLINK-36354"
Satellite removed: "68298" "STARLINK-36355"
Satellite removed: "68242" "STARLINK-36356"
Satellite removed: "67963" "STARLINK-36357"
Satellite removed: "67598" "STARLINK-36358"
Satellite removed: "67979" "STARLINK-36359"
Satellite removed: "51995" "STARLINK-3636"
Satellite removed: "68402" "STARLINK-36360"
Satellite removed: "67900" "STARLINK-36361"
Satellite removed: "67424" "STARLINK-36362"
Satellite removed: "67890" "STARLINK-36363"
Satellite removed: "67978" "STARLINK-36364"
Satellite removed: "67666" "STARLINK-36365"
Satellite removed: "68122" "STARLINK-36366"
Satellite removed: "67629" "STARLINK-36367"
Satellite removed: "67887" "STARLINK-36368"
Satellite removed: "67723" "STARLINK-36369"
Satellite removed: "51799" "STARLINK-3637"
Satellite removed: "67937" "STARLINK-36370"
Satellite removed: "67938" "STARLINK-36371"
Satellite removed: "67889" "STARLINK-36372"
Satellite removed: "68039" "STARLINK-36373"
Satellite removed: "67417" "STARLINK-36374"
Satellite removed: "67920" "STARLINK-36375"
Satellite removed: "67590" "STARLINK-36376"
Satellite removed: "67812" "STARLINK-36377"
Satellite removed: "68025" "STARLINK-36378"
Satellite removed: "68769" "STARLINK-36379"
Satellite removed: "51786" "STARLINK-3638"
Satellite removed: "68344" "STARLINK-36380"
Satellite removed: "67952" "STARLINK-36381"
Satellite removed: "67807" "STARLINK-36382"
Satellite removed: "67597" "STARLINK-36384"
Satellite removed: "67717" "STARLINK-36385"
Satellite removed: "68612" "STARLINK-36386"
Satellite removed: "68037" "STARLINK-36388"
Satellite removed: "67806" "STARLINK-36389"
Satellite removed: "51789" "STARLINK-3639"
Satellite removed: "67886" "STARLINK-36390"
Satellite removed: "67591" "STARLINK-36391"
Satellite removed: "68115" "STARLINK-36392"
Satellite removed: "67859" "STARLINK-36393"
Satellite removed: "67566" "STARLINK-36394"
Satellite removed: "67554" "STARLINK-36395"
Satellite removed: "67494" "STARLINK-36396"
Satellite removed: "67538" "STARLINK-36397"
Satellite removed: "67562" "STARLINK-36398"
Satellite removed: "67665" "STARLINK-36399"
Satellite removed: "51988" "STARLINK-3640"
Satellite removed: "67575" "STARLINK-36400"
Satellite removed: "67696" "STARLINK-36401"
Satellite removed: "68966" "STARLINK-36402"
Satellite removed: "67563" "STARLINK-36403"
Satellite removed: "67664" "STARLINK-36404"
Satellite removed: "67921" "STARLINK-36405"
Satellite removed: "67923" "STARLINK-36406"
Satellite removed: "67612" "STARLINK-36407"
Satellite removed: "67473" "STARLINK-36408"
Satellite removed: "67406" "STARLINK-36409"
Satellite removed: "51788" "STARLINK-3641"
Satellite removed: "67337" "STARLINK-36410"
Satellite removed: "67608" "STARLINK-36411"
Satellite removed: "67518" "STARLINK-36412"
Satellite removed: "67338" "STARLINK-36413"
Satellite removed: "67468" "STARLINK-36414"
Satellite removed: "67519" "STARLINK-36415"
Satellite removed: "67533" "STARLINK-36417"
Satellite removed: "67422" "STARLINK-36418"
Satellite removed: "67584" "STARLINK-36419"
Satellite removed: "51989" "STARLINK-3642"
Satellite removed: "67347" "STARLINK-36420"
Satellite removed: "67464" "STARLINK-36421"
Satellite removed: "67344" "STARLINK-36422"
Satellite removed: "67448" "STARLINK-36423"
Satellite removed: "67419" "STARLINK-36424"
Satellite removed: "67467" "STARLINK-36425"
Satellite removed: "67560" "STARLINK-36426"
Satellite removed: "67333" "STARLINK-36427"
Satellite removed: "67362" "STARLINK-36428"
Satellite removed: "67356" "STARLINK-36429"
Satellite removed: "51992" "STARLINK-3643"
Satellite removed: "67326" "STARLINK-36430"
Satellite removed: "67421" "STARLINK-36431"
Satellite removed: "67342" "STARLINK-36432"
Satellite removed: "67501" "STARLINK-36433"
Satellite removed: "67322" "STARLINK-36434"
Satellite removed: "67568" "STARLINK-36435"
Satellite removed: "67626" "STARLINK-36436"
Satellite removed: "67465" "STARLINK-36437"
Satellite removed: "67625" "STARLINK-36438"
Satellite removed: "67624" "STARLINK-36439"
Satellite removed: "51987" "STARLINK-3644"
Satellite removed: "67447" "STARLINK-36440"
Satellite removed: "67469" "STARLINK-36441"
Satellite removed: "67413" "STARLINK-36442"
Satellite removed: "67431" "STARLINK-36443"
Satellite removed: "67521" "STARLINK-36444"
Satellite removed: "67313" "STARLINK-36445"
Satellite removed: "67412" "STARLINK-36446"
Satellite removed: "67425" "STARLINK-36447"
Satellite removed: "67354" "STARLINK-36448"
Satellite removed: "67308" "STARLINK-36449"
Satellite removed: "51986" "STARLINK-3645"
Satellite removed: "67317" "STARLINK-36450"
Satellite removed: "67339" "STARLINK-36451"
Satellite removed: "67405" "STARLINK-36452"
Satellite removed: "67341" "STARLINK-36453"
Satellite removed: "67470" "STARLINK-36454"
Satellite removed: "67418" "STARLINK-36455"
Satellite removed: "67357" "STARLINK-36456"
Satellite removed: "67349" "STARLINK-36457"
Satellite removed: "67343" "STARLINK-36458"
Satellite removed: "67427" "STARLINK-36459"
Satellite removed: "51785" "STARLINK-3646"
Satellite removed: "67432" "STARLINK-36460"
Satellite removed: "67316" "STARLINK-36461"
Satellite removed: "67321" "STARLINK-36462"
Satellite removed: "67315" "STARLINK-36463"
Satellite removed: "67428" "STARLINK-36464"
Satellite removed: "67423" "STARLINK-36465"
Satellite removed: "67358" "STARLINK-36466"
Satellite removed: "67348" "STARLINK-36467"
Satellite removed: "67415" "STARLINK-36468"
Satellite removed: "67360" "STARLINK-36469"
Satellite removed: "51994" "STARLINK-3647"
Satellite removed: "67319" "STARLINK-36470"
Satellite removed: "67324" "STARLINK-36471"
Satellite removed: "67346" "STARLINK-36472"
Satellite removed: "67325" "STARLINK-36473"
Satellite removed: "67353" "STARLINK-36474"
Satellite removed: "67350" "STARLINK-36475"
Satellite removed: "67314" "STARLINK-36476"
Satellite removed: "67355" "STARLINK-36477"
Satellite removed: "67351" "STARLINK-36478"
Satellite removed: "67352" "STARLINK-36479"
Satellite removed: "51993" "STARLINK-3648"
Satellite removed: "67336" "STARLINK-36480"
Satellite removed: "67307" "STARLINK-36481"
Satellite removed: "67309" "STARLINK-36482"
Satellite removed: "67330" "STARLINK-36483"
Satellite removed: "67404" "STARLINK-36484"
Satellite removed: "67312" "STARLINK-36485"
Satellite removed: "67335" "STARLINK-36486"
Satellite removed: "67416" "STARLINK-36487"
Satellite removed: "67306" "STARLINK-36488"
Satellite removed: "67328" "STARLINK-36489"
Satellite removed: "51980" "STARLINK-3649"
Satellite removed: "67305" "STARLINK-36490"
Satellite removed: "67310" "STARLINK-36491"
Satellite removed: "67332" "STARLINK-36492"
Satellite removed: "67456" "STARLINK-36493"
Satellite removed: "67331" "STARLINK-36494"
Satellite removed: "67311" "STARLINK-36495"
Satellite removed: "67329" "STARLINK-36496"
Satellite removed: "67323" "STARLINK-36497"
Satellite removed: "67318" "STARLINK-36498"
Satellite removed: "67359" "STARLINK-36499"
Satellite removed: "67320" "STARLINK-36500"
Satellite removed: "67327" "STARLINK-36501"
Satellite removed: "67627" "STARLINK-36502"
Satellite removed: "67411" "STARLINK-36503"
Satellite removed: "67462" "STARLINK-36504"
Satellite removed: "67463" "STARLINK-36505"
Satellite removed: "67414" "STARLINK-36506"
Satellite removed: "67409" "STARLINK-36507"
Satellite removed: "67410" "STARLINK-36508"
Satellite removed: "67408" "STARLINK-36509"
Satellite removed: "51985" "STARLINK-3651"
Satellite removed: "67407" "STARLINK-36510"
Satellite removed: "67451" "STARLINK-36511"
Satellite removed: "67504" "STARLINK-36512"
Satellite removed: "67429" "STARLINK-36513"
Satellite removed: "67641" "STARLINK-36514"
Satellite removed: "67430" "STARLINK-36515"
Satellite removed: "67455" "STARLINK-36516"
Satellite removed: "67454" "STARLINK-36517"
Satellite removed: "67453" "STARLINK-36518"
Satellite removed: "67449" "STARLINK-36519"
Satellite removed: "51991" "STARLINK-3652"
Satellite removed: "67466" "STARLINK-36520"
Satellite removed: "67507" "STARLINK-36521"
Satellite removed: "67461" "STARLINK-36522"
Satellite removed: "67460" "STARLINK-36523"
Satellite removed: "67452" "STARLINK-36524"
Satellite removed: "67450" "STARLINK-36525"
Satellite removed: "67508" "STARLINK-36526"
Satellite removed: "67631" "STARLINK-36527"
Satellite removed: "67458" "STARLINK-36528"
Satellite removed: "67457" "STARLINK-36529"
Satellite removed: "52000" "STARLINK-3653"
Satellite removed: "67514" "STARLINK-36530"
Satellite removed: "67513" "STARLINK-36531"
Satellite removed: "67628" "STARLINK-36532"
Satellite removed: "67643" "STARLINK-36533"
Satellite removed: "67496" "STARLINK-36534"
Satellite removed: "67986" "STARLINK-36535"
Satellite removed: "69510" "STARLINK-36536"
Satellite removed: "67516" "STARLINK-36537"
Satellite removed: "67512" "STARLINK-36538"
Satellite removed: "67446" "STARLINK-36539"
Satellite removed: "67511" "STARLINK-36540"
Satellite removed: "67509" "STARLINK-36541"
Satellite removed: "67445" "STARLINK-36542"
Satellite removed: "67515" "STARLINK-36543"
Satellite removed: "67517" "STARLINK-36544"
Satellite removed: "67505" "STARLINK-36545"
Satellite removed: "67459" "STARLINK-36546"
Satellite removed: "67520" "STARLINK-36547"
Satellite removed: "67617" "STARLINK-36548"
Satellite removed: "67510" "STARLINK-36549"
Satellite removed: "51983" "STARLINK-3655"
Satellite removed: "67495" "STARLINK-36550"
Satellite removed: "67493" "STARLINK-36551"
Satellite removed: "67503" "STARLINK-36552"
Satellite removed: "67506" "STARLINK-36553"
Satellite removed: "67502" "STARLINK-36554"
Satellite removed: "67497" "STARLINK-36555"
Satellite removed: "67642" "STARLINK-36556"
Satellite removed: "67500" "STARLINK-36557"
Satellite removed: "67499" "STARLINK-36558"
Satellite removed: "67555" "STARLINK-36559"
Satellite removed: "67585" "STARLINK-36560"
Satellite removed: "67537" "STARLINK-36561"
Satellite removed: "67570" "STARLINK-36562"
Satellite removed: "67550" "STARLINK-36563"
Satellite removed: "67549" "STARLINK-36564"
Satellite removed: "67544" "STARLINK-36565"
Satellite removed: "67551" "STARLINK-36566"
Satellite removed: "67552" "STARLINK-36567"
Satellite removed: "68017" "STARLINK-36568"
Satellite removed: "67553" "STARLINK-36569"
Satellite removed: "51990" "STARLINK-3657"
Satellite removed: "67640" "STARLINK-36570"
Satellite removed: "67579" "STARLINK-36571"
Satellite removed: "67536" "STARLINK-36572"
Satellite removed: "67539" "STARLINK-36573"
Satellite removed: "67535" "STARLINK-36574"
Satellite removed: "67569" "STARLINK-36575"
Satellite removed: "67534" "STARLINK-36576"
Satellite removed: "67583" "STARLINK-36577"
Satellite removed: "67571" "STARLINK-36578"
Satellite removed: "67541" "STARLINK-36579"
Satellite removed: "52107" "STARLINK-3658"
Satellite removed: "67546" "STARLINK-36580"
Satellite removed: "67543" "STARLINK-36581"
Satellite removed: "67599" "STARLINK-36582"
Satellite removed: "67545" "STARLINK-36583"
Satellite removed: "67547" "STARLINK-36584"
Satellite removed: "67540" "STARLINK-36585"
Satellite removed: "67548" "STARLINK-36586"
Satellite removed: "67532" "STARLINK-36587"
Satellite removed: "67573" "STARLINK-36588"
Satellite removed: "67843" "STARLINK-36589"
Satellite removed: "52001" "STARLINK-3659"
Satellite removed: "67577" "STARLINK-36590"
Satellite removed: "67576" "STARLINK-36591"
Satellite removed: "68007" "STARLINK-36592"
Satellite removed: "67564" "STARLINK-36593"
Satellite removed: "67574" "STARLINK-36594"
Satellite removed: "67639" "STARLINK-36595"
Satellite removed: "67670" "STARLINK-36596"
Satellite removed: "67613" "STARLINK-36597"
Satellite removed: "67844" "STARLINK-36598"
Satellite removed: "67638" "STARLINK-36599"
Satellite removed: "51977" "STARLINK-3660"
Satellite removed: "67623" "STARLINK-36600"
Satellite removed: "67618" "STARLINK-36601"
Satellite removed: "67849" "STARLINK-36602"
Satellite removed: "67592" "STARLINK-36603"
Satellite removed: "68142" "STARLINK-36604"
Satellite removed: "67604" "STARLINK-36605"
Satellite removed: "67845" "STARLINK-36606"
Satellite removed: "67620" "STARLINK-36607"
Satellite removed: "67854" "STARLINK-36608"
Satellite removed: "67582" "STARLINK-36609"
Satellite removed: "52129" "STARLINK-3661"
Satellite removed: "67637" "STARLINK-36610"
Satellite removed: "67830" "STARLINK-36611"
Satellite removed: "67580" "STARLINK-36612"
Satellite removed: "67578" "STARLINK-36613"
Satellite removed: "67622" "STARLINK-36614"
Satellite removed: "67621" "STARLINK-36615"
Satellite removed: "67672" "STARLINK-36616"
Satellite removed: "67634" "STARLINK-36617"
Satellite removed: "67847" "STARLINK-36618"
Satellite removed: "67645" "STARLINK-36619"
Satellite removed: "67654" "STARLINK-36620"
Satellite removed: "67561" "STARLINK-36621"
Satellite removed: "67667" "STARLINK-36622"
Satellite removed: "67644" "STARLINK-36623"
Satellite removed: "67636" "STARLINK-36624"
Satellite removed: "67668" "STARLINK-36625"
Satellite removed: "67603" "STARLINK-36626"
Satellite removed: "67635" "STARLINK-36627"
Satellite removed: "67595" "STARLINK-36628"
Satellite removed: "67596" "STARLINK-36629"
Satellite removed: "67703" "STARLINK-36630"
Satellite removed: "67602" "STARLINK-36631"
Satellite removed: "67581" "STARLINK-36632"
Satellite removed: "67632" "STARLINK-36633"
Satellite removed: "67593" "STARLINK-36634"
Satellite removed: "67601" "STARLINK-36635"
Satellite removed: "67611" "STARLINK-36636"
Satellite removed: "67633" "STARLINK-36637"
Satellite removed: "67594" "STARLINK-36638"
Satellite removed: "67669" "STARLINK-36639"
Satellite removed: "51984" "STARLINK-3664"
Satellite removed: "67600" "STARLINK-36640"
Satellite removed: "67589" "STARLINK-36641"
Satellite removed: "67659" "STARLINK-36642"
Satellite removed: "67822" "STARLINK-36643"
Satellite removed: "67821" "STARLINK-36644"
Satellite removed: "67707" "STARLINK-36645"
Satellite removed: "67823" "STARLINK-36646"
Satellite removed: "67824" "STARLINK-36647"
Satellite removed: "67825" "STARLINK-36648"
Satellite removed: "67837" "STARLINK-36649"
Satellite removed: "52098" "STARLINK-3665"
Satellite removed: "67836" "STARLINK-36650"
Satellite removed: "67840" "STARLINK-36651"
Satellite removed: "67839" "STARLINK-36652"
Satellite removed: "67842" "STARLINK-36653"
Satellite removed: "67838" "STARLINK-36654"
Satellite removed: "67834" "STARLINK-36655"
Satellite removed: "67841" "STARLINK-36656"
Satellite removed: "67835" "STARLINK-36657"
Satellite removed: "67846" "STARLINK-36658"
Satellite removed: "67833" "STARLINK-36659"
Satellite removed: "67848" "STARLINK-36660"
Satellite removed: "67831" "STARLINK-36661"
Satellite removed: "67832" "STARLINK-36662"
Satellite removed: "67919" "STARLINK-36663"
Satellite removed: "68965" "STARLINK-36664"
Satellite removed: "68968" "STARLINK-36665"
Satellite removed: "69193" "STARLINK-36666"
Satellite removed: "68975" "STARLINK-36667"
Satellite removed: "68177" "STARLINK-36668"
Satellite removed: "68675" "STARLINK-36669"
Satellite removed: "67828" "STARLINK-36670"
Satellite removed: "68967" "STARLINK-36671"
Satellite removed: "68674" "STARLINK-36672"
Satellite removed: "67660" "STARLINK-36673"
Satellite removed: "67661" "STARLINK-36674"
Satellite removed: "67663" "STARLINK-36675"
Satellite removed: "67912" "STARLINK-36676"
Satellite removed: "68178" "STARLINK-36677"
Satellite removed: "52002" "STARLINK-3668"
Satellite removed: "68721" "STARLINK-36680"
Satellite removed: "68720" "STARLINK-36681"
Satellite removed: "68718" "STARLINK-36684"
Satellite removed: "68717" "STARLINK-36685"
Satellite removed: "68719" "STARLINK-36686"
Satellite removed: "67711" "STARLINK-36687"
Satellite removed: "67656" "STARLINK-36688"
Satellite removed: "67878" "STARLINK-36689"
Satellite removed: "51971" "STARLINK-3669"
Satellite removed: "67913" "STARLINK-36690"
Satellite removed: "67735" "STARLINK-36691"
Satellite removed: "67744" "STARLINK-36692"
Satellite removed: "67742" "STARLINK-36693"
Satellite removed: "67653" "STARLINK-36694"
Satellite removed: "67702" "STARLINK-36695"
Satellite removed: "67651" "STARLINK-36696"
Satellite removed: "67698" "STARLINK-36697"
Satellite removed: "67709" "STARLINK-36698"
Satellite removed: "67652" "STARLINK-36699"
Satellite removed: "52106" "STARLINK-3670"
Satellite removed: "67662" "STARLINK-36700"
Satellite removed: "67658" "STARLINK-36701"
Satellite removed: "67714" "STARLINK-36702"
Satellite removed: "67650" "STARLINK-36703"
Satellite removed: "67697" "STARLINK-36704"
Satellite removed: "67712" "STARLINK-36705"
Satellite removed: "67657" "STARLINK-36706"
Satellite removed: "67706" "STARLINK-36707"
Satellite removed: "67713" "STARLINK-36708"
Satellite removed: "67969" "STARLINK-36709"
Satellite removed: "51972" "STARLINK-3671"
Satellite removed: "67971" "STARLINK-36710"
Satellite removed: "68040" "STARLINK-36711"
Satellite removed: "67700" "STARLINK-36712"
Satellite removed: "67701" "STARLINK-36713"
Satellite removed: "67924" "STARLINK-36714"
Satellite removed: "67716" "STARLINK-36715"
Satellite removed: "67699" "STARLINK-36716"
Satellite removed: "67743" "STARLINK-36717"
Satellite removed: "67715" "STARLINK-36718"
Satellite removed: "67648" "STARLINK-36719"
Satellite removed: "51974" "STARLINK-3672"
Satellite removed: "67655" "STARLINK-36720"
Satellite removed: "67916" "STARLINK-36721"
Satellite removed: "67917" "STARLINK-36722"
Satellite removed: "67915" "STARLINK-36723"
Satellite removed: "67914" "STARLINK-36724"
Satellite removed: "68285" "STARLINK-36725"
Satellite removed: "67925" "STARLINK-36726"
Satellite removed: "67875" "STARLINK-36727"
Satellite removed: "67927" "STARLINK-36728"
Satellite removed: "67905" "STARLINK-36729"
Satellite removed: "52093" "STARLINK-3673"
Satellite removed: "67874" "STARLINK-36730"
Satellite removed: "68964" "STARLINK-36731"
Satellite removed: "67813" "STARLINK-36732"
Satellite removed: "67811" "STARLINK-36733"
Satellite removed: "67988" "STARLINK-36734"
Satellite removed: "68976" "STARLINK-36735"
Satellite removed: "67911" "STARLINK-36736"
Satellite removed: "67740" "STARLINK-36737"
Satellite removed: "67865" "STARLINK-36738"
Satellite removed: "67802" "STARLINK-36739"
Satellite removed: "51975" "STARLINK-3674"
Satellite removed: "67741" "STARLINK-36740"
Satellite removed: "67727" "STARLINK-36741"
Satellite removed: "67907" "STARLINK-36742"
Satellite removed: "67876" "STARLINK-36743"
Satellite removed: "67987" "STARLINK-36744"
Satellite removed: "68257" "STARLINK-36745"
Satellite removed: "67733" "STARLINK-36746"
Satellite removed: "67730" "STARLINK-36747"
Satellite removed: "67693" "STARLINK-36748"
Satellite removed: "67734" "STARLINK-36749"
Satellite removed: "51963" "STARLINK-3675"
Satellite removed: "67695" "STARLINK-36750"
Satellite removed: "67729" "STARLINK-36751"
Satellite removed: "67724" "STARLINK-36752"
Satellite removed: "67694" "STARLINK-36753"
Satellite removed: "67725" "STARLINK-36754"
Satellite removed: "67726" "STARLINK-36755"
Satellite removed: "67817" "STARLINK-36756"
Satellite removed: "67728" "STARLINK-36757"
Satellite removed: "67926" "STARLINK-36758"
Satellite removed: "68771" "STARLINK-36759"
Satellite removed: "68956" "STARLINK-36760"
Satellite removed: "67867" "STARLINK-36761"
Satellite removed: "67868" "STARLINK-36762"
Satellite removed: "67906" "STARLINK-36763"
Satellite removed: "68963" "STARLINK-36764"
Satellite removed: "68962" "STARLINK-36765"
Satellite removed: "68069" "STARLINK-36766"
Satellite removed: "67814" "STARLINK-36767"
Satellite removed: "67803" "STARLINK-36768"
Satellite removed: "67871" "STARLINK-36769"
Satellite removed: "51970" "STARLINK-3677"
Satellite removed: "67870" "STARLINK-36770"
Satellite removed: "67928" "STARLINK-36771"
Satellite removed: "67721" "STARLINK-36772"
Satellite removed: "67801" "STARLINK-36773"
Satellite removed: "67869" "STARLINK-36779"
Satellite removed: "52121" "STARLINK-3678"
Satellite removed: "67866" "STARLINK-36780"
Satellite removed: "67931" "STARLINK-36781"
Satellite removed: "67805" "STARLINK-36782"
Satellite removed: "67873" "STARLINK-36783"
Satellite removed: "67877" "STARLINK-36784"
Satellite removed: "67853" "STARLINK-36785"
Satellite removed: "67872" "STARLINK-36786"
Satellite removed: "68094" "STARLINK-36787"
Satellite removed: "67819" "STARLINK-36788"
Satellite removed: "68118" "STARLINK-36789"
Satellite removed: "51973" "STARLINK-3679"
Satellite removed: "68095" "STARLINK-36790"
Satellite removed: "68111" "STARLINK-36791"
Satellite removed: "67804" "STARLINK-36792"
Satellite removed: "68955" "STARLINK-36794"
Satellite removed: "67809" "STARLINK-36795"
Satellite removed: "67722" "STARLINK-36796"
Satellite removed: "67815" "STARLINK-36797"
Satellite removed: "67798" "STARLINK-36798"
Satellite removed: "67958" "STARLINK-36799"
Satellite removed: "51969" "STARLINK-3680"
Satellite removed: "67797" "STARLINK-36800"
Satellite removed: "67888" "STARLINK-36801"
Satellite removed: "67985" "STARLINK-36802"
Satellite removed: "67893" "STARLINK-36803"
Satellite removed: "67799" "STARLINK-36804"
Satellite removed: "68116" "STARLINK-36805"
Satellite removed: "67965" "STARLINK-36806"
Satellite removed: "67810" "STARLINK-36807"
Satellite removed: "67881" "STARLINK-36808"
Satellite removed: "67929" "STARLINK-36809"
Satellite removed: "51968" "STARLINK-3681"
Satellite removed: "67898" "STARLINK-36810"
Satellite removed: "67808" "STARLINK-36811"
Satellite removed: "67968" "STARLINK-36812"
Satellite removed: "67892" "STARLINK-36813"
Satellite removed: "67904" "STARLINK-36814"
Satellite removed: "68313" "STARLINK-36815"
Satellite removed: "67891" "STARLINK-36816"
Satellite removed: "67882" "STARLINK-36817"
Satellite removed: "67879" "STARLINK-36818"
Satellite removed: "67967" "STARLINK-36819"
Satellite removed: "52140" "STARLINK-3682"
Satellite removed: "67966" "STARLINK-36820"
Satellite removed: "67880" "STARLINK-36821"
Satellite removed: "67909" "STARLINK-36822"
Satellite removed: "68070" "STARLINK-36823"
Satellite removed: "67953" "STARLINK-36824"
Satellite removed: "68041" "STARLINK-36825"
Satellite removed: "67885" "STARLINK-36826"
Satellite removed: "67908" "STARLINK-36827"
Satellite removed: "67857" "STARLINK-36828"
Satellite removed: "67957" "STARLINK-36829"
Satellite removed: "53167" "STARLINK-3683"
Satellite removed: "68110" "STARLINK-36830"
Satellite removed: "67864" "STARLINK-36831"
Satellite removed: "68805" "STARLINK-36832"
Satellite removed: "68109" "STARLINK-36833"
Satellite removed: "67959" "STARLINK-36834"
Satellite removed: "67863" "STARLINK-36835"
Satellite removed: "68065" "STARLINK-36836"
Satellite removed: "67858" "STARLINK-36837"
Satellite removed: "67855" "STARLINK-36838"
Satellite removed: "68125" "STARLINK-36839"
Satellite removed: "67850" "STARLINK-36840"
Satellite removed: "67960" "STARLINK-36841"
Satellite removed: "67884" "STARLINK-36842"
Satellite removed: "67856" "STARLINK-36843"
Satellite removed: "68117" "STARLINK-36844"
Satellite removed: "68056" "STARLINK-36845"
Satellite removed: "67894" "STARLINK-36846"
Satellite removed: "67910" "STARLINK-36847"
Satellite removed: "67936" "STARLINK-36848"
Satellite removed: "68304" "STARLINK-36849"
Satellite removed: "52115" "STARLINK-3685"
Satellite removed: "68119" "STARLINK-36850"
Satellite removed: "67943" "STARLINK-36851"
Satellite removed: "67933" "STARLINK-36852"
Satellite removed: "68097" "STARLINK-36853"
Satellite removed: "68312" "STARLINK-36854"
Satellite removed: "68121" "STARLINK-36855"
Satellite removed: "67883" "STARLINK-36856"
Satellite removed: "68518" "STARLINK-36857"
Satellite removed: "68021" "STARLINK-36858"
Satellite removed: "68710" "STARLINK-36859"
Satellite removed: "67935" "STARLINK-36860"
Satellite removed: "67934" "STARLINK-36861"
Satellite removed: "68003" "STARLINK-36862"
Satellite removed: "67949" "STARLINK-36863"
Satellite removed: "68045" "STARLINK-36864"
Satellite removed: "67930" "STARLINK-36865"
Satellite removed: "67895" "STARLINK-36866"
Satellite removed: "67983" "STARLINK-36867"
Satellite removed: "68120" "STARLINK-36868"
Satellite removed: "67954" "STARLINK-36869"
Satellite removed: "52110" "STARLINK-3687"
Satellite removed: "67897" "STARLINK-36870"
Satellite removed: "68023" "STARLINK-36871"
Satellite removed: "67955" "STARLINK-36872"
Satellite removed: "67948" "STARLINK-36873"
Satellite removed: "67981" "STARLINK-36874"
Satellite removed: "68300" "STARLINK-36875"
Satellite removed: "67902" "STARLINK-36876"
Satellite removed: "67896" "STARLINK-36877"
Satellite removed: "67899" "STARLINK-36878"
Satellite removed: "67982" "STARLINK-36879"
Satellite removed: "52310" "STARLINK-3688"
Satellite removed: "67976" "STARLINK-36880"
Satellite removed: "67962" "STARLINK-36881"
Satellite removed: "67980" "STARLINK-36882"
Satellite removed: "67975" "STARLINK-36883"
Satellite removed: "68026" "STARLINK-36884"
Satellite removed: "68049" "STARLINK-36885"
Satellite removed: "68175" "STARLINK-36886"
Satellite removed: "67950" "STARLINK-36887"
Satellite removed: "68004" "STARLINK-36888"
Satellite removed: "68006" "STARLINK-36889"
Satellite removed: "68258" "STARLINK-36890"
Satellite removed: "68024" "STARLINK-36891"
Satellite removed: "67944" "STARLINK-36892"
Satellite removed: "68112" "STARLINK-36893"
Satellite removed: "67972" "STARLINK-36894"
Satellite removed: "68038" "STARLINK-36895"
Satellite removed: "68092" "STARLINK-36896"
Satellite removed: "67951" "STARLINK-36897"
Satellite removed: "68002" "STARLINK-36898"
Satellite removed: "68058" "STARLINK-36899"
Satellite removed: "51964" "STARLINK-3690"
Satellite removed: "67973" "STARLINK-36900"
Satellite removed: "67974" "STARLINK-36901"
Satellite removed: "68043" "STARLINK-36902"
Satellite removed: "68001" "STARLINK-36903"
Satellite removed: "67977" "STARLINK-36904"
Satellite removed: "68176" "STARLINK-36905"
Satellite removed: "68036" "STARLINK-36906"
Satellite removed: "67940" "STARLINK-36907"
Satellite removed: "67945" "STARLINK-36908"
Satellite removed: "67946" "STARLINK-36909"
Satellite removed: "51960" "STARLINK-3691"
Satellite removed: "68005" "STARLINK-36910"
Satellite removed: "68008" "STARLINK-36911"
Satellite removed: "67961" "STARLINK-36912"
Satellite removed: "68031" "STARLINK-36913"
Satellite removed: "67942" "STARLINK-36914"
Satellite removed: "68061" "STARLINK-36915"
Satellite removed: "68022" "STARLINK-36916"
Satellite removed: "68059" "STARLINK-36917"
Satellite removed: "67956" "STARLINK-36918"
Satellite removed: "68053" "STARLINK-36919"
Satellite removed: "51958" "STARLINK-3692"
Satellite removed: "67947" "STARLINK-36920"
Satellite removed: "68019" "STARLINK-36921"
Satellite removed: "68123" "STARLINK-36922"
Satellite removed: "68016" "STARLINK-36923"
Satellite removed: "68054" "STARLINK-36924"
Satellite removed: "68042" "STARLINK-36925"
Satellite removed: "67999" "STARLINK-36926"
Satellite removed: "67941" "STARLINK-36927"
Satellite removed: "68020" "STARLINK-36928"
Satellite removed: "68067" "STARLINK-36929"
Satellite removed: "68018" "STARLINK-36930"
Satellite removed: "68000" "STARLINK-36931"
Satellite removed: "68331" "STARLINK-36932"
Satellite removed: "68279" "STARLINK-36934"
Satellite removed: "68032" "STARLINK-36935"
Satellite removed: "68012" "STARLINK-36936"
Satellite removed: "68113" "STARLINK-36937"
Satellite removed: "68124" "STARLINK-36938"
Satellite removed: "68034" "STARLINK-36939"
Satellite removed: "51957" "STARLINK-3694"
Satellite removed: "68027" "STARLINK-36940"
Satellite removed: "67991" "STARLINK-36941"
Satellite removed: "68030" "STARLINK-36942"
Satellite removed: "68035" "STARLINK-36943"
Satellite removed: "68029" "STARLINK-36944"
Satellite removed: "68050" "STARLINK-36945"
Satellite removed: "68382" "STARLINK-36946"
Satellite removed: "68033" "STARLINK-36947"
Satellite removed: "68209" "STARLINK-36948"
Satellite removed: "67992" "STARLINK-36950"
Satellite removed: "67990" "STARLINK-36951"
Satellite removed: "68062" "STARLINK-36952"
Satellite removed: "68010" "STARLINK-36953"
Satellite removed: "68057" "STARLINK-36954"
Satellite removed: "68701" "STARLINK-36955"
Satellite removed: "68009" "STARLINK-36956"
Satellite removed: "67989" "STARLINK-36957"
Satellite removed: "68163" "STARLINK-36958"
Satellite removed: "68060" "STARLINK-36959"
Satellite removed: "51965" "STARLINK-3696"
Satellite removed: "68225" "STARLINK-36960"
Satellite removed: "68900" "STARLINK-36961"
Satellite removed: "68269" "STARLINK-36962"
Satellite removed: "68235" "STARLINK-36963"
Satellite removed: "68184" "STARLINK-36964"
Satellite removed: "68961" "STARLINK-36965"
Satellite removed: "68044" "STARLINK-36966"
Satellite removed: "68013" "STARLINK-36967"
Satellite removed: "67995" "STARLINK-36968"
Satellite removed: "68167" "STARLINK-36969"
Satellite removed: "51962" "STARLINK-3697"
Satellite removed: "68071" "STARLINK-36970"
Satellite removed: "68165" "STARLINK-36971"
Satellite removed: "68072" "STARLINK-36972"
Satellite removed: "68078" "STARLINK-36973"
Satellite removed: "68272" "STARLINK-36974"
Satellite removed: "67993" "STARLINK-36975"
Satellite removed: "68066" "STARLINK-36976"
Satellite removed: "68960" "STARLINK-36978"
Satellite removed: "67996" "STARLINK-36979"
Satellite removed: "52108" "STARLINK-3698"
Satellite removed: "68146" "STARLINK-36980"
Satellite removed: "68148" "STARLINK-36981"
Satellite removed: "68278" "STARLINK-36982"
Satellite removed: "68323" "STARLINK-36983"
Satellite removed: "68168" "STARLINK-36984"
Satellite removed: "68014" "STARLINK-36985"
Satellite removed: "68207" "STARLINK-36986"
Satellite removed: "68321" "STARLINK-36987"
Satellite removed: "67998" "STARLINK-36988"
Satellite removed: "68277" "STARLINK-36989"
Satellite removed: "51966" "STARLINK-3699"
Satellite removed: "68068" "STARLINK-36990"
Satellite removed: "68011" "STARLINK-36991"
Satellite removed: "68149" "STARLINK-36992"
Satellite removed: "67994" "STARLINK-36993"
Satellite removed: "67997" "STARLINK-36994"
Satellite removed: "68143" "STARLINK-36995"
Satellite removed: "68064" "STARLINK-36996"
Satellite removed: "68248" "STARLINK-36997"
Satellite removed: "68286" "STARLINK-36998"
Satellite removed: "68268" "STARLINK-36999"
Satellite removed: "51956" "STARLINK-3700"
Satellite removed: "68063" "STARLINK-37000"
Satellite removed: "68330" "STARLINK-37001"
Satellite removed: "68164" "STARLINK-37002"
Satellite removed: "68170" "STARLINK-37003"
Satellite removed: "68089" "STARLINK-37004"
Satellite removed: "68107" "STARLINK-37005"
Satellite removed: "68187" "STARLINK-37006"
Satellite removed: "68302" "STARLINK-37007"
Satellite removed: "68564" "STARLINK-37008"
Satellite removed: "68208" "STARLINK-37009"
Satellite removed: "52095" "STARLINK-3701"
Satellite removed: "68289" "STARLINK-37010"
Satellite removed: "68217" "STARLINK-37011"
Satellite removed: "68221" "STARLINK-37012"
Satellite removed: "68162" "STARLINK-37013"
Satellite removed: "68216" "STARLINK-37014"
Satellite removed: "68825" "STARLINK-37015"
Satellite removed: "68288" "STARLINK-37016"
Satellite removed: "68108" "STARLINK-37017"
Satellite removed: "68103" "STARLINK-37018"
Satellite removed: "68273" "STARLINK-37019"
Satellite removed: "52100" "STARLINK-3702"
Satellite removed: "68144" "STARLINK-37020"
Satellite removed: "68105" "STARLINK-37021"
Satellite removed: "68101" "STARLINK-37022"
Satellite removed: "68076" "STARLINK-37023"
Satellite removed: "68106" "STARLINK-37024"
Satellite removed: "68223" "STARLINK-37025"
Satellite removed: "68075" "STARLINK-37026"
Satellite removed: "68232" "STARLINK-37027"
Satellite removed: "68270" "STARLINK-37028"
Satellite removed: "68271" "STARLINK-37029"
Satellite removed: "52101" "STARLINK-3703"
Satellite removed: "68220" "STARLINK-37030"
Satellite removed: "68172" "STARLINK-37031"
Satellite removed: "68181" "STARLINK-37032"
Satellite removed: "68959" "STARLINK-37033"
Satellite removed: "68171" "STARLINK-37034"
Satellite removed: "68180" "STARLINK-37035"
Satellite removed: "68077" "STARLINK-37036"
Satellite removed: "68084" "STARLINK-37037"
Satellite removed: "68226" "STARLINK-37038"
Satellite removed: "69361" "STARLINK-37039"
Satellite removed: "51959" "STARLINK-3704"
Satellite removed: "69362" "STARLINK-37040"
Satellite removed: "68104" "STARLINK-37041"
Satellite removed: "68266" "STARLINK-37042"
Satellite removed: "68246" "STARLINK-37043"
Satellite removed: "68247" "STARLINK-37044"
Satellite removed: "68074" "STARLINK-37045"
Satellite removed: "68102" "STARLINK-37046"
Satellite removed: "68957" "STARLINK-37047"
Satellite removed: "68155" "STARLINK-37048"
Satellite removed: "68152" "STARLINK-37049"
Satellite removed: "52103" "STARLINK-3705"
Satellite removed: "68228" "STARLINK-37050"
Satellite removed: "68080" "STARLINK-37051"
Satellite removed: "68179" "STARLINK-37052"
Satellite removed: "68159" "STARLINK-37053"
Satellite removed: "68082" "STARLINK-37054"
Satellite removed: "68147" "STARLINK-37055"
Satellite removed: "68260" "STARLINK-37056"
Satellite removed: "68161" "STARLINK-37057"
Satellite removed: "68195" "STARLINK-37058"
Satellite removed: "68088" "STARLINK-37059"
Satellite removed: "52105" "STARLINK-3706"
Satellite removed: "68150" "STARLINK-37060"
Satellite removed: "68185" "STARLINK-37061"
Satellite removed: "68087" "STARLINK-37062"
Satellite removed: "68079" "STARLINK-37063"
Satellite removed: "68157" "STARLINK-37064"
Satellite removed: "68083" "STARLINK-37065"
Satellite removed: "68081" "STARLINK-37066"
Satellite removed: "68086" "STARLINK-37067"
Satellite removed: "68085" "STARLINK-37068"
Satellite removed: "68158" "STARLINK-37069"
Satellite removed: "52133" "STARLINK-3707"
Satellite removed: "68280" "STARLINK-37070"
Satellite removed: "68190" "STARLINK-37071"
Satellite removed: "68153" "STARLINK-37072"
Satellite removed: "68151" "STARLINK-37073"
Satellite removed: "68073" "STARLINK-37074"
Satellite removed: "68255" "STARLINK-37075"
Satellite removed: "68173" "STARLINK-37076"
Satellite removed: "68169" "STARLINK-37077"
Satellite removed: "68174" "STARLINK-37078"
Satellite removed: "68186" "STARLINK-37079"
Satellite removed: "52111" "STARLINK-3708"
Satellite removed: "68229" "STARLINK-37081"
Satellite removed: "68182" "STARLINK-37082"
Satellite removed: "68227" "STARLINK-37083"
Satellite removed: "68254" "STARLINK-37084"
Satellite removed: "68252" "STARLINK-37085"
Satellite removed: "68253" "STARLINK-37086"
Satellite removed: "68250" "STARLINK-37087"
Satellite removed: "68322" "STARLINK-37088"
Satellite removed: "52102" "STARLINK-3709"
Satellite removed: "68193" "STARLINK-37090"
Satellite removed: "68191" "STARLINK-37091"
Satellite removed: "68240" "STARLINK-37092"
Satellite removed: "68194" "STARLINK-37093"
Satellite removed: "68241" "STARLINK-37094"
Satellite removed: "68237" "STARLINK-37095"
Satellite removed: "68239" "STARLINK-37096"
Satellite removed: "68238" "STARLINK-37097"
Satellite removed: "68192" "STARLINK-37098"
Satellite removed: "68301" "STARLINK-37099"
Satellite removed: "68230" "STARLINK-37100"
Satellite removed: "68234" "STARLINK-37101"
Satellite removed: "68183" "STARLINK-37102"
Satellite removed: "68267" "STARLINK-37103"
Satellite removed: "68231" "STARLINK-37104"
Satellite removed: "68610" "STARLINK-37105"
Satellite removed: "68219" "STARLINK-37106"
Satellite removed: "68294" "STARLINK-37107"
Satellite removed: "68218" "STARLINK-37108"
Satellite removed: "68666" "STARLINK-37109"
Satellite removed: "52131" "STARLINK-3711"
Satellite removed: "68222" "STARLINK-37110"
Satellite removed: "68381" "STARLINK-37111"
Satellite removed: "68707" "STARLINK-37112"
Satellite removed: "68318" "STARLINK-37113"
Satellite removed: "68561" "STARLINK-37114"
Satellite removed: "68297" "STARLINK-37115"
Satellite removed: "68213" "STARLINK-37116"
Satellite removed: "68212" "STARLINK-37117"
Satellite removed: "68299" "STARLINK-37118"
Satellite removed: "68210" "STARLINK-37119"
Satellite removed: "52090" "STARLINK-3712"
Satellite removed: "68211" "STARLINK-37120"
Satellite removed: "68383" "STARLINK-37121"
Satellite removed: "68678" "STARLINK-37122"
Satellite removed: "68275" "STARLINK-37123"
Satellite removed: "68283" "STARLINK-37124"
Satellite removed: "68276" "STARLINK-37125"
Satellite removed: "68520" "STARLINK-37126"
Satellite removed: "68236" "STARLINK-37127"
Satellite removed: "68385" "STARLINK-37128"
Satellite removed: "68274" "STARLINK-37129"
Satellite removed: "68604" "STARLINK-37130"
Satellite removed: "68605" "STARLINK-37131"
Satellite removed: "68233" "STARLINK-37132"
Satellite removed: "68265" "STARLINK-37133"
Satellite removed: "68281" "STARLINK-37134"
Satellite removed: "68602" "STARLINK-37135"
Satellite removed: "68347" "STARLINK-37136"
Satellite removed: "68384" "STARLINK-37137"
Satellite removed: "68308" "STARLINK-37138"
Satellite removed: "68317" "STARLINK-37139"
Satellite removed: "52094" "STARLINK-3714"
Satellite removed: "68311" "STARLINK-37140"
Satellite removed: "68249" "STARLINK-37141"
Satellite removed: "68296" "STARLINK-37142"
Satellite removed: "68336" "STARLINK-37143"
Satellite removed: "68556" "STARLINK-37144"
Satellite removed: "68548" "STARLINK-37145"
Satellite removed: "68555" "STARLINK-37146"
Satellite removed: "68295" "STARLINK-37147"
Satellite removed: "68310" "STARLINK-37148"
Satellite removed: "68309" "STARLINK-37149"
Satellite removed: "52127" "STARLINK-3715"
Satellite removed: "68315" "STARLINK-37150"
Satellite removed: "68290" "STARLINK-37151"
Satellite removed: "68616" "STARLINK-37152"
Satellite removed: "68664" "STARLINK-37153"
Satellite removed: "68316" "STARLINK-37154"
Satellite removed: "68314" "STARLINK-37155"
Satellite removed: "68263" "STARLINK-37156"
Satellite removed: "68394" "STARLINK-37157"
Satellite removed: "68343" "STARLINK-37158"
Satellite removed: "68284" "STARLINK-37159"
Satellite removed: "52092" "STARLINK-3716"
Satellite removed: "68282" "STARLINK-37160"
Satellite removed: "68565" "STARLINK-37161"
Satellite removed: "68262" "STARLINK-37162"
Satellite removed: "68264" "STARLINK-37163"
Satellite removed: "68324" "STARLINK-37164"
Satellite removed: "68287" "STARLINK-37165"
Satellite removed: "68732" "STARLINK-37167"
Satellite removed: "68766" "STARLINK-37168"
Satellite removed: "68346" "STARLINK-37169"
Satellite removed: "52096" "STARLINK-3717"
Satellite removed: "68614" "STARLINK-37170"
Satellite removed: "68665" "STARLINK-37171"
Satellite removed: "68395" "STARLINK-37172"
Satellite removed: "68536" "STARLINK-37173"
Satellite removed: "68767" "STARLINK-37174"
Satellite removed: "68401" "STARLINK-37175"
Satellite removed: "68615" "STARLINK-37176"
Satellite removed: "68611" "STARLINK-37177"
Satellite removed: "68526" "STARLINK-37178"
Satellite removed: "68618" "STARLINK-37179"
Satellite removed: "52132" "STARLINK-3718"
Satellite removed: "68333" "STARLINK-37180"
Satellite removed: "68341" "STARLINK-37181"
Satellite removed: "68348" "STARLINK-37182"
Satellite removed: "68349" "STARLINK-37183"
Satellite removed: "68393" "STARLINK-37184"
Satellite removed: "68340" "STARLINK-37185"
Satellite removed: "68617" "STARLINK-37186"
Satellite removed: "68399" "STARLINK-37187"
Satellite removed: "68404" "STARLINK-37188"
Satellite removed: "68603" "STARLINK-37189"
Satellite removed: "68396" "STARLINK-37190"
Satellite removed: "68334" "STARLINK-37191"
Satellite removed: "68342" "STARLINK-37192"
Satellite removed: "68390" "STARLINK-37193"
Satellite removed: "68397" "STARLINK-37194"
Satellite removed: "68662" "STARLINK-37195"
Satellite removed: "69163" "STARLINK-37196"
Satellite removed: "68389" "STARLINK-37197"
Satellite removed: "68386" "STARLINK-37198"
Satellite removed: "68327" "STARLINK-37199"
Satellite removed: "52136" "STARLINK-3720"
Satellite removed: "68339" "STARLINK-37200"
Satellite removed: "69220" "STARLINK-37201"
Satellite removed: "68731" "STARLINK-37202"
Satellite removed: "68388" "STARLINK-37203"
Satellite removed: "68329" "STARLINK-37204"
Satellite removed: "68332" "STARLINK-37205"
Satellite removed: "68326" "STARLINK-37206"
Satellite removed: "68523" "STARLINK-37208"
Satellite removed: "52134" "STARLINK-3721"
Satellite removed: "68557" "STARLINK-37210"
Satellite removed: "68620" "STARLINK-37211"
Satellite removed: "68566" "STARLINK-37212"
Satellite removed: "68686" "STARLINK-37213"
Satellite removed: "68345" "STARLINK-37214"
Satellite removed: "68392" "STARLINK-37215"
Satellite removed: "68391" "STARLINK-37216"
Satellite removed: "68335" "STARLINK-37217"
Satellite removed: "68403" "STARLINK-37218"
Satellite removed: "68398" "STARLINK-37220"
Satellite removed: "68668" "STARLINK-37221"
Satellite removed: "68663" "STARLINK-37222"
Satellite removed: "68387" "STARLINK-37223"
Satellite removed: "68671" "STARLINK-37224"
Satellite removed: "68714" "STARLINK-37225"
Satellite removed: "68619" "STARLINK-37226"
Satellite removed: "68558" "STARLINK-37227"
Satellite removed: "68570" "STARLINK-37228"
Satellite removed: "69659" "STARLINK-37229"
Satellite removed: "52138" "STARLINK-3723"
Satellite removed: "68730" "STARLINK-37230"
Satellite removed: "68624" "STARLINK-37231"
Satellite removed: "69515" "STARLINK-37232"
Satellite removed: "68562" "STARLINK-37233"
Satellite removed: "68535" "STARLINK-37234"
Satellite removed: "69154" "STARLINK-37235"
Satellite removed: "68781" "STARLINK-37236"
Satellite removed: "69247" "STARLINK-37238"
Satellite removed: "52305" "STARLINK-3724"
Satellite removed: "69031" "STARLINK-37240"
Satellite removed: "68528" "STARLINK-37241"
Satellite removed: "68728" "STARLINK-37242"
Satellite removed: "68608" "STARLINK-37243"
Satellite removed: "68529" "STARLINK-37244"
Satellite removed: "68547" "STARLINK-37245"
Satellite removed: "68607" "STARLINK-37246"
Satellite removed: "69835" "STARLINK-37247"
Satellite removed: "68527" "STARLINK-37248"
Satellite removed: "68625" "STARLINK-37249"
Satellite removed: "52123" "STARLINK-3725"
Satellite removed: "68609" "STARLINK-37250"
Satellite removed: "68514" "STARLINK-37251"
Satellite removed: "68622" "STARLINK-37252"
Satellite removed: "68606" "STARLINK-37253"
Satellite removed: "68553" "STARLINK-37254"
Satellite removed: "68554" "STARLINK-37255"
Satellite removed: "68569" "STARLINK-37256"
Satellite removed: "68970" "STARLINK-37257"
Satellite removed: "68951" "STARLINK-37258"
Satellite removed: "68972" "STARLINK-37259"
Satellite removed: "52122" "STARLINK-3726"
Satellite removed: "68510" "STARLINK-37260"
Satellite removed: "68567" "STARLINK-37261"
Satellite removed: "68508" "STARLINK-37262"
Satellite removed: "68544" "STARLINK-37263"
Satellite removed: "68729" "STARLINK-37264"
Satellite removed: "69548" "STARLINK-37265"
Satellite removed: "68780" "STARLINK-37266"
Satellite removed: "68745" "STARLINK-37267"
Satellite removed: "68747" "STARLINK-37268"
Satellite removed: "68621" "STARLINK-37269"
Satellite removed: "52125" "STARLINK-3727"
Satellite removed: "68727" "STARLINK-37270"
Satellite removed: "68722" "STARLINK-37271"
Satellite removed: "68726" "STARLINK-37272"
Satellite removed: "68723" "STARLINK-37273"
Satellite removed: "68724" "STARLINK-37274"
Satellite removed: "68725" "STARLINK-37275"
Satellite removed: "69258" "STARLINK-37276"
Satellite removed: "68751" "STARLINK-37277"
Satellite removed: "68733" "STARLINK-37278"
Satellite removed: "68768" "STARLINK-37279"
Satellite removed: "52361" "STARLINK-3728"
Satellite removed: "68511" "STARLINK-37280"
Satellite removed: "68773" "STARLINK-37281"
Satellite removed: "68568" "STARLINK-37283"
Satellite removed: "68623" "STARLINK-37284"
Satellite removed: "68626" "STARLINK-37285"
Satellite removed: "68512" "STARLINK-37286"
Satellite removed: "68684" "STARLINK-37287"
Satellite removed: "68551" "STARLINK-37288"
Satellite removed: "68545" "STARLINK-37289"
Satellite removed: "68546" "STARLINK-37290"
Satellite removed: "68560" "STARLINK-37291"
Satellite removed: "68787" "STARLINK-37292"
Satellite removed: "68978" "STARLINK-37293"
Satellite removed: "68559" "STARLINK-37294"
Satellite removed: "68552" "STARLINK-37295"
Satellite removed: "68672" "STARLINK-37296"
Satellite removed: "69151" "STARLINK-37297"
Satellite removed: "68670" "STARLINK-37298"
Satellite removed: "52139" "STARLINK-3730"
Satellite removed: "68682" "STARLINK-37300"
Satellite removed: "68954" "STARLINK-37301"
Satellite removed: "68669" "STARLINK-37302"
Satellite removed: "68709" "STARLINK-37303"
Satellite removed: "68683" "STARLINK-37304"
Satellite removed: "68713" "STARLINK-37305"
Satellite removed: "68680" "STARLINK-37306"
Satellite removed: "68681" "STARLINK-37307"
Satellite removed: "68952" "STARLINK-37308"
Satellite removed: "69364" "STARLINK-37309"
Satellite removed: "68679" "STARLINK-37310"
Satellite removed: "69161" "STARLINK-37311"
Satellite removed: "68676" "STARLINK-37312"
Satellite removed: "68790" "STARLINK-37313"
Satellite removed: "68740" "STARLINK-37314"
Satellite removed: "68816" "STARLINK-37315"
Satellite removed: "68673" "STARLINK-37316"
Satellite removed: "69152" "STARLINK-37317"
Satellite removed: "68712" "STARLINK-37318"
Satellite removed: "68706" "STARLINK-37319"
Satellite removed: "52126" "STARLINK-3732"
Satellite removed: "68711" "STARLINK-37320"
Satellite removed: "68715" "STARLINK-37322"
Satellite removed: "69516" "STARLINK-37323"
Satellite removed: "68749" "STARLINK-37324"
Satellite removed: "68748" "STARLINK-37325"
Satellite removed: "68542" "STARLINK-37326"
Satellite removed: "68736" "STARLINK-37327"
Satellite removed: "69160" "STARLINK-37328"
Satellite removed: "69155" "STARLINK-37329"
Satellite removed: "52137" "STARLINK-3733"
Satellite removed: "68738" "STARLINK-37331"
Satellite removed: "69150" "STARLINK-37332"
Satellite removed: "69174" "STARLINK-37333"
Satellite removed: "68700" "STARLINK-37334"
Satellite removed: "68785" "STARLINK-37335"
Satellite removed: "68953" "STARLINK-37337"
Satellite removed: "68739" "STARLINK-37338"
Satellite removed: "68735" "STARLINK-37339"
Satellite removed: "52112" "STARLINK-3734"
Satellite removed: "68708" "STARLINK-37340"
Satellite removed: "69509" "STARLINK-37341"
Satellite removed: "68752" "STARLINK-37342"
Satellite removed: "69159" "STARLINK-37343"
Satellite removed: "68744" "STARLINK-37344"
Satellite removed: "69156" "STARLINK-37345"
Satellite removed: "69149" "STARLINK-37346"
Satellite removed: "68746" "STARLINK-37347"
Satellite removed: "68737" "STARLINK-37348"
Satellite removed: "68734" "STARLINK-37349"
Satellite removed: "52116" "STARLINK-3735"
Satellite removed: "68750" "STARLINK-37350"
Satellite removed: "68742" "STARLINK-37351"
Satellite removed: "69524" "STARLINK-37352"
Satellite removed: "69157" "STARLINK-37353"
Satellite removed: "68743" "STARLINK-37354"
Satellite removed: "68704" "STARLINK-37356"
Satellite removed: "69517" "STARLINK-37357"
Satellite removed: "68699" "STARLINK-37358"
Satellite removed: "52113" "STARLINK-3736"
Satellite removed: "68901" "STARLINK-37360"
Satellite removed: "69134" "STARLINK-37361"
Satellite removed: "68974" "STARLINK-37362"
Satellite removed: "69158" "STARLINK-37363"
Satellite removed: "68783" "STARLINK-37364"
Satellite removed: "68807" "STARLINK-37366"
Satellite removed: "68971" "STARLINK-37367"
Satellite removed: "69253" "STARLINK-37368"
Satellite removed: "69529" "STARLINK-37369"
Satellite removed: "52114" "STARLINK-3737"
Satellite removed: "68806" "STARLINK-37370"
Satellite removed: "68977" "STARLINK-37371"
Satellite removed: "69135" "STARLINK-37372"
Satellite removed: "68848" "STARLINK-37373"
Satellite removed: "69153" "STARLINK-37374"
Satellite removed: "69378" "STARLINK-37376"
Satellite removed: "69522" "STARLINK-37379"
Satellite removed: "52117" "STARLINK-3738"
Satellite removed: "68774" "STARLINK-37381"
Satellite removed: "68851" "STARLINK-37382"
Satellite removed: "69379" "STARLINK-37383"
Satellite removed: "69460" "STARLINK-37384"
Satellite removed: "69175" "STARLINK-37385"
Satellite removed: "68898" "STARLINK-37386"
Satellite removed: "68973" "STARLINK-37387"
Satellite removed: "68860" "STARLINK-37388"
Satellite removed: "68778" "STARLINK-37389"
Satellite removed: "52266" "STARLINK-3739"
Satellite removed: "68782" "STARLINK-37390"
Satellite removed: "68779" "STARLINK-37391"
Satellite removed: "69171" "STARLINK-37392"
Satellite removed: "68776" "STARLINK-37393"
Satellite removed: "69148" "STARLINK-37395"
Satellite removed: "69256" "STARLINK-37396"
Satellite removed: "69249" "STARLINK-37398"
Satellite removed: "68772" "STARLINK-37399"
Satellite removed: "52265" "STARLINK-3740"
Satellite removed: "68777" "STARLINK-37400"
Satellite removed: "68784" "STARLINK-37401"
Satellite removed: "68788" "STARLINK-37403"
Satellite removed: "68786" "STARLINK-37404"
Satellite removed: "68809" "STARLINK-37405"
Satellite removed: "69199" "STARLINK-37406"
Satellite removed: "69534" "STARLINK-37407"
Satellite removed: "69518" "STARLINK-37408"
Satellite removed: "68819" "STARLINK-37409"
Satellite removed: "52619" "STARLINK-3741"
Satellite removed: "68823" "STARLINK-37410"
Satellite removed: "69380" "STARLINK-37411"
Satellite removed: "69248" "STARLINK-37412"
Satellite removed: "68789" "STARLINK-37413"
Satellite removed: "68770" "STARLINK-37417"
Satellite removed: "68775" "STARLINK-37418"
Satellite removed: "69197" "STARLINK-37419"
Satellite removed: "52303" "STARLINK-3742"
Satellite removed: "69511" "STARLINK-37420"
Satellite removed: "68821" "STARLINK-37421"
Satellite removed: "68852" "STARLINK-37423"
Satellite removed: "68815" "STARLINK-37425"
Satellite removed: "68813" "STARLINK-37426"
Satellite removed: "69381" "STARLINK-37427"
Satellite removed: "69184" "STARLINK-37428"
Satellite removed: "69523" "STARLINK-37429"
Satellite removed: "52118" "STARLINK-3743"
Satellite removed: "68863" "STARLINK-37430"
Satellite removed: "68812" "STARLINK-37431"
Satellite removed: "68896" "STARLINK-37432"
Satellite removed: "69841" "STARLINK-37433"
Satellite removed: "69252" "STARLINK-37434"
Satellite removed: "69265" "STARLINK-37435"
Satellite removed: "69365" "STARLINK-37436"
Satellite removed: "69170" "STARLINK-37437"
Satellite removed: "69526" "STARLINK-37438"
Satellite removed: "69377" "STARLINK-37439"
Satellite removed: "52304" "STARLINK-3744"
Satellite removed: "69189" "STARLINK-37440"
Satellite removed: "68858" "STARLINK-37441"
Satellite removed: "68811" "STARLINK-37442"
Satellite removed: "68824" "STARLINK-37443"
Satellite removed: "68817" "STARLINK-37444"
Satellite removed: "69165" "STARLINK-37445"
Satellite removed: "68808" "STARLINK-37446"
Satellite removed: "68810" "STARLINK-37447"
Satellite removed: "69488" "STARLINK-37449"
Satellite removed: "68818" "STARLINK-37450"
Satellite removed: "69471" "STARLINK-37451"
Satellite removed: "68840" "STARLINK-37452"
Satellite removed: "68862" "STARLINK-37453"
Satellite removed: "69375" "STARLINK-37454"
Satellite removed: "69299" "STARLINK-37455"
Satellite removed: "69300" "STARLINK-37456"
Satellite removed: "68814" "STARLINK-37459"
Satellite removed: "52268" "STARLINK-3746"
Satellite removed: "68803" "STARLINK-37460"
Satellite removed: "69173" "STARLINK-37461"
Satellite removed: "68822" "STARLINK-37462"
Satellite removed: "68854" "STARLINK-37463"
Satellite removed: "69266" "STARLINK-37464"
Satellite removed: "68847" "STARLINK-37465"
Satellite removed: "69038" "STARLINK-37466"
Satellite removed: "68855" "STARLINK-37467"
Satellite removed: "68857" "STARLINK-37468"
Satellite removed: "69168" "STARLINK-37469"
Satellite removed: "52306" "STARLINK-3747"
Satellite removed: "68820" "STARLINK-37470"
Satellite removed: "68802" "STARLINK-37471"
Satellite removed: "69172" "STARLINK-37472"
Satellite removed: "68804" "STARLINK-37473"
Satellite removed: "68839" "STARLINK-37475"
Satellite removed: "68853" "STARLINK-37476"
Satellite removed: "68912" "STARLINK-37477"
Satellite removed: "69260" "STARLINK-37478"
Satellite removed: "68861" "STARLINK-37479"
Satellite removed: "52267" "STARLINK-3748"
Satellite removed: "68850" "STARLINK-37482"
Satellite removed: "68856" "STARLINK-37483"
Satellite removed: "69527" "STARLINK-37484"
Satellite removed: "69376" "STARLINK-37485"
Satellite removed: "69264" "STARLINK-37486"
Satellite removed: "69840" "STARLINK-37487"
Satellite removed: "68859" "STARLINK-37488"
Satellite removed: "52313" "STARLINK-3749"
Satellite removed: "69525" "STARLINK-37490"
Satellite removed: "69166" "STARLINK-37491"
Satellite removed: "68849" "STARLINK-37492"
Satellite removed: "68910" "STARLINK-37493"
Satellite removed: "68905" "STARLINK-37494"
Satellite removed: "68841" "STARLINK-37495"
Satellite removed: "69297" "STARLINK-37496"
Satellite removed: "69459" "STARLINK-37498"
Satellite removed: "69250" "STARLINK-37499"
Satellite removed: "52311" "STARLINK-3750"
Satellite removed: "69453" "STARLINK-37500"
Satellite removed: "69296" "STARLINK-37501"
Satellite removed: "69263" "STARLINK-37502"
Satellite removed: "68913" "STARLINK-37504"
Satellite removed: "69261" "STARLINK-37506"
Satellite removed: "68916" "STARLINK-37507"
Satellite removed: "69257" "STARLINK-37508"
Satellite removed: "69444" "STARLINK-37509"
Satellite removed: "52289" "STARLINK-3751"
Satellite removed: "69520" "STARLINK-37510"
Satellite removed: "69512" "STARLINK-37511"
Satellite removed: "69035" "STARLINK-37512"
Satellite removed: "69456" "STARLINK-37513"
Satellite removed: "68899" "STARLINK-37514"
Satellite removed: "69169" "STARLINK-37515"
Satellite removed: "68915" "STARLINK-37516"
Satellite removed: "69254" "STARLINK-37517"
Satellite removed: "69259" "STARLINK-37518"
Satellite removed: "69298" "STARLINK-37519"
Satellite removed: "52312" "STARLINK-3752"
Satellite removed: "69819" "STARLINK-37520"
Satellite removed: "69822" "STARLINK-37521"
Satellite removed: "69446" "STARLINK-37522"
Satellite removed: "69528" "STARLINK-37523"
Satellite removed: "68842" "STARLINK-37524"
Satellite removed: "69462" "STARLINK-37525"
Satellite removed: "69463" "STARLINK-37526"
Satellite removed: "68895" "STARLINK-37527"
Satellite removed: "68904" "STARLINK-37528"
Satellite removed: "68918" "STARLINK-37529"
Satellite removed: "52292" "STARLINK-3753"
Satellite removed: "69131" "STARLINK-37530"
Satellite removed: "69136" "STARLINK-37531"
Satellite removed: "69468" "STARLINK-37532"
Satellite removed: "69130" "STARLINK-37533"
Satellite removed: "68897" "STARLINK-37534"
Satellite removed: "69465" "STARLINK-37535"
Satellite removed: "69508" "STARLINK-37536"
Satellite removed: "69420" "STARLINK-37537"
Satellite removed: "68844" "STARLINK-37538"
Satellite removed: "68845" "STARLINK-37539"
Satellite removed: "52350" "STARLINK-3754"
Satellite removed: "68914" "STARLINK-37540"
Satellite removed: "68906" "STARLINK-37541"
Satellite removed: "68917" "STARLINK-37542"
Satellite removed: "68911" "STARLINK-37543"
Satellite removed: "68909" "STARLINK-37544"
Satellite removed: "69467" "STARLINK-37546"
Satellite removed: "68846" "STARLINK-37547"
Satellite removed: "69027" "STARLINK-37548"
Satellite removed: "69351" "STARLINK-37549"
Satellite removed: "52307" "STARLINK-3755"
Satellite removed: "68907" "STARLINK-37551"
Satellite removed: "69513" "STARLINK-37552"
Satellite removed: "69820" "STARLINK-37553"
Satellite removed: "69663" "STARLINK-37554"
Satellite removed: "69431" "STARLINK-37555"
Satellite removed: "69660" "STARLINK-37556"
Satellite removed: "69231" "STARLINK-37557"
Satellite removed: "52309" "STARLINK-3756"
Satellite removed: "69821" "STARLINK-37561"
Satellite removed: "69208" "STARLINK-37562"
Satellite removed: "69457" "STARLINK-37563"
Satellite removed: "68902" "STARLINK-37564"
Satellite removed: "69458" "STARLINK-37565"
Satellite removed: "68908" "STARLINK-37566"
Satellite removed: "68903" "STARLINK-37567"
Satellite removed: "69492" "STARLINK-37568"
Satellite removed: "69836" "STARLINK-37569"
Satellite removed: "52539" "STARLINK-3757"
Satellite removed: "69519" "STARLINK-37570"
Satellite removed: "69043" "STARLINK-37571"
Satellite removed: "69448" "STARLINK-37572"
Satellite removed: "69422" "STARLINK-37573"
Satellite removed: "69464" "STARLINK-37574"
Satellite removed: "69454" "STARLINK-37575"
Satellite removed: "69047" "STARLINK-37576"
Satellite removed: "69452" "STARLINK-37577"
Satellite removed: "69451" "STARLINK-37578"
Satellite removed: "69843" "STARLINK-37579"
Satellite removed: "52297" "STARLINK-3758"
Satellite removed: "69366" "STARLINK-37581"
Satellite removed: "69363" "STARLINK-37582"
Satellite removed: "69466" "STARLINK-37583"
Satellite removed: "69844" "STARLINK-37584"
Satellite removed: "69421" "STARLINK-37585"
Satellite removed: "69521" "STARLINK-37586"
Satellite removed: "69837" "STARLINK-37587"
Satellite removed: "69842" "STARLINK-37588"
Satellite removed: "69839" "STARLINK-37589"
Satellite removed: "69838" "STARLINK-37590"
Satellite removed: "69033" "STARLINK-37591"
Satellite removed: "69025" "STARLINK-37592"
Satellite removed: "69847" "STARLINK-37595"
Satellite removed: "69032" "STARLINK-37596"
Satellite removed: "69356" "STARLINK-37597"
Satellite removed: "69357" "STARLINK-37598"
Satellite removed: "69360" "STARLINK-37599"
Satellite removed: "52298" "STARLINK-3760"
Satellite removed: "69359" "STARLINK-37600"
Satellite removed: "69450" "STARLINK-37601"
Satellite removed: "69358" "STARLINK-37602"
Satellite removed: "69846" "STARLINK-37603"
Satellite removed: "69845" "STARLINK-37606"
Satellite removed: "69514" "STARLINK-37607"
Satellite removed: "69037" "STARLINK-37608"
Satellite removed: "69036" "STARLINK-37609"
Satellite removed: "52262" "STARLINK-3761"
Satellite removed: "69034" "STARLINK-37611"
Satellite removed: "69039" "STARLINK-37612"
Satellite removed: "69211" "STARLINK-37613"
Satellite removed: "69041" "STARLINK-37614"
Satellite removed: "69030" "STARLINK-37615"
Satellite removed: "69040" "STARLINK-37616"
Satellite removed: "69314" "STARLINK-37617"
Satellite removed: "69228" "STARLINK-37618"
Satellite removed: "69309" "STARLINK-37619"
Satellite removed: "52374" "STARLINK-3762"
Satellite removed: "69214" "STARLINK-37620"
Satellite removed: "69830" "STARLINK-37621"
Satellite removed: "69829" "STARLINK-37622"
Satellite removed: "69833" "STARLINK-37624"
Satellite removed: "69315" "STARLINK-37627"
Satellite removed: "69823" "STARLINK-37628"
Satellite removed: "69443" "STARLINK-37629"
Satellite removed: "69301" "STARLINK-37630"
Satellite removed: "69369" "STARLINK-37631"
Satellite removed: "69374" "STARLINK-37632"
Satellite removed: "69133" "STARLINK-37633"
Satellite removed: "69028" "STARLINK-37634"
Satellite removed: "69029" "STARLINK-37635"
Satellite removed: "69143" "STARLINK-37636"
Satellite removed: "69026" "STARLINK-37637"
Satellite removed: "69144" "STARLINK-37638"
Satellite removed: "69146" "STARLINK-37639"
Satellite removed: "52280" "STARLINK-3764"
Satellite removed: "69447" "STARLINK-37640"
Satellite removed: "69445" "STARLINK-37641"
Satellite removed: "69449" "STARLINK-37643"
Satellite removed: "69042" "STARLINK-37644"
Satellite removed: "69371" "STARLINK-37645"
Satellite removed: "69650" "STARLINK-37646"
Satellite removed: "52295" "STARLINK-3765"
Satellite removed: "69354" "STARLINK-37652"
Satellite removed: "69140" "STARLINK-37653"
Satellite removed: "69141" "STARLINK-37654"
Satellite removed: "69142" "STARLINK-37655"
Satellite removed: "69649" "STARLINK-37656"
Satellite removed: "69145" "STARLINK-37657"
Satellite removed: "69138" "STARLINK-37658"
Satellite removed: "69139" "STARLINK-37659"
Satellite removed: "52296" "STARLINK-3766"
Satellite removed: "69132" "STARLINK-37660"
Satellite removed: "69147" "STARLINK-37661"
Satellite removed: "69137" "STARLINK-37662"
Satellite removed: "69048" "STARLINK-37663"
Satellite removed: "69044" "STARLINK-37664"
Satellite removed: "69046" "STARLINK-37666"
Satellite removed: "69045" "STARLINK-37667"
Satellite removed: "69204" "STARLINK-37669"
Satellite removed: "69530" "STARLINK-37670"
Satellite removed: "69206" "STARLINK-37671"
Satellite removed: "69370" "STARLINK-37673"
Satellite removed: "69313" "STARLINK-37676"
Satellite removed: "69229" "STARLINK-37679"
Satellite removed: "52301" "STARLINK-3768"
Satellite removed: "69240" "STARLINK-37680"
Satellite removed: "69367" "STARLINK-37683"
Satellite removed: "69373" "STARLINK-37685"
Satellite removed: "69470" "STARLINK-37686"
Satellite removed: "69368" "STARLINK-37687"
Satellite removed: "69372" "STARLINK-37688"
Satellite removed: "69308" "STARLINK-37689"
Satellite removed: "52300" "STARLINK-3769"
Satellite removed: "69825" "STARLINK-37690"
Satellite removed: "69824" "STARLINK-37695"
Satellite removed: "52554" "STARLINK-3770"
Satellite removed: "69215" "STARLINK-37700"
Satellite removed: "69306" "STARLINK-37701"
Satellite removed: "69127" "STARLINK-37706"
Satellite removed: "69461" "STARLINK-37707"
Satellite removed: "69469" "STARLINK-37708"
Satellite removed: "52293" "STARLINK-3771"
Satellite removed: "69826" "STARLINK-37710"
Satellite removed: "69212" "STARLINK-37713"
Satellite removed: "69126" "STARLINK-37715"
Satellite removed: "69213" "STARLINK-37716"
Satellite removed: "69242" "STARLINK-37718"
Satellite removed: "52290" "STARLINK-3772"
Satellite removed: "69129" "STARLINK-37720"
Satellite removed: "69125" "STARLINK-37722"
Satellite removed: "69128" "STARLINK-37723"
Satellite removed: "69218" "STARLINK-37724"
Satellite removed: "69224" "STARLINK-37725"
Satellite removed: "69124" "STARLINK-37726"
Satellite removed: "69481" "STARLINK-37727"
Satellite removed: "69221" "STARLINK-37728"
Satellite removed: "69653" "STARLINK-37729"
Satellite removed: "69303" "STARLINK-37730"
Satellite removed: "69304" "STARLINK-37731"
Satellite removed: "69307" "STARLINK-37732"
Satellite removed: "69305" "STARLINK-37734"
Satellite removed: "69226" "STARLINK-37736"
Satellite removed: "69227" "STARLINK-37737"
Satellite removed: "69316" "STARLINK-37738"
Satellite removed: "69233" "STARLINK-37739"
Satellite removed: "52680" "STARLINK-3774"
Satellite removed: "69339" "STARLINK-37743"
Satellite removed: "69347" "STARLINK-37744"
Satellite removed: "69232" "STARLINK-37745"
Satellite removed: "69230" "STARLINK-37746"
Satellite removed: "69440" "STARLINK-37747"
Satellite removed: "69651" "STARLINK-37749"
Satellite removed: "69201" "STARLINK-37754"
Satellite removed: "69234" "STARLINK-37755"
Satellite removed: "69244" "STARLINK-37757"
Satellite removed: "69219" "STARLINK-37758"
Satellite removed: "69223" "STARLINK-37759"
Satellite removed: "52288" "STARLINK-3776"
Satellite removed: "69222" "STARLINK-37760"
Satellite removed: "69200" "STARLINK-37761"
Satellite removed: "69217" "STARLINK-37763"
Satellite removed: "69337" "STARLINK-37765"
Satellite removed: "69216" "STARLINK-37766"
Satellite removed: "69331" "STARLINK-37768"
Satellite removed: "69834" "STARLINK-37769"
Satellite removed: "52294" "STARLINK-3777"
Satellite removed: "69225" "STARLINK-37770"
Satellite removed: "69439" "STARLINK-37771"
Satellite removed: "69330" "STARLINK-37772"
Satellite removed: "69346" "STARLINK-37773"
Satellite removed: "69348" "STARLINK-37775"
Satellite removed: "69343" "STARLINK-37776"
Satellite removed: "69352" "STARLINK-37778"
Satellite removed: "52276" "STARLINK-3778"
Satellite removed: "69340" "STARLINK-37780"
Satellite removed: "69341" "STARLINK-37781"
Satellite removed: "69438" "STARLINK-37783"
Satellite removed: "69657" "STARLINK-37784"
Satellite removed: "69345" "STARLINK-37785"
Satellite removed: "69344" "STARLINK-37786"
Satellite removed: "69692" "STARLINK-37787"
Satellite removed: "69338" "STARLINK-37788"
Satellite removed: "69495" "STARLINK-37789"
Satellite removed: "52281" "STARLINK-3779"
Satellite removed: "69312" "STARLINK-37790"
Satellite removed: "69336" "STARLINK-37791"
Satellite removed: "69437" "STARLINK-37792"
Satellite removed: "69310" "STARLINK-37794"
Satellite removed: "69311" "STARLINK-37795"
Satellite removed: "69497" "STARLINK-37798"
Satellite removed: "69317" "STARLINK-37799"
Satellite removed: "52278" "STARLINK-3780"
Satellite removed: "69436" "STARLINK-37800"
Satellite removed: "69435" "STARLINK-37801"
Satellite removed: "69318" "STARLINK-37802"
Satellite removed: "69319" "STARLINK-37803"
Satellite removed: "69302" "STARLINK-37804"
Satellite removed: "52272" "STARLINK-3781"
Satellite removed: "69482" "STARLINK-37814"
Satellite removed: "69434" "STARLINK-37815"
Satellite removed: "69478" "STARLINK-37816"
Satellite removed: "69480" "STARLINK-37817"
Satellite removed: "69333" "STARLINK-37818"
Satellite removed: "69652" "STARLINK-37819"
Satellite removed: "52273" "STARLINK-3782"
Satellite removed: "69423" "STARLINK-37820"
Satellite removed: "69424" "STARLINK-37822"
Satellite removed: "69427" "STARLINK-37823"
Satellite removed: "69956" "STARLINK-37824"
Satellite removed: "52282" "STARLINK-3783"
Satellite removed: "69664" "STARLINK-37830"
Satellite removed: "69489" "STARLINK-37831"
Satellite removed: "69332" "STARLINK-37833"
Satellite removed: "69428" "STARLINK-37834"
Satellite removed: "69500" "STARLINK-37835"
Satellite removed: "69425" "STARLINK-37836"
Satellite removed: "69665" "STARLINK-37837"
Satellite removed: "69654" "STARLINK-37838"
Satellite removed: "69496" "STARLINK-37839"
Satellite removed: "52275" "STARLINK-3784"
Satellite removed: "69965" "STARLINK-37840"
Satellite removed: "69951" "STARLINK-37841"
Satellite removed: "69487" "STARLINK-37842"
Satellite removed: "69501" "STARLINK-37843"
Satellite removed: "69499" "STARLINK-37849"
Satellite removed: "52375" "STARLINK-3785"
Satellite removed: "69426" "STARLINK-37850"
Satellite removed: "69658" "STARLINK-37851"
Satellite removed: "69662" "STARLINK-37852"
Satellite removed: "69498" "STARLINK-37853"
Satellite removed: "69494" "STARLINK-37854"
Satellite removed: "69493" "STARLINK-37855"
Satellite removed: "69491" "STARLINK-37856"
Satellite removed: "69429" "STARLINK-37857"
Satellite removed: "69555" "STARLINK-37858"
Satellite removed: "69553" "STARLINK-37859"
Satellite removed: "52263" "STARLINK-3786"
Satellite removed: "69554" "STARLINK-37860"
Satellite removed: "69552" "STARLINK-37861"
Satellite removed: "69551" "STARLINK-37862"
Satellite removed: "69550" "STARLINK-37865"
Satellite removed: "69430" "STARLINK-37866"
Satellite removed: "69661" "STARLINK-37867"
Satellite removed: "69334" "STARLINK-37868"
Satellite removed: "69483" "STARLINK-37869"
Satellite removed: "69432" "STARLINK-37870"
Satellite removed: "69549" "STARLINK-37871"
Satellite removed: "69433" "STARLINK-37872"
Satellite removed: "69484" "STARLINK-37873"
Satellite removed: "69967" "STARLINK-37875"
Satellite removed: "69656" "STARLINK-37876"
Satellite removed: "69335" "STARLINK-37877"
Satellite removed: "69479" "STARLINK-37878"
Satellite removed: "69490" "STARLINK-37879"
Satellite removed: "52271" "STARLINK-3788"
Satellite removed: "69546" "STARLINK-37880"
Satellite removed: "69547" "STARLINK-37881"
Satellite removed: "69954" "STARLINK-37882"
Satellite removed: "69655" "STARLINK-37884"
Satellite removed: "69943" "STARLINK-37886"
Satellite removed: "69832" "STARLINK-37887"
Satellite removed: "69535" "STARLINK-37888"
Satellite removed: "69536" "STARLINK-37889"
Satellite removed: "52283" "STARLINK-3789"
Satellite removed: "69533" "STARLINK-37890"
Satellite removed: "69948" "STARLINK-37891"
Satellite removed: "69485" "STARLINK-37892"
Satellite removed: "69486" "STARLINK-37893"
Satellite removed: "69966" "STARLINK-37894"
Satellite removed: "69950" "STARLINK-37895"
Satellite removed: "69970" "STARLINK-37896"
Satellite removed: "69531" "STARLINK-37897"
Satellite removed: "69705" "STARLINK-37898"
Satellite removed: "69952" "STARLINK-37899"
Satellite removed: "52274" "STARLINK-3790"
Satellite removed: "69953" "STARLINK-37900"
Satellite removed: "69960" "STARLINK-37901"
Satellite removed: "69945" "STARLINK-37903"
Satellite removed: "69947" "STARLINK-37904"
Satellite removed: "69946" "STARLINK-37905"
Satellite removed: "69959" "STARLINK-37907"
Satellite removed: "69688" "STARLINK-37908"
Satellite removed: "69566" "STARLINK-37909"
Satellite removed: "52269" "STARLINK-3791"
Satellite removed: "69961" "STARLINK-37910"
Satellite removed: "69698" "STARLINK-37912"
Satellite removed: "69964" "STARLINK-37914"
Satellite removed: "69722" "STARLINK-37915"
Satellite removed: "69565" "STARLINK-37916"
Satellite removed: "69831" "STARLINK-37918"
Satellite removed: "69957" "STARLINK-37919"
Satellite removed: "52339" "STARLINK-3792"
Satellite removed: "69969" "STARLINK-37921"
Satellite removed: "69971" "STARLINK-37922"
Satellite removed: "69949" "STARLINK-37923"
Satellite removed: "69569" "STARLINK-37924"
Satellite removed: "69962" "STARLINK-37925"
Satellite removed: "69695" "STARLINK-37926"
Satellite removed: "69556" "STARLINK-37927"
Satellite removed: "69955" "STARLINK-37928"
Satellite removed: "69557" "STARLINK-37929"
Satellite removed: "52380" "STARLINK-3793"
Satellite removed: "69668" "STARLINK-37930"
Satellite removed: "69963" "STARLINK-37931"
Satellite removed: "69564" "STARLINK-37932"
Satellite removed: "69532" "STARLINK-37933"
Satellite removed: "69567" "STARLINK-37934"
Satellite removed: "69562" "STARLINK-37935"
Satellite removed: "69563" "STARLINK-37936"
Satellite removed: "69944" "STARLINK-37937"
Satellite removed: "69568" "STARLINK-37938"
Satellite removed: "52631" "STARLINK-3794"
Satellite removed: "69690" "STARLINK-37940"
Satellite removed: "69667" "STARLINK-37941"
Satellite removed: "69666" "STARLINK-37943"
Satellite removed: "69669" "STARLINK-37945"
Satellite removed: "69672" "STARLINK-37946"
Satellite removed: "69670" "STARLINK-37948"
Satellite removed: "69671" "STARLINK-37949"
Satellite removed: "52264" "STARLINK-3795"
Satellite removed: "69560" "STARLINK-37950"
Satellite removed: "69684" "STARLINK-37951"
Satellite removed: "69561" "STARLINK-37952"
Satellite removed: "69694" "STARLINK-37953"
Satellite removed: "69558" "STARLINK-37954"
Satellite removed: "69700" "STARLINK-37955"
Satellite removed: "69711" "STARLINK-37956"
Satellite removed: "69685" "STARLINK-37957"
Satellite removed: "69559" "STARLINK-37958"
Satellite removed: "69696" "STARLINK-37959"
Satellite removed: "52372" "STARLINK-3796"
Satellite removed: "69691" "STARLINK-37961"
Satellite removed: "69693" "STARLINK-37962"
Satellite removed: "69709" "STARLINK-37963"
Satellite removed: "69958" "STARLINK-37964"
Satellite removed: "69753" "STARLINK-37965"
Satellite removed: "69686" "STARLINK-37968"
Satellite removed: "69710" "STARLINK-37969"
Satellite removed: "52337" "STARLINK-3797"
Satellite removed: "69706" "STARLINK-37970"
Satellite removed: "69708" "STARLINK-37972"
Satellite removed: "69699" "STARLINK-37974"
Satellite removed: "69707" "STARLINK-37975"
Satellite removed: "69697" "STARLINK-37976"
Satellite removed: "69687" "STARLINK-37977"
Satellite removed: "69689" "STARLINK-37979"
Satellite removed: "52371" "STARLINK-3798"
Satellite removed: "69749" "STARLINK-37987"
Satellite removed: "69748" "STARLINK-37988"
Satellite removed: "69718" "STARLINK-37989"
Satellite removed: "52382" "STARLINK-3799"
Satellite removed: "69683" "STARLINK-37990"
Satellite removed: "69681" "STARLINK-37992"
Satellite removed: "69976" "STARLINK-37993"
Satellite removed: "69680" "STARLINK-37994"
Satellite removed: "69977" "STARLINK-37995"
Satellite removed: "69682" "STARLINK-37997"
Satellite removed: "69679" "STARLINK-37998"
Satellite removed: "52379" "STARLINK-3800"
Satellite removed: "69828" "STARLINK-38001"
Satellite removed: "69720" "STARLINK-38003"
Satellite removed: "69677" "STARLINK-38005"
Satellite removed: "69755" "STARLINK-38006"
Satellite removed: "69723" "STARLINK-38007"
Satellite removed: "69724" "STARLINK-38008"
Satellite removed: "69678" "STARLINK-38009"
Satellite removed: "52356" "STARLINK-3801"
Satellite removed: "69727" "STARLINK-38010"
Satellite removed: "69721" "STARLINK-38014"
Satellite removed: "69726" "STARLINK-38015"
Satellite removed: "69762" "STARLINK-38019"
Satellite removed: "52286" "STARLINK-3802"
Satellite removed: "69713" "STARLINK-38020"
Satellite removed: "69725" "STARLINK-38021"
Satellite removed: "69975" "STARLINK-38024"
Satellite removed: "69752" "STARLINK-38029"
Satellite removed: "69827" "STARLINK-38031"
Satellite removed: "69739" "STARLINK-38033"
Satellite removed: "69759" "STARLINK-38035"
Satellite removed: "69756" "STARLINK-38036"
Satellite removed: "69750" "STARLINK-38037"
Satellite removed: "69719" "STARLINK-38039"
Satellite removed: "52270" "STARLINK-3804"
Satellite removed: "69717" "STARLINK-38040"
Satellite removed: "69742" "STARLINK-38041"
Satellite removed: "69991" "STARLINK-38042"
Satellite removed: "69712" "STARLINK-38043"
Satellite removed: "69746" "STARLINK-38046"
Satellite removed: "69745" "STARLINK-38047"
Satellite removed: "69754" "STARLINK-38048"
Satellite removed: "69751" "STARLINK-38049"
Satellite removed: "52377" "STARLINK-3805"
Satellite removed: "69981" "STARLINK-38050"
Satellite removed: "69704" "STARLINK-38055"
Satellite removed: "69760" "STARLINK-38056"
Satellite removed: "69978" "STARLINK-38057"
Satellite removed: "69757" "STARLINK-38058"
Satellite removed: "69714" "STARLINK-38059"
Satellite removed: "52378" "STARLINK-3806"
Satellite removed: "69716" "STARLINK-38060"
Satellite removed: "69715" "STARLINK-38061"
Satellite removed: "69979" "STARLINK-38063"
Satellite removed: "69988" "STARLINK-38064"
Satellite removed: "69982" "STARLINK-38065"
Satellite removed: "69758" "STARLINK-38066"
Satellite removed: "69747" "STARLINK-38067"
Satellite removed: "69984" "STARLINK-38068"
Satellite removed: "69761" "STARLINK-38069"
Satellite removed: "52353" "STARLINK-3807"
Satellite removed: "69990" "STARLINK-38070"
Satellite removed: "69992" "STARLINK-38071"
Satellite removed: "69986" "STARLINK-38073"
Satellite removed: "69741" "STARLINK-38074"
Satellite removed: "69740" "STARLINK-38076"
Satellite removed: "69983" "STARLINK-38077"
Satellite removed: "69744" "STARLINK-38078"
Satellite removed: "52366" "STARLINK-3808"
Satellite removed: "69989" "STARLINK-38080"
Satellite removed: "69993" "STARLINK-38082"
Satellite removed: "69995" "STARLINK-38084"
Satellite removed: "69996" "STARLINK-38085"
Satellite removed: "69998" "STARLINK-38086"
Satellite removed: "69743" "STARLINK-38087"
Satellite removed: "69985" "STARLINK-38089"
Satellite removed: "52851" "STARLINK-3809"
Satellite removed: "69994" "STARLINK-38090"
Satellite removed: "69997" "STARLINK-38091"
Satellite removed: "69980" "STARLINK-38093"
Satellite removed: "69987" "STARLINK-38099"
Satellite removed: "52383" "STARLINK-3811"
Satellite removed: "52346" "STARLINK-3812"
Satellite removed: "52482" "STARLINK-3813"
Satellite removed: "52335" "STARLINK-3814"
Satellite removed: "52367" "STARLINK-3817"
Satellite removed: "52340" "STARLINK-3818"
Satellite removed: "52349" "STARLINK-3819"
Satellite removed: "52364" "STARLINK-3820"
Satellite removed: "52357" "STARLINK-3821"
Satellite removed: "52287" "STARLINK-3822"
Satellite removed: "52336" "STARLINK-3823"
Satellite removed: "52478" "STARLINK-3825"
Satellite removed: "52347" "STARLINK-3826"
Satellite removed: "52370" "STARLINK-3827"
Satellite removed: "52469" "STARLINK-3828"
Satellite removed: "52348" "STARLINK-3829"
Satellite removed: "52363" "STARLINK-3830"
Satellite removed: "52332" "STARLINK-3831"
Satellite removed: "52646" "STARLINK-3832"
Satellite removed: "52578" "STARLINK-3833"
Satellite removed: "52368" "STARLINK-3834"
Satellite removed: "52476" "STARLINK-3835"
Satellite removed: "52577" "STARLINK-3836"
Satellite removed: "52358" "STARLINK-3837"
Satellite removed: "52352" "STARLINK-3838"
Satellite removed: "52480" "STARLINK-3839"
Satellite removed: "52369" "STARLINK-3841"
Satellite removed: "52341" "STARLINK-3843"
Satellite removed: "52705" "STARLINK-3844"
Satellite removed: "52541" "STARLINK-3845"
Satellite removed: "52333" "STARLINK-3847"
Satellite removed: "52362" "STARLINK-3848"
Satellite removed: "52343" "STARLINK-3849"
Satellite removed: "52342" "STARLINK-3850"
Satellite removed: "52344" "STARLINK-3851"
Satellite removed: "52345" "STARLINK-3852"
Satellite removed: "52359" "STARLINK-3853"
Satellite removed: "52648" "STARLINK-3854"
Satellite removed: "52459" "STARLINK-3856"
Satellite removed: "52494" "STARLINK-3857"
Satellite removed: "52470" "STARLINK-3859"
Satellite removed: "52477" "STARLINK-3860"
Satellite removed: "52503" "STARLINK-3861"
Satellite removed: "52471" "STARLINK-3862"
Satellite removed: "52465" "STARLINK-3863"
Satellite removed: "52468" "STARLINK-3864"
Satellite removed: "52500" "STARLINK-3866"
Satellite removed: "52587" "STARLINK-3867"
Satellite removed: "52649" "STARLINK-3868"
Satellite removed: "52496" "STARLINK-3871"
Satellite removed: "52453" "STARLINK-3872"
Satellite removed: "52467" "STARLINK-3873"
Satellite removed: "52365" "STARLINK-3874"
Satellite removed: "52483" "STARLINK-3875"
Satellite removed: "52355" "STARLINK-3877"
Satellite removed: "52479" "STARLINK-3878"
Satellite removed: "52473" "STARLINK-3879"
Satellite removed: "52334" "STARLINK-3880"
Satellite removed: "52472" "STARLINK-3881"
Satellite removed: "52475" "STARLINK-3882"
Satellite removed: "52493" "STARLINK-3883"
Satellite removed: "52497" "STARLINK-3884"
Satellite removed: "52463" "STARLINK-3885"
Satellite removed: "52484" "STARLINK-3887"
Satellite removed: "52454" "STARLINK-3888"
Satellite removed: "52331" "STARLINK-3889"
Satellite removed: "52455" "STARLINK-3890"
Satellite removed: "52650" "STARLINK-3891"
Satellite removed: "52488" "STARLINK-3892"
Satellite removed: "52579" "STARLINK-3893"
Satellite removed: "52583" "STARLINK-3895"
Satellite removed: "52456" "STARLINK-3896"
Satellite removed: "52537" "STARLINK-3897"
Satellite removed: "52458" "STARLINK-3898"
Satellite removed: "52457" "STARLINK-3899"
Satellite removed: "52461" "STARLINK-3900"
Satellite removed: "52574" "STARLINK-3901"
Satellite removed: "52487" "STARLINK-3902"
Satellite removed: "52462" "STARLINK-3903"
Satellite removed: "52464" "STARLINK-3904"
Satellite removed: "52585" "STARLINK-3906"
Satellite removed: "52501" "STARLINK-3907"
Satellite removed: "52491" "STARLINK-3908"
Satellite removed: "52452" "STARLINK-3909"
Satellite removed: "52586" "STARLINK-3910"
Satellite removed: "52565" "STARLINK-3911"
Satellite removed: "52502" "STARLINK-3912"
Satellite removed: "52485" "STARLINK-3913"
Satellite removed: "52490" "STARLINK-3914"
Satellite removed: "52581" "STARLINK-3915"
Satellite removed: "52492" "STARLINK-3916"
Satellite removed: "52588" "STARLINK-3917"
Satellite removed: "52486" "STARLINK-3918"
Satellite removed: "52580" "STARLINK-3919"
Satellite removed: "52584" "STARLINK-3922"
Satellite removed: "52489" "STARLINK-3923"
Satellite removed: "52498" "STARLINK-3925"
Satellite removed: "52543" "STARLINK-3926"
Satellite removed: "52569" "STARLINK-3927"
Satellite removed: "52606" "STARLINK-3928"
Satellite removed: "52567" "STARLINK-3929"
Satellite removed: "52568" "STARLINK-3930"
Satellite removed: "52548" "STARLINK-3931"
Satellite removed: "52576" "STARLINK-3932"
Satellite removed: "52538" "STARLINK-3933"
Satellite removed: "52675" "STARLINK-3934"
Satellite removed: "52549" "STARLINK-3935"
Satellite removed: "52674" "STARLINK-3936"
Satellite removed: "52542" "STARLINK-3937"
Satellite removed: "52566" "STARLINK-3938"
Satellite removed: "52540" "STARLINK-3940"
Satellite removed: "52638" "STARLINK-3941"
Satellite removed: "52563" "STARLINK-3942"
Satellite removed: "52557" "STARLINK-3943"
Satellite removed: "52544" "STARLINK-3944"
Satellite removed: "52693" "STARLINK-3946"
Satellite removed: "52607" "STARLINK-3947"
Satellite removed: "52546" "STARLINK-3948"
Satellite removed: "53264" "STARLINK-3950"
Satellite removed: "52559" "STARLINK-3953"
Satellite removed: "52561" "STARLINK-3955"
Satellite removed: "52560" "STARLINK-3956"
Satellite removed: "52562" "STARLINK-3957"
Satellite removed: "52535" "STARLINK-3958"
Satellite removed: "52564" "STARLINK-3959"
Satellite removed: "52659" "STARLINK-3960"
Satellite removed: "52637" "STARLINK-3961"
Satellite removed: "52708" "STARLINK-3962"
Satellite removed: "52643" "STARLINK-3963"
Satellite removed: "52536" "STARLINK-3964"
Satellite removed: "52550" "STARLINK-3965"
Satellite removed: "52552" "STARLINK-3966"
Satellite removed: "52636" "STARLINK-3967"
Satellite removed: "52639" "STARLINK-3968"
Satellite removed: "52551" "STARLINK-3969"
Satellite removed: "52706" "STARLINK-3970"
Satellite removed: "52642" "STARLINK-3971"
Satellite removed: "52669" "STARLINK-3972"
Satellite removed: "52645" "STARLINK-3973"
Satellite removed: "52634" "STARLINK-3974"
Satellite removed: "52620" "STARLINK-3975"
Satellite removed: "52673" "STARLINK-3976"
Satellite removed: "52640" "STARLINK-3977"
Satellite removed: "52635" "STARLINK-3978"
Satellite removed: "52608" "STARLINK-3979"
Satellite removed: "52611" "STARLINK-3980"
Satellite removed: "52687" "STARLINK-3981"
Satellite removed: "52614" "STARLINK-3982"
Satellite removed: "52618" "STARLINK-3983"
Satellite removed: "52621" "STARLINK-3984"
Satellite removed: "52644" "STARLINK-3985"
Satellite removed: "52623" "STARLINK-3986"
Satellite removed: "52699" "STARLINK-3987"
Satellite removed: "52625" "STARLINK-3988"
Satellite removed: "52630" "STARLINK-3989"
Satellite removed: "52626" "STARLINK-3990"
Satellite removed: "52641" "STARLINK-3991"
Satellite removed: "52627" "STARLINK-3992"
Satellite removed: "52692" "STARLINK-3993"
Satellite removed: "52633" "STARLINK-3994"
Satellite removed: "52632" "STARLINK-3995"
Satellite removed: "52617" "STARLINK-3996"
Satellite removed: "52609" "STARLINK-3997"
Satellite removed: "52610" "STARLINK-3998"
Satellite removed: "52704" "STARLINK-3999"
Satellite removed: "52605" "STARLINK-4000"
Satellite removed: "52628" "STARLINK-4001"
Satellite removed: "52612" "STARLINK-4002"
Satellite removed: "52656" "STARLINK-4004"
Satellite removed: "52686" "STARLINK-4005"
Satellite removed: "52676" "STARLINK-4006"
Satellite removed: "52707" "STARLINK-4007"
Satellite removed: "52622" "STARLINK-4008"
Satellite removed: "52862" "STARLINK-4010"
Satellite removed: "52615" "STARLINK-4011"
Satellite removed: "52602" "STARLINK-4012"
Satellite removed: "52604" "STARLINK-4013"
Satellite removed: "52684" "STARLINK-4014"
Satellite removed: "52603" "STARLINK-4016"
Satellite removed: "52682" "STARLINK-4017"
Satellite removed: "52697" "STARLINK-4018"
Satellite removed: "52598" "STARLINK-4019"
Satellite removed: "52703" "STARLINK-4020"
Satellite removed: "53149" "STARLINK-4021"
Satellite removed: "52629" "STARLINK-4022"
Satellite removed: "53135" "STARLINK-4023"
Satellite removed: "52599" "STARLINK-4024"
Satellite removed: "52600" "STARLINK-4026"
Satellite removed: "52601" "STARLINK-4027"
Satellite removed: "52685" "STARLINK-4029"
Satellite removed: "52698" "STARLINK-4030"
Satellite removed: "52679" "STARLINK-4031"
Satellite removed: "52688" "STARLINK-4032"
Satellite removed: "52702" "STARLINK-4033"
Satellite removed: "52700" "STARLINK-4034"
Satellite removed: "52690" "STARLINK-4035"
Satellite removed: "52837" "STARLINK-4036"
Satellite removed: "52663" "STARLINK-4037"
Satellite removed: "53151" "STARLINK-4040"
Satellite removed: "52695" "STARLINK-4041"
Satellite removed: "52662" "STARLINK-4044"
Satellite removed: "53152" "STARLINK-4045"
Satellite removed: "52842" "STARLINK-4046"
Satellite removed: "53243" "STARLINK-4047"
Satellite removed: "52839" "STARLINK-4048"
Satellite removed: "53274" "STARLINK-4050"
Satellite removed: "53273" "STARLINK-4051"
Satellite removed: "53171" "STARLINK-4052"
Satellite removed: "53536" "STARLINK-4053"
Satellite removed: "53158" "STARLINK-4054"
Satellite removed: "53161" "STARLINK-4055"
Satellite removed: "53242" "STARLINK-4056"
Satellite removed: "53266" "STARLINK-4058"
Satellite removed: "53250" "STARLINK-4059"
Satellite removed: "53267" "STARLINK-4060"
Satellite removed: "53247" "STARLINK-4061"
Satellite removed: "53261" "STARLINK-4062"
Satellite removed: "52665" "STARLINK-4064"
Satellite removed: "52841" "STARLINK-4065"
Satellite removed: "52668" "STARLINK-4067"
Satellite removed: "52681" "STARLINK-4068"
Satellite removed: "52664" "STARLINK-4070"
Satellite removed: "52671" "STARLINK-4071"
Satellite removed: "52694" "STARLINK-4072"
Satellite removed: "52672" "STARLINK-4073"
Satellite removed: "52678" "STARLINK-4074"
Satellite removed: "52670" "STARLINK-4075"
Satellite removed: "52667" "STARLINK-4076"
Satellite removed: "53154" "STARLINK-4077"
Satellite removed: "52666" "STARLINK-4079"
Satellite removed: "52835" "STARLINK-4080"
Satellite removed: "52660" "STARLINK-4081"
Satellite removed: "52658" "STARLINK-4082"
Satellite removed: "52832" "STARLINK-4083"
Satellite removed: "52657" "STARLINK-4084"
Satellite removed: "53262" "STARLINK-4085"
Satellite removed: "52833" "STARLINK-4086"
Satellite removed: "53156" "STARLINK-4087"
Satellite removed: "53155" "STARLINK-4088"
Satellite removed: "52831" "STARLINK-4089"
Satellite removed: "53165" "STARLINK-4090"
Satellite removed: "52830" "STARLINK-4091"
Satellite removed: "52838" "STARLINK-4092"
Satellite removed: "53147" "STARLINK-4094"
Satellite removed: "53170" "STARLINK-4095"
Satellite removed: "53160" "STARLINK-4096"
Satellite removed: "53265" "STARLINK-4097"
Satellite removed: "53153" "STARLINK-4098"
Satellite removed: "53144" "STARLINK-4100"
Satellite removed: "53142" "STARLINK-4101"
Satellite removed: "53143" "STARLINK-4102"
Satellite removed: "53141" "STARLINK-4103"
Satellite removed: "53163" "STARLINK-4104"
Satellite removed: "53168" "STARLINK-4105"
Satellite removed: "53145" "STARLINK-4106"
Satellite removed: "53287" "STARLINK-4107"
Satellite removed: "52834" "STARLINK-4108"
Satellite removed: "53268" "STARLINK-4109"
Satellite removed: "53159" "STARLINK-4111"
Satellite removed: "52861" "STARLINK-4112"
Satellite removed: "53162" "STARLINK-4114"
Satellite removed: "53032" "STARLINK-4115"
Satellite removed: "53164" "STARLINK-4116"
Satellite removed: "53169" "STARLINK-4117"
Satellite removed: "53026" "STARLINK-4119"
Satellite removed: "53537" "STARLINK-4120"
Satellite removed: "53002" "STARLINK-4121"
Satellite removed: "53272" "STARLINK-4122"
Satellite removed: "53539" "STARLINK-4123"
Satellite removed: "53244" "STARLINK-4125"
Satellite removed: "52867" "STARLINK-4126"
Satellite removed: "53258" "STARLINK-4127"
Satellite removed: "53249" "STARLINK-4128"
Satellite removed: "53251" "STARLINK-4129"
Satellite removed: "53263" "STARLINK-4130"
Satellite removed: "53246" "STARLINK-4131"
Satellite removed: "53252" "STARLINK-4132"
Satellite removed: "53253" "STARLINK-4133"
Satellite removed: "53254" "STARLINK-4134"
Satellite removed: "53248" "STARLINK-4135"
Satellite removed: "53031" "STARLINK-4137"
Satellite removed: "53535" "STARLINK-4138"
Satellite removed: "52879" "STARLINK-4139"
Satellite removed: "53259" "STARLINK-4140"
Satellite removed: "53138" "STARLINK-4141"
Satellite removed: "53255" "STARLINK-4142"
Satellite removed: "53029" "STARLINK-4143"
Satellite removed: "53257" "STARLINK-4144"
Satellite removed: "53137" "STARLINK-4145"
Satellite removed: "53294" "STARLINK-4146"
Satellite removed: "53256" "STARLINK-4147"
Satellite removed: "53293" "STARLINK-4148"
Satellite removed: "53290" "STARLINK-4149"
Satellite removed: "53134" "STARLINK-4150"
Satellite removed: "53034" "STARLINK-4151"
Satellite removed: "53136" "STARLINK-4152"
Satellite removed: "53037" "STARLINK-4153"
Satellite removed: "53036" "STARLINK-4155"
Satellite removed: "53038" "STARLINK-4156"
Satellite removed: "53035" "STARLINK-4157"
Satellite removed: "53027" "STARLINK-4158"
Satellite removed: "53292" "STARLINK-4159"
Satellite removed: "53030" "STARLINK-4160"
Satellite removed: "53288" "STARLINK-4162"
Satellite removed: "53282" "STARLINK-4164"
Satellite removed: "53286" "STARLINK-4165"
Satellite removed: "53291" "STARLINK-4166"
Satellite removed: "53033" "STARLINK-4167"
Satellite removed: "52845" "STARLINK-4168"
Satellite removed: "53280" "STARLINK-4169"
Satellite removed: "53140" "STARLINK-4170"
Satellite removed: "52878" "STARLINK-4171"
Satellite removed: "53285" "STARLINK-4173"
Satellite removed: "53276" "STARLINK-4174"
Satellite removed: "53283" "STARLINK-4175"
Satellite removed: "53289" "STARLINK-4176"
Satellite removed: "53013" "STARLINK-4177"
Satellite removed: "53277" "STARLINK-4178"
Satellite removed: "53275" "STARLINK-4179"
Satellite removed: "53278" "STARLINK-4180"
Satellite removed: "52882" "STARLINK-4181"
Satellite removed: "53014" "STARLINK-4183"
Satellite removed: "52852" "STARLINK-4184"
Satellite removed: "53139" "STARLINK-4185"
Satellite removed: "52880" "STARLINK-4186"
Satellite removed: "52850" "STARLINK-4187"
Satellite removed: "52843" "STARLINK-4188"
Satellite removed: "53001" "STARLINK-4190"
Satellite removed: "52860" "STARLINK-4191"
Satellite removed: "52875" "STARLINK-4193"
Satellite removed: "53000" "STARLINK-4194"
Satellite removed: "52859" "STARLINK-4196"
Satellite removed: "52849" "STARLINK-4197"
Satellite removed: "52858" "STARLINK-4198"
Satellite removed: "52857" "STARLINK-4199"
Satellite removed: "52876" "STARLINK-4200"
Satellite removed: "52856" "STARLINK-4201"
Satellite removed: "52848" "STARLINK-4202"
Satellite removed: "52854" "STARLINK-4204"
Satellite removed: "53174" "STARLINK-4205"
Satellite removed: "52847" "STARLINK-4206"
Satellite removed: "52871" "STARLINK-4207"
Satellite removed: "52844" "STARLINK-4208"
Satellite removed: "52855" "STARLINK-4209"
Satellite removed: "52873" "STARLINK-4211"
Satellite removed: "52846" "STARLINK-4212"
Satellite removed: "52872" "STARLINK-4213"
Satellite removed: "52877" "STARLINK-4214"
Satellite removed: "53007" "STARLINK-4215"
Satellite removed: "53022" "STARLINK-4216"
Satellite removed: "52999" "STARLINK-4217"
Satellite removed: "53025" "STARLINK-4218"
Satellite removed: "53083" "STARLINK-4251"
Satellite removed: "53057" "STARLINK-4252"
Satellite removed: "53004" "STARLINK-4253"
Satellite removed: "52998" "STARLINK-4254"
Satellite removed: "53003" "STARLINK-4255"
Satellite removed: "52994" "STARLINK-4256"
Satellite removed: "53184" "STARLINK-4257"
Satellite removed: "53180" "STARLINK-4258"
Satellite removed: "52987" "STARLINK-4259"
Satellite removed: "52986" "STARLINK-4260"
Satellite removed: "52868" "STARLINK-4261"
Satellite removed: "53015" "STARLINK-4262"
Satellite removed: "53010" "STARLINK-4263"
Satellite removed: "53011" "STARLINK-4265"
Satellite removed: "52869" "STARLINK-4266"
Satellite removed: "52864" "STARLINK-4267"
Satellite removed: "53183" "STARLINK-4268"
Satellite removed: "52992" "STARLINK-4269"
Satellite removed: "52863" "STARLINK-4270"
Satellite removed: "53012" "STARLINK-4271"
Satellite removed: "52866" "STARLINK-4272"
Satellite removed: "52865" "STARLINK-4274"
Satellite removed: "53008" "STARLINK-4275"
Satellite removed: "53179" "STARLINK-4276"
Satellite removed: "53009" "STARLINK-4277"
Satellite removed: "53182" "STARLINK-4278"
Satellite removed: "53178" "STARLINK-4280"
Satellite removed: "53019" "STARLINK-4282"
Satellite removed: "53016" "STARLINK-4283"
Satellite removed: "53023" "STARLINK-4284"
Satellite removed: "52991" "STARLINK-4285"
Satellite removed: "52990" "STARLINK-4286"
Satellite removed: "53020" "STARLINK-4287"
Satellite removed: "53005" "STARLINK-4288"
Satellite removed: "53024" "STARLINK-4289"
Satellite removed: "53006" "STARLINK-4290"
Satellite removed: "52988" "STARLINK-4291"
Satellite removed: "53175" "STARLINK-4292"
Satellite removed: "52989" "STARLINK-4293"
Satellite removed: "53176" "STARLINK-4294"
Satellite removed: "52996" "STARLINK-4295"
Satellite removed: "52995" "STARLINK-4296"
Satellite removed: "53543" "STARLINK-4297"
Satellite removed: "53177" "STARLINK-4298"
Satellite removed: "53172" "STARLINK-4299"
Satellite removed: "53173" "STARLINK-4300"
Satellite removed: "53481" "STARLINK-4302"
Satellite removed: "53544" "STARLINK-4303"
Satellite removed: "53414" "STARLINK-4304"
Satellite removed: "53060" "STARLINK-4305"
Satellite removed: "53063" "STARLINK-4307"
Satellite removed: "53061" "STARLINK-4308"
Satellite removed: "53066" "STARLINK-4309"
Satellite removed: "53062" "STARLINK-4311"
Satellite removed: "53065" "STARLINK-4312"
Satellite removed: "53064" "STARLINK-4313"
Satellite removed: "53056" "STARLINK-4314"
Satellite removed: "53471" "STARLINK-4316"
Satellite removed: "53058" "STARLINK-4317"
Satellite removed: "53086" "STARLINK-4318"
Satellite removed: "53084" "STARLINK-4319"
Satellite removed: "53059" "STARLINK-4320"
Satellite removed: "53082" "STARLINK-4321"
Satellite removed: "53078" "STARLINK-4322"
Satellite removed: "53069" "STARLINK-4323"
Satellite removed: "53085" "STARLINK-4324"
Satellite removed: "53068" "STARLINK-4325"
Satellite removed: "53081" "STARLINK-4326"
Satellite removed: "53079" "STARLINK-4327"
Satellite removed: "53071" "STARLINK-4328"
Satellite removed: "53080" "STARLINK-4330"
Satellite removed: "53046" "STARLINK-4331"
Satellite removed: "53190" "STARLINK-4332"
Satellite removed: "53088" "STARLINK-4333"
Satellite removed: "53665" "STARLINK-4334"
Satellite removed: "53215" "STARLINK-4335"
Satellite removed: "53051" "STARLINK-4336"
Satellite removed: "53053" "STARLINK-4337"
Satellite removed: "53055" "STARLINK-4338"
Satellite removed: "53054" "STARLINK-4339"
Satellite removed: "53494" "STARLINK-4340"
Satellite removed: "53052" "STARLINK-4341"
Satellite removed: "53070" "STARLINK-4342"
Satellite removed: "53050" "STARLINK-4343"
Satellite removed: "53072" "STARLINK-4344"
Satellite removed: "53049" "STARLINK-4345"
Satellite removed: "53073" "STARLINK-4346"
Satellite removed: "53076" "STARLINK-4347"
Satellite removed: "53075" "STARLINK-4348"
Satellite removed: "53045" "STARLINK-4350"
Satellite removed: "53193" "STARLINK-4351"
Satellite removed: "53047" "STARLINK-4352"
Satellite removed: "53214" "STARLINK-4353"
Satellite removed: "53048" "STARLINK-4355"
Satellite removed: "53224" "STARLINK-4356"
Satellite removed: "53225" "STARLINK-4358"
Satellite removed: "53226" "STARLINK-4359"
Satellite removed: "53482" "STARLINK-4360"
Satellite removed: "53043" "STARLINK-4362"
Satellite removed: "53220" "STARLINK-4363"
Satellite removed: "53230" "STARLINK-4364"
Satellite removed: "53228" "STARLINK-4365"
Satellite removed: "53227" "STARLINK-4366"
Satellite removed: "53229" "STARLINK-4367"
Satellite removed: "53234" "STARLINK-4368"
Satellite removed: "53191" "STARLINK-4369"
Satellite removed: "53231" "STARLINK-4370"
Satellite removed: "53232" "STARLINK-4371"
Satellite removed: "53233" "STARLINK-4372"
Satellite removed: "53219" "STARLINK-4373"
Satellite removed: "53652" "STARLINK-4374"
Satellite removed: "53192" "STARLINK-4375"
Satellite removed: "53216" "STARLINK-4376"
Satellite removed: "53221" "STARLINK-4377"
Satellite removed: "53476" "STARLINK-4378"
Satellite removed: "53650" "STARLINK-4380"
Satellite removed: "53194" "STARLINK-4382"
Satellite removed: "53473" "STARLINK-4383"
Satellite removed: "53218" "STARLINK-4384"
Satellite removed: "53198" "STARLINK-4385"
Satellite removed: "53490" "STARLINK-4387"
Satellite removed: "53651" "STARLINK-4388"
Satellite removed: "53475" "STARLINK-4389"
Satellite removed: "53653" "STARLINK-4390"
Satellite removed: "53189" "STARLINK-4391"
Satellite removed: "53489" "STARLINK-4392"
Satellite removed: "53470" "STARLINK-4393"
Satellite removed: "53199" "STARLINK-4395"
Satellite removed: "53637" "STARLINK-4396"
Satellite removed: "53205" "STARLINK-4397"
Satellite removed: "53466" "STARLINK-4398"
Satellite removed: "53469" "STARLINK-4399"
Satellite removed: "53468" "STARLINK-4400"
Satellite removed: "53509" "STARLINK-4402"
Satellite removed: "53197" "STARLINK-4403"
Satellite removed: "53201" "STARLINK-4405"
Satellite removed: "53667" "STARLINK-4406"
Satellite removed: "53206" "STARLINK-4408"
Satellite removed: "53203" "STARLINK-4409"
Satellite removed: "53204" "STARLINK-4410"
Satellite removed: "53202" "STARLINK-4411"
Satellite removed: "53207" "STARLINK-4413"
Satellite removed: "53213" "STARLINK-4414"
Satellite removed: "53465" "STARLINK-4415"
Satellite removed: "53212" "STARLINK-4416"
Satellite removed: "53200" "STARLINK-4417"
Satellite removed: "53654" "STARLINK-4420"
Satellite removed: "53488" "STARLINK-4421"
Satellite removed: "53209" "STARLINK-4423"
Satellite removed: "53208" "STARLINK-4425"
Satellite removed: "53484" "STARLINK-4426"
Satellite removed: "53210" "STARLINK-4427"
Satellite removed: "53672" "STARLINK-4428"
Satellite removed: "53495" "STARLINK-4429"
Satellite removed: "53485" "STARLINK-4430"
Satellite removed: "53487" "STARLINK-4432"
Satellite removed: "53478" "STARLINK-4433"
Satellite removed: "53502" "STARLINK-4435"
Satellite removed: "53479" "STARLINK-4436"
Satellite removed: "53682" "STARLINK-4438"
Satellite removed: "53498" "STARLINK-4439"
Satellite removed: "53671" "STARLINK-4440"
Satellite removed: "53480" "STARLINK-4442"
Satellite removed: "53508" "STARLINK-4443"
Satellite removed: "53474" "STARLINK-4445"
Satellite removed: "53505" "STARLINK-4446"
Satellite removed: "53472" "STARLINK-4447"
Satellite removed: "53492" "STARLINK-4451"
Satellite removed: "53658" "STARLINK-4452"
Satellite removed: "53497" "STARLINK-4453"
Satellite removed: "53499" "STARLINK-4454"
Satellite removed: "53663" "STARLINK-4457"
Satellite removed: "53670" "STARLINK-4459"
Satellite removed: "53781" "STARLINK-4462"
Satellite removed: "53669" "STARLINK-4464"
Satellite removed: "53656" "STARLINK-4466"
Satellite removed: "53686" "STARLINK-4467"
Satellite removed: "53969" "STARLINK-4468"
Satellite removed: "53664" "STARLINK-4471"
Satellite removed: "53661" "STARLINK-4472"
Satellite removed: "53660" "STARLINK-4473"
Satellite removed: "53547" "STARLINK-4474"
Satellite removed: "53545" "STARLINK-4475"
Satellite removed: "53419" "STARLINK-4476"
Satellite removed: "53546" "STARLINK-4477"
Satellite removed: "53529" "STARLINK-4478"
Satellite removed: "53415" "STARLINK-4479"
Satellite removed: "53416" "STARLINK-4480"
Satellite removed: "53418" "STARLINK-4481"
Satellite removed: "53530" "STARLINK-4482"
Satellite removed: "53532" "STARLINK-4483"
Satellite removed: "53417" "STARLINK-4484"
Satellite removed: "53541" "STARLINK-4485"
Satellite removed: "53540" "STARLINK-4486"
Satellite removed: "53531" "STARLINK-4487"
Satellite removed: "53542" "STARLINK-4489"
Satellite removed: "53409" "STARLINK-4490"
Satellite removed: "53408" "STARLINK-4491"
Satellite removed: "53410" "STARLINK-4492"
Satellite removed: "53533" "STARLINK-4493"
Satellite removed: "53558" "STARLINK-4494"
Satellite removed: "53552" "STARLINK-4495"
Satellite removed: "53412" "STARLINK-4496"
Satellite removed: "53411" "STARLINK-4497"
Satellite removed: "53402" "STARLINK-4499"
Satellite removed: "53413" "STARLINK-4500"
Satellite removed: "53553" "STARLINK-4501"
Satellite removed: "53557" "STARLINK-4502"
Satellite removed: "53528" "STARLINK-4503"
Satellite removed: "53555" "STARLINK-4504"
Satellite removed: "53556" "STARLINK-4505"
Satellite removed: "53554" "STARLINK-4506"
Satellite removed: "53403" "STARLINK-4507"
Satellite removed: "53404" "STARLINK-4509"
Satellite removed: "53405" "STARLINK-4510"
Satellite removed: "53398" "STARLINK-4512"
Satellite removed: "53548" "STARLINK-4513"
Satellite removed: "53551" "STARLINK-4514"
Satellite removed: "53397" "STARLINK-4515"
Satellite removed: "53390" "STARLINK-4517"
Satellite removed: "53439" "STARLINK-4519"
Satellite removed: "53400" "STARLINK-4520"
Satellite removed: "53391" "STARLINK-4521"
Satellite removed: "53388" "STARLINK-4522"
Satellite removed: "53389" "STARLINK-4523"
Satellite removed: "53396" "STARLINK-4524"
Satellite removed: "53401" "STARLINK-4525"
Satellite removed: "53438" "STARLINK-4526"
Satellite removed: "53436" "STARLINK-4527"
Satellite removed: "53399" "STARLINK-4528"
Satellite removed: "53393" "STARLINK-4530"
Satellite removed: "53425" "STARLINK-4531"
Satellite removed: "53424" "STARLINK-4532"
Satellite removed: "53406" "STARLINK-4533"
Satellite removed: "53395" "STARLINK-4534"
Satellite removed: "53392" "STARLINK-4535"
Satellite removed: "53783" "STARLINK-4536"
Satellite removed: "53430" "STARLINK-4538"
Satellite removed: "53423" "STARLINK-4539"
Satellite removed: "53435" "STARLINK-4542"
Satellite removed: "53429" "STARLINK-4543"
Satellite removed: "53394" "STARLINK-4544"
Satellite removed: "53421" "STARLINK-4545"
Satellite removed: "53422" "STARLINK-4546"
Satellite removed: "53431" "STARLINK-4548"
Satellite removed: "53433" "STARLINK-4549"
Satellite removed: "53570" "STARLINK-4550"
Satellite removed: "53575" "STARLINK-4551"
Satellite removed: "53420" "STARLINK-4552"
Satellite removed: "53577" "STARLINK-4553"
Satellite removed: "53626" "STARLINK-4554"
Satellite removed: "53572" "STARLINK-4555"
Satellite removed: "53578" "STARLINK-4556"
Satellite removed: "53432" "STARLINK-4557"
Satellite removed: "53426" "STARLINK-4558"
Satellite removed: "53574" "STARLINK-4559"
Satellite removed: "53691" "STARLINK-4560"
Satellite removed: "53563" "STARLINK-4561"
Satellite removed: "53561" "STARLINK-4563"
Satellite removed: "53560" "STARLINK-4564"
Satellite removed: "53562" "STARLINK-4565"
Satellite removed: "53693" "STARLINK-4566"
Satellite removed: "53970" "STARLINK-4567"
Satellite removed: "53622" "STARLINK-4568"
Satellite removed: "53687" "STARLINK-4569"
Satellite removed: "53690" "STARLINK-4570"
Satellite removed: "53688" "STARLINK-4571"
Satellite removed: "53692" "STARLINK-4572"
Satellite removed: "53623" "STARLINK-4573"
Satellite removed: "53733" "STARLINK-4574"
Satellite removed: "53565" "STARLINK-4575"
Satellite removed: "53566" "STARLINK-4576"
Satellite removed: "53564" "STARLINK-4577"
Satellite removed: "53677" "STARLINK-4579"
Satellite removed: "53579" "STARLINK-4580"
Satellite removed: "53576" "STARLINK-4581"
Satellite removed: "53569" "STARLINK-4582"
Satellite removed: "53568" "STARLINK-4583"
Satellite removed: "53571" "STARLINK-4584"
Satellite removed: "53567" "STARLINK-4585"
Satellite removed: "53636" "STARLINK-4586"
Satellite removed: "53641" "STARLINK-4588"
Satellite removed: "53746" "STARLINK-4589"
Satellite removed: "53606" "STARLINK-4590"
Satellite removed: "53607" "STARLINK-4591"
Satellite removed: "53634" "STARLINK-4592"
Satellite removed: "53633" "STARLINK-4593"
Satellite removed: "53638" "STARLINK-4594"
Satellite removed: "53627" "STARLINK-4595"
Satellite removed: "53624" "STARLINK-4596"
Satellite removed: "53640" "STARLINK-4597"
Satellite removed: "53630" "STARLINK-4598"
Satellite removed: "53631" "STARLINK-4599"
Satellite removed: "53628" "STARLINK-4600"
Satellite removed: "53629" "STARLINK-4602"
Satellite removed: "53616" "STARLINK-4605"
Satellite removed: "53632" "STARLINK-4606"
Satellite removed: "53740" "STARLINK-4607"
Satellite removed: "53621" "STARLINK-4608"
Satellite removed: "53619" "STARLINK-4609"
Satellite removed: "53610" "STARLINK-4610"
Satellite removed: "53750" "STARLINK-4612"
Satellite removed: "53620" "STARLINK-4615"
Satellite removed: "53734" "STARLINK-4616"
Satellite removed: "53675" "STARLINK-4617"
Satellite removed: "53735" "STARLINK-4618"
Satellite removed: "54191" "STARLINK-4619"
Satellite removed: "53674" "STARLINK-4620"
Satellite removed: "53676" "STARLINK-4621"
Satellite removed: "53648" "STARLINK-4622"
Satellite removed: "55315" "STARLINK-4623"
Satellite removed: "53684" "STARLINK-4624"
Satellite removed: "53683" "STARLINK-4625"
Satellite removed: "53685" "STARLINK-4626"
Satellite removed: "53711" "STARLINK-4627"
Satellite removed: "53968" "STARLINK-4629"
Satellite removed: "53680" "STARLINK-4630"
Satellite removed: "53679" "STARLINK-4632"
Satellite removed: "53964" "STARLINK-4633"
Satellite removed: "53967" "STARLINK-4634"
Satellite removed: "53966" "STARLINK-4635"
Satellite removed: "53731" "STARLINK-4636"
Satellite removed: "53742" "STARLINK-4637"
Satellite removed: "53728" "STARLINK-4640"
Satellite removed: "53730" "STARLINK-4641"
Satellite removed: "53720" "STARLINK-4642"
Satellite removed: "54824" "STARLINK-4643"
Satellite removed: "53719" "STARLINK-4644"
Satellite removed: "53743" "STARLINK-4645"
Satellite removed: "53608" "STARLINK-4647"
Satellite removed: "53602" "STARLINK-4648"
Satellite removed: "53831" "STARLINK-4649"
Satellite removed: "53729" "STARLINK-4651"
Satellite removed: "53736" "STARLINK-4652"
Satellite removed: "53613" "STARLINK-4655"
Satellite removed: "53745" "STARLINK-4656"
Satellite removed: "53612" "STARLINK-4658"
Satellite removed: "54841" "STARLINK-4659"
Satellite removed: "53609" "STARLINK-4660"
Satellite removed: "53732" "STARLINK-4661"
Satellite removed: "53738" "STARLINK-4662"
Satellite removed: "53724" "STARLINK-4663"
Satellite removed: "53777" "STARLINK-4664"
Satellite removed: "53789" "STARLINK-4666"
Satellite removed: "53707" "STARLINK-4667"
Satellite removed: "53744" "STARLINK-4670"
Satellite removed: "53592" "STARLINK-4672"
Satellite removed: "53589" "STARLINK-4673"
Satellite removed: "53591" "STARLINK-4674"
Satellite removed: "53601" "STARLINK-4675"
Satellite removed: "53598" "STARLINK-4676"
Satellite removed: "53600" "STARLINK-4677"
Satellite removed: "53780" "STARLINK-4678"
Satellite removed: "53712" "STARLINK-4683"
Satellite removed: "53595" "STARLINK-4684"
Satellite removed: "53709" "STARLINK-4685"
Satellite removed: "53715" "STARLINK-4686"
Satellite removed: "53784" "STARLINK-4687"
Satellite removed: "53590" "STARLINK-4689"
Satellite removed: "53604" "STARLINK-4690"
Satellite removed: "53588" "STARLINK-4691"
Satellite removed: "53603" "STARLINK-4692"
Satellite removed: "53708" "STARLINK-4694"
Satellite removed: "53718" "STARLINK-4695"
Satellite removed: "53726" "STARLINK-4697"
Satellite removed: "53716" "STARLINK-4699"
Satellite removed: "53722" "STARLINK-4700"
Satellite removed: "53727" "STARLINK-4701"
Satellite removed: "53855" "STARLINK-4703"
Satellite removed: "53723" "STARLINK-4705"
Satellite removed: "53779" "STARLINK-4706"
Satellite removed: "53721" "STARLINK-4707"
Satellite removed: "53778" "STARLINK-4709"
Satellite removed: "53799" "STARLINK-4710"
Satellite removed: "53701" "STARLINK-4711"
Satellite removed: "53798" "STARLINK-4712"
Satellite removed: "53704" "STARLINK-4714"
Satellite removed: "53801" "STARLINK-4715"
Satellite removed: "53706" "STARLINK-4716"
Satellite removed: "53705" "STARLINK-4717"
Satellite removed: "53773" "STARLINK-4718"
Satellite removed: "53774" "STARLINK-4719"
Satellite removed: "53800" "STARLINK-4720"
Satellite removed: "53775" "STARLINK-4722"
Satellite removed: "53797" "STARLINK-4723"
Satellite removed: "53702" "STARLINK-4724"
Satellite removed: "53700" "STARLINK-4725"
Satellite removed: "53802" "STARLINK-4726"
Satellite removed: "53803" "STARLINK-4727"
Satellite removed: "53793" "STARLINK-4728"
Satellite removed: "53804" "STARLINK-4729"
Satellite removed: "53794" "STARLINK-4730"
Satellite removed: "53703" "STARLINK-4731"
Satellite removed: "53870" "STARLINK-4732"
Satellite removed: "53790" "STARLINK-4734"
Satellite removed: "53834" "STARLINK-4737"
Satellite removed: "53819" "STARLINK-4738"
Satellite removed: "53792" "STARLINK-4739"
Satellite removed: "53871" "STARLINK-4740"
Satellite removed: "53795" "STARLINK-4742"
Satellite removed: "53787" "STARLINK-4743"
Satellite removed: "53844" "STARLINK-4745"
Satellite removed: "53846" "STARLINK-4746"
Satellite removed: "53832" "STARLINK-4747"
Satellite removed: "53823" "STARLINK-4748"
Satellite removed: "53841" "STARLINK-4750"
Satellite removed: "53825" "STARLINK-4751"
Satellite removed: "53845" "STARLINK-4753"
Satellite removed: "53842" "STARLINK-4754"
Satellite removed: "53851" "STARLINK-4755"
Satellite removed: "53826" "STARLINK-4756"
Satellite removed: "53824" "STARLINK-4757"
Satellite removed: "53820" "STARLINK-4758"
Satellite removed: "53829" "STARLINK-4759"
Satellite removed: "53828" "STARLINK-4760"
Satellite removed: "53830" "STARLINK-4761"
Satellite removed: "53866" "STARLINK-4762"
Satellite removed: "53805" "STARLINK-4763"
Satellite removed: "53827" "STARLINK-4764"
Satellite removed: "53840" "STARLINK-4766"
Satellite removed: "53850" "STARLINK-4767"
Satellite removed: "53806" "STARLINK-4768"
Satellite removed: "53843" "STARLINK-4769"
Satellite removed: "53849" "STARLINK-4770"
Satellite removed: "53833" "STARLINK-4771"
Satellite removed: "53932" "STARLINK-4772"
Satellite removed: "53838" "STARLINK-4773"
Satellite removed: "56138" "STARLINK-4774"
Satellite removed: "53934" "STARLINK-4775"
Satellite removed: "53837" "STARLINK-4776"
Satellite removed: "53847" "STARLINK-4777"
Satellite removed: "53864" "STARLINK-4779"
Satellite removed: "53848" "STARLINK-4780"
Satellite removed: "53861" "STARLINK-4781"
Satellite removed: "53933" "STARLINK-4782"
Satellite removed: "53835" "STARLINK-4783"
Satellite removed: "53839" "STARLINK-4784"
Satellite removed: "55393" "STARLINK-4786"
Satellite removed: "53904" "STARLINK-4787"
Satellite removed: "53863" "STARLINK-4788"
Satellite removed: "53868" "STARLINK-4789"
Satellite removed: "53859" "STARLINK-4790"
Satellite removed: "53936" "STARLINK-4791"
Satellite removed: "53867" "STARLINK-4793"
Satellite removed: "53853" "STARLINK-4794"
Satellite removed: "53909" "STARLINK-4796"
Satellite removed: "53852" "STARLINK-4797"
Satellite removed: "53860" "STARLINK-4799"
Satellite removed: "53854" "STARLINK-4800"
Satellite removed: "53857" "STARLINK-4809"
Satellite removed: "53869" "STARLINK-4810"
Satellite removed: "53922" "STARLINK-5002"
Satellite removed: "53905" "STARLINK-5003"
Satellite removed: "53923" "STARLINK-5004"
Satellite removed: "55422" "STARLINK-5006"
Satellite removed: "57365" "STARLINK-5007"
Satellite removed: "53928" "STARLINK-5009"
Satellite removed: "53925" "STARLINK-5011"
Satellite removed: "53918" "STARLINK-5012"
Satellite removed: "55492" "STARLINK-5013"
Satellite removed: "56143" "STARLINK-5016"
Satellite removed: "53929" "STARLINK-5018"
Satellite removed: "55407" "STARLINK-5019"
Satellite removed: "55458" "STARLINK-5020"
Satellite removed: "53902" "STARLINK-5021"
Satellite removed: "53903" "STARLINK-5022"
Satellite removed: "53919" "STARLINK-5023"
Satellite removed: "53920" "STARLINK-5025"
Satellite removed: "57260" "STARLINK-5026"
Satellite removed: "55370" "STARLINK-5027"
Satellite removed: "53886" "STARLINK-5028"
Satellite removed: "53887" "STARLINK-5029"
Satellite removed: "55418" "STARLINK-5030"
Satellite removed: "53889" "STARLINK-5031"
Satellite removed: "53896" "STARLINK-5037"
Satellite removed: "56472" "STARLINK-5038"
Satellite removed: "57247" "STARLINK-5039"
Satellite removed: "53914" "STARLINK-5040"
Satellite removed: "53891" "STARLINK-5041"
Satellite removed: "53894" "STARLINK-5043"
Satellite removed: "53898" "STARLINK-5044"
Satellite removed: "53900" "STARLINK-5045"
Satellite removed: "53892" "STARLINK-5046"
Satellite removed: "53911" "STARLINK-5048"
Satellite removed: "57246" "STARLINK-5049"
Satellite removed: "53890" "STARLINK-5050"
Satellite removed: "53916" "STARLINK-5051"
Satellite removed: "53893" "STARLINK-5052"
Satellite removed: "53913" "STARLINK-5053"
Satellite removed: "53906" "STARLINK-5054"
Satellite removed: "54015" "STARLINK-5055"
Satellite removed: "53908" "STARLINK-5057"
Satellite removed: "55456" "STARLINK-5058"
Satellite removed: "53912" "STARLINK-5059"
Satellite removed: "55413" "STARLINK-5060"
Satellite removed: "54847" "STARLINK-5061"
Satellite removed: "55637" "STARLINK-5062"
Satellite removed: "55428" "STARLINK-5064"
Satellite removed: "55641" "STARLINK-5065"
Satellite removed: "55653" "STARLINK-5067"
Satellite removed: "55423" "STARLINK-5068"
Satellite removed: "55640" "STARLINK-5069"
Satellite removed: "55654" "STARLINK-5070"
Satellite removed: "55402" "STARLINK-5071"
Satellite removed: "55758" "STARLINK-5072"
Satellite removed: "55438" "STARLINK-5074"
Satellite removed: "55401" "STARLINK-5076"
Satellite removed: "54857" "STARLINK-5078"
Satellite removed: "53999" "STARLINK-5079"
Satellite removed: "54845" "STARLINK-5082"
Satellite removed: "54851" "STARLINK-5084"
Satellite removed: "55392" "STARLINK-5085"
Satellite removed: "54856" "STARLINK-5086"
Satellite removed: "54850" "STARLINK-5087"
Satellite removed: "54000" "STARLINK-5088"
Satellite removed: "56148" "STARLINK-5089"
Satellite removed: "56137" "STARLINK-5090"
Satellite removed: "54873" "STARLINK-5091"
Satellite removed: "56332" "STARLINK-5093"
Satellite removed: "53977" "STARLINK-5094"
Satellite removed: "56885" "STARLINK-5095"
Satellite removed: "54006" "STARLINK-5096"
Satellite removed: "53995" "STARLINK-5097"
Satellite removed: "54013" "STARLINK-5098"
Satellite removed: "54009" "STARLINK-5099"
Satellite removed: "55495" "STARLINK-5100"
Satellite removed: "54822" "STARLINK-5101"
Satellite removed: "54823" "STARLINK-5106"
Satellite removed: "54826" "STARLINK-5107"
Satellite removed: "53992" "STARLINK-5108"
Satellite removed: "54002" "STARLINK-5109"
Satellite removed: "56146" "STARLINK-5111"
Satellite removed: "53988" "STARLINK-5113"
Satellite removed: "54003" "STARLINK-5114"
Satellite removed: "54172" "STARLINK-5117"
Satellite removed: "53991" "STARLINK-5118"
Satellite removed: "53986" "STARLINK-5119"
Satellite removed: "53982" "STARLINK-5120"
Satellite removed: "53993" "STARLINK-5121"
Satellite removed: "54179" "STARLINK-5122"
Satellite removed: "53979" "STARLINK-5123"
Satellite removed: "54011" "STARLINK-5124"
Satellite removed: "53994" "STARLINK-5125"
Satellite removed: "54012" "STARLINK-5126"
Satellite removed: "54010" "STARLINK-5127"
Satellite removed: "53998" "STARLINK-5128"
Satellite removed: "54004" "STARLINK-5129"
Satellite removed: "53997" "STARLINK-5130"
Satellite removed: "53996" "STARLINK-5131"
Satellite removed: "54007" "STARLINK-5132"
Satellite removed: "53980" "STARLINK-5133"
Satellite removed: "53976" "STARLINK-5134"
Satellite removed: "54005" "STARLINK-5135"
Satellite removed: "56414" "STARLINK-5136"
Satellite removed: "53975" "STARLINK-5137"
Satellite removed: "55500" "STARLINK-5141"
Satellite removed: "53984" "STARLINK-5142"
Satellite removed: "54089" "STARLINK-5143"
Satellite removed: "54008" "STARLINK-5145"
Satellite removed: "54073" "STARLINK-5146"
Satellite removed: "53985" "STARLINK-5147"
Satellite removed: "53978" "STARLINK-5148"
Satellite removed: "53981" "STARLINK-5149"
Satellite removed: "57144" "STARLINK-5150"
Satellite removed: "54066" "STARLINK-5151"
Satellite removed: "54088" "STARLINK-5153"
Satellite removed: "54176" "STARLINK-5154"
Satellite removed: "54170" "STARLINK-5155"
Satellite removed: "53973" "STARLINK-5156"
Satellite removed: "54055" "STARLINK-5158"
Satellite removed: "53974" "STARLINK-5159"
Satellite removed: "54163" "STARLINK-5161"
Satellite removed: "54184" "STARLINK-5162"
Satellite removed: "54054" "STARLINK-5163"
Satellite removed: "54178" "STARLINK-5164"
Satellite removed: "54085" "STARLINK-5166"
Satellite removed: "54058" "STARLINK-5167"
Satellite removed: "54071" "STARLINK-5168"
Satellite removed: "54060" "STARLINK-5169"
Satellite removed: "54062" "STARLINK-5170"
Satellite removed: "54077" "STARLINK-5171"
Satellite removed: "54064" "STARLINK-5172"
Satellite removed: "54059" "STARLINK-5173"
Satellite removed: "54067" "STARLINK-5174"
Satellite removed: "54079" "STARLINK-5175"
Satellite removed: "54053" "STARLINK-5176"
Satellite removed: "54090" "STARLINK-5177"
Satellite removed: "54083" "STARLINK-5178"
Satellite removed: "54102" "STARLINK-5179"
Satellite removed: "55318" "STARLINK-5180"
Satellite removed: "54070" "STARLINK-5181"
Satellite removed: "54084" "STARLINK-5183"
Satellite removed: "54087" "STARLINK-5184"
Satellite removed: "54100" "STARLINK-5185"
Satellite removed: "54177" "STARLINK-5186"
Satellite removed: "54065" "STARLINK-5187"
Satellite removed: "54096" "STARLINK-5188"
Satellite removed: "54052" "STARLINK-5189"
Satellite removed: "54763" "STARLINK-5191"
Satellite removed: "54074" "STARLINK-5192"
Satellite removed: "54095" "STARLINK-5193"
Satellite removed: "54051" "STARLINK-5195"
Satellite removed: "55319" "STARLINK-5196"
Satellite removed: "54097" "STARLINK-5197"
Satellite removed: "54099" "STARLINK-5198"
Satellite removed: "54201" "STARLINK-5199"
Satellite removed: "54103" "STARLINK-5200"
Satellite removed: "54076" "STARLINK-5201"
Satellite removed: "54761" "STARLINK-5202"
Satellite removed: "54104" "STARLINK-5203"
Satellite removed: "54101" "STARLINK-5204"
Satellite removed: "54202" "STARLINK-5205"
Satellite removed: "54061" "STARLINK-5209"
Satellite removed: "54082" "STARLINK-5210"
Satellite removed: "54086" "STARLINK-5211"
Satellite removed: "54075" "STARLINK-5212"
Satellite removed: "54093" "STARLINK-5213"
Satellite removed: "54762" "STARLINK-5214"
Satellite removed: "54759" "STARLINK-5215"
Satellite removed: "54098" "STARLINK-5217"
Satellite removed: "55636" "STARLINK-5218"
Satellite removed: "54760" "STARLINK-5220"
Satellite removed: "54091" "STARLINK-5221"
Satellite removed: "54068" "STARLINK-5222"
Satellite removed: "55397" "STARLINK-5224"
Satellite removed: "54056" "STARLINK-5226"
Satellite removed: "54181" "STARLINK-5227"
Satellite removed: "54182" "STARLINK-5231"
Satellite removed: "55675" "STARLINK-5232"
Satellite removed: "54160" "STARLINK-5233"
Satellite removed: "54185" "STARLINK-5235"
Satellite removed: "55274" "STARLINK-5236"
Satellite removed: "54196" "STARLINK-5237"
Satellite removed: "54188" "STARLINK-5238"
Satellite removed: "54183" "STARLINK-5239"
Satellite removed: "54187" "STARLINK-5240"
Satellite removed: "54204" "STARLINK-5241"
Satellite removed: "54173" "STARLINK-5242"
Satellite removed: "54167" "STARLINK-5243"
Satellite removed: "54199" "STARLINK-5244"
Satellite removed: "54168" "STARLINK-5245"
Satellite removed: "54198" "STARLINK-5246"
Satellite removed: "54203" "STARLINK-5247"
Satellite removed: "54174" "STARLINK-5248"
Satellite removed: "54205" "STARLINK-5249"
Satellite removed: "54200" "STARLINK-5250"
Satellite removed: "54208" "STARLINK-5255"
Satellite removed: "54175" "STARLINK-5256"
Satellite removed: "55316" "STARLINK-5257"
Satellite removed: "54195" "STARLINK-5258"
Satellite removed: "54209" "STARLINK-5259"
Satellite removed: "55275" "STARLINK-5260"
Satellite removed: "55276" "STARLINK-5261"
Satellite removed: "54207" "STARLINK-5262"
Satellite removed: "54193" "STARLINK-5263"
Satellite removed: "54206" "STARLINK-5264"
Satellite removed: "55317" "STARLINK-5265"
Satellite removed: "55290" "STARLINK-5266"
Satellite removed: "55655" "STARLINK-5267"
Satellite removed: "54192" "STARLINK-5268"
Satellite removed: "54161" "STARLINK-5269"
Satellite removed: "55299" "STARLINK-5270"
Satellite removed: "54194" "STARLINK-5271"
Satellite removed: "54162" "STARLINK-5273"
Satellite removed: "55395" "STARLINK-5274"
Satellite removed: "55398" "STARLINK-5275"
Satellite removed: "55399" "STARLINK-5276"
Satellite removed: "55269" "STARLINK-5277"
Satellite removed: "54164" "STARLINK-5278"
Satellite removed: "54165" "STARLINK-5279"
Satellite removed: "54166" "STARLINK-5280"
Satellite removed: "54190" "STARLINK-5281"
Satellite removed: "54169" "STARLINK-5282"
Satellite removed: "55396" "STARLINK-5283"
Satellite removed: "55297" "STARLINK-5284"
Satellite removed: "55296" "STARLINK-5285"
Satellite removed: "55294" "STARLINK-5286"
Satellite removed: "55293" "STARLINK-5287"
Satellite removed: "55307" "STARLINK-5288"
Satellite removed: "55278" "STARLINK-5289"
Satellite removed: "54157" "STARLINK-5290"
Satellite removed: "55273" "STARLINK-5291"
Satellite removed: "55295" "STARLINK-5293"
Satellite removed: "54159" "STARLINK-5294"
Satellite removed: "55306" "STARLINK-5295"
Satellite removed: "55312" "STARLINK-5296"
Satellite removed: "54158" "STARLINK-5297"
Satellite removed: "55281" "STARLINK-5298"
Satellite removed: "55277" "STARLINK-5299"
Satellite removed: "55676" "STARLINK-5300"
Satellite removed: "56556" "STARLINK-5302"
Satellite removed: "55630" "STARLINK-5303"
Satellite removed: "54843" "STARLINK-5304"
Satellite removed: "55314" "STARLINK-5305"
Satellite removed: "55271" "STARLINK-5306"
Satellite removed: "55658" "STARLINK-5307"
Satellite removed: "55300" "STARLINK-5308"
Satellite removed: "55310" "STARLINK-5309"
Satellite removed: "55272" "STARLINK-5310"
Satellite removed: "55288" "STARLINK-5311"
Satellite removed: "55311" "STARLINK-5312"
Satellite removed: "55313" "STARLINK-5313"
Satellite removed: "55309" "STARLINK-5315"
Satellite removed: "55305" "STARLINK-5316"
Satellite removed: "55283" "STARLINK-5317"
Satellite removed: "55304" "STARLINK-5318"
Satellite removed: "55289" "STARLINK-5320"
Satellite removed: "55302" "STARLINK-5321"
Satellite removed: "55303" "STARLINK-5322"
Satellite removed: "55677" "STARLINK-5324"
Satellite removed: "55292" "STARLINK-5325"
Satellite removed: "55291" "STARLINK-5327"
Satellite removed: "55657" "STARLINK-5328"
Satellite removed: "56513" "STARLINK-5329"
Satellite removed: "55282" "STARLINK-5330"
Satellite removed: "55280" "STARLINK-5331"
Satellite removed: "55285" "STARLINK-5332"
Satellite removed: "56507" "STARLINK-5333"
Satellite removed: "56509" "STARLINK-5334"
Satellite removed: "56508" "STARLINK-5335"
Satellite removed: "57138" "STARLINK-5336"
Satellite removed: "55284" "STARLINK-5337"
Satellite removed: "55286" "STARLINK-5338"
Satellite removed: "56510" "STARLINK-5339"
Satellite removed: "56506" "STARLINK-5340"
Satellite removed: "55287" "STARLINK-5341"
Satellite removed: "56516" "STARLINK-5342"
Satellite removed: "55494" "STARLINK-5344"
Satellite removed: "56517" "STARLINK-5345"
Satellite removed: "56518" "STARLINK-5346"
Satellite removed: "57137" "STARLINK-5347"
Satellite removed: "56515" "STARLINK-5348"
Satellite removed: "56512" "STARLINK-5349"
Satellite removed: "56419" "STARLINK-5350"
Satellite removed: "56511" "STARLINK-5351"
Satellite removed: "56426" "STARLINK-5352"
Satellite removed: "57370" "STARLINK-5353"
Satellite removed: "57139" "STARLINK-5355"
Satellite removed: "56418" "STARLINK-5356"
Satellite removed: "57141" "STARLINK-5357"
Satellite removed: "57143" "STARLINK-5358"
Satellite removed: "54864" "STARLINK-5359"
Satellite removed: "54846" "STARLINK-5360"
Satellite removed: "57142" "STARLINK-5361"
Satellite removed: "55493" "STARLINK-5362"
Satellite removed: "55497" "STARLINK-5363"
Satellite removed: "55491" "STARLINK-5364"
Satellite removed: "55498" "STARLINK-5365"
Satellite removed: "55499" "STARLINK-5366"
Satellite removed: "55501" "STARLINK-5367"
Satellite removed: "54840" "STARLINK-5368"
Satellite removed: "55489" "STARLINK-5371"
Satellite removed: "54838" "STARLINK-5372"
Satellite removed: "55490" "STARLINK-5373"
Satellite removed: "56144" "STARLINK-5374"
Satellite removed: "56140" "STARLINK-5375"
Satellite removed: "56142" "STARLINK-5376"
Satellite removed: "56141" "STARLINK-5377"
Satellite removed: "54868" "STARLINK-5379"
Satellite removed: "54828" "STARLINK-5381"
Satellite removed: "54820" "STARLINK-5382"
Satellite removed: "54827" "STARLINK-5383"
Satellite removed: "54821" "STARLINK-5385"
Satellite removed: "54834" "STARLINK-5386"
Satellite removed: "54842" "STARLINK-5387"
Satellite removed: "54844" "STARLINK-5388"
Satellite removed: "54835" "STARLINK-5389"
Satellite removed: "54830" "STARLINK-5394"
Satellite removed: "54831" "STARLINK-5395"
Satellite removed: "54867" "STARLINK-5396"
Satellite removed: "54871" "STARLINK-5397"
Satellite removed: "54866" "STARLINK-5398"
Satellite removed: "54788" "STARLINK-5399"
Satellite removed: "54861" "STARLINK-5400"
Satellite removed: "54870" "STARLINK-5401"
Satellite removed: "54869" "STARLINK-5402"
Satellite removed: "54862" "STARLINK-5403"
Satellite removed: "54863" "STARLINK-5405"
Satellite removed: "54860" "STARLINK-5406"
Satellite removed: "54858" "STARLINK-5407"
Satellite removed: "54810" "STARLINK-5408"
Satellite removed: "54859" "STARLINK-5409"
Satellite removed: "54807" "STARLINK-5410"
Satellite removed: "54865" "STARLINK-5411"
Satellite removed: "54806" "STARLINK-5412"
Satellite removed: "54808" "STARLINK-5413"
Satellite removed: "54809" "STARLINK-5414"
Satellite removed: "54796" "STARLINK-5415"
Satellite removed: "54855" "STARLINK-5416"
Satellite removed: "54805" "STARLINK-5417"
Satellite removed: "54852" "STARLINK-5418"
Satellite removed: "54798" "STARLINK-5420"
Satellite removed: "54799" "STARLINK-5421"
Satellite removed: "54804" "STARLINK-5422"
Satellite removed: "55670" "STARLINK-5423"
Satellite removed: "54811" "STARLINK-5424"
Satellite removed: "54791" "STARLINK-5425"
Satellite removed: "54802" "STARLINK-5426"
Satellite removed: "54853" "STARLINK-5427"
Satellite removed: "54800" "STARLINK-5428"
Satellite removed: "54801" "STARLINK-5429"
Satellite removed: "54803" "STARLINK-5430"
Satellite removed: "54792" "STARLINK-5431"
Satellite removed: "54848" "STARLINK-5432"
Satellite removed: "54793" "STARLINK-5433"
Satellite removed: "54797" "STARLINK-5435"
Satellite removed: "54795" "STARLINK-5436"
Satellite removed: "54783" "STARLINK-5439"
Satellite removed: "54785" "STARLINK-5440"
Satellite removed: "54787" "STARLINK-5441"
Satellite removed: "54784" "STARLINK-5442"
Satellite removed: "54781" "STARLINK-5443"
Satellite removed: "54768" "STARLINK-5444"
Satellite removed: "54790" "STARLINK-5445"
Satellite removed: "54789" "STARLINK-5446"
Satellite removed: "54779" "STARLINK-5447"
Satellite removed: "54770" "STARLINK-5448"
Satellite removed: "54780" "STARLINK-5449"
Satellite removed: "54778" "STARLINK-5450"
Satellite removed: "54771" "STARLINK-5451"
Satellite removed: "54772" "STARLINK-5452"
Satellite removed: "54773" "STARLINK-5453"
Satellite removed: "54774" "STARLINK-5454"
Satellite removed: "55668" "STARLINK-5455"
Satellite removed: "55667" "STARLINK-5456"
Satellite removed: "54764" "STARLINK-5458"
Satellite removed: "55669" "STARLINK-5459"
Satellite removed: "55671" "STARLINK-5460"
Satellite removed: "55674" "STARLINK-5462"
Satellite removed: "55673" "STARLINK-5463"
Satellite removed: "54758" "STARLINK-5464"
Satellite removed: "54775" "STARLINK-5465"
Satellite removed: "55660" "STARLINK-5467"
Satellite removed: "54777" "STARLINK-5468"
Satellite removed: "55649" "STARLINK-5469"
Satellite removed: "54776" "STARLINK-5470"
Satellite removed: "54766" "STARLINK-5471"
Satellite removed: "54767" "STARLINK-5472"
Satellite removed: "55663" "STARLINK-5473"
Satellite removed: "55665" "STARLINK-5474"
Satellite removed: "55661" "STARLINK-5475"
Satellite removed: "57258" "STARLINK-5476"
Satellite removed: "55659" "STARLINK-5477"
Satellite removed: "55662" "STARLINK-5479"
Satellite removed: "55664" "STARLINK-5480"
Satellite removed: "57255" "STARLINK-5481"
Satellite removed: "56358" "STARLINK-5482"
Satellite removed: "55643" "STARLINK-5483"
Satellite removed: "55628" "STARLINK-5484"
Satellite removed: "57261" "STARLINK-5485"
Satellite removed: "55652" "STARLINK-5487"
Satellite removed: "57250" "STARLINK-5488"
Satellite removed: "56136" "STARLINK-5489"
Satellite removed: "57254" "STARLINK-5490"
Satellite removed: "55332" "STARLINK-5491"
Satellite removed: "55331" "STARLINK-5492"
Satellite removed: "55333" "STARLINK-5493"
Satellite removed: "55650" "STARLINK-5494"
Satellite removed: "55635" "STARLINK-5495"
Satellite removed: "56886" "STARLINK-5496"
Satellite removed: "55629" "STARLINK-5497"
Satellite removed: "55633" "STARLINK-5498"
Satellite removed: "55764" "STARLINK-5499"
Satellite removed: "55634" "STARLINK-5500"
Satellite removed: "55648" "STARLINK-5501"
Satellite removed: "55644" "STARLINK-5502"
Satellite removed: "57257" "STARLINK-5503"
Satellite removed: "57262" "STARLINK-5504"
Satellite removed: "55651" "STARLINK-5506"
Satellite removed: "55638" "STARLINK-5507"
Satellite removed: "55639" "STARLINK-5508"
Satellite removed: "57263" "STARLINK-5509"
Satellite removed: "55647" "STARLINK-5510"
Satellite removed: "57252" "STARLINK-5511"
Satellite removed: "57256" "STARLINK-5512"
Satellite removed: "57251" "STARLINK-5513"
Satellite removed: "57248" "STARLINK-5514"
Satellite removed: "56884" "STARLINK-5515"
Satellite removed: "57253" "STARLINK-5516"
Satellite removed: "57249" "STARLINK-5517"
Satellite removed: "56469" "STARLINK-5518"
Satellite removed: "57223" "STARLINK-5519"
Satellite removed: "57219" "STARLINK-5520"
Satellite removed: "56471" "STARLINK-5521"
Satellite removed: "56498" "STARLINK-5522"
Satellite removed: "56470" "STARLINK-5523"
Satellite removed: "56474" "STARLINK-5524"
Satellite removed: "57218" "STARLINK-5525"
Satellite removed: "56496" "STARLINK-5526"
Satellite removed: "56497" "STARLINK-5527"
Satellite removed: "56890" "STARLINK-5528"
Satellite removed: "56495" "STARLINK-5529"
Satellite removed: "56494" "STARLINK-5530"
Satellite removed: "55383" "STARLINK-5531"
Satellite removed: "55760" "STARLINK-5532"
Satellite removed: "56477" "STARLINK-5534"
Satellite removed: "56356" "STARLINK-5535"
Satellite removed: "57062" "STARLINK-5536"
Satellite removed: "55384" "STARLINK-5537"
Satellite removed: "56357" "STARLINK-5538"
Satellite removed: "55747" "STARLINK-5539"
Satellite removed: "56340" "STARLINK-5540"
Satellite removed: "56475" "STARLINK-5541"
Satellite removed: "57075" "STARLINK-5542"
Satellite removed: "56341" "STARLINK-5543"
Satellite removed: "55757" "STARLINK-5544"
Satellite removed: "56476" "STARLINK-5545"
Satellite removed: "55632" "STARLINK-5546"
Satellite removed: "55352" "STARLINK-5547"
Satellite removed: "56334" "STARLINK-5548"
Satellite removed: "56360" "STARLINK-5549"
Satellite removed: "56361" "STARLINK-5550"
Satellite removed: "56359" "STARLINK-5551"
Satellite removed: "56339" "STARLINK-5552"
Satellite removed: "56333" "STARLINK-5553"
Satellite removed: "56338" "STARLINK-5554"
Satellite removed: "55386" "STARLINK-5555"
Satellite removed: "55385" "STARLINK-5556"
Satellite removed: "55770" "STARLINK-5557"
Satellite removed: "55631" "STARLINK-5558"
Satellite removed: "56335" "STARLINK-5559"
Satellite removed: "56337" "STARLINK-5561"
Satellite removed: "56336" "STARLINK-5562"
Satellite removed: "56134" "STARLINK-5564"
Satellite removed: "56133" "STARLINK-5566"
Satellite removed: "55377" "STARLINK-5567"
Satellite removed: "55372" "STARLINK-5568"
Satellite removed: "55379" "STARLINK-5569"
Satellite removed: "55433" "STARLINK-5570"
Satellite removed: "55380" "STARLINK-5571"
Satellite removed: "55378" "STARLINK-5572"
Satellite removed: "55750" "STARLINK-5573"
Satellite removed: "55362" "STARLINK-5574"
Satellite removed: "55381" "STARLINK-5575"
Satellite removed: "55382" "STARLINK-5576"
Satellite removed: "55751" "STARLINK-5577"
Satellite removed: "55374" "STARLINK-5578"
Satellite removed: "55746" "STARLINK-5579"
Satellite removed: "55748" "STARLINK-5580"
Satellite removed: "55373" "STARLINK-5581"
Satellite removed: "56777" "STARLINK-5582"
Satellite removed: "55769" "STARLINK-5584"
Satellite removed: "57333" "STARLINK-5585"
Satellite removed: "55376" "STARLINK-5586"
Satellite removed: "57245" "STARLINK-5587"
Satellite removed: "55375" "STARLINK-5588"
Satellite removed: "57334" "STARLINK-5589"
Satellite removed: "55371" "STARLINK-5590"
Satellite removed: "55771" "STARLINK-5591"
Satellite removed: "55741" "STARLINK-5592"
Satellite removed: "55763" "STARLINK-5593"
Satellite removed: "55742" "STARLINK-5594"
Satellite removed: "55765" "STARLINK-5595"
Satellite removed: "55403" "STARLINK-5597"
Satellite removed: "55421" "STARLINK-5598"
Satellite removed: "55766" "STARLINK-5599"
Satellite removed: "57357" "STARLINK-5600"
Satellite removed: "55744" "STARLINK-5601"
Satellite removed: "55743" "STARLINK-5602"
Satellite removed: "55762" "STARLINK-5603"
Satellite removed: "55420" "STARLINK-5604"
Satellite removed: "55411" "STARLINK-5605"
Satellite removed: "55767" "STARLINK-5606"
Satellite removed: "55404" "STARLINK-5607"
Satellite removed: "55353" "STARLINK-5608"
Satellite removed: "55348" "STARLINK-5609"
Satellite removed: "57244" "STARLINK-5610"
Satellite removed: "55761" "STARLINK-5611"
Satellite removed: "55754" "STARLINK-5612"
Satellite removed: "55752" "STARLINK-5613"
Satellite removed: "55756" "STARLINK-5614"
Satellite removed: "55425" "STARLINK-5615"
Satellite removed: "55753" "STARLINK-5617"
Satellite removed: "55414" "STARLINK-5620"
Satellite removed: "55434" "STARLINK-5621"
Satellite removed: "55358" "STARLINK-5622"
Satellite removed: "55405" "STARLINK-5623"
Satellite removed: "55416" "STARLINK-5624"
Satellite removed: "55368" "STARLINK-5625"
Satellite removed: "55435" "STARLINK-5626"
Satellite removed: "55364" "STARLINK-5627"
Satellite removed: "55466" "STARLINK-5628"
Satellite removed: "55419" "STARLINK-5629"
Satellite removed: "55406" "STARLINK-5630"
Satellite removed: "55346" "STARLINK-5631"
Satellite removed: "55400" "STARLINK-5632"
Satellite removed: "55410" "STARLINK-5633"
Satellite removed: "55439" "STARLINK-5634"
Satellite removed: "55367" "STARLINK-5635"
Satellite removed: "55454" "STARLINK-5636"
Satellite removed: "55432" "STARLINK-5637"
Satellite removed: "55426" "STARLINK-5638"
Satellite removed: "55365" "STARLINK-5639"
Satellite removed: "55436" "STARLINK-5640"
Satellite removed: "55359" "STARLINK-5641"
Satellite removed: "55430" "STARLINK-5642"
Satellite removed: "55431" "STARLINK-5643"
Satellite removed: "55369" "STARLINK-5644"
Satellite removed: "55429" "STARLINK-5645"
Satellite removed: "55461" "STARLINK-5646"
Satellite removed: "55355" "STARLINK-5647"
Satellite removed: "55354" "STARLINK-5649"
Satellite removed: "55475" "STARLINK-5650"
Satellite removed: "55357" "STARLINK-5651"
Satellite removed: "55334" "STARLINK-5652"
Satellite removed: "55345" "STARLINK-5653"
Satellite removed: "55366" "STARLINK-5654"
Satellite removed: "55336" "STARLINK-5655"
Satellite removed: "55451" "STARLINK-5656"
Satellite removed: "55342" "STARLINK-5657"
Satellite removed: "55338" "STARLINK-5658"
Satellite removed: "55351" "STARLINK-5659"
Satellite removed: "55335" "STARLINK-5660"
Satellite removed: "55343" "STARLINK-5661"
Satellite removed: "55347" "STARLINK-5663"
Satellite removed: "55360" "STARLINK-5664"
Satellite removed: "55361" "STARLINK-5665"
Satellite removed: "55349" "STARLINK-5666"
Satellite removed: "55337" "STARLINK-5667"
Satellite removed: "55350" "STARLINK-5668"
Satellite removed: "55459" "STARLINK-5669"
Satellite removed: "55341" "STARLINK-5670"
Satellite removed: "55339" "STARLINK-5671"
Satellite removed: "55468" "STARLINK-5672"
Satellite removed: "55462" "STARLINK-5673"
Satellite removed: "55465" "STARLINK-5674"
Satellite removed: "55340" "STARLINK-5675"
Satellite removed: "55464" "STARLINK-5676"
Satellite removed: "55463" "STARLINK-5677"
Satellite removed: "55460" "STARLINK-5678"
Satellite removed: "55467" "STARLINK-5679"
Satellite removed: "55455" "STARLINK-5680"
Satellite removed: "55469" "STARLINK-5681"
Satellite removed: "55457" "STARLINK-5682"
Satellite removed: "55452" "STARLINK-5683"
Satellite removed: "55453" "STARLINK-5684"
Satellite removed: "55477" "STARLINK-5685"
Satellite removed: "55450" "STARLINK-5686"
Satellite removed: "55479" "STARLINK-5688"
Satellite removed: "55474" "STARLINK-5689"
Satellite removed: "55480" "STARLINK-5690"
Satellite removed: "55478" "STARLINK-5691"
Satellite removed: "55483" "STARLINK-5692"
Satellite removed: "55481" "STARLINK-5694"
Satellite removed: "55485" "STARLINK-5695"
Satellite removed: "55484" "STARLINK-5696"
Satellite removed: "55589" "STARLINK-5697"
Satellite removed: "55623" "STARLINK-5698"
Satellite removed: "55449" "STARLINK-5699"
Satellite removed: "55607" "STARLINK-5700"
Satellite removed: "55487" "STARLINK-5701"
Satellite removed: "55622" "STARLINK-5702"
Satellite removed: "55593" "STARLINK-5703"
Satellite removed: "55486" "STARLINK-5704"
Satellite removed: "55472" "STARLINK-5705"
Satellite removed: "55488" "STARLINK-5706"
Satellite removed: "56879" "STARLINK-5707"
Satellite removed: "55470" "STARLINK-5708"
Satellite removed: "55621" "STARLINK-5709"
Satellite removed: "55616" "STARLINK-5710"
Satellite removed: "55471" "STARLINK-5711"
Satellite removed: "55615" "STARLINK-5712"
Satellite removed: "55614" "STARLINK-5714"
Satellite removed: "56504" "STARLINK-5716"
Satellite removed: "55618" "STARLINK-5717"
Satellite removed: "55620" "STARLINK-5718"
Satellite removed: "55609" "STARLINK-5719"
Satellite removed: "55619" "STARLINK-5720"
Satellite removed: "55617" "STARLINK-5721"
Satellite removed: "55610" "STARLINK-5722"
Satellite removed: "56427" "STARLINK-5724"
Satellite removed: "55605" "STARLINK-5725"
Satellite removed: "55608" "STARLINK-5726"
Satellite removed: "55587" "STARLINK-5727"
Satellite removed: "55588" "STARLINK-5728"
Satellite removed: "55596" "STARLINK-5729"
Satellite removed: "55611" "STARLINK-5730"
Satellite removed: "56924" "STARLINK-5731"
Satellite removed: "55572" "STARLINK-5732"
Satellite removed: "56925" "STARLINK-5733"
Satellite removed: "55612" "STARLINK-5734"
Satellite removed: "55603" "STARLINK-5735"
Satellite removed: "55584" "STARLINK-5736"
Satellite removed: "55570" "STARLINK-5737"
Satellite removed: "55573" "STARLINK-5738"
Satellite removed: "55571" "STARLINK-5739"
Satellite removed: "55582" "STARLINK-5741"
Satellite removed: "55583" "STARLINK-5742"
Satellite removed: "55597" "STARLINK-5743"
Satellite removed: "55601" "STARLINK-5744"
Satellite removed: "55575" "STARLINK-5745"
Satellite removed: "56926" "STARLINK-5746"
Satellite removed: "55574" "STARLINK-5747"
Satellite removed: "55604" "STARLINK-5748"
Satellite removed: "55569" "STARLINK-5749"
Satellite removed: "55594" "STARLINK-5750"
Satellite removed: "55576" "STARLINK-5751"
Satellite removed: "55577" "STARLINK-5752"
Satellite removed: "55581" "STARLINK-5753"
Satellite removed: "55579" "STARLINK-5754"
Satellite removed: "55600" "STARLINK-5755"
Satellite removed: "55598" "STARLINK-5756"
Satellite removed: "55580" "STARLINK-5757"
Satellite removed: "56037" "STARLINK-5758"
Satellite removed: "55592" "STARLINK-5759"
Satellite removed: "55591" "STARLINK-5760"
Satellite removed: "55599" "STARLINK-5761"
Satellite removed: "55590" "STARLINK-5762"
Satellite removed: "56505" "STARLINK-5763"
Satellite removed: "55602" "STARLINK-5764"
Satellite removed: "57147" "STARLINK-5765"
Satellite removed: "56025" "STARLINK-5766"
Satellite removed: "55586" "STARLINK-5767"
Satellite removed: "57145" "STARLINK-5768"
Satellite removed: "55585" "STARLINK-5769"
Satellite removed: "56026" "STARLINK-5770"
Satellite removed: "56023" "STARLINK-5771"
Satellite removed: "56024" "STARLINK-5772"
Satellite removed: "57074" "STARLINK-5773"
Satellite removed: "56029" "STARLINK-5774"
Satellite removed: "56503" "STARLINK-5775"
Satellite removed: "57151" "STARLINK-5776"
Satellite removed: "56027" "STARLINK-5777"
Satellite removed: "57149" "STARLINK-5778"
Satellite removed: "56028" "STARLINK-5779"
Satellite removed: "57150" "STARLINK-5780"
Satellite removed: "56030" "STARLINK-5781"
Satellite removed: "56034" "STARLINK-5782"
Satellite removed: "56022" "STARLINK-5783"
Satellite removed: "56031" "STARLINK-5785"
Satellite removed: "56032" "STARLINK-5786"
Satellite removed: "56004" "STARLINK-5787"
Satellite removed: "57148" "STARLINK-5788"
Satellite removed: "56003" "STARLINK-5789"
Satellite removed: "56036" "STARLINK-5790"
Satellite removed: "57146" "STARLINK-5791"
Satellite removed: "56035" "STARLINK-5792"
Satellite removed: "56038" "STARLINK-5793"
Satellite removed: "56006" "STARLINK-5794"
Satellite removed: "56039" "STARLINK-5795"
Satellite removed: "55916" "STARLINK-5796"
Satellite removed: "55784" "STARLINK-5797"
Satellite removed: "56040" "STARLINK-5798"
Satellite removed: "56002" "STARLINK-5799"
Satellite removed: "56041" "STARLINK-5800"
Satellite removed: "56005" "STARLINK-5801"
Satellite removed: "56552" "STARLINK-5802"
Satellite removed: "56008" "STARLINK-5803"
Satellite removed: "55788" "STARLINK-5804"
Satellite removed: "56912" "STARLINK-5805"
Satellite removed: "56007" "STARLINK-5806"
Satellite removed: "55791" "STARLINK-5807"
Satellite removed: "56927" "STARLINK-5808"
Satellite removed: "55775" "STARLINK-5809"
Satellite removed: "55787" "STARLINK-5811"
Satellite removed: "55774" "STARLINK-5812"
Satellite removed: "55790" "STARLINK-5813"
Satellite removed: "55777" "STARLINK-5814"
Satellite removed: "55789" "STARLINK-5815"
Satellite removed: "55778" "STARLINK-5816"
Satellite removed: "55779" "STARLINK-5817"
Satellite removed: "55785" "STARLINK-5818"
Satellite removed: "55780" "STARLINK-5819"
Satellite removed: "55781" "STARLINK-5820"
Satellite removed: "57069" "STARLINK-5821"
Satellite removed: "57064" "STARLINK-5822"
Satellite removed: "55786" "STARLINK-5823"
Satellite removed: "57067" "STARLINK-5824"
Satellite removed: "55783" "STARLINK-5825"
Satellite removed: "55782" "STARLINK-5826"
Satellite removed: "57066" "STARLINK-5827"
Satellite removed: "57070" "STARLINK-5828"
Satellite removed: "56347" "STARLINK-5829"
Satellite removed: "57065" "STARLINK-5830"
Satellite removed: "57332" "STARLINK-5831"
Satellite removed: "57063" "STARLINK-5832"
Satellite removed: "55773" "STARLINK-5833"
Satellite removed: "57071" "STARLINK-5834"
Satellite removed: "55772" "STARLINK-5835"
Satellite removed: "56386" "STARLINK-5836"
Satellite removed: "56346" "STARLINK-5837"
Satellite removed: "57073" "STARLINK-5838"
Satellite removed: "57051" "STARLINK-5839"
Satellite removed: "57231" "STARLINK-5840"
Satellite removed: "56493" "STARLINK-5841"
Satellite removed: "56491" "STARLINK-5842"
Satellite removed: "57072" "STARLINK-5843"
Satellite removed: "57068" "STARLINK-5844"
Satellite removed: "57050" "STARLINK-5845"
Satellite removed: "56492" "STARLINK-5846"
Satellite removed: "55932" "STARLINK-5848"
Satellite removed: "55924" "STARLINK-5849"
Satellite removed: "57049" "STARLINK-5850"
Satellite removed: "55933" "STARLINK-5852"
Satellite removed: "56881" "STARLINK-5853"
Satellite removed: "55923" "STARLINK-5854"
Satellite removed: "55914" "STARLINK-5856"
Satellite removed: "55946" "STARLINK-5857"
Satellite removed: "57264" "STARLINK-5858"
Satellite removed: "55915" "STARLINK-5859"
Satellite removed: "57052" "STARLINK-5860"
Satellite removed: "55921" "STARLINK-5861"
Satellite removed: "55920" "STARLINK-5862"
Satellite removed: "55922" "STARLINK-5863"
Satellite removed: "55940" "STARLINK-5864"
Satellite removed: "57053" "STARLINK-5865"
Satellite removed: "57233" "STARLINK-5866"
Satellite removed: "55918" "STARLINK-5867"
Satellite removed: "56483" "STARLINK-5868"
Satellite removed: "57061" "STARLINK-5869"
Satellite removed: "57222" "STARLINK-5870"
Satellite removed: "55919" "STARLINK-5871"
Satellite removed: "57232" "STARLINK-5872"
Satellite removed: "56490" "STARLINK-5873"
Satellite removed: "56353" "STARLINK-5874"
Satellite removed: "56321" "STARLINK-5876"
Satellite removed: "56354" "STARLINK-5877"
Satellite removed: "55955" "STARLINK-5878"
Satellite removed: "57153" "STARLINK-5879"
Satellite removed: "57220" "STARLINK-5880"
Satellite removed: "57054" "STARLINK-5881"
Satellite removed: "55936" "STARLINK-5882"
Satellite removed: "55956" "STARLINK-5883"
Satellite removed: "55957" "STARLINK-5884"
Satellite removed: "56352" "STARLINK-5885"
Satellite removed: "56350" "STARLINK-5886"
Satellite removed: "56349" "STARLINK-5887"
Satellite removed: "56348" "STARLINK-5888"
Satellite removed: "56351" "STARLINK-5891"
Satellite removed: "55954" "STARLINK-5892"
Satellite removed: "55952" "STARLINK-5893"
Satellite removed: "55965" "STARLINK-5894"
Satellite removed: "55964" "STARLINK-5895"
Satellite removed: "55930" "STARLINK-5896"
Satellite removed: "55931" "STARLINK-5897"
Satellite removed: "55949" "STARLINK-5899"
Satellite removed: "55948" "STARLINK-5900"
Satellite removed: "55999" "STARLINK-5901"
Satellite removed: "55998" "STARLINK-5902"
Satellite removed: "55996" "STARLINK-5903"
Satellite removed: "55986" "STARLINK-5905"
Satellite removed: "55962" "STARLINK-5906"
Satellite removed: "56021" "STARLINK-5907"
Satellite removed: "55951" "STARLINK-5908"
Satellite removed: "55938" "STARLINK-5909"
Satellite removed: "56000" "STARLINK-5910"
Satellite removed: "55950" "STARLINK-5911"
Satellite removed: "56020" "STARLINK-5912"
Satellite removed: "55937" "STARLINK-5913"
Satellite removed: "55941" "STARLINK-5914"
Satellite removed: "55987" "STARLINK-5915"
Satellite removed: "55988" "STARLINK-5916"
Satellite removed: "55942" "STARLINK-5917"
Satellite removed: "55939" "STARLINK-5918"
Satellite removed: "55927" "STARLINK-5919"
Satellite removed: "55935" "STARLINK-5920"
Satellite removed: "55926" "STARLINK-5921"
Satellite removed: "55925" "STARLINK-5922"
Satellite removed: "56489" "STARLINK-5923"
Satellite removed: "55963" "STARLINK-5924"
Satellite removed: "55945" "STARLINK-5925"
Satellite removed: "55944" "STARLINK-5926"
Satellite removed: "55934" "STARLINK-5927"
Satellite removed: "55958" "STARLINK-5928"
Satellite removed: "55959" "STARLINK-5929"
Satellite removed: "55928" "STARLINK-5930"
Satellite removed: "56785" "STARLINK-5931"
Satellite removed: "55943" "STARLINK-5932"
Satellite removed: "55961" "STARLINK-5933"
Satellite removed: "56017" "STARLINK-5934"
Satellite removed: "56453" "STARLINK-5935"
Satellite removed: "56011" "STARLINK-5936"
Satellite removed: "56922" "STARLINK-5937"
Satellite removed: "55960" "STARLINK-5938"
Satellite removed: "56015" "STARLINK-5939"
Satellite removed: "56012" "STARLINK-5940"
Satellite removed: "56013" "STARLINK-5941"
Satellite removed: "56014" "STARLINK-5942"
Satellite removed: "56016" "STARLINK-5943"
Satellite removed: "56001" "STARLINK-5944"
Satellite removed: "56018" "STARLINK-5945"
Satellite removed: "55990" "STARLINK-5946"
Satellite removed: "55989" "STARLINK-5947"
Satellite removed: "55991" "STARLINK-5948"
Satellite removed: "56019" "STARLINK-5949"
Satellite removed: "56913" "STARLINK-5950"
Satellite removed: "56918" "STARLINK-5951"
Satellite removed: "56923" "STARLINK-5952"
Satellite removed: "56799" "STARLINK-5953"
Satellite removed: "56318" "STARLINK-5954"
Satellite removed: "56342" "STARLINK-5955"
Satellite removed: "55994" "STARLINK-5956"
Satellite removed: "56921" "STARLINK-5958"
Satellite removed: "56454" "STARLINK-5959"
Satellite removed: "56920" "STARLINK-5960"
Satellite removed: "56914" "STARLINK-5961"
Satellite removed: "56780" "STARLINK-5963"
Satellite removed: "56009" "STARLINK-5964"
Satellite removed: "56915" "STARLINK-5965"
Satellite removed: "56919" "STARLINK-5966"
Satellite removed: "56010" "STARLINK-5968"
Satellite removed: "55993" "STARLINK-5969"
Satellite removed: "56450" "STARLINK-5970"
Satellite removed: "56917" "STARLINK-5971"
Satellite removed: "56362" "STARLINK-5972"
Satellite removed: "56916" "STARLINK-5973"
Satellite removed: "56344" "STARLINK-5974"
Satellite removed: "57372" "STARLINK-5975"
Satellite removed: "56343" "STARLINK-5976"
Satellite removed: "56791" "STARLINK-5977"
Satellite removed: "56345" "STARLINK-5979"
Satellite removed: "56326" "STARLINK-5980"
Satellite removed: "56325" "STARLINK-5981"
Satellite removed: "57224" "STARLINK-5983"
Satellite removed: "56329" "STARLINK-5984"
Satellite removed: "56451" "STARLINK-5985"
Satellite removed: "56452" "STARLINK-5986"
Satellite removed: "56455" "STARLINK-5987"
Satellite removed: "56320" "STARLINK-5988"
Satellite removed: "56781" "STARLINK-5989"
Satellite removed: "56448" "STARLINK-5990"
Satellite removed: "56331" "STARLINK-5991"
Satellite removed: "56328" "STARLINK-5992"
Satellite removed: "56449" "STARLINK-5993"
Satellite removed: "56457" "STARLINK-5994"
Satellite removed: "56456" "STARLINK-5995"
Satellite removed: "57227" "STARLINK-5996"
Satellite removed: "56327" "STARLINK-5997"
Satellite removed: "56468" "STARLINK-5998"
Satellite removed: "56909" "STARLINK-5999"
Satellite removed: "56818" "STARLINK-6028"
Satellite removed: "56803" "STARLINK-6029"
Satellite removed: "56107" "STARLINK-6030"
Satellite removed: "56810" "STARLINK-6031"
Satellite removed: "57371" "STARLINK-6032"
Satellite removed: "56322" "STARLINK-6033"
Satellite removed: "56324" "STARLINK-6034"
Satellite removed: "56323" "STARLINK-6035"
Satellite removed: "56800" "STARLINK-6036"
Satellite removed: "56461" "STARLINK-6037"
Satellite removed: "56317" "STARLINK-6038"
Satellite removed: "56319" "STARLINK-6039"
Satellite removed: "56809" "STARLINK-6040"
Satellite removed: "56478" "STARLINK-6041"
Satellite removed: "56808" "STARLINK-6042"
Satellite removed: "56464" "STARLINK-6043"
Satellite removed: "56479" "STARLINK-6044"
Satellite removed: "56462" "STARLINK-6045"
Satellite removed: "56792" "STARLINK-6046"
Satellite removed: "56460" "STARLINK-6047"
Satellite removed: "56459" "STARLINK-6048"
Satellite removed: "56796" "STARLINK-6049"
Satellite removed: "56458" "STARLINK-6050"
Satellite removed: "56463" "STARLINK-6051"
Satellite removed: "56793" "STARLINK-6052"
Satellite removed: "56466" "STARLINK-6053"
Satellite removed: "56465" "STARLINK-6054"
Satellite removed: "56467" "STARLINK-6055"
Satellite removed: "56813" "STARLINK-6056"
Satellite removed: "56797" "STARLINK-6058"
Satellite removed: "56814" "STARLINK-6059"
Satellite removed: "56794" "STARLINK-6060"
Satellite removed: "56795" "STARLINK-6061"
Satellite removed: "56104" "STARLINK-6062"
Satellite removed: "56805" "STARLINK-6064"
Satellite removed: "56812" "STARLINK-6065"
Satellite removed: "56105" "STARLINK-6066"
Satellite removed: "56816" "STARLINK-6067"
Satellite removed: "56804" "STARLINK-6069"
Satellite removed: "56132" "STARLINK-6071"
Satellite removed: "56806" "STARLINK-6072"
Satellite removed: "56807" "STARLINK-6073"
Satellite removed: "56553" "STARLINK-6074"
Satellite removed: "56102" "STARLINK-6075"
Satellite removed: "56100" "STARLINK-6076"
Satellite removed: "56097" "STARLINK-6077"
Satellite removed: "56120" "STARLINK-6079"
Satellite removed: "56112" "STARLINK-6080"
Satellite removed: "56108" "STARLINK-6081"
Satellite removed: "56110" "STARLINK-6082"
Satellite removed: "56109" "STARLINK-6083"
Satellite removed: "56111" "STARLINK-6084"
Satellite removed: "57115" "STARLINK-6085"
Satellite removed: "56545" "STARLINK-6086"
Satellite removed: "56801" "STARLINK-6087"
Satellite removed: "56098" "STARLINK-6088"
Satellite removed: "56096" "STARLINK-6089"
Satellite removed: "56095" "STARLINK-6090"
Satellite removed: "56119" "STARLINK-6091"
Satellite removed: "56121" "STARLINK-6092"
Satellite removed: "56122" "STARLINK-6094"
Satellite removed: "56101" "STARLINK-6095"
Satellite removed: "56103" "STARLINK-6096"
Satellite removed: "57105" "STARLINK-6097"
Satellite removed: "56906" "STARLINK-6098"
Satellite removed: "57108" "STARLINK-6099"
Satellite removed: "57125" "STARLINK-6100"
Satellite removed: "56115" "STARLINK-6101"
Satellite removed: "56127" "STARLINK-6104"
Satellite removed: "57154" "STARLINK-6106"
Satellite removed: "56117" "STARLINK-6107"
Satellite removed: "57155" "STARLINK-6108"
Satellite removed: "56094" "STARLINK-6109"
Satellite removed: "56907" "STARLINK-6110"
Satellite removed: "57102" "STARLINK-6111"
Satellite removed: "57136" "STARLINK-6112"
Satellite removed: "56113" "STARLINK-6113"
Satellite removed: "56116" "STARLINK-6114"
Satellite removed: "56123" "STARLINK-6115"
Satellite removed: "56911" "STARLINK-6116"
Satellite removed: "56130" "STARLINK-6117"
Satellite removed: "57106" "STARLINK-6118"
Satellite removed: "56125" "STARLINK-6119"
Satellite removed: "56131" "STARLINK-6120"
Satellite removed: "56129" "STARLINK-6121"
Satellite removed: "56128" "STARLINK-6122"
Satellite removed: "56126" "STARLINK-6124"
Satellite removed: "57114" "STARLINK-6125"
Satellite removed: "56124" "STARLINK-6126"
Satellite removed: "57135" "STARLINK-6127"
Satellite removed: "57132" "STARLINK-6128"
Satellite removed: "57116" "STARLINK-6129"
Satellite removed: "57104" "STARLINK-6130"
Satellite removed: "57107" "STARLINK-6131"
Satellite removed: "57101" "STARLINK-6132"
Satellite removed: "57134" "STARLINK-6133"
Satellite removed: "57110" "STARLINK-6134"
Satellite removed: "56539" "STARLINK-6135"
Satellite removed: "56540" "STARLINK-6136"
Satellite removed: "57329" "STARLINK-6138"
Satellite removed: "57109" "STARLINK-6139"
Satellite removed: "57111" "STARLINK-6140"
Satellite removed: "57112" "STARLINK-6141"
Satellite removed: "57113" "STARLINK-6142"
Satellite removed: "57133" "STARLINK-6143"
Satellite removed: "56894" "STARLINK-6144"
Satellite removed: "56389" "STARLINK-6145"
Satellite removed: "57124" "STARLINK-6146"
Satellite removed: "57120" "STARLINK-6147"
Satellite removed: "57117" "STARLINK-6148"
Satellite removed: "57122" "STARLINK-6149"
Satellite removed: "57119" "STARLINK-6150"
Satellite removed: "57121" "STARLINK-6152"
Satellite removed: "56384" "STARLINK-6153"
Satellite removed: "57123" "STARLINK-6154"
Satellite removed: "57076" "STARLINK-6155"
Satellite removed: "56374" "STARLINK-6156"
Satellite removed: "56379" "STARLINK-6157"
Satellite removed: "56375" "STARLINK-6158"
Satellite removed: "56381" "STARLINK-6159"
Satellite removed: "56382" "STARLINK-6160"
Satellite removed: "57131" "STARLINK-6162"
Satellite removed: "57128" "STARLINK-6163"
Satellite removed: "57152" "STARLINK-6164"
Satellite removed: "57127" "STARLINK-6165"
Satellite removed: "56383" "STARLINK-6166"
Satellite removed: "57126" "STARLINK-6167"
Satellite removed: "57369" "STARLINK-6168"
Satellite removed: "56889" "STARLINK-6169"
Satellite removed: "57129" "STARLINK-6170"
Satellite removed: "56883" "STARLINK-6171"
Satellite removed: "57130" "STARLINK-6172"
Satellite removed: "56385" "STARLINK-6173"
Satellite removed: "57366" "STARLINK-6174"
Satellite removed: "56882" "STARLINK-6175"
Satellite removed: "56388" "STARLINK-6176"
Satellite removed: "56880" "STARLINK-6177"
Satellite removed: "56387" "STARLINK-6178"
Satellite removed: "56910" "STARLINK-6179"
Satellite removed: "56887" "STARLINK-6180"
Satellite removed: "56888" "STARLINK-6181"
Satellite removed: "56878" "STARLINK-6182"
Satellite removed: "56905" "STARLINK-6183"
Satellite removed: "57081" "STARLINK-6184"
Satellite removed: "56901" "STARLINK-6185"
Satellite removed: "56908" "STARLINK-6186"
Satellite removed: "56546" "STARLINK-6187"
Satellite removed: "56376" "STARLINK-6188"
Satellite removed: "56377" "STARLINK-6189"
Satellite removed: "56774" "STARLINK-6190"
Satellite removed: "56378" "STARLINK-6191"
Satellite removed: "56903" "STARLINK-6192"
Satellite removed: "56904" "STARLINK-6193"
Satellite removed: "57077" "STARLINK-6194"
Satellite removed: "56902" "STARLINK-6195"
Satellite removed: "56487" "STARLINK-6196"
Satellite removed: "56767" "STARLINK-6197"
Satellite removed: "56768" "STARLINK-6198"
Satellite removed: "56551" "STARLINK-6199"
Satellite removed: "56897" "STARLINK-6200"
Satellite removed: "56896" "STARLINK-6202"
Satellite removed: "56899" "STARLINK-6203"
Satellite removed: "56488" "STARLINK-6204"
Satellite removed: "56898" "STARLINK-6205"
Satellite removed: "56876" "STARLINK-6206"
Satellite removed: "56900" "STARLINK-6207"
Satellite removed: "56895" "STARLINK-6208"
Satellite removed: "56877" "STARLINK-6209"
Satellite removed: "56485" "STARLINK-6210"
Satellite removed: "57059" "STARLINK-6211"
Satellite removed: "57330" "STARLINK-6212"
Satellite removed: "56891" "STARLINK-6213"
Satellite removed: "56480" "STARLINK-6214"
Satellite removed: "57367" "STARLINK-6215"
Satellite removed: "56893" "STARLINK-6216"
Satellite removed: "57058" "STARLINK-6217"
Satellite removed: "57368" "STARLINK-6218"
Satellite removed: "56892" "STARLINK-6219"
Satellite removed: "56482" "STARLINK-6220"
Satellite removed: "56484" "STARLINK-6221"
Satellite removed: "56481" "STARLINK-6222"
Satellite removed: "57057" "STARLINK-6223"
Satellite removed: "56425" "STARLINK-6224"
Satellite removed: "57092" "STARLINK-6225"
Satellite removed: "56544" "STARLINK-6226"
Satellite removed: "57060" "STARLINK-6227"
Satellite removed: "57093" "STARLINK-6229"
Satellite removed: "57228" "STARLINK-6230"
Satellite removed: "56779" "STARLINK-6231"
Satellite removed: "57085" "STARLINK-6232"
Satellite removed: "57229" "STARLINK-6233"
Satellite removed: "57331" "STARLINK-6234"
Satellite removed: "57094" "STARLINK-6235"
Satellite removed: "56422" "STARLINK-6236"
Satellite removed: "57055" "STARLINK-6237"
Satellite removed: "56428" "STARLINK-6238"
Satellite removed: "56423" "STARLINK-6239"
Satellite removed: "57084" "STARLINK-6240"
Satellite removed: "56409" "STARLINK-6241"
Satellite removed: "56424" "STARLINK-6242"
Satellite removed: "57080" "STARLINK-6243"
Satellite removed: "56548" "STARLINK-6244"
Satellite removed: "57079" "STARLINK-6245"
Satellite removed: "57086" "STARLINK-6247"
Satellite removed: "57082" "STARLINK-6248"
Satellite removed: "56541" "STARLINK-6249"
Satellite removed: "57230" "STARLINK-6250"
Satellite removed: "57087" "STARLINK-6251"
Satellite removed: "56555" "STARLINK-6252"
Satellite removed: "57083" "STARLINK-6253"
Satellite removed: "57090" "STARLINK-6254"
Satellite removed: "56550" "STARLINK-6255"
Satellite removed: "57088" "STARLINK-6257"
Satellite removed: "56413" "STARLINK-6258"
Satellite removed: "57089" "STARLINK-6259"
Satellite removed: "56416" "STARLINK-6260"
Satellite removed: "56417" "STARLINK-6261"
Satellite removed: "57091" "STARLINK-6262"
Satellite removed: "56549" "STARLINK-6263"
Satellite removed: "56429" "STARLINK-6264"
Satellite removed: "56557" "STARLINK-6265"
Satellite removed: "56542" "STARLINK-6266"
Satellite removed: "56400" "STARLINK-6267"
Satellite removed: "56421" "STARLINK-6270"
Satellite removed: "56397" "STARLINK-6271"
Satellite removed: "56420" "STARLINK-6272"
Satellite removed: "56395" "STARLINK-6273"
Satellite removed: "56776" "STARLINK-6274"
Satellite removed: "56772" "STARLINK-6275"
Satellite removed: "57355" "STARLINK-6276"
Satellite removed: "56399" "STARLINK-6277"
Satellite removed: "56412" "STARLINK-6278"
Satellite removed: "56411" "STARLINK-6279"
Satellite removed: "56531" "STARLINK-6280"
Satellite removed: "56410" "STARLINK-6281"
Satellite removed: "56407" "STARLINK-6282"
Satellite removed: "56406" "STARLINK-6283"
Satellite removed: "56405" "STARLINK-6285"
Satellite removed: "56558" "STARLINK-6286"
Satellite removed: "56404" "STARLINK-6287"
Satellite removed: "56398" "STARLINK-6288"
Satellite removed: "56408" "STARLINK-6289"
Satellite removed: "57328" "STARLINK-6290"
Satellite removed: "56547" "STARLINK-6291"
Satellite removed: "56775" "STARLINK-6292"
Satellite removed: "57354" "STARLINK-6293"
Satellite removed: "57225" "STARLINK-6294"
Satellite removed: "56554" "STARLINK-6295"
Satellite removed: "56773" "STARLINK-6296"
Satellite removed: "57352" "STARLINK-6297"
Satellite removed: "56391" "STARLINK-6298"
Satellite removed: "57358" "STARLINK-6299"
Satellite removed: "56392" "STARLINK-6301"
Satellite removed: "56396" "STARLINK-6302"
Satellite removed: "56393" "STARLINK-6303"
Satellite removed: "56778" "STARLINK-6304"
Satellite removed: "56394" "STARLINK-6305"
Satellite removed: "57242" "STARLINK-6306"
Satellite removed: "56529" "STARLINK-6307"
Satellite removed: "56534" "STARLINK-6308"
Satellite removed: "56535" "STARLINK-6309"
Satellite removed: "56533" "STARLINK-6310"
Satellite removed: "56537" "STARLINK-6311"
Satellite removed: "56536" "STARLINK-6312"
Satellite removed: "56519" "STARLINK-6313"
Satellite removed: "56538" "STARLINK-6314"
Satellite removed: "57236" "STARLINK-6315"
Satellite removed: "57335" "STARLINK-6316"
Satellite removed: "56526" "STARLINK-6317"
Satellite removed: "56530" "STARLINK-6318"
Satellite removed: "56532" "STARLINK-6319"
Satellite removed: "57336" "STARLINK-6320"
Satellite removed: "57340" "STARLINK-6321"
Satellite removed: "57337" "STARLINK-6322"
Satellite removed: "56524" "STARLINK-6323"
Satellite removed: "57353" "STARLINK-6324"
Satellite removed: "56787" "STARLINK-6326"
Satellite removed: "56522" "STARLINK-6327"
Satellite removed: "56523" "STARLINK-6328"
Satellite removed: "56525" "STARLINK-6329"
Satellite removed: "57239" "STARLINK-6330"
Satellite removed: "57351" "STARLINK-6331"
Satellite removed: "57339" "STARLINK-6332"
Satellite removed: "56521" "STARLINK-6333"
Satellite removed: "57238" "STARLINK-6334"
Satellite removed: "56527" "STARLINK-6335"
Satellite removed: "56788" "STARLINK-6336"
Satellite removed: "56528" "STARLINK-6337"
Satellite removed: "57364" "STARLINK-6338"
Satellite removed: "57361" "STARLINK-6340"
Satellite removed: "56786" "STARLINK-6341"
Satellite removed: "56770" "STARLINK-6342"
Satellite removed: "57362" "STARLINK-6343"
Satellite removed: "56520" "STARLINK-6344"
Satellite removed: "56790" "STARLINK-6345"
Satellite removed: "57243" "STARLINK-6346"
Satellite removed: "57359" "STARLINK-6347"
Satellite removed: "57360" "STARLINK-6348"
Satellite removed: "57241" "STARLINK-6349"
Satellite removed: "57226" "STARLINK-6350"
Satellite removed: "57240" "STARLINK-6351"
Satellite removed: "56782" "STARLINK-6352"
Satellite removed: "57056" "STARLINK-6353"
Satellite removed: "56784" "STARLINK-6354"
Satellite removed: "57356" "STARLINK-6355"
Satellite removed: "57363" "STARLINK-6356"
Satellite removed: "56783" "STARLINK-6357"
Satellite removed: "57377" "STARLINK-6358"
Satellite removed: "57346" "STARLINK-6359"
Satellite removed: "57235" "STARLINK-6360"
Satellite removed: "57379" "STARLINK-6361"
Satellite removed: "57350" "STARLINK-6362"
Satellite removed: "57375" "STARLINK-6363"
Satellite removed: "57378" "STARLINK-6364"
Satellite removed: "57237" "STARLINK-6365"
Satellite removed: "57380" "STARLINK-6366"
Satellite removed: "57376" "STARLINK-6367"
Satellite removed: "57234" "STARLINK-6368"
Satellite removed: "57374" "STARLINK-6369"
Satellite removed: "57373" "STARLINK-6370"
Satellite removed: "57381" "STARLINK-6371"
Satellite removed: "57348" "STARLINK-6372"
Satellite removed: "57345" "STARLINK-6373"
Satellite removed: "57338" "STARLINK-6374"
Satellite removed: "57342" "STARLINK-6375"
Satellite removed: "57349" "STARLINK-6376"
Satellite removed: "57341" "STARLINK-6377"
Satellite removed: "57347" "STARLINK-6378"
Satellite removed: "57343" "STARLINK-6379"
Satellite removed: "57344" "STARLINK-6380"
Satellite removed: "33498" "STARS (KUKAI)"
Satellite removed: "43679" "STARS-AO"
Satellite removed: "22824" "STELLA"
Satellite removed: "52897" "STEP CUBE LAB-II"
Satellite removed: "43762" "STPSAT-5"
Satellite removed: "49817" "STPSAT-6"
Satellite removed: "39090" "STRAND-1"
Satellite removed: "37153" "STRELA 3"
Satellite removed: "53815" "STRIX-1"
Satellite removed: "59224" "STRIX-3"
Satellite removed: "60352" "STRIX-4"
Satellite removed: "39422" "STSAT-3"
Satellite removed: "37849" "SUOMI NPP"
Satellite removed: "43271" "SUPERBIRD-B3"
Satellite removed: "33274" "SUPERBIRD-C2"
Satellite removed: "52320" "SUPERVIEW NEO-1 01"
Satellite removed: "52322" "SUPERVIEW NEO-1 02"
Satellite removed: "53128" "SUPERVIEW NEO-2 01"
Satellite removed: "53130" "SUPERVIEW NEO-2 02"
Satellite removed: "59510" "SUPERVIEW NEO-3 01"
Satellite removed: "43099" "SUPERVIEW-1 03"
Satellite removed: "2872" "SURCAL 159"
Satellite removed: "60089" "SVOM"
Satellite removed: "57187" "SVYATOBOR 1 (RS60S)"
Satellite removed: "39452" "SWARM A"
Satellite removed: "39451" "SWARM B"
Satellite removed: "39453" "SWARM C"
Satellite removed: "25560" "SWAS"
Satellite removed: "28485" "SWIFT"
Satellite removed: "35932" "SWISSCUBE"
Satellite removed: "54754" "SWOT"
Satellite removed: "47240" "SXM-7"
Satellite removed: "48838" "SXM-8"
Satellite removed: "28885" "SYRACUSE 3A"
Satellite removed: "49333" "SYRACUSE 4A"
Satellite removed: "57214" "SYRACUSE 4B"
Satellite removed: "66515" "SZ-21 MODULE"
Satellite removed: "37818" "TACSAT 4"
Satellite removed: "39473" "TACSAT 6"
Satellite removed: "58820" "TAIJING-2 04"
Satellite removed: "58822" "TAIJING-3 02"
Satellite removed: "58823" "TAIJING-4 03"
Satellite removed: "60507" "TANAGER-1"
Satellite removed: "36605" "TANDEM-X"
Satellite removed: "41898" "TANSAT"
Satellite removed: "39070" "TDRS 11"
Satellite removed: "39504" "TDRS 12"
Satellite removed: "42915" "TDRS 13"
Satellite removed: "19548" "TDRS 3"
Satellite removed: "21639" "TDRS 5"
Satellite removed: "22314" "TDRS 6"
Satellite removed: "23613" "TDRS 7"
Satellite removed: "26388" "TDRS 8"
Satellite removed: "40076" "TECHDEMOSAT-1 (TDS-1)"
Satellite removed: "53346" "TECMS"
Satellite removed: "56310" "TELEOS-2"
Satellite removed: "41944" "TELKOM 3S"
Satellite removed: "43587" "TELKOM 4 (MERAH PUTIH)"
Satellite removed: "34111" "TELSTAR 11N"
Satellite removed: "41036" "TELSTAR 12V"
Satellite removed: "43611" "TELSTAR 18V"
Satellite removed: "43562" "TELSTAR 19V"
Satellite removed: "1512" "TEMPSAT 1"
Satellite removed: "25994" "TERRA"
Satellite removed: "31698" "TERRASAR-X"
Satellite removed: "35496" "TERRESTAR-1"
Satellite removed: "28786" "THAICOM 4"
Satellite removed: "39500" "THAICOM 6"
Satellite removed: "41552" "THAICOM 8"
Satellite removed: "43796" "THEA"
Satellite removed: "30580" "THEMIS A"
Satellite removed: "30797" "THEMIS D"
Satellite removed: "30798" "THEMIS E"
Satellite removed: "33396" "THEOS"
Satellite removed: "58016" "THEOS-2 (T2V)"
Satellite removed: "32487" "THOR 5"
Satellite removed: "36033" "THOR 6"
Satellite removed: "40613" "THOR 7"
Satellite removed: "733" "THOR AGENA D R/B"
Satellite removed: "27825" "THURAYA-2"
Satellite removed: "32404" "THURAYA-3"
Satellite removed: "49049" "TIANHUI 1-04"
Satellite removed: "44207" "TIANHUI 2-01A"
Satellite removed: "44209" "TIANHUI 2-01B"
Satellite removed: "49071" "TIANHUI 2-02A"
Satellite removed: "49072" "TIANHUI 2-02B"
Satellite removed: "50572" "TIANHUI 4A"
Satellite removed: "50573" "TIANHUI 4B"
Satellite removed: "58199" "TIANHUI 5A"
Satellite removed: "58201" "TIANHUI 5B"
Satellite removed: "60211" "TIANHUI 5C"
Satellite removed: "60212" "TIANHUI 5D"
Satellite removed: "55836" "TIANHUI 6A"
Satellite removed: "55839" "TIANHUI 6B"
Satellite removed: "41869" "TIANLIAN 1-04"
Satellite removed: "49011" "TIANLIAN 1-05"
Satellite removed: "44076" "TIANLIAN 2-01"
Satellite removed: "50005" "TIANLIAN 2-02"
Satellite removed: "53100" "TIANLIAN 2-03"
Satellite removed: "55973" "TIANMU-1 03"
Satellite removed: "55974" "TIANMU-1 04"
Satellite removed: "55975" "TIANMU-1 05"
Satellite removed: "55976" "TIANMU-1 06"
Satellite removed: "57399" "TIANMU-1 07"
Satellite removed: "57400" "TIANMU-1 08"
Satellite removed: "57401" "TIANMU-1 09"
Satellite removed: "57402" "TIANMU-1 10"
Satellite removed: "58645" "TIANMU-1 11"
Satellite removed: "58646" "TIANMU-1 12"
Satellite removed: "58647" "TIANMU-1 13"
Satellite removed: "58648" "TIANMU-1 14"
Satellite removed: "58700" "TIANMU-1 15"
Satellite removed: "58701" "TIANMU-1 16"
Satellite removed: "58702" "TIANMU-1 17"
Satellite removed: "58703" "TIANMU-1 18"
Satellite removed: "58660" "TIANMU-1 19"
Satellite removed: "58661" "TIANMU-1 20"
Satellite removed: "58662" "TIANMU-1 21"
Satellite removed: "58663" "TIANMU-1 22"
Satellite removed: "52153" "TIANPING 2A"
Satellite removed: "52155" "TIANPING 2B"
Satellite removed: "52156" "TIANPING 2C"
Satellite removed: "48426" "TIANQI-12"
Satellite removed: "48864" "TIANQI-14"
Satellite removed: "49027" "TIANQI-15"
Satellite removed: "57792" "TIANQI-21"
Satellite removed: "57793" "TIANQI-22"
Satellite removed: "57794" "TIANQI-23"
Satellite removed: "57795" "TIANQI-24"
Satellite removed: "59909" "TIANQI-25"
Satellite removed: "59910" "TIANQI-26"
Satellite removed: "59911" "TIANQI-27"
Satellite removed: "59912" "TIANQI-28"
Satellite removed: "44314" "TIANQI-3"
Satellite removed: "46810" "TIANQI-6"
Satellite removed: "44879" "TIANQIN 1 (CAS-6)"
Satellite removed: "41725" "TIANTONG-1 1"
Satellite removed: "46916" "TIANTONG-1 2"
Satellite removed: "47321" "TIANTONG-1 3"
Satellite removed: "44882" "TIANYAN 02"
Satellite removed: "69049" "TIANZHOU-10"
Satellite removed: "44800" "TIBA-1"
Satellite removed: "59141" "TIGER-7"
Satellite removed: "59120" "TIGER-8"
Satellite removed: "40043" "TIGRISAT"
Satellite removed: "26998" "TIMED"
Satellite removed: "58989" "TIRSAT"
Satellite removed: "36799" "TISAT 1"
Satellite removed: "26474" "TITAN 4B R/B"
Satellite removed: "40892" "TJS-1"
Satellite removed: "58204" "TJS-10"
Satellite removed: "59020" "TJS-11"
Satellite removed: "41911" "TJS-2"
Satellite removed: "43874" "TJS-3"
Satellite removed: "44637" "TJS-4"
Satellite removed: "44978" "TJS-5"
Satellite removed: "47613" "TJS-6"
Satellite removed: "49115" "TJS-7"
Satellite removed: "50574" "TJS-9"
Satellite removed: "52150" "TK-2"
Satellite removed: "39481" "TKSAT-1 (TUPAC KATARI)"
Satellite removed: "60479" "TOMORROW-S1"
Satellite removed: "60485" "TOMORROW-S2"
Satellite removed: "60530" "TORO"
Satellite removed: "59125" "TRANSPORTER-10 OBJECT AD"
Satellite removed: "59128" "TRANSPORTER-10 OBJECT AG"
Satellite removed: "60468" "TRANSPORTER-11 OBJECT A"
Satellite removed: "60510" "TRANSPORTER-11 OBJECT AU"
Satellite removed: "39427" "TRITON-1"
Satellite removed: "59442" "TSAT-1A"
Satellite removed: "40617" "TURKMENALEM52E/MONACOSAT"
Satellite removed: "33056" "TURKSAT 3A"
Satellite removed: "39522" "TURKSAT 4A"
Satellite removed: "40984" "TURKSAT 4B"
Satellite removed: "47306" "TURKSAT 5A"
Satellite removed: "50212" "TURKSAT 5B"
Satellite removed: "60233" "TURKSAT 6A"
Satellite removed: "60496" "TYCHE"
Satellite removed: "48606" "TYVAK-0130"
Satellite removed: "48892" "TYVAK-0173"
Satellite removed: "48271" "TYVAK-182A"
Satellite removed: "25967" "UFO 10 (USA 146)"
Satellite removed: "28117" "UFO 11 (USA 174)"
Satellite removed: "22787" "UFO 2 (USA 95)"
Satellite removed: "23467" "UFO 4 (USA 108)"
Satellite removed: "58466" "UHETSAT"
Satellite removed: "67686" "UITMSAT-2"
Satellite removed: "35683" "UK-DMC 2"
Satellite removed: "40074" "UKUBE-1"
Satellite removed: "60555" "UM5-EOSAT"
Satellite removed: "60554" "UM5-RIBAT"
Satellite removed: "58297" "UMBRA-07"
Satellite removed: "60541" "UMBRA-09"
Satellite removed: "60547" "UMBRA-10"
Satellite removed: "39767" "UNIFORM 1"
Satellite removed: "40012" "UNISAT-6"
Satellite removed: "47945" "UNISAT-7"
Satellite removed: "81052" "UNKNOWN"
Satellite removed: "81069" "UNKNOWN"
Satellite removed: "81111" "UNKNOWN"
Satellite removed: "81123" "UNKNOWN"
Satellite removed: "81219" "UNKNOWN"
Satellite removed: "81228" "UNKNOWN"
Satellite removed: "81279" "UNKNOWN"
Satellite removed: "81301" "UNKNOWN"
Satellite removed: "81311" "UNKNOWN"
Satellite removed: "81317" "UNKNOWN"
Satellite removed: "81323" "UNKNOWN"
Satellite removed: "81343" "UNKNOWN"
Satellite removed: "81359" "UNKNOWN"
Satellite removed: "81366" "UNKNOWN"
Satellite removed: "81371" "UNKNOWN"
Satellite removed: "81386" "UNKNOWN"
Satellite removed: "81390" "UNKNOWN"
Satellite removed: "81392" "UNKNOWN"
Satellite removed: "81405" "UNKNOWN"
Satellite removed: "81406" "UNKNOWN"
Satellite removed: "81427" "UNKNOWN"
Satellite removed: "81438" "UNKNOWN"
Satellite removed: "81439" "UNKNOWN"
Satellite removed: "81478" "UNKNOWN"
Satellite removed: "81488" "UNKNOWN"
Satellite removed: "81497" "UNKNOWN"
Satellite removed: "81499" "UNKNOWN"
Satellite removed: "81535" "UNKNOWN"
Satellite removed: "81536" "UNKNOWN"
Satellite removed: "81537" "UNKNOWN"
Satellite removed: "81552" "UNKNOWN"
Satellite removed: "81599" "UNKNOWN"
Satellite removed: "81605" "UNKNOWN"
Satellite removed: "81614" "UNKNOWN"
Satellite removed: "81615" "UNKNOWN"
Satellite removed: "81617" "UNKNOWN"
Satellite removed: "81640" "UNKNOWN"
Satellite removed: "81652" "UNKNOWN"
Satellite removed: "81667" "UNKNOWN"
Satellite removed: "81674" "UNKNOWN"
Satellite removed: "81683" "UNKNOWN"
Satellite removed: "81693" "UNKNOWN"
Satellite removed: "81745" "UNKNOWN"
Satellite removed: "81775" "UNKNOWN"
Satellite removed: "81792" "UNKNOWN"
Satellite removed: "81812" "UNKNOWN"
Satellite removed: "81816" "UNKNOWN"
Satellite removed: "81824" "UNKNOWN"
Satellite removed: "81844" "UNKNOWN"
Satellite removed: "81845" "UNKNOWN"
Satellite removed: "81864" "UNKNOWN"
Satellite removed: "81865" "UNKNOWN"
Satellite removed: "81893" "UNKNOWN"
Satellite removed: "81899" "UNKNOWN"
Satellite removed: "81947" "UNKNOWN"
Satellite removed: "81964" "UNKNOWN"
Satellite removed: "81969" "UNKNOWN"
Satellite removed: "81995" "UNKNOWN"
Satellite removed: "82043" "UNKNOWN"
Satellite removed: "82051" "UNKNOWN"
Satellite removed: "82073" "UNKNOWN"
Satellite removed: "82139" "UNKNOWN"
Satellite removed: "82162" "UNKNOWN"
Satellite removed: "82180" "UNKNOWN"
Satellite removed: "82189" "UNKNOWN"
Satellite removed: "82199" "UNKNOWN"
Satellite removed: "82205" "UNKNOWN"
Satellite removed: "82223" "UNKNOWN"
Satellite removed: "82250" "UNKNOWN"
Satellite removed: "82272" "UNKNOWN"
Satellite removed: "82303" "UNKNOWN"
Satellite removed: "82311" "UNKNOWN"
Satellite removed: "82363" "UNKNOWN"
Satellite removed: "82369" "UNKNOWN"
Satellite removed: "82381" "UNKNOWN"
Satellite removed: "82402" "UNKNOWN"
Satellite removed: "82432" "UNKNOWN"
Satellite removed: "82448" "UNKNOWN"
Satellite removed: "82453" "UNKNOWN"
Satellite removed: "82458" "UNKNOWN"
Satellite removed: "82484" "UNKNOWN"
Satellite removed: "82494" "UNKNOWN"
Satellite removed: "82500" "UNKNOWN"
Satellite removed: "82524" "UNKNOWN"
Satellite removed: "82529" "UNKNOWN"
Satellite removed: "82560" "UNKNOWN"
Satellite removed: "82597" "UNKNOWN"
Satellite removed: "82617" "UNKNOWN"
Satellite removed: "82642" "UNKNOWN"
Satellite removed: "82683" "UNKNOWN"
Satellite removed: "82693" "UNKNOWN"
Satellite removed: "82698" "UNKNOWN"
Satellite removed: "82708" "UNKNOWN"
Satellite removed: "82729" "UNKNOWN"
Satellite removed: "82739" "UNKNOWN"
Satellite removed: "82741" "UNKNOWN"
Satellite removed: "82820" "UNKNOWN"
Satellite removed: "82873" "UNKNOWN"
Satellite removed: "82875" "UNKNOWN"
Satellite removed: "82893" "UNKNOWN"
Satellite removed: "82912" "UNKNOWN"
Satellite removed: "82961" "UNKNOWN"
Satellite removed: "82965" "UNKNOWN"
Satellite removed: "83903" "UNKNOWN"
Satellite removed: "83934" "UNKNOWN"
Satellite removed: "84006" "UNKNOWN"
Satellite removed: "84292" "UNKNOWN"
Satellite removed: "84407" "UNKNOWN"
Satellite removed: "84932" "UNKNOWN"
Satellite removed: "85004" "UNKNOWN"
Satellite removed: "85010" "UNKNOWN"
Satellite removed: "85015" "UNKNOWN"
Satellite removed: "85023" "UNKNOWN"
Satellite removed: "85027" "UNKNOWN"
Satellite removed: "85047" "UNKNOWN"
Satellite removed: "85061" "UNKNOWN"
Satellite removed: "85100" "UNKNOWN"
Satellite removed: "85106" "UNKNOWN"
Satellite removed: "85210" "UNKNOWN"
Satellite removed: "85217" "UNKNOWN"
Satellite removed: "85237" "UNKNOWN"
Satellite removed: "85238" "UNKNOWN"
Satellite removed: "85246" "UNKNOWN"
Satellite removed: "85373" "UNKNOWN"
Satellite removed: "87014" "UNKNOWN"
Satellite removed: "87029" "UNKNOWN"
Satellite removed: "87042" "UNKNOWN"
Satellite removed: "87051" "UNKNOWN"
Satellite removed: "87054" "UNKNOWN"
Satellite removed: "87071" "UNKNOWN"
Satellite removed: "87129" "UNKNOWN"
Satellite removed: "87159" "UNKNOWN"
Satellite removed: "87163" "UNKNOWN"
Satellite removed: "87164" "UNKNOWN"
Satellite removed: "87204" "UNKNOWN"
Satellite removed: "87211" "UNKNOWN"
Satellite removed: "87214" "UNKNOWN"
Satellite removed: "87237" "UNKNOWN"
Satellite removed: "87239" "UNKNOWN"
Satellite removed: "87245" "UNKNOWN"
Satellite removed: "87271" "UNKNOWN"
Satellite removed: "87280" "UNKNOWN"
Satellite removed: "87293" "UNKNOWN"
Satellite removed: "87300" "UNKNOWN"
Satellite removed: "87304" "UNKNOWN"
Satellite removed: "87320" "UNKNOWN"
Satellite removed: "87334" "UNKNOWN"
Satellite removed: "87335" "UNKNOWN"
Satellite removed: "87405" "UNKNOWN"
Satellite removed: "87426" "UNKNOWN"
Satellite removed: "87448" "UNKNOWN"
Satellite removed: "87456" "UNKNOWN"
Satellite removed: "87517" "UNKNOWN"
Satellite removed: "87541" "UNKNOWN"
Satellite removed: "87553" "UNKNOWN"
Satellite removed: "87557" "UNKNOWN"
Satellite removed: "87561" "UNKNOWN"
Satellite removed: "87565" "UNKNOWN"
Satellite removed: "87569" "UNKNOWN"
Satellite removed: "87587" "UNKNOWN"
Satellite removed: "87616" "UNKNOWN"
Satellite removed: "87624" "UNKNOWN"
Satellite removed: "87672" "UNKNOWN"
Satellite removed: "87681" "UNKNOWN"
Satellite removed: "87690" "UNKNOWN"
Satellite removed: "87706" "UNKNOWN"
Satellite removed: "87730" "UNKNOWN"
Satellite removed: "87737" "UNKNOWN"
Satellite removed: "87764" "UNKNOWN"
Satellite removed: "87771" "UNKNOWN"
Satellite removed: "87782" "UNKNOWN"
Satellite removed: "87843" "UNKNOWN"
Satellite removed: "87845" "UNKNOWN"
Satellite removed: "87878" "UNKNOWN"
Satellite removed: "87884" "UNKNOWN"
Satellite removed: "87991" "UNKNOWN"
Satellite removed: "89005" "UNKNOWN"
Satellite removed: "89029" "UNKNOWN"
Satellite removed: "89101" "UNKNOWN"
Satellite removed: "89132" "UNKNOWN"
Satellite removed: "89146" "UNKNOWN"
Satellite removed: "89177" "UNKNOWN"
Satellite removed: "89183" "UNKNOWN"
Satellite removed: "89184" "UNKNOWN"
Satellite removed: "89213" "UNKNOWN"
Satellite removed: "89251" "UNKNOWN"
Satellite removed: "89261" "UNKNOWN"
Satellite removed: "89304" "UNKNOWN"
Satellite removed: "89379" "UNKNOWN"
Satellite removed: "89403" "UNKNOWN"
Satellite removed: "89484" "UNKNOWN"
Satellite removed: "89493" "UNKNOWN"
Satellite removed: "89494" "UNKNOWN"
Satellite removed: "23712" "USA 115 (MILSTAR-1 2)"
Satellite removed: "23893" "USA 119"
Satellite removed: "25019" "USA 134"
Satellite removed: "26575" "USA 153"
Satellite removed: "26715" "USA 157 (MILSTAR-2 2)"
Satellite removed: "27168" "USA 164 (MILSTAR-2 3)"
Satellite removed: "27691" "USA 167"
Satellite removed: "27711" "USA 169 (MILSTAR-2 4)"
Satellite removed: "27875" "USA 170"
Satellite removed: "43339" "USA 283"
Satellite removed: "43445" "USA 285"
Satellite removed: "43446" "USA 286"
Satellite removed: "55263" "USA 342"
Satellite removed: "21949" "USA 81"
Satellite removed: "57203" "UTMN 2 (RS27S)"
Satellite removed: "39446" "UWE-3"
Satellite removed: "41166" "VELOX-CI"
Satellite removed: "37843" "VIASAT-1"
Satellite removed: "42740" "VIASAT-2"
Satellite removed: "56370" "VIASAT-3 F1"
Satellite removed: "52760" "VIGORIDE-3"
Satellite removed: "55056" "VIGORIDE-5"
Satellite removed: "32767" "VINASAT-1"
Satellite removed: "38332" "VINASAT-2"
Satellite removed: "39160" "VNREDSAT 1"
Satellite removed: "38782" "VRSS-1"
Satellite removed: "42954" "VRSS-2"
Satellite removed: "59135" "VSP RF A1"
Satellite removed: "59137" "VSP RF B1"
Satellite removed: "59136" "VSP RF C1"
Satellite removed: "59124" "VSP ROSE"
Satellite removed: "60469" "WARATAH SEED-1"
Satellite removed: "44884" "WEILAI 1R"
Satellite removed: "43169" "WEINA 1A"
Satellite removed: "43279" "WEINA 1B"
Satellite removed: "47303" "WEINA 2"
Satellite removed: "52940" "WFOV (USA 332)"
Satellite removed: "44071" "WGS 10 (USA 291)"
Satellite removed: "32258" "WGS F1 (USA 195)"
Satellite removed: "34713" "WGS F2 (USA 204)"
Satellite removed: "36108" "WGS F3 (USA 211)"
Satellite removed: "38070" "WGS F4 (USA 233)"
Satellite removed: "39168" "WGS F5 (USA 243)"
Satellite removed: "39222" "WGS F6 (USA 244)"
Satellite removed: "40746" "WGS F7 (USA 263)"
Satellite removed: "41879" "WGS F8 (USA 272)"
Satellite removed: "42075" "WGS F9 (USA 275)"
Satellite removed: "29643" "WILDBLUE-1"
Satellite removed: "57764" "WILDFIRE 1"
Satellite removed: "57766" "WILDFIRE 10"
Satellite removed: "57767" "WILDFIRE 2"
Satellite removed: "57758" "WILDFIRE 3"
Satellite removed: "57756" "WILDFIRE 4"
Satellite removed: "57769" "WILDFIRE 5"
Satellite removed: "57763" "WILDFIRE 6"
Satellite removed: "57761" "WILDFIRE 7"
Satellite removed: "57768" "WILDFIRE 8"
Satellite removed: "57765" "WILDFIRE 9"
Satellite removed: "42835" "WNISAT 1R"
Satellite removed: "39423" "WNISAT-1"
Satellite removed: "32060" "WORLDVIEW-1 (WV-1)"
Satellite removed: "35946" "WORLDVIEW-2 (WV-2)"
Satellite removed: "40115" "WORLDVIEW-3 (WV-3)"
Satellite removed: "60478" "WREN-1"
Satellite removed: "59481" "WSF-M"
Satellite removed: "37389" "X-SAT"
Satellite removed: "58496" "XINGCHI-1 02A"
Satellite removed: "58498" "XINGCHI-1 02B"
Satellite removed: "58918" "XINGSHIDAI 20"
Satellite removed: "45602" "XINGYUN-2 01"
Satellite removed: "45603" "XINGYUN-2 02"
Satellite removed: "36122" "XIWANG-1 (HOPE-1)"
Satellite removed: "37185" "XM-5"
Satellite removed: "25989" "XMM-NEWTON"
Satellite removed: "57800" "XRISM"
Satellite removed: "37393" "YAHSAT 1A"
Satellite removed: "38245" "YAHSAT 1B"
Satellite removed: "48915" "YAM-3"
Satellite removed: "55076" "YAM-5"
Satellite removed: "59126" "YAM-6"
Satellite removed: "60504" "YAM-7"
Satellite removed: "28089" "YAMAL 202"
Satellite removed: "38978" "YAMAL 300K"
Satellite removed: "40345" "YAMAL 401"
Satellite removed: "39022" "YAMAL 402"
Satellite removed: "44307" "YAMAL 601"
Satellite removed: "36834" "YAOGAN-10"
Satellite removed: "37165" "YAOGAN-11"
Satellite removed: "37875" "YAOGAN-12"
Satellite removed: "38257" "YAOGAN-14"
Satellite removed: "38354" "YAOGAN-15"
Satellite removed: "39011" "YAOGAN-16 01A"
Satellite removed: "39012" "YAOGAN-16 01B"
Satellite removed: "39013" "YAOGAN-16 01C"
Satellite removed: "39239" "YAOGAN-17 01A"
Satellite removed: "39240" "YAOGAN-17 01B"
Satellite removed: "39241" "YAOGAN-17 01C"
Satellite removed: "39410" "YAOGAN-19"
Satellite removed: "31490" "YAOGAN-2"
Satellite removed: "40109" "YAOGAN-20 01A"
Satellite removed: "40110" "YAOGAN-20 01B"
Satellite removed: "40111" "YAOGAN-20 01C"
Satellite removed: "40143" "YAOGAN-21"
Satellite removed: "40275" "YAOGAN-22"
Satellite removed: "40310" "YAOGAN-24"
Satellite removed: "40338" "YAOGAN-25 01A"
Satellite removed: "40339" "YAOGAN-25 01B"
Satellite removed: "40340" "YAOGAN-25 01C"
Satellite removed: "40362" "YAOGAN-26"
Satellite removed: "40878" "YAOGAN-27"
Satellite removed: "41026" "YAOGAN-28"
Satellite removed: "41038" "YAOGAN-29"
Satellite removed: "32289" "YAOGAN-3"
Satellite removed: "41473" "YAOGAN-30 01"
Satellite removed: "42945" "YAOGAN-30 02A"
Satellite removed: "42946" "YAOGAN-30 02B"
Satellite removed: "42947" "YAOGAN-30 02C"
Satellite removed: "43028" "YAOGAN-30 03A"
Satellite removed: "43029" "YAOGAN-30 03B"
Satellite removed: "43030" "YAOGAN-30 03C"
Satellite removed: "43081" "YAOGAN-30 04A"
Satellite removed: "43082" "YAOGAN-30 04B"
Satellite removed: "43083" "YAOGAN-30 04C"
Satellite removed: "43170" "YAOGAN-30 05A"
Satellite removed: "43171" "YAOGAN-30 05B"
Satellite removed: "43172" "YAOGAN-30 05C"
Satellite removed: "44449" "YAOGAN-30 06A"
Satellite removed: "44450" "YAOGAN-30 06B"
Satellite removed: "44451" "YAOGAN-30 06C"
Satellite removed: "45460" "YAOGAN-30 07A"
Satellite removed: "45461" "YAOGAN-30 07B"
Satellite removed: "45462" "YAOGAN-30 07C"
Satellite removed: "46807" "YAOGAN-30 08A"
Satellite removed: "46808" "YAOGAN-30 08B"
Satellite removed: "46809" "YAOGAN-30 08C"
Satellite removed: "48423" "YAOGAN-30 09A"
Satellite removed: "48424" "YAOGAN-30 09B"
Satellite removed: "48425" "YAOGAN-30 09C"
Satellite removed: "48860" "YAOGAN-30 10A"
Satellite removed: "48861" "YAOGAN-30 10B"
Satellite removed: "48863" "YAOGAN-30 10C"
Satellite removed: "49026" "YAOGAN-30 11A"
Satellite removed: "49028" "YAOGAN-30 11B"
Satellite removed: "49029" "YAOGAN-30 11C"
Satellite removed: "43275" "YAOGAN-31 01A"
Satellite removed: "43276" "YAOGAN-31 01B"
Satellite removed: "43277" "YAOGAN-31 01C"
Satellite removed: "47532" "YAOGAN-31 02A"
Satellite removed: "47533" "YAOGAN-31 02B"
Satellite removed: "47536" "YAOGAN-31 02C"
Satellite removed: "47691" "YAOGAN-31 03A"
Satellite removed: "47693" "YAOGAN-31 03B"
Satellite removed: "47695" "YAOGAN-31 03C"
Satellite removed: "47854" "YAOGAN-31 04A"
Satellite removed: "47856" "YAOGAN-31 04B"
Satellite removed: "47857" "YAOGAN-31 04C"
Satellite removed: "49383" "YAOGAN-32 02A"
Satellite removed: "49384" "YAOGAN-32 02B"
Satellite removed: "43642" "YAOGAN-32 A"
Satellite removed: "43643" "YAOGAN-32 B"
Satellite removed: "47302" "YAOGAN-33 01"
Satellite removed: "53698" "YAOGAN-33 02"
Satellite removed: "57797" "YAOGAN-33 03"
Satellite removed: "57958" "YAOGAN-33 04"
Satellite removed: "48340" "YAOGAN-34 01"
Satellite removed: "52084" "YAOGAN-34 02"
Satellite removed: "54249" "YAOGAN-34 03"
Satellite removed: "49390" "YAOGAN-35 01A"
Satellite removed: "49393" "YAOGAN-35 01C"
Satellite removed: "52907" "YAOGAN-35 02A"
Satellite removed: "52908" "YAOGAN-35 02B"
Satellite removed: "53318" "YAOGAN-35 03B"
Satellite removed: "53320" "YAOGAN-35 03C"
Satellite removed: "53522" "YAOGAN-35 04A"
Satellite removed: "53524" "YAOGAN-35 04B"
Satellite removed: "53526" "YAOGAN-35 04C"
Satellite removed: "53760" "YAOGAN-35 05A"
Satellite removed: "53761" "YAOGAN-35 05B"
Satellite removed: "53763" "YAOGAN-35 05C"
Satellite removed: "53943" "YAOGAN-36 01A"
Satellite removed: "53947" "YAOGAN-36 01C"
Satellite removed: "54042" "YAOGAN-36 02A"
Satellite removed: "54043" "YAOGAN-36 02B"
Satellite removed: "54045" "YAOGAN-36 02C"
Satellite removed: "54372" "YAOGAN-36 03A"
Satellite removed: "54374" "YAOGAN-36 03B"
Satellite removed: "54376" "YAOGAN-36 03C"
Satellite removed: "54746" "YAOGAN-36 04A"
Satellite removed: "54748" "YAOGAN-36 04B"
Satellite removed: "54750" "YAOGAN-36 04C"
Satellite removed: "57452" "YAOGAN-36 05A"
Satellite removed: "57454" "YAOGAN-36 05B"
Satellite removed: "57456" "YAOGAN-36 05C"
Satellite removed: "55244" "YAOGAN-37"
Satellite removed: "57727" "YAOGAN-39 01A"
Satellite removed: "57728" "YAOGAN-39 01B"
Satellite removed: "57731" "YAOGAN-39 01C"
Satellite removed: "57886" "YAOGAN-39 02A"
Satellite removed: "57889" "YAOGAN-39 02B"
Satellite removed: "57890" "YAOGAN-39 02C"
Satellite removed: "57986" "YAOGAN-39 03A"
Satellite removed: "57988" "YAOGAN-39 03B"
Satellite removed: "57990" "YAOGAN-39 03C"
Satellite removed: "58141" "YAOGAN-39 04A"
Satellite removed: "58143" "YAOGAN-39 04B"
Satellite removed: "58145" "YAOGAN-39 04C"
Satellite removed: "58557" "YAOGAN-39 05A"
Satellite removed: "58558" "YAOGAN-39 05B"
Satellite removed: "58559" "YAOGAN-39 05C"
Satellite removed: "33446" "YAOGAN-4"
Satellite removed: "57830" "YAOGAN-40 01A"
Satellite removed: "57832" "YAOGAN-40 01B"
Satellite removed: "57833" "YAOGAN-40 01C"
Satellite removed: "58582" "YAOGAN-41"
Satellite removed: "59395" "YAOGAN-42 01"
Satellite removed: "59557" "YAOGAN-42 02"
Satellite removed: "60458" "YAOGAN-43 01A"
Satellite removed: "60459" "YAOGAN-43 01B"
Satellite removed: "60460" "YAOGAN-43 01C"
Satellite removed: "60461" "YAOGAN-43 01D"
Satellite removed: "60462" "YAOGAN-43 01E"
Satellite removed: "60463" "YAOGAN-43 01F"
Satellite removed: "60464" "YAOGAN-43 01G"
Satellite removed: "60465" "YAOGAN-43 01H"
Satellite removed: "60466" "YAOGAN-43 01J"
Satellite removed: "60945" "YAOGAN-43 02A"
Satellite removed: "60946" "YAOGAN-43 02B"
Satellite removed: "60947" "YAOGAN-43 02C"
Satellite removed: "60948" "YAOGAN-43 02D"
Satellite removed: "60949" "YAOGAN-43 02E"
Satellite removed: "60950" "YAOGAN-43 02F"
Satellite removed: "36110" "YAOGAN-7"
Satellite removed: "36121" "YAOGAN-8"
Satellite removed: "36413" "YAOGAN-9 01A"
Satellite removed: "36414" "YAOGAN-9 01B"
Satellite removed: "36415" "YAOGAN-9 01C"
Satellite removed: "41899" "YIJIAN"
Satellite removed: "45024" "YINHE-1"
Satellite removed: "37388" "YOUTHSAT"
Satellite removed: "41857" "YUNHAI-1 01"
Satellite removed: "44547" "YUNHAI-1 02"
Satellite removed: "53877" "YUNHAI-1 03"
Satellite removed: "58073" "YUNHAI-1 04"
Satellite removed: "43909" "YUNHAI-2 01A"
Satellite removed: "43910" "YUNHAI-2 01B"
Satellite removed: "43911" "YUNHAI-2 01C"
Satellite removed: "43912" "YUNHAI-2 01D"
Satellite removed: "43913" "YUNHAI-2 01E"
Satellite removed: "43915" "YUNHAI-2 01F"
Satellite removed: "59280" "YUNHAI-2 02A"
Satellite removed: "59281" "YUNHAI-2 02B"
Satellite removed: "59282" "YUNHAI-2 02C"
Satellite removed: "59283" "YUNHAI-2 02D"
Satellite removed: "59284" "YUNHAI-2 02E"
Satellite removed: "59285" "YUNHAI-2 02F"
Satellite removed: "54235" "YUNHAI-3 01"
Satellite removed: "59343" "YUNHAI-3 02"
Satellite removed: "58758" "YUNYAO-1 18"
Satellite removed: "58759" "YUNYAO-1 19"
Satellite removed: "58760" "YUNYAO-1 20"
Satellite removed: "43194" "ZHANGHENG 1-01 (CSES-1)"
Satellite removed: "37166" "ZHEDA PIXING 1B"
Satellite removed: "37167" "ZHEDA PIXING 1C"
Satellite removed: "59705" "ZHIHUI TIANWANG-1 01A"
Satellite removed: "59706" "ZHIHUI TIANWANG-1 01B"
Satellite removed: "58922" "ZHIXING-2A"
Satellite removed: "37677" "ZHONGXING-10"
Satellite removed: "39157" "ZHONGXING-11"
Satellite removed: "39017" "ZHONGXING-12"
Satellite removed: "54230" "ZHONGXING-19"
Satellite removed: "49505" "ZHONGXING-1D"
Satellite removed: "53813" "ZHONGXING-1E"
Satellite removed: "55686" "ZHONGXING-26"
Satellite removed: "38352" "ZHONGXING-2A"
Satellite removed: "41021" "ZHONGXING-2C"
Satellite removed: "43920" "ZHONGXING-2D"
Satellite removed: "49062" "ZHONGXING-2E"
Satellite removed: "60179" "ZHONGXING-3A"
Satellite removed: "60606" "ZHONGXING-4A"
Satellite removed: "44067" "ZHONGXING-6C"
Satellite removed: "52255" "ZHONGXING-6D"
Satellite removed: "58253" "ZHONGXING-6E"
Satellite removed: "33051" "ZHONGXING-9"
Satellite removed: "44536" "ZHUHAI-1 03B"
Satellite removed: "44538" "ZHUHAI-1 03D"
Satellite removed: "44539" "ZHUHAI-1 03E"
Satellite removed: "43441" "ZHUHAI-1 OHS-02"
Satellite removed: "43440" "ZHUHAI-1 OVS-02"
Satellite removed: "38038" "ZIYUAN 1-02C (ZY 1-02C)"
Satellite removed: "41556" "ZIYUAN 3-02 (ZY 3-02)"
Satellite removed: "45939" "ZIYUAN 3-03 (ZY 3-03)"
Satellite removed: "57177" "ZORKIY-2M 1"
Satellite removed: "44528" "ZY-1 02D"
Satellite removed: "50465" "ZY-1 02E"
[Satellites]  13987 satellites proposed for removal,  13951  removed,  242  remain.
[Satellites] update finished. 116 / 14193 updated, 0 added, 13987 missing or removed. 508 source entries parsed.
Satellite has invalid orbit: "SAR Lupe 5" "33244"
DYNCHECK: Âä®ÊÄÅÂ∏ßÈÄöË∑ØËá™Ê£ÄÔºö7 Âà§ÊçÆÔºå1 Â§±Ë¥•
DYNCHECK: D1-C01 PASS Áîü‰∫ßËÄÖ failed=0ÔºåÂ∞æÁ™ó[13.3sËµ∑]Á®≥ÊÄÅ 40.9 fpsÔºà‰∏ãÈôê 30.0ÔºâÔºõÂÖ®Á®ãÁ¥ØËÆ° 632 Â∏ßÔºàÂê´ warmupÔºâ
DYNCHECK: D1-C02 PASS ÊòæÁ§∫ Â∞æÁ™óÁ®≥ÊÄÅ 40.9 fpsÔºà‰∏ãÈôê 20.0ÔºâÔºõÂÖ®Á®ãÊé®Ëøõ 584 Â∏ß
DYNCHECK: D1-C03 PASS ÈÇÆÁÆ± published=632 dropped=0Ôºà‚â§5%Ôºâ
DYNCHECK: D1-C04 FAIL ÈÇÆÁÆ±Â∏ßÈæÑÊúÄÂ§ß 1125msÔºà<500msÔºõÈôçÈÄüÊÆµÂê´ ~200ms Â±ûÈ¢ÑÊúüÔºâ
DYNCHECK: D1-C05 PASS ‰∏ä‰º† count=537 mean=0.62ms max=1.60msÔºà<100msÔºâ
DYNCHECK: D1-C06 SKIP Vulkan Á∫πÁêÜË∑ØÂæÑ‰∏∫ ¬ß6.2 Â∑≤Áü•Â§ñÈÉ®Áº∫Èô∑ÔºàÈªëÂ±èÔºâÔºåÈÄêÂÉèÁ¥†Âä®ÊÄÅÂà§ÊçÆÂú®Ê≠§ÂêéÁ´Ø‰∏çÂèØÁî®
DYNCHECK: D1-C07 PASS ÈôçÈÄüÁ™óÂÜÖ degraded=trueÔºàÈ°ª trueÔºâ/ ÊÅ¢Â§çÂêé degraded=falseÔºàÈ°ª falseÔºâ
DYNCHECK: VERDICT=FAIL
