t_s,phase,frame_number,interval_ms
0.035,warmup,1,0.000
0.059,warmup,2,24.095
0.077,warmup,3,17.097
0.089,warmup,3,12.536
0.094,warmup,4,5.114
0.113,warmup,5,18.762
0.135,warmup,6,21.975
0.155,warmup,7,19.838
0.174,warmup,8,19.416
0.194,warmup,9,19.637
0.214,warmup,10,19.789
0.234,warmup,11,20.171
0.253,warmup,12,19.087
0.274,warmup,13,20.982
0.294,warmup,14,19.691
0.314,warmup,15,20.063
0.333,warmup,16,19.273
0.353,warmup,17,20.164
0.373,warmup,18,20.154
0.393,warmup,19,19.885
0.413,warmup,20,19.840
0.433,warmup,21,19.982
0.453,warmup,22,19.783
0.474,warmup,23,20.931
0.495,warmup,24,20.881
0.515,warmup,25,20.847
0.537,warmup,26,21.534
0.553,warmup,27,15.634
0.574,warmup,28,21.938
0.594,warmup,29,19.662
0.613,warmup,30,19.143
0.632,warmup,31,18.995
0.652,warmup,32,19.367
0.672,warmup,33,20.186
0.695,warmup,34,23.314
0.715,warmup,35,19.713
0.736,warmup,36,21.210
0.756,warmup,37,20.434
0.773,warmup,38,16.227
0.793,warmup,39,20.501
0.814,warmup,40,20.504
0.833,warmup,41,19.181
0.853,warmup,42,20.335
0.873,warmup,43,19.907
0.893,warmup,44,20.320
0.913,warmup,45,19.426
0.938,warmup,46,25.538
0.955,warmup,47,16.706
0.975,warmup,48,19.854
0.994,warmup,49,19.237
1.014,warmup,50,20.213
1.034,warmup,51,19.965
1.054,warmup,52,19.764
1.075,warmup,53,21.281
1.086,warmup,53,10.904
1.095,warmup,54,9.022
1.114,warmup,55,18.794
1.132,warmup,56,18.334
1.155,warmup,57,22.510
1.174,warmup,58,19.484
1.194,warmup,59,19.074
1.213,warmup,60,19.139
1.233,warmup,61,19.981
1.255,warmup,62,21.951
1.274,warmup,63,19.618
1.293,warmup,64,19.201
1.314,warmup,65,20.157
1.333,warmup,66,18.991
1.352,warmup,67,19.558
1.374,warmup,68,22.302
1.394,warmup,69,19.836
1.414,warmup,70,19.627
1.436,warmup,71,21.661
1.453,warmup,72,17.096
1.472,warmup,73,19.713
1.495,warmup,74,23.061
1.513,warmup,75,17.555
1.535,warmup,76,21.560
1.555,warmup,77,20.838
1.572,warmup,78,16.376
1.595,warmup,79,23.237
1.616,warmup,80,21.416
1.633,warmup,81,16.605
1.653,warmup,82,20.178
1.671,warmup,83,17.620
1.690,warmup,84,18.978
1.710,warmup,85,19.889
1.730,warmup,86,20.088
1.750,warmup,87,20.087
1.770,warmup,88,19.645
1.789,warmup,89,19.145
1.809,warmup,90,19.948
1.832,warmup,91,23.436
1.849,warmup,92,17.103
1.869,warmup,93,19.774
1.890,warmup,94,21.343
2.058,warmup,96,168.126
2.070,warmup,97,11.668
2.086,warmup,97,15.668
2.090,warmup,98,3.880
2.114,warmup,99,24.324
2.130,warmup,100,15.713
2.151,warmup,101,21.056
2.171,warmup,102,19.889
2.191,warmup,103,20.195
2.211,warmup,104,19.924
2.231,warmup,105,20.414
2.250,warmup,106,18.561
2.270,warmup,107,20.148
2.290,warmup,108,19.812
2.310,warmup,109,20.652
2.329,warmup,110,18.953
2.349,warmup,111,20.156
2.370,warmup,112,20.475
2.392,warmup,113,22.148
2.409,warmup,114,17.340
2.430,warmup,115,20.770
2.452,warmup,116,21.739
2.470,warmup,117,18.220
2.490,warmup,118,19.927
2.512,warmup,119,22.410
2.531,warmup,120,18.585
2.550,warmup,121,18.869
2.572,warmup,122,21.874
2.591,warmup,123,19.211
2.610,warmup,124,18.661
2.630,warmup,125,19.863
2.651,warmup,126,21.018
2.674,warmup,127,23.032
2.690,warmup,128,16.907
2.710,warmup,129,19.832
2.731,warmup,130,20.814
2.749,warmup,131,18.338
2.770,warmup,132,20.815
2.790,warmup,133,20.228
2.810,warmup,134,19.712
2.829,warmup,135,18.939
2.850,warmup,136,20.857
2.869,warmup,137,19.025
2.889,warmup,138,20.144
2.909,warmup,139,19.741
2.929,warmup,140,20.390
2.953,warmup,141,23.988
2.969,warmup,142,15.823
2.990,warmup,143,20.990
3.010,warmup,144,20.098
3.029,warmup,145,18.978
3.048,warmup,146,18.773
3.071,warmup,147,23.302
3.089,warmup,148,17.863
3.109,warmup,149,20.104
3.130,warmup,150,20.866
3.150,warmup,151,19.978
3.169,warmup,152,19.292
3.189,warmup,153,19.645
3.209,warmup,154,20.081
3.234,warmup,155,25.395
3.249,warmup,156,14.576
3.268,warmup,157,19.140
3.290,warmup,158,21.900
3.309,warmup,159,18.644
3.331,warmup,160,21.805
3.351,warmup,161,20.945
3.370,warmup,162,18.165
3.389,warmup,163,18.902
3.412,warmup,164,23.032
3.429,warmup,165,17.912
3.451,warmup,166,21.197
3.469,warmup,167,17.844
3.490,warmup,168,21.075
3.514,warmup,169,24.355
3.529,warmup,170,14.734
3.551,warmup,171,22.008
3.571,warmup,172,19.794
3.590,warmup,173,19.270
3.609,warmup,174,19.071
3.630,warmup,175,21.591
3.650,warmup,176,19.131
3.670,warmup,177,19.997
3.690,warmup,178,20.931
3.710,warmup,179,19.106
3.729,warmup,180,19.791
3.749,warmup,181,19.350
3.769,warmup,182,20.696
3.793,warmup,183,23.475
3.809,warmup,184,15.990
3.829,warmup,185,20.450
3.850,warmup,186,21.095
3.869,warmup,187,18.918
3.889,warmup,188,20.096
3.910,warmup,189,20.089
3.929,warmup,190,19.821
3.949,warmup,191,19.719
3.970,warmup,192,20.877
3.990,warmup,193,20.042
4.010,warmup,194,19.981
4.029,warmup,195,19.157
4.050,warmup,196,20.935
4.073,warmup,197,22.798
4.088,warmup,198,15.192
4.110,warmup,199,21.969
4.131,warmup,200,20.667
4.150,warmup,201,19.277
4.171,warmup,202,21.168
4.191,warmup,203,19.511
4.210,warmup,204,19.262
4.230,warmup,205,20.074
4.250,warmup,206,19.995
4.270,warmup,207,20.000
4.290,warmup,208,19.983
4.310,warmup,209,19.698
4.330,warmup,210,19.964
4.353,warmup,211,23.735
4.368,warmup,212,15.122
4.390,warmup,213,21.639
4.411,warmup,214,20.927
4.430,warmup,215,18.818
4.450,warmup,216,20.070
4.471,warmup,217,20.790
4.490,warmup,218,19.169
4.511,warmup,219,20.726
4.531,warmup,220,20.010
4.550,warmup,221,19.025
4.569,warmup,222,19.718
4.587,warmup,223,17.929
4.610,warmup,224,22.367
4.633,warmup,225,22.873
4.648,warmup,226,15.577
4.670,warmup,227,21.379
4.690,warmup,228,20.799
4.710,warmup,229,19.450
4.731,warmup,230,20.796
4.751,warmup,231,20.639
4.770,warmup,232,18.395
4.789,warmup,233,19.159
4.809,warmup,234,20.436
4.828,warmup,235,19.093
4.850,warmup,236,21.419
4.867,warmup,237,17.516
4.890,warmup,238,22.342
4.912,warmup,239,22.927
4.929,warmup,240,16.129
4.949,warmup,241,20.883
4.970,warmup,242,20.943
4.990,warmup,243,19.084
5.009,warmup,244,19.813
5.030,warmup,245,20.911
5.049,warmup,246,19.128
5.069,warmup,247,20.014
5.090,warmup,248,21.103
5.109,warmup,249,18.834
5.129,warmup,250,20.159
5.147,warmup,251,17.909
5.169,warmup,252,22.022
5.193,warmup,253,23.287
5.207,warmup,254,14.597
5.230,warmup,255,22.525
5.251,warmup,256,21.068
5.270,warmup,257,18.732
5.289,warmup,258,18.918
5.310,warmup,259,21.950
5.328,warmup,260,17.771
5.350,warmup,261,21.898
5.371,warmup,262,20.573
5.388,warmup,263,17.052
5.411,warmup,264,22.944
5.430,warmup,265,18.960
5.450,warmup,266,20.148
5.474,warmup,267,23.892
5.490,warmup,268,15.926
5.510,warmup,269,20.262
5.530,warmup,270,20.502
5.550,warmup,271,19.422
5.570,warmup,272,19.674
5.590,warmup,273,20.737
5.610,warmup,274,19.635
5.630,warmup,275,20.596
5.650,warmup,276,19.233
5.670,warmup,277,20.030
5.691,warmup,278,20.995
5.709,warmup,279,18.043
5.730,warmup,280,20.789
5.753,warmup,281,23.258
5.769,warmup,282,15.713
5.789,warmup,283,20.160
5.810,warmup,284,21.578
5.828,warmup,285,17.792
5.851,warmup,286,22.539
5.871,warmup,287,20.125
5.890,warmup,288,19.184
5.910,warmup,289,20.480
5.931,warmup,290,20.224
5.949,warmup,291,18.223
5.968,warmup,292,19.295
5.987,warmup,293,19.107
6.009,warmup,294,21.765
6.032,warmup,295,23.140
6.048,warmup,296,15.665
6.070,warmup,297,22.022
6.090,warmup,298,20.331
6.110,warmup,299,19.525
6.129,warmup,300,19.203
6.150,warmup,301,21.054
6.170,warmup,302,19.993
6.190,warmup,303,19.721
6.210,warmup,304,20.766
6.230,warmup,305,19.187
6.250,warmup,306,20.743
6.269,warmup,307,18.201
6.289,warmup,308,20.921
6.312,warmup,309,22.747
6.328,warmup,310,16.035
6.350,warmup,311,21.831
6.370,warmup,312,20.279
6.390,warmup,313,19.305
6.409,warmup,314,19.351
6.431,warmup,315,21.590
6.451,warmup,316,20.238
6.469,warmup,317,17.978
6.490,warmup,318,20.867
6.511,warmup,319,21.255
6.530,warmup,320,19.137
6.549,warmup,321,18.985
6.570,warmup,322,20.507
6.594,warmup,323,24.172
6.609,warmup,324,15.344
6.630,warmup,325,20.675
6.651,warmup,326,21.097
6.669,warmup,327,18.592
6.689,warmup,328,19.346
6.711,warmup,329,21.773
6.729,warmup,330,18.383
6.750,warmup,331,20.764
6.770,warmup,332,20.757
6.790,warmup,333,19.201
6.810,warmup,334,19.889
6.828,warmup,335,18.650
6.850,warmup,336,21.579
6.873,warmup,337,22.816
6.889,warmup,338,16.273
6.909,warmup,339,19.832
6.931,warmup,340,22.474
6.950,warmup,341,18.997
6.970,warmup,342,19.814
6.992,warmup,343,21.681
7.011,warmup,344,19.263
7.030,warmup,345,19.189
7.050,warmup,346,19.428
7.071,warmup,347,21.004
7.091,warmup,348,20.163
7.108,warmup,349,16.852
7.131,warmup,350,22.936
7.152,warmup,351,21.834
7.169,warmup,352,16.455
7.190,warmup,353,21.075
7.211,warmup,354,20.930
7.230,warmup,355,18.891
7.250,warmup,356,20.229
7.270,warmup,357,20.259
7.290,warmup,358,19.684
7.309,warmup,359,19.551
7.330,warmup,360,21.011
7.351,warmup,361,20.206
7.371,warmup,362,20.007
7.390,warmup,363,19.500
7.409,warmup,364,18.929
7.435,warmup,365,25.760
7.450,warmup,366,14.697
7.471,warmup,367,21.669
7.492,warmup,368,20.415
7.512,warmup,369,20.814
7.529,warmup,370,16.993
7.551,warmup,371,21.841
7.569,warmup,372,17.753
7.590,warmup,373,20.599
7.609,warmup,374,19.750
7.631,warmup,375,21.159
7.651,warmup,376,20.206
7.669,warmup,377,17.849
7.690,warmup,378,21.211
7.714,warmup,379,24.161
7.731,warmup,380,16.601
7.750,warmup,381,19.410
7.770,warmup,382,20.319
7.790,warmup,383,19.195
7.810,warmup,384,20.042
7.831,warmup,385,21.247
7.849,warmup,386,18.220
7.870,warmup,387,20.947
7.889,warmup,388,18.955
7.909,warmup,389,20.003
7.930,warmup,390,20.936
7.949,warmup,391,19.138
7.970,warmup,392,20.718
7.993,warmup,393,23.258
8.010,warmup,394,16.706
8.030,warmup,395,20.407
8.051,warmup,396,20.902
8.070,warmup,397,19.070
8.090,warmup,398,19.676
8.111,warmup,399,21.738
8.131,warmup,400,19.438
8.149,warmup,401,18.156
8.171,warmup,402,21.989
8.189,warmup,403,17.895
8.211,warmup,404,22.260
8.228,warmup,405,16.931
8.250,warmup,406,22.307
8.272,warmup,407,21.777
8.288,warmup,408,15.822
8.309,warmup,409,20.693
8.330,warmup,410,21.754
8.350,warmup,411,19.175
8.370,warmup,412,20.144
8.390,warmup,413,20.054
8.409,warmup,414,19.085
8.429,warmup,415,20.112
8.451,warmup,416,22.056
8.470,warmup,417,19.143
8.490,warmup,418,19.296
8.509,warmup,419,19.145
8.531,warmup,420,22.599
8.553,warmup,421,22.178
8.568,warmup,422,14.970
8.590,warmup,423,21.797
8.611,warmup,424,20.964
8.628,warmup,425,16.903
8.649,warmup,426,21.359
8.670,warmup,427,20.488
8.688,warmup,428,18.359
8.709,warmup,429,20.866
8.730,warmup,430,20.926
8.749,warmup,431,19.241
8.768,warmup,432,18.631
8.787,warmup,433,19.236
8.809,warmup,434,21.925
8.832,warmup,435,23.034
8.850,warmup,436,17.550
8.869,warmup,437,19.282
8.892,warmup,438,22.882
8.909,warmup,439,16.873
8.931,warmup,440,22.317
8.952,warmup,441,21.226
8.969,warmup,442,16.821
8.990,warmup,443,21.212
9.010,warmup,444,19.753
9.030,warmup,445,20.360
9.050,warmup,446,19.532
9.069,warmup,447,18.749
9.090,warmup,448,21.104
9.114,warmup,449,23.986
9.130,warmup,450,15.975
9.150,warmup,451,19.884
9.170,warmup,452,20.317
9.190,warmup,453,19.569
9.209,warmup,454,19.716
9.230,warmup,455,21.034
9.250,warmup,456,19.461
9.270,warmup,457,20.038
9.290,warmup,458,19.927
9.310,warmup,459,19.913
9.328,warmup,460,18.766
9.349,warmup,461,20.899
9.369,warmup,462,20.064
9.392,warmup,463,23.033
9.409,warmup,464,16.107
9.430,warmup,465,21.515
9.451,warmup,466,20.469
9.469,warmup,467,18.306
9.489,warmup,468,20.610
9.510,warmup,469,21.054
9.530,warmup,470,19.306
9.549,warmup,471,18.973
9.570,warmup,472,21.463
9.589,warmup,473,18.297
9.610,warmup,474,21.424
9.629,warmup,475,18.764
9.651,warmup,476,22.314
9.673,warmup,477,22.176
9.690,warmup,478,16.688
9.711,warmup,479,21.088
9.730,warmup,480,19.315
9.749,warmup,481,19.004
9.768,warmup,482,18.639
9.790,warmup,483,22.189
9.809,warmup,484,18.855
9.829,warmup,485,20.097
9.851,warmup,486,21.479
9.870,warmup,487,19.224
9.890,warmup,488,20.650
9.910,warmup,489,19.622
9.931,warmup,490,21.199
9.953,warmup,491,21.877
9.969,warmup,492,15.591
9.990,warmup,493,21.092
10.010,warmup,494,20.542
10.030,warmup,495,19.395
10.048,warmup,496,18.749
10.072,warmup,497,23.826
10.089,warmup,498,16.728
10.108,warmup,499,19.277
10.129,warmup,500,20.955
10.150,warmup,501,20.496
10.170,warmup,502,20.264
10.190,warmup,503,19.865
10.209,warmup,504,19.100
10.233,warmup,505,24.089
10.248,warmup,506,15.000
10.268,warmup,507,20.117
10.290,warmup,508,21.865
10.309,warmup,509,18.494
10.329,warmup,510,20.314
10.351,warmup,511,22.489
10.369,warmup,512,17.731
10.388,warmup,513,19.375
10.411,warmup,514,22.222
10.431,warmup,515,20.371
10.450,warmup,516,19.416
10.469,warmup,517,18.460
10.490,warmup,518,20.639
10.513,warmup,519,23.297
10.530,warmup,520,17.288
10.549,warmup,521,18.598
10.571,warmup,522,22.096
10.588,warmup,523,17.222
10.610,warmup,524,21.808
10.630,warmup,525,19.972
10.649,warmup,526,19.456
10.669,warmup,527,19.858
10.690,warmup,528,21.172
10.709,warmup,529,18.842
10.730,warmup,530,20.946
10.749,warmup,531,18.783
10.770,warmup,532,20.961
10.794,warmup,533,23.864
10.810,warmup,534,16.084
10.830,warmup,535,20.288
10.851,warmup,536,20.585
10.870,warmup,537,18.889
10.890,warmup,538,20.082
10.917,warmup,539,26.891
10.929,warmup,540,12.388
10.949,warmup,541,20.196
10.969,warmup,542,20.206
10.989,warmup,543,19.274
11.010,warmup,544,21.145
11.031,warmup,545,21.098
11.051,warmup,546,20.248
11.073,warmup,547,21.495
11.090,warmup,548,17.026
11.108,warmup,549,18.773
11.131,warmup,550,22.890
11.150,warmup,551,19.126
11.169,warmup,552,19.025
11.190,warmup,553,20.938
11.208,warmup,554,18.089
11.229,warmup,555,20.325
11.250,warmup,556,21.166
11.270,warmup,557,20.079
11.290,warmup,558,20.186
11.309,warmup,559,18.665
11.330,warmup,560,20.950
11.354,warmup,561,24.381
11.370,warmup,562,15.810
11.390,warmup,563,19.766
11.412,warmup,564,21.706
11.430,warmup,565,18.313
11.451,warmup,566,20.918
11.472,warmup,567,21.045
11.490,warmup,568,18.441
11.511,warmup,569,20.999
11.532,warmup,570,20.336
11.551,warmup,571,19.359
11.570,warmup,572,19.296
11.589,warmup,573,18.482
11.609,warmup,574,20.784
11.632,warmup,575,22.762
11.649,warmup,576,16.916
11.670,warmup,577,21.234
11.691,warmup,578,20.350
11.709,warmup,579,18.652
11.731,warmup,580,21.170
11.751,warmup,581,19.970
11.769,warmup,582,18.861
11.791,warmup,583,21.188
11.812,warmup,584,20.928
11.831,warmup,585,19.053
11.849,warmup,586,18.916
11.868,warmup,587,18.971
11.889,warmup,588,20.144
11.913,warmup,589,24.248
11.929,warmup,590,15.733
11.950,warmup,591,21.237
11.971,warmup,592,20.719
11.990,warmup,593,19.019
12.009,warmup,594,19.919
12.030,warmup,595,20.904
12.049,warmup,596,18.922
12.069,warmup,597,20.038
12.090,warmup,598,21.127
12.108,warmup,599,17.904
12.129,warmup,600,21.006
12.149,warmup,601,19.827
12.170,warmup,602,20.385
12.192,warmup,603,22.841
12.209,warmup,604,16.897
12.229,warmup,605,19.592
12.250,warmup,606,21.332
12.270,warmup,607,19.869
12.290,warmup,608,20.077
12.311,warmup,609,20.329
12.329,warmup,610,18.814
12.350,warmup,611,20.975
12.370,warmup,612,20.099
12.389,warmup,613,18.170
12.410,warmup,614,21.540
12.429,warmup,615,19.243
12.449,warmup,616,19.822
12.472,warmup,617,22.814
12.490,warmup,618,17.822
12.510,warmup,619,20.430
12.531,warmup,620,20.909
12.550,warmup,621,18.962
12.570,warmup,622,19.511
12.590,warmup,623,20.257
12.609,warmup,624,18.608
12.628,warmup,625,19.519
12.650,warmup,626,21.673
12.669,warmup,627,19.655
12.689,warmup,628,19.187
12.709,warmup,629,20.827
12.728,warmup,630,18.933
12.752,warmup,631,24.073
12.769,warmup,632,16.937
12.788,warmup,633,19.077
12.810,warmup,634,21.907
12.829,warmup,635,19.136
12.850,warmup,636,20.968
12.871,warmup,637,20.490
12.889,warmup,638,18.473
12.909,warmup,639,19.961
12.929,warmup,640,20.016
12.950,warmup,641,20.990
12.969,warmup,642,18.974
12.988,warmup,643,19.042
13.008,warmup,644,20.018
13.032,warmup,645,23.759
13.048,warmup,646,15.695
13.070,warmup,647,22.282
13.092,warmup,648,21.901
13.110,warmup,649,18.052
13.130,warmup,650,19.894
13.150,warmup,651,20.161
13.170,warmup,652,19.788
13.189,warmup,653,18.892
13.209,warmup,654,20.031
13.229,warmup,655,20.103
13.250,warmup,656,21.172
13.270,warmup,657,19.725
13.290,warmup,658,20.061
13.312,warmup,659,22.544
13.328,warmup,660,15.995
13.351,warmup,661,22.127
13.372,warmup,662,21.298
13.390,warmup,663,17.792
13.410,warmup,664,20.619
13.430,warmup,665,19.812
13.449,warmup,666,19.402
13.468,warmup,667,18.428
13.490,warmup,668,22.221
13.511,warmup,669,20.690
13.530,warmup,670,19.349
13.548,warmup,671,18.102
13.569,warmup,672,20.709
13.593,warmup,673,24.176
13.609,warmup,674,16.138
13.628,warmup,675,18.658
13.650,warmup,676,22.179
13.668,warmup,677,18.159
13.689,warmup,678,20.939
13.710,warmup,679,20.659
13.729,warmup,680,19.413
13.749,warmup,681,19.300
13.770,warmup,682,21.687
13.789,warmup,683,19.058
13.809,warmup,684,20.124
13.828,warmup,685,18.796
13.850,warmup,686,22.175
13.872,warmup,687,22.011
13.889,warmup,688,16.073
13.909,warmup,689,20.771
13.930,warmup,690,21.074
13.950,warmup,691,20.050
13.969,warmup,692,18.921
13.990,warmup,693,20.598
14.009,warmup,694,19.274
14.029,warmup,695,20.149
14.049,warmup,696,19.266
14.070,warmup,697,21.214
14.090,warmup,698,20.464
14.109,warmup,699,18.652
14.130,warmup,700,21.258
14.152,warmup,701,21.843
14.169,warmup,702,17.112
14.190,warmup,703,20.853
14.210,warmup,704,20.359
14.230,warmup,705,19.608
14.250,warmup,706,20.006
14.271,warmup,707,20.668
14.290,warmup,708,19.289
14.309,warmup,709,19.554
14.330,warmup,710,20.103
14.350,warmup,711,20.891
14.370,warmup,712,19.143
14.387,warmup,713,17.859
14.409,warmup,714,21.182
14.434,warmup,715,24.935
14.448,warmup,716,14.464
14.469,warmup,717,21.197
14.491,warmup,718,21.678
14.511,warmup,719,19.920
14.530,warmup,720,18.837
14.551,warmup,721,20.828
14.568,warmup,722,17.894
14.590,warmup,723,21.197
14.610,warmup,724,20.158
14.630,warmup,725,19.766
14.650,warmup,726,20.057
14.668,warmup,727,18.811
14.688,warmup,728,19.684
14.713,warmup,729,24.463
14.728,warmup,730,15.549
14.749,warmup,731,21.328
14.770,warmup,732,20.526
14.788,warmup,733,18.416
14.809,warmup,734,20.860
14.830,warmup,735,20.433
14.849,warmup,736,19.687
14.869,warmup,737,19.741
14.890,warmup,738,21.273
14.909,warmup,739,18.748
14.929,warmup,740,20.066
14.949,warmup,741,20.156
14.968,warmup,742,18.818
14.994,warmup,743,25.459
15.009,warmup,744,15.545
15.030,warmup,745,21.119
15.050,warmup,746,20.027
15.070,warmup,747,19.239
15.090,warmup,748,20.212
15.110,warmup,749,20.592
15.130,warmup,750,19.163
15.149,warmup,751,19.981
15.171,warmup,752,21.052
15.188,warmup,753,17.897
15.209,warmup,754,21.034
15.230,warmup,755,20.280
15.250,warmup,756,20.691
15.274,warmup,757,23.158
15.289,warmup,758,15.832
15.309,warmup,759,19.780
15.330,warmup,760,21.119
15.351,warmup,761,20.328
15.370,warmup,762,19.197
15.390,warmup,763,20.477
15.410,warmup,764,19.426
15.431,warmup,765,20.779
15.451,warmup,766,20.170
15.469,warmup,767,17.829
15.490,warmup,768,20.977
15.510,warmup,769,20.264
15.531,warmup,770,21.247
15.552,warmup,771,21.449
15.570,warmup,772,17.070
15.590,warmup,773,20.369
15.611,warmup,774,20.877
15.630,warmup,775,18.793
15.650,warmup,776,20.257
15.671,warmup,777,21.049
15.690,warmup,778,19.061
15.710,warmup,779,20.113
15.730,warmup,780,19.843
15.751,warmup,781,20.652
15.769,warmup,782,18.350
15.790,warmup,783,21.046
15.810,warmup,784,20.380
15.833,warmup,785,22.333
15.851,warmup,786,18.072
15.870,warmup,787,18.783
15.891,warmup,788,21.449
15.909,warmup,789,18.521
15.930,warmup,790,20.058
15.951,warmup,791,21.190
15.970,warmup,792,18.851
15.990,warmup,793,20.106
16.012,warmup,794,21.888
16.030,warmup,795,18.085
16.049,warmup,796,18.828
16.069,warmup,797,20.818
16.090,warmup,798,20.674
16.114,warmup,799,24.066
16.130,warmup,800,15.704
16.150,warmup,801,20.119
16.171,warmup,802,21.087
16.189,warmup,803,18.068
16.210,warmup,804,20.936
16.231,warmup,805,21.277
16.250,warmup,806,18.566
16.271,warmup,807,21.675
16.291,warmup,808,19.118
16.310,warmup,809,19.685
16.330,warmup,810,20.022
16.349,warmup,811,18.966
16.369,warmup,812,20.063
16.393,warmup,813,23.299
16.409,warmup,814,16.610
16.430,warmup,815,21.120
16.451,warmup,816,20.383
16.469,warmup,817,18.372
16.491,warmup,818,21.612
16.512,warmup,819,21.105
16.531,warmup,820,18.786
16.550,warmup,821,19.023
16.571,warmup,822,20.881
16.590,warmup,823,19.936
16.609,warmup,824,18.312
16.628,warmup,825,19.670
16.651,warmup,826,22.222
16.674,warmup,827,23.195
16.689,warmup,828,14.700
16.709,warmup,829,20.925
16.730,warmup,830,20.951
16.750,warmup,831,19.324
16.769,warmup,832,19.458
16.790,warmup,833,21.216
16.809,warmup,834,19.007
16.829,warmup,835,19.967
16.850,warmup,836,21.070
16.870,warmup,837,19.906
16.890,warmup,838,19.235
16.909,warmup,839,19.609
16.929,warmup,840,20.125
16.953,warmup,841,23.256
16.968,warmup,842,15.738
16.989,warmup,843,21.138
17.010,warmup,844,20.861
17.029,warmup,845,19.088
17.049,warmup,846,19.889
17.070,warmup,847,21.113
17.090,warmup,848,19.183
17.109,warmup,849,19.694
17.130,warmup,850,21.128
17.149,warmup,851,18.824
17.169,warmup,852,20.093
17.188,warmup,853,19.002
17.209,warmup,854,20.908
17.234,warmup,855,24.332
17.249,warmup,856,15.329
17.269,warmup,857,20.502
17.290,warmup,858,20.945
17.310,warmup,859,19.636
17.330,warmup,860,20.001
17.350,warmup,861,20.364
17.370,warmup,862,19.631
17.390,warmup,863,19.938
17.409,warmup,864,18.933
17.430,warmup,865,20.915
17.450,warmup,866,19.966
17.468,warmup,867,18.199
17.490,warmup,868,21.819
17.513,warmup,869,23.323
17.531,warmup,870,17.795
17.549,warmup,871,18.464
17.571,warmup,872,21.439
17.589,warmup,873,18.586
17.610,warmup,874,20.383
17.631,warmup,875,20.760
17.649,warmup,876,18.086
17.670,warmup,877,20.907
17.689,warmup,878,19.097
17.709,warmup,879,20.597
17.730,warmup,880,20.824
17.969,warmup,883,238.778
17.969,warmup,883,0.311
17.989,warmup,884,20.195
18.010,warmup,885,20.814
18.029,warmup,886,19.153
18.049,warmup,887,19.882
18.072,warmup,888,23.098
18.091,warmup,889,18.287
18.109,warmup,890,18.646
18.130,warmup,891,21.026
18.149,warmup,892,18.915
18.169,warmup,893,20.069
18.190,warmup,894,20.787
18.209,warmup,895,19.184
18.229,warmup,896,20.043
18.251,warmup,897,21.368
18.269,warmup,898,17.993
18.289,warmup,899,19.923
18.309,warmup,900,20.623
18.328,warmup,901,19.025
18.353,warmup,902,24.761
18.368,warmup,903,15.223
18.389,warmup,904,20.916
18.410,warmup,905,21.184
18.429,warmup,906,18.759
18.451,warmup,907,21.901
18.471,warmup,908,19.633
18.489,warmup,909,17.971
18.511,warmup,910,22.338
18.531,warmup,911,19.910
18.550,warmup,912,19.717
18.569,warmup,913,18.839
18.589,warmup,914,19.344
18.609,warmup,915,20.671
18.633,warmup,916,23.869
18.648,warmup,917,15.213
18.671,warmup,918,22.113
18.691,warmup,919,20.186
18.709,warmup,920,18.752
18.730,warmup,921,20.344
18.750,warmup,922,20.462
18.770,warmup,923,19.326
18.791,warmup,924,21.151
18.809,warmup,925,17.874
18.830,warmup,926,21.217
18.851,warmup,927,20.750
18.869,warmup,928,18.156
18.891,warmup,929,21.915
18.912,warmup,930,21.608
18.930,warmup,931,17.390
18.950,warmup,932,19.948
18.971,warmup,933,21.343
18.990,warmup,934,18.552
19.010,warmup,935,20.233
19.030,warmup,936,20.353
19.050,warmup,937,19.491
19.069,warmup,938,19.691
19.080,warmup,938,10.771
19.089,warmup,939,9.416
19.108,warmup,940,18.819
19.129,warmup,941,20.930
19.148,warmup,942,19.018
19.169,warmup,943,20.653
19.192,warmup,944,23.193
19.208,warmup,945,16.021
19.229,warmup,946,21.108
19.250,warmup,947,20.935
19.269,warmup,948,18.979
19.289,warmup,949,19.862
19.310,warmup,950,21.093
19.330,warmup,951,20.059
19.349,warmup,952,18.994
19.369,warmup,953,20.008
19.389,warmup,954,20.121
19.408,warmup,955,18.939
19.428,warmup,956,19.758
19.451,warmup,957,23.248
19.473,warmup,958,21.549
19.489,warmup,959,16.274
19.511,warmup,960,22.255
19.531,warmup,961,19.847
19.552,warmup,962,20.711
19.569,warmup,963,17.285
19.590,warmup,964,20.668
19.609,warmup,965,19.672
19.629,warmup,966,19.402
19.650,warmup,967,21.129
19.670,warmup,968,19.869
19.690,warmup,969,20.048
19.710,warmup,970,19.817
19.731,warmup,971,20.934
19.753,warmup,972,21.898
19.769,warmup,973,16.205
19.789,warmup,974,20.142
19.810,warmup,975,21.333
19.830,warmup,976,19.486
19.852,warmup,977,22.237
19.870,warmup,978,18.505
19.890,warmup,979,19.608
19.910,warmup,980,19.737
19.929,warmup,981,19.048
19.949,warmup,982,20.142
19.970,warmup,983,20.765
19.990,warmup,984,20.189
20.010,warmup,985,20.025
20.033,warmup,986,23.042
20.049,warmup,987,15.826
20.070,warmup,988,20.893
20.091,warmup,989,21.061
20.110,warmup,990,18.969
20.130,warmup,991,20.256
20.150,warmup,992,20.335
20.170,warmup,993,19.584
20.190,warmup,994,20.002
20.210,warmup,995,19.882
20.230,warmup,996,20.458
20.249,warmup,997,18.587
20.270,warmup,998,21.036
20.290,warmup,999,19.936
20.312,warmup,1000,22.649
20.329,warmup,1001,16.173
20.351,warmup,1002,21.845
20.370,warmup,1003,19.903
20.390,warmup,1004,19.834
20.409,warmup,1005,18.931
20.430,warmup,1006,20.371
20.451,warmup,1007,21.790
20.470,warmup,1008,18.990
20.490,warmup,1009,19.678
20.509,warmup,1010,18.897
20.529,warmup,1011,20.238
20.550,warmup,1012,20.843
20.569,warmup,1013,19.031
20.589,warmup,1014,19.713
20.609,warmup,1015,20.486
20.629,warmup,1016,19.778
20.650,warmup,1017,21.042
20.669,warmup,1018,18.741
20.688,warmup,1019,19.349
20.710,warmup,1020,21.494
20.728,warmup,1021,18.821
20.750,warmup,1022,21.561
20.769,warmup,1023,19.434
20.790,warmup,1024,20.148
20.810,warmup,1025,20.141
20.829,warmup,1026,18.889
20.851,warmup,1027,22.047
20.872,warmup,1028,21.727
20.888,warmup,1029,15.849
20.909,warmup,1030,20.782
20.930,warmup,1031,21.110
20.949,warmup,1032,18.942
20.969,warmup,1033,20.134
20.990,warmup,1034,20.543
21.009,warmup,1035,19.215
21.029,warmup,1036,20.217
21.048,warmup,1037,19.083
21.070,warmup,1038,21.456
21.090,warmup,1039,20.131
21.110,warmup,1040,20.082
21.130,warmup,1041,19.997
21.153,warmup,1042,22.728
21.169,warmup,1043,16.043
21.190,warmup,1044,21.076
21.210,warmup,1045,20.305
21.230,warmup,1046,19.954
21.250,warmup,1047,19.742
21.271,warmup,1048,20.908
21.289,warmup,1049,18.766
21.310,warmup,1050,20.561
21.329,warmup,1051,18.998
21.351,warmup,1052,21.910
21.370,warmup,1053,19.102
21.389,warmup,1054,18.981
21.410,warmup,1055,21.051
21.432,warmup,1056,22.235
21.451,warmup,1057,18.495
21.470,warmup,1058,19.017
21.491,warmup,1059,21.142
21.511,warmup,1060,19.778
21.531,warmup,1061,20.101
21.551,warmup,1062,20.428
21.570,warmup,1063,19.208
21.589,warmup,1064,18.762
21.610,warmup,1065,20.569
21.629,warmup,1066,19.635
21.649,warmup,1067,19.952
21.669,warmup,1068,20.058
21.690,warmup,1069,20.266
21.713,warmup,1070,23.643
21.729,warmup,1071,15.888
21.750,warmup,1072,20.360
21.771,warmup,1073,20.938
21.789,warmup,1074,18.843
21.810,warmup,1075,20.133
21.830,warmup,1076,20.150
21.849,warmup,1077,19.368
21.869,warmup,1078,20.184
21.890,warmup,1079,20.829
21.909,warmup,1080,19.006
21.929,warmup,1081,20.095
21.948,warmup,1082,19.037
21.969,warmup,1083,21.035
21.993,warmup,1084,24.114
22.009,warmup,1085,15.564
22.030,warmup,1086,20.887
22.051,warmup,1087,20.866
22.070,warmup,1088,19.073
22.090,warmup,1089,19.788
22.110,warmup,1090,20.402
22.130,warmup,1091,19.641
22.149,warmup,1092,19.904
22.169,warmup,1093,19.741
22.189,warmup,1094,19.948
22.209,warmup,1095,19.673
22.228,warmup,1096,19.385
22.249,warmup,1097,20.704
22.273,warmup,1098,23.915
22.289,warmup,1099,15.848
22.311,warmup,1100,21.887
22.330,warmup,1101,19.532
22.349,warmup,1102,19.301
22.369,warmup,1103,19.838
22.390,warmup,1104,20.513
22.409,warmup,1105,19.525
22.429,warmup,1106,19.926
22.451,warmup,1107,22.224
22.468,warmup,1108,16.917
22.490,warmup,1109,21.985
22.509,warmup,1110,18.845
22.532,warmup,1111,23.083
22.555,warmup,1112,22.457
22.570,warmup,1113,15.352
22.591,warmup,1114,20.941
22.610,warmup,1115,19.505
22.628,warmup,1116,17.872
22.649,warmup,1117,20.851
22.670,warmup,1118,21.077
22.689,warmup,1119,18.227
22.709,warmup,1120,20.496
22.730,warmup,1121,21.387
22.750,warmup,1122,19.194
22.770,warmup,1123,20.009
22.789,warmup,1124,18.965
22.810,warmup,1125,21.088
22.833,warmup,1126,23.007
22.848,warmup,1127,15.789
22.870,warmup,1128,21.262
22.891,warmup,1129,21.043
22.910,warmup,1130,18.765
22.930,warmup,1131,20.078
22.951,warmup,1132,21.229
22.970,warmup,1133,18.792
22.989,warmup,1134,19.822
23.012,warmup,1135,22.173
23.030,warmup,1136,18.004
23.050,warmup,1137,20.594
23.070,warmup,1138,20.107
23.090,warmup,1139,19.333
23.113,warmup,1140,23.322
23.130,warmup,1141,16.886
23.151,warmup,1142,21.077
23.171,warmup,1143,20.030
23.190,warmup,1144,18.900
23.211,warmup,1145,21.154
23.232,warmup,1146,20.622
23.251,warmup,1147,19.324
23.271,warmup,1148,19.954
23.290,warmup,1149,18.668
23.310,warmup,1150,20.230
23.331,warmup,1151,20.681
23.350,warmup,1152,19.167
23.371,warmup,1153,20.966
23.394,warmup,1154,23.407
23.411,warmup,1155,16.620
23.430,warmup,1156,19.000
23.451,warmup,1157,21.488
23.470,warmup,1158,18.506
23.491,warmup,1159,20.979
23.512,warmup,1160,21.102
23.531,warmup,1161,19.255
23.551,warmup,1162,19.735
23.572,warmup,1163,21.711
23.591,warmup,1164,18.489
23.611,warmup,1165,20.080
23.629,warmup,1166,18.248
23.650,warmup,1167,20.826
23.673,warmup,1168,23.007
23.689,warmup,1169,15.462
23.711,warmup,1170,22.103
23.732,warmup,1171,20.976
23.750,warmup,1172,18.224
23.771,warmup,1173,21.515
23.791,warmup,1174,19.881
23.809,warmup,1175,18.129
23.830,warmup,1176,20.973
23.850,warmup,1177,19.765
23.870,warmup,1178,20.199
23.889,warmup,1179,19.115
23.909,warmup,1180,19.858
23.930,warmup,1181,20.999
23.954,warmup,1182,23.214
23.969,warmup,1183,15.823
23.990,warmup,1184,20.872
24.012,warmup,1185,21.630
24.029,warmup,1186,17.403
24.050,warmup,1187,21.003
24.071,warmup,1188,21.065
24.136,warmup,1190,65.114
24.150,warmup,1191,13.879
24.170,warmup,1192,20.013
24.189,warmup,1193,18.819
24.210,warmup,1194,21.337
24.234,warmup,1195,23.452
24.250,warmup,1196,16.103
24.271,warmup,1197,21.145
24.291,warmup,1198,19.962
24.311,warmup,1199,19.655
24.330,warmup,1200,18.905
24.353,warmup,1201,23.039
24.370,warmup,1202,17.024
24.391,warmup,1203,21.095
24.411,warmup,1204,19.849
24.431,warmup,1205,20.297
24.452,warmup,1206,21.376
24.469,warmup,1207,16.635
24.491,warmup,1208,21.821
24.515,warmup,1209,24.270
24.531,warmup,1210,16.022
24.551,warmup,1211,20.095
24.573,warmup,1212,21.472
24.590,warmup,1213,17.078
24.609,warmup,1214,19.564
24.631,warmup,1215,21.457
24.650,warmup,1216,19.232
24.671,warmup,1217,21.268
24.691,warmup,1218,19.758
24.709,warmup,1219,18.214
24.730,warmup,1220,20.653
24.749,warmup,1221,19.058
24.771,warmup,1222,21.851
24.795,warmup,1223,23.839
24.810,warmup,1224,15.193
24.831,warmup,1225,20.812
24.852,warmup,1226,21.796
24.871,warmup,1227,18.264
24.891,warmup,1228,20.440
24.912,warmup,1229,20.405
24.930,warmup,1230,18.213
24.951,warmup,1231,21.091
24.971,warmup,1232,19.855
24.991,warmup,1233,20.271
25.011,warmup,1234,19.769
25.030,warmup,1235,19.151
25.051,warmup,1236,20.876
25.074,warmup,1237,23.375
25.077,warmup,1237,2.834
25.090,warmup,1238,12.911
25.111,warmup,1239,20.781
25.132,warmup,1240,20.965
25.151,warmup,1241,19.258
25.170,warmup,1242,18.867
25.191,warmup,1243,21.455
25.210,warmup,1244,19.241
25.231,warmup,1245,20.056
25.252,warmup,1246,21.869
25.271,warmup,1247,18.153
25.290,warmup,1248,19.864
25.308,warmup,1249,17.623
25.331,warmup,1250,23.032
25.354,warmup,1251,22.461
25.370,warmup,1252,16.841
25.391,warmup,1253,20.626
25.411,warmup,1254,20.012
25.431,warmup,1255,19.701
25.450,warmup,1256,19.640
25.471,warmup,1257,20.999
25.489,warmup,1258,17.922
25.511,warmup,1259,21.631
25.531,warmup,1260,20.562
25.549,warmup,1261,17.883
25.570,warmup,1262,20.517
25.590,warmup,1263,19.933
25.610,warmup,1264,19.928
25.633,warmup,1265,23.563
25.649,warmup,1266,15.527
25.671,warmup,1267,21.890
25.693,warmup,1268,21.975
25.711,warmup,1269,17.956
25.731,warmup,1270,20.201
25.753,warmup,1271,21.698
25.770,warmup,1272,17.637
25.791,warmup,1273,20.349
25.811,warmup,1274,20.332
25.831,warmup,1275,20.238
25.850,warmup,1276,18.705
25.870,warmup,1277,20.376
25.891,warmup,1278,20.750
25.914,warmup,1279,23.421
25.931,warmup,1280,16.703
25.951,warmup,1281,19.785
25.972,warmup,1282,21.635
25.990,warmup,1283,17.387
26.011,warmup,1284,21.033
26.032,warmup,1285,21.258
26.051,warmup,1286,18.778
26.070,warmup,1287,19.009
26.085,warmup,1287,14.870
26.091,warmup,1288,5.981
26.109,warmup,1289,18.681
26.130,warmup,1290,20.569
26.148,warmup,1291,18.161
26.171,warmup,1292,22.926
26.194,warmup,1293,23.240
26.209,warmup,1294,15.062
26.230,warmup,1295,20.800
26.251,warmup,1296,20.944
26.269,warmup,1297,18.191
26.290,warmup,1298,20.177
26.311,warmup,1299,21.931
26.331,warmup,1300,19.312
26.350,warmup,1301,19.192
26.370,warmup,1302,20.114
26.391,warmup,1303,20.854
26.411,warmup,1304,19.985
26.430,warmup,1305,18.901
26.450,warmup,1306,20.163
26.473,warmup,1307,23.197
26.491,warmup,1308,17.453
26.511,warmup,1309,19.895
26.533,warmup,1310,22.530
26.551,warmup,1311,17.938
26.572,warmup,1312,20.555
26.592,warmup,1313,20.627
26.610,warmup,1314,17.465
26.631,warmup,1315,21.341
26.651,warmup,1316,19.927
26.671,warmup,1317,20.052
26.690,warmup,1318,19.416
26.709,warmup,1319,18.620
26.730,warmup,1320,21.433
26.753,warmup,1321,22.693
26.769,warmup,1322,16.182
26.790,warmup,1323,21.129
26.811,warmup,1324,20.464
26.831,warmup,1325,20.587
26.852,warmup,1326,20.051
26.872,warmup,1327,20.666
26.891,warmup,1328,18.358
26.911,warmup,1329,20.043
26.932,warmup,1330,20.944
26.951,warmup,1331,19.180
26.969,warmup,1332,18.753
26.990,warmup,1333,20.135
27.010,warmup,1334,20.715
27.034,warmup,1335,23.280
27.048,warmup,1336,14.556
27.070,warmup,1337,22.022
27.091,warmup,1338,20.741
27.110,warmup,1339,19.400
27.130,warmup,1340,19.984
27.151,warmup,1341,20.794
27.170,warmup,1342,19.150
27.190,warmup,1343,20.116
27.212,warmup,1344,21.884
27.230,warmup,1345,18.134
27.250,warmup,1346,20.096
27.268,warmup,1347,17.777
27.290,warmup,1348,21.994
27.316,warmup,1349,25.451
27.331,warmup,1350,15.168
27.352,warmup,1351,20.995
27.373,warmup,1352,21.310
27.391,warmup,1353,17.653
27.411,warmup,1354,20.035
27.432,warmup,1355,20.769
27.451,warmup,1356,19.221
27.471,warmup,1357,19.848
27.491,warmup,1358,19.933
27.512,warmup,1359,21.163
27.531,warmup,1360,18.873
27.551,warmup,1361,20.230
27.570,warmup,1362,19.489
27.594,warmup,1363,23.427
27.610,warmup,1364,15.676
27.631,warmup,1365,21.674
27.651,warmup,1366,19.624
27.670,warmup,1367,19.410
27.690,warmup,1368,20.157
27.711,warmup,1369,20.844
27.730,warmup,1370,18.996
27.750,warmup,1371,19.775
27.770,warmup,1372,20.293
27.790,warmup,1373,19.462
27.810,warmup,1374,19.993
27.829,warmup,1375,18.956
27.851,warmup,1376,21.872
27.875,warmup,1377,24.099
27.890,warmup,1378,15.203
27.911,warmup,1379,21.154
27.932,warmup,1380,20.638
27.952,warmup,1381,19.885
27.971,warmup,1382,19.050
27.991,warmup,1383,20.197
28.010,warmup,1384,19.689
28.030,warmup,1385,19.073
28.052,warmup,1386,21.966
28.070,warmup,1387,18.130
28.091,warmup,1388,20.910
28.110,warmup,1389,19.231
28.131,warmup,1390,20.886
28.154,warmup,1391,23.273
28.170,warmup,1392,15.639
28.191,warmup,1393,20.925
28.211,warmup,1394,20.941
28.229,warmup,1395,17.110
28.251,warmup,1396,22.007
28.271,warmup,1397,20.748
28.291,warmup,1398,19.285
28.311,warmup,1399,20.707
28.331,warmup,1400,19.799
28.349,warmup,1401,18.171
28.370,warmup,1402,21.148
28.389,warmup,1403,18.777
28.410,warmup,1404,21.021
28.434,warmup,1405,23.300
28.450,warmup,1406,16.919
28.470,warmup,1407,19.610
28.491,warmup,1408,20.840
28.510,warmup,1409,19.454
28.531,warmup,1410,20.443
28.552,warmup,1411,21.208
28.570,warmup,1412,18.188
28.591,warmup,1413,20.730
28.611,warmup,1414,20.415
28.631,warmup,1415,19.316
28.651,warmup,1416,20.177
28.670,warmup,1417,18.739
28.690,warmup,1418,20.100
28.714,warmup,1419,24.102
28.730,warmup,1420,15.933
28.750,warmup,1421,20.733
28.772,warmup,1422,21.265
28.791,warmup,1423,19.353
28.811,warmup,1424,19.905
28.832,warmup,1425,20.820
28.851,warmup,1426,19.103
28.869,warmup,1427,18.175
28.890,warmup,1428,20.835
28.911,warmup,1429,21.082
28.931,warmup,1430,20.059
28.950,warmup,1431,18.990
28.971,warmup,1432,21.048
28.995,warmup,1433,24.269
29.010,warmup,1434,14.710
29.031,warmup,1435,20.933
29.052,warmup,1436,21.143
29.070,warmup,1437,17.866
29.091,warmup,1438,21.200
29.112,warmup,1439,20.838
29.131,warmup,1440,18.827
29.150,warmup,1441,19.118
29.171,warmup,1442,20.908
29.190,warmup,1443,19.583
29.211,warmup,1444,20.213
29.230,warmup,1445,18.845
29.250,warmup,1446,20.143
29.274,warmup,1447,24.254
29.289,warmup,1448,15.505
29.310,warmup,1449,20.829
29.331,warmup,1450,20.501
29.350,warmup,1451,19.441
29.370,warmup,1452,19.892
29.391,warmup,1453,21.273
29.409,warmup,1454,17.999
29.430,warmup,1455,20.762
29.451,warmup,1456,20.796
29.470,warmup,1457,19.330
29.490,warmup,1458,20.113
29.510,warmup,1459,20.128
29.532,warmup,1460,21.276
29.554,warmup,1461,22.542
29.569,warmup,1462,14.805
29.589,warmup,1463,20.122
29.612,warmup,1464,22.613
29.630,warmup,1465,17.906
29.651,warmup,1466,21.112
29.672,warmup,1467,21.068
29.692,warmup,1468,20.200
29.711,warmup,1469,18.696
29.732,warmup,1470,21.309
29.751,warmup,1471,18.780
29.770,warmup,1472,18.861
29.789,warmup,1473,19.471
29.810,warmup,1474,21.159
29.834,warmup,1475,23.617
29.849,warmup,1476,15.157
29.870,warmup,1477,20.854
29.892,warmup,1478,21.854
29.911,warmup,1479,19.067
29.931,warmup,1480,19.829
29.952,warmup,1481,20.836
29.971,warmup,1482,19.070
29.990,warmup,1483,19.729
30.012,warmup,1484,21.270
30.031,warmup,1485,18.909
30.050,warmup,1486,18.988
30.070,warmup,1487,20.078
30.091,warmup,1488,20.863
30.113,warmup,1489,22.644
30.130,warmup,1490,16.358
30.151,warmup,1491,21.058
30.171,warmup,1492,20.453
30.191,warmup,1493,19.472
30.211,warmup,1494,20.173
30.232,warmup,1495,21.068
30.251,warmup,1496,19.355
30.271,warmup,1497,19.928
30.291,warmup,1498,19.498
30.309,warmup,1499,18.653
30.330,warmup,1500,20.917
30.349,warmup,1501,19.036
30.370,warmup,1502,20.962
30.394,warmup,1503,23.703
30.409,warmup,1504,15.265
30.430,warmup,1505,21.046
30.452,warmup,1506,21.407
30.471,warmup,1507,19.073
30.491,warmup,1508,20.076
30.512,warmup,1509,21.017
30.531,warmup,1510,18.899
30.550,warmup,1511,19.632
30.571,warmup,1512,20.771
30.590,warmup,1513,19.080
30.611,warmup,1514,20.643
30.630,warmup,1515,18.842
30.650,warmup,1516,20.307
30.675,warmup,1517,24.746
30.691,warmup,1518,16.484
30.711,warmup,1519,19.702
30.732,warmup,1520,21.028
30.751,warmup,1521,18.973
30.771,warmup,1522,20.051
30.792,warmup,1523,20.973
30.811,warmup,1524,18.955
30.831,warmup,1525,19.871
30.851,warmup,1526,20.079
30.871,warmup,1527,20.003
30.891,warmup,1528,19.902
30.913,warmup,1529,22.561
30.931,warmup,1530,17.477
30.954,warmup,1531,23.207
30.970,warmup,1532,15.696
30.990,warmup,1533,20.896
31.012,warmup,1534,21.071
31.030,warmup,1535,18.612
31.052,warmup,1536,21.386
31.071,warmup,1537,19.912
31.090,warmup,1538,18.433
31.111,warmup,1539,20.999
31.132,warmup,1540,20.902
31.151,warmup,1541,19.192
31.171,warmup,1542,19.927
31.190,warmup,1543,18.889
31.211,warmup,1544,21.003
31.234,warmup,1545,23.604
31.251,warmup,1546,16.392
31.271,warmup,1547,20.140
31.291,warmup,1548,20.432
31.311,warmup,1549,19.180
31.330,warmup,1550,19.845
31.352,warmup,1551,21.398
31.369,warmup,1552,17.716
31.389,warmup,1553,19.890
31.410,warmup,1554,21.051
31.430,warmup,1555,19.902
31.451,warmup,1556,20.315
31.468,warmup,1557,17.723
31.490,warmup,1558,21.901
31.514,warmup,1559,23.732
31.530,warmup,1560,15.933
31.550,warmup,1561,20.490
31.571,warmup,1562,20.504
31.589,warmup,1563,18.159
31.610,warmup,1564,21.322
31.632,warmup,1565,21.290
31.649,warmup,1566,17.404
31.670,warmup,1567,20.865
31.691,warmup,1568,21.119
31.711,warmup,1569,19.610
31.731,warmup,1570,20.323
31.750,warmup,1571,18.804
31.771,warmup,1572,20.961
31.794,warmup,1573,23.559
31.808,warmup,1574,13.616
31.829,warmup,1575,21.287
31.851,warmup,1576,22.155
31.870,warmup,1577,19.023
31.888,warmup,1578,17.865
31.911,warmup,1579,22.739
31.930,warmup,1580,19.367
31.950,warmup,1581,19.797
31.971,warmup,1582,21.234
31.989,warmup,1583,17.831
32.010,warmup,1584,21.230
32.029,warmup,1585,18.841
32.050,warmup,1586,20.734
32.076,warmup,1587,25.675
32.091,warmup,1588,15.171
32.111,warmup,1589,20.066
32.132,warmup,1590,20.707
32.151,warmup,1591,19.087
32.171,warmup,1592,20.193
32.192,warmup,1593,21.449
32.210,warmup,1594,17.414
32.230,warmup,1595,19.921
32.250,warmup,1596,20.102
32.271,warmup,1597,21.049
32.291,warmup,1598,19.987
32.309,warmup,1599,18.515
32.329,warmup,1600,19.945
32.353,warmup,1601,23.540
32.369,warmup,1602,16.441
32.389,warmup,1603,19.297
32.411,warmup,1604,22.712
32.431,warmup,1605,19.234
32.449,warmup,1606,18.119
32.472,warmup,1607,22.927
32.490,warmup,1608,18.624
32.509,warmup,1609,19.205
32.531,warmup,1610,21.919
32.550,warmup,1611,18.784
32.571,warmup,1612,20.625
32.591,warmup,1613,20.200
32.610,warmup,1614,19.161
32.634,warmup,1615,23.488
32.650,warmup,1616,16.634
32.670,warmup,1617,20.025
32.692,warmup,1618,21.566
32.710,warmup,1619,18.342
32.730,warmup,1620,20.210
32.751,warmup,1621,20.752
32.771,warmup,1622,19.898
32.790,warmup,1623,18.981
32.811,warmup,1624,20.592
32.831,warmup,1625,20.061
32.850,warmup,1626,19.807
32.870,warmup,1627,19.233
32.890,warmup,1628,20.760
32.914,warmup,1629,23.732
32.930,warmup,1630,15.426
32.951,warmup,1631,20.950
32.971,warmup,1632,20.814
32.991,warmup,1633,19.099
33.011,warmup,1634,20.364
33.032,warmup,1635,21.222
33.051,warmup,1636,18.410
33.071,warmup,1637,20.280
33.091,warmup,1638,20.713
33.111,warmup,1639,19.127
33.131,warmup,1640,19.935
33.150,warmup,1641,19.105
33.171,warmup,1642,20.964
33.194,warmup,1643,23.320
33.210,warmup,1644,15.664
33.231,warmup,1645,20.897
33.252,warmup,1646,21.075
33.272,warmup,1647,19.983
33.291,warmup,1648,18.979
33.311,warmup,1649,20.754
33.329,warmup,1650,17.636
33.351,warmup,1651,22.401
33.371,warmup,1652,20.005
33.389,warmup,1653,17.904
33.410,warmup,1654,20.945
33.429,warmup,1655,18.966
33.448,warmup,1656,19.071
33.474,warmup,1657,25.551
33.490,warmup,1658,16.265
33.510,warmup,1659,20.378
33.533,warmup,1660,22.477
33.551,warmup,1661,18.362
33.571,warmup,1662,19.557
33.592,warmup,1663,20.978
33.610,warmup,1664,18.531
33.631,warmup,1665,20.561
33.652,warmup,1666,21.116
33.670,warmup,1667,17.522
33.689,warmup,1668,19.950
33.709,warmup,1669,19.663
33.731,warmup,1670,21.395
33.753,warmup,1671,22.622
33.768,warmup,1672,15.322
33.790,warmup,1673,21.827
33.811,warmup,1674,21.195
33.830,warmup,1675,18.425
33.852,warmup,1676,22.043
33.872,warmup,1677,19.625
33.890,warmup,1678,18.166
33.911,warmup,1679,21.126
33.931,warmup,1680,19.938
33.950,warmup,1681,19.117
33.969,warmup,1682,18.976
33.990,warmup,1683,21.003
34.010,warmup,1684,20.575
34.033,warmup,1685,22.671
34.050,warmup,1686,16.492
34.070,warmup,1687,20.747
34.091,warmup,1688,20.648
34.110,warmup,1689,18.643
34.130,warmup,1690,20.711
34.151,warmup,1691,20.950
34.169,warmup,1692,18.035
34.189,warmup,1693,19.987
34.211,warmup,1694,22.029
34.230,warmup,1695,18.997
34.250,warmup,1696,20.019
34.269,warmup,1697,18.948
34.290,warmup,1698,21.018
34.314,warmup,1699,23.578
34.330,warmup,1700,16.026
34.352,warmup,1701,22.130
34.371,warmup,1702,19.285
34.390,warmup,1703,18.425
34.409,warmup,1704,19.504
34.431,warmup,1705,21.936
34.450,warmup,1706,18.341
34.469,warmup,1707,19.853
34.491,warmup,1708,21.982
34.511,warmup,1709,19.657
34.531,warmup,1710,19.706
34.551,warmup,1711,19.703
34.569,warmup,1712,18.742
34.594,warmup,1713,24.869
34.610,warmup,1714,15.602
34.630,warmup,1715,20.427
34.651,warmup,1716,21.319
34.670,warmup,1717,18.523
34.692,warmup,1718,22.255
34.712,warmup,1719,19.566
34.732,warmup,1720,19.758
34.750,warmup,1721,18.519
34.771,warmup,1722,20.858
34.791,warmup,1723,20.178
34.810,warmup,1724,19.099
34.829,warmup,1725,18.592
34.851,warmup,1726,22.314
34.874,warmup,1727,22.695
34.889,warmup,1728,15.423
34.910,warmup,1729,20.997
34.931,warmup,1730,20.833
34.949,warmup,1731,18.209
34.969,warmup,1732,20.083
34.991,warmup,1733,21.145
35.008,warmup,1734,17.738
35.029,warmup,1735,20.971
35.050,warmup,1736,20.985
35.069,warmup,1737,19.075
35.089,warmup,1738,19.901
35.109,warmup,1739,20.105
35.130,warmup,1740,21.203
35.155,warmup,1741,24.488
35.171,warmup,1742,15.746
35.191,warmup,1743,19.795
35.211,warmup,1744,20.497
35.230,warmup,1745,18.507
35.251,warmup,1746,21.071
35.271,warmup,1747,20.707
35.291,warmup,1748,19.219
35.310,warmup,1749,18.983
35.331,warmup,1750,21.636
35.350,warmup,1751,19.095
35.370,warmup,1752,19.346
35.390,warmup,1753,20.764
35.410,warmup,1754,20.133
35.433,warmup,1755,22.887
35.449,warmup,1756,15.953
35.470,warmup,1757,20.878
35.492,warmup,1758,21.376
35.509,warmup,1759,17.892
35.531,warmup,1760,21.452
35.552,warmup,1761,20.671
35.570,warmup,1762,18.167
35.590,warmup,1763,20.626
35.610,warmup,1764,20.010
35.631,warmup,1765,20.551
35.651,warmup,1766,20.286
35.671,warmup,1767,19.683
35.690,warmup,1768,19.122
35.714,warmup,1769,24.280
35.730,warmup,1770,15.673
35.750,warmup,1771,20.000
35.771,warmup,1772,20.994
35.790,warmup,1773,18.625
35.809,warmup,1774,19.791
35.832,warmup,1775,22.410
35.850,warmup,1776,18.338
35.869,warmup,1777,18.379
35.892,warmup,1778,23.291
35.910,warmup,1779,18.079
35.929,warmup,1780,18.984
35.951,warmup,1781,22.069
35.969,warmup,1782,18.077
35.994,warmup,1783,25.236
36.012,warmup,1784,17.714
36.030,warmup,1785,18.310
36.051,warmup,1786,20.581
36.070,warmup,1787,18.734
36.091,warmup,1788,21.714
36.111,warmup,1789,19.439
36.131,warmup,1790,19.752
36.150,warmup,1791,19.000
36.171,warmup,1792,21.207
36.188,warmup,1793,17.735
36.211,warmup,1794,22.134
36.230,warmup,1795,19.012
36.250,warmup,1796,20.023
36.273,warmup,1797,23.337
36.290,warmup,1798,16.553
36.310,warmup,1799,20.337
36.331,warmup,1800,21.151
36.350,warmup,1801,18.747
36.369,warmup,1802,19.537
36.390,warmup,1803,21.197
36.409,warmup,1804,18.859
36.429,warmup,1805,19.957
36.451,warmup,1806,21.450
36.470,warmup,1807,19.559
36.490,warmup,1808,19.942
36.509,warmup,1809,19.158
36.530,warmup,1810,20.488
36.555,warmup,1811,24.930
36.571,warmup,1812,15.902
36.591,warmup,1813,20.676
36.612,warmup,1814,20.801
36.629,warmup,1815,16.575
36.652,warmup,1816,23.183
36.671,warmup,1817,19.465
36.690,warmup,1818,18.341
36.710,warmup,1819,20.640
36.731,warmup,1820,21.056
36.749,warmup,1821,17.403
36.771,warmup,1822,21.891
36.790,warmup,1823,18.905
36.811,warmup,1824,20.980
36.833,warmup,1825,22.215
36.849,warmup,1826,16.331
36.871,warmup,1827,21.315
36.891,warmup,1828,20.613
36.910,warmup,1829,19.127
36.930,warmup,1830,20.086
36.951,warmup,1831,20.678
36.970,warmup,1832,19.416
36.990,warmup,1833,19.764
37.012,warmup,1834,21.619
37.029,warmup,1835,17.461
37.049,warmup,1836,19.904
37.070,warmup,1837,20.363
37.091,warmup,1838,21.341
37.114,warmup,1839,23.156
37.130,warmup,1840,16.409
37.150,warmup,1841,19.210
37.172,warmup,1842,22.257
37.190,warmup,1843,18.158
37.210,warmup,1844,19.967
37.231,warmup,1845,20.769
37.250,warmup,1846,19.534
37.270,warmup,1847,19.664
37.292,warmup,1848,21.698
37.310,warmup,1849,18.687
37.331,warmup,1850,20.201
37.349,warmup,1851,18.890
37.370,warmup,1852,20.037
37.393,warmup,1853,23.553
37.411,warmup,1854,17.550
37.430,warmup,1855,19.070
37.452,warmup,1856,22.337
37.470,warmup,1857,17.564
37.490,warmup,1858,19.926
37.513,warmup,1859,23.607
37.531,warmup,1860,18.160
37.552,warmup,1861,20.510
37.571,warmup,1862,19.412
37.591,warmup,1863,19.857
37.610,warmup,1864,19.175
37.631,warmup,1865,20.302
37.651,warmup,1866,19.983
37.674,warmup,1867,23.870
37.690,warmup,1868,15.818
37.710,warmup,1869,19.759
37.732,warmup,1870,22.528
37.750,warmup,1871,17.331
37.771,warmup,1872,20.973
37.792,warmup,1873,21.656
37.810,warmup,1874,17.363
37.831,warmup,1875,21.006
37.852,warmup,1876,21.278
37.871,warmup,1877,18.820
37.891,warmup,1878,20.003
37.911,warmup,1879,20.180
37.931,warmup,1880,19.741
37.953,warmup,1881,22.609
37.970,warmup,1882,16.377
37.991,warmup,1883,21.125
38.012,warmup,1884,20.709
38.029,warmup,1885,17.802
38.051,warmup,1886,21.307
38.071,warmup,1887,20.409
38.091,warmup,1888,19.673
38.111,warmup,1889,19.960
38.131,warmup,1890,19.995
38.151,warmup,1891,20.326
38.169,warmup,1892,17.973
38.190,warmup,1893,20.657
38.210,warmup,1894,19.896
38.235,warmup,1895,24.928
38.250,warmup,1896,15.398
38.270,warmup,1897,19.786
38.291,warmup,1898,21.535
38.309,warmup,1899,18.098
38.330,warmup,1900,20.956
38.351,warmup,1901,21.015
38.370,warmup,1902,19.050
38.389,warmup,1903,18.226
38.412,warmup,1904,22.875
38.431,warmup,1905,19.076
38.451,warmup,1906,20.034
38.471,warmup,1907,20.541
38.490,warmup,1908,18.758
38.514,warmup,1909,24.101
38.529,warmup,1910,15.307
38.551,warmup,1911,21.433
38.571,warmup,1912,20.510
38.591,warmup,1913,19.306
38.612,warmup,1914,21.198
38.632,warmup,1915,20.640
38.650,warmup,1916,17.295
38.671,warmup,1917,21.138
38.692,warmup,1918,20.961
38.709,warmup,1919,17.196
38.730,warmup,1920,21.131
38.750,warmup,1921,20.221
38.771,warmup,1922,20.152
38.794,warmup,1923,23.596
38.810,warmup,1924,15.423
38.830,warmup,1925,20.877
38.852,warmup,1926,21.231
38.870,warmup,1927,18.658
38.890,warmup,1928,19.701
38.911,warmup,1929,21.127
38.931,warmup,1930,19.860
38.950,warmup,1931,19.085
38.970,warmup,1932,20.022
38.989,warmup,1933,18.927
39.011,warmup,1934,21.792
39.030,warmup,1935,18.804
39.049,warmup,1936,19.578
39.074,warmup,1937,24.818
39.089,warmup,1938,14.569
39.109,warmup,1939,20.825
39.131,warmup,1940,21.579
39.149,warmup,1941,18.326
39.170,warmup,1942,20.998
39.191,warmup,1943,20.343
39.209,warmup,1944,18.641
39.229,warmup,1945,19.990
39.250,warmup,1946,21.104
39.269,warmup,1947,18.819
39.289,warmup,1948,20.037
39.310,warmup,1949,20.653
39.330,warmup,1950,19.945
39.354,warmup,1951,24.639
39.369,warmup,1952,14.923
39.391,warmup,1953,21.258
39.411,warmup,1954,20.419
39.430,warmup,1955,18.590
39.449,warmup,1956,19.767
39.471,warmup,1957,21.955
39.491,warmup,1958,19.605
39.511,warmup,1959,20.167
39.532,warmup,1960,20.477
39.549,warmup,1961,17.408
39.570,warmup,1962,21.421
39.591,warmup,1963,20.257
39.610,warmup,1964,19.307
39.634,warmup,1965,23.880
39.651,warmup,1966,17.121
39.670,warmup,1967,18.756
39.692,warmup,1968,21.983
39.712,warmup,1969,19.789
39.730,warmup,1970,18.434
39.752,warmup,1971,21.852
39.770,warmup,1972,17.818
39.791,warmup,1973,20.972
39.812,warmup,1974,20.952
39.830,warmup,1975,18.241
39.851,warmup,1976,20.707
39.869,warmup,1977,18.851
39.889,warmup,1978,19.521
39.914,warmup,1979,25.363
39.931,warmup,1980,16.689
39.949,warmup,1981,18.383
39.972,warmup,1982,22.378
39.989,warmup,1983,17.723
40.010,warmup,1984,21.039
40.031,warmup,1985,20.236
40.049,warmup,1986,18.753
40.071,warmup,1987,21.115
40.091,warmup,1988,20.829
40.110,warmup,1989,18.241
40.131,warmup,1990,20.966
40.149,warmup,1991,17.972
40.171,warmup,1992,22.065
40.194,warmup,1993,23.198
40.210,warmup,1994,15.853
40.231,warmup,1995,21.020
40.253,warmup,1996,22.581
40.269,warmup,1997,15.276
40.290,warmup,1998,21.245
40.312,warmup,1999,21.878
40.330,warmup,2000,18.693
40.350,warmup,2001,20.050
40.371,warmup,2002,20.623
40.390,warmup,2003,18.747
40.410,warmup,2004,20.526
40.429,warmup,2005,19.102
40.451,warmup,2006,21.105
40.474,warmup,2007,23.470
40.490,warmup,2008,16.407
40.511,warmup,2009,20.595
40.532,warmup,2010,20.970
40.551,warmup,2011,18.654
40.570,warmup,2012,19.064
40.592,warmup,2013,21.959
40.611,warmup,2014,19.357
40.631,warmup,2015,19.749
40.650,warmup,2016,19.163
40.671,warmup,2017,20.842
40.691,warmup,2018,20.293
40.710,warmup,2019,18.630
40.731,warmup,2020,21.294
40.753,warmup,2021,21.842
40.768,warmup,2022,15.453
40.790,warmup,2023,22.149
40.811,warmup,2024,20.507
40.830,warmup,2025,19.110
40.851,warmup,2026,21.405
40.872,warmup,2027,20.036
40.889,warmup,2028,17.823
40.910,warmup,2029,20.790
40.930,warmup,2030,20.111
40.950,warmup,2031,19.919
40.970,warmup,2032,20.036
40.989,warmup,2033,18.973
41.010,warmup,2034,20.980
41.034,warmup,2035,23.760
41.048,warmup,2036,14.226
41.070,warmup,2037,22.091
41.091,warmup,2038,21.064
41.110,warmup,2039,18.264
41.130,warmup,2040,20.621
41.151,warmup,2041,20.614
41.170,warmup,2042,19.454
41.190,warmup,2043,19.930
41.211,warmup,2044,20.963
41.229,warmup,2045,18.279
41.250,warmup,2046,20.739
41.269,warmup,2047,18.962
41.290,warmup,2048,20.980
41.315,warmup,2049,24.805
41.331,warmup,2050,15.839
41.351,warmup,2051,19.980
41.372,warmup,2052,20.972
41.395,warmup,2053,23.441
41.411,warmup,2054,15.650
41.432,warmup,2055,21.005
41.450,warmup,2056,18.018
41.469,warmup,2057,19.434
41.492,warmup,2058,23.124
41.510,warmup,2059,18.080
41.531,warmup,2060,20.066
41.549,warmup,2061,18.095
41.570,warmup,2062,21.459
41.593,warmup,2063,23.059
41.610,warmup,2064,17.221
41.630,warmup,2065,19.833
41.651,warmup,2066,21.288
41.670,warmup,2067,18.138
41.689,warmup,2068,19.885
41.711,warmup,2069,21.726
41.731,warmup,2070,19.547
41.751,warmup,2071,20.078
41.771,warmup,2072,19.843
41.790,warmup,2073,19.204
41.810,warmup,2074,19.856
41.830,warmup,2075,20.152
41.851,warmup,2076,20.814
41.875,warmup,2077,23.991
41.890,warmup,2078,15.347
41.912,warmup,2079,21.614
41.932,warmup,2080,20.222
41.949,warmup,2081,17.226
41.970,warmup,2082,21.119
41.992,warmup,2083,21.958
42.009,warmup,2084,16.835
42.030,warmup,2085,21.297
42.051,warmup,2086,20.714
42.070,warmup,2087,19.218
42.090,warmup,2088,19.894
42.109,warmup,2089,18.395
42.130,warmup,2090,21.684
42.154,warmup,2091,24.108
42.170,warmup,2092,15.826
42.191,warmup,2093,20.557
42.212,warmup,2094,20.990
42.229,warmup,2095,17.340
42.251,warmup,2096,21.731
42.271,warmup,2097,20.690
42.290,warmup,2098,18.222
42.310,warmup,2099,20.795
42.331,warmup,2100,20.869
42.350,warmup,2101,18.912
42.370,warmup,2102,20.127
42.390,warmup,2103,20.062
42.411,warmup,2104,20.561
42.435,warmup,2105,24.038
42.450,warmup,2106,14.609
42.471,warmup,2107,20.989
42.492,warmup,2108,21.674
42.511,warmup,2109,18.484
42.531,warmup,2110,20.141
42.553,warmup,2111,22.054
42.570,warmup,2112,17.398
42.591,warmup,2113,20.322
42.612,warmup,2114,21.524
42.630,warmup,2115,18.126
42.650,warmup,2116,19.860
42.670,warmup,2117,19.485
42.691,warmup,2118,21.298
42.714,warmup,2119,22.913
42.730,warmup,2120,16.377
42.750,warmup,2121,19.943
42.773,warmup,2122,22.795
42.791,warmup,2123,17.970
42.811,warmup,2124,20.097
42.833,warmup,2125,22.196
42.851,warmup,2126,17.591
42.871,warmup,2127,20.554
42.891,warmup,2128,19.623
42.911,warmup,2129,19.792
42.931,warmup,2130,20.096
42.951,warmup,2131,19.958
42.970,warmup,2132,19.331
42.995,warmup,2133,24.334
43.011,warmup,2134,16.453
43.031,warmup,2135,19.936
43.052,warmup,2136,20.745
43.070,warmup,2137,18.315
43.091,warmup,2138,20.877
43.112,warmup,2139,20.894
43.131,warmup,2140,19.116
43.151,warmup,2141,20.074
43.171,warmup,2142,20.150
43.191,warmup,2143,19.764
43.211,warmup,2144,20.088
43.229,warmup,2145,18.123
43.251,warmup,2146,21.842
43.275,warmup,2147,23.847
43.290,warmup,2148,15.048
43.311,warmup,2149,20.950
43.331,warmup,2150,20.576
43.351,warmup,2151,19.243
43.371,warmup,2152,20.085
43.391,warmup,2153,20.704
43.410,warmup,2154,18.309
43.431,warmup,2155,20.800
43.452,warmup,2156,21.330
43.470,warmup,2157,17.981
43.497,warmup,2158,27.392
43.511,warmup,2159,13.809
43.531,warmup,2160,19.893
43.555,warmup,2161,23.560
43.569,warmup,2162,14.155
43.591,warmup,2163,22.054
43.613,warmup,2164,22.031
43.631,warmup,2165,18.094
43.651,warmup,2166,19.784
43.672,warmup,2167,21.266
43.690,warmup,2168,18.445
43.709,warmup,2169,19.144
43.733,warmup,2170,23.226
43.751,warmup,2171,17.895
43.771,warmup,2172,19.935
43.790,warmup,2173,19.180
43.811,warmup,2174,20.803
43.834,warmup,2175,23.551
43.851,warmup,2176,16.488
43.870,warmup,2177,19.142
43.892,warmup,2178,22.635
43.910,warmup,2179,17.980
43.931,warmup,2180,20.202
43.952,warmup,2181,21.465
43.970,warmup,2182,18.433
43.991,warmup,2183,20.121
44.013,warmup,2184,22.901
44.030,warmup,2185,17.041
44.050,warmup,2186,19.800
44.068,warmup,2187,18.199
44.090,warmup,2188,21.928
44.115,warmup,2189,24.367
44.129,warmup,2190,14.659
44.150,warmup,2191,21.004
44.172,warmup,2192,22.066
44.191,warmup,2193,18.018
44.211,warmup,2194,20.024
44.233,warmup,2195,22.205
44.250,warmup,2196,17.729
44.271,warmup,2197,20.105
44.293,warmup,2198,21.936
44.310,warmup,2199,17.616
44.330,warmup,2200,19.879
44.349,warmup,2201,19.033
44.370,warmup,2202,21.290
44.394,warmup,2203,23.340
44.408,warmup,2204,14.821
44.430,warmup,2205,21.714
44.452,warmup,2206,21.973
44.471,warmup,2207,18.763
44.491,warmup,2208,19.722
44.513,warmup,2209,22.649
44.530,warmup,2210,17.066
44.551,warmup,2211,20.996
44.573,warmup,2212,21.683
44.588,warmup,2213,14.916
44.609,warmup,2214,21.501
44.629,warmup,2215,19.552
44.650,warmup,2216,21.195
44.675,warmup,2217,24.288
44.689,warmup,2218,14.086
44.710,warmup,2219,21.735
44.732,warmup,2220,21.968
44.750,warmup,2221,18.003
44.769,warmup,2222,18.874
44.794,warmup,2223,24.362
44.810,warmup,2224,16.541
44.830,warmup,2225,20.130
44.852,warmup,2226,21.794
44.871,warmup,2227,19.267
44.891,warmup,2228,19.835
44.909,warmup,2229,17.593
44.931,warmup,2230,22.021
44.955,warmup,2231,24.722
44.970,warmup,2232,14.344
44.991,warmup,2233,20.857
45.013,warmup,2234,21.949
45.031,warmup,2235,18.111
45.051,warmup,2236,19.950
45.073,warmup,2237,22.690
45.091,warmup,2238,17.327
45.111,warmup,2239,20.073
45.132,warmup,2240,20.955
45.150,warmup,2241,17.921
45.171,warmup,2242,21.134
45.190,warmup,2243,18.975
45.211,warmup,2244,20.994
45.235,warmup,2245,24.398
45.250,warmup,2246,14.597
45.270,warmup,2247,20.062
45.292,warmup,2248,22.695
45.309,warmup,2249,16.875
45.329,warmup,2250,19.327
45.353,warmup,2251,24.237
45.370,warmup,2252,16.848
45.391,warmup,2253,21.163
45.412,warmup,2254,20.836
45.431,warmup,2255,19.129
45.451,warmup,2256,19.841
45.469,warmup,2257,18.524
45.491,warmup,2258,21.824
45.516,warmup,2259,25.357
45.531,warmup,2260,15.036
45.551,warmup,2261,19.651
45.572,warmup,2262,21.315
45.589,warmup,2263,16.983
45.610,warmup,2264,20.764
45.632,warmup,2265,21.843
45.651,warmup,2266,18.820
45.669,warmup,2267,18.541
45.690,warmup,2268,20.540
45.710,warmup,2269,19.897
45.730,warmup,2270,20.340
45.750,warmup,2271,20.007
45.771,warmup,2272,20.914
45.796,warmup,2273,25.110
45.810,warmup,2274,13.752
45.830,warmup,2275,20.194
45.853,warmup,2276,22.440
45.870,warmup,2277,17.571
45.889,warmup,2278,18.970
45.912,warmup,2279,23.210
45.929,warmup,2280,17.104
45.949,warmup,2281,19.681
45.971,warmup,2282,22.244
45.988,warmup,2283,16.789
46.009,warmup,2284,21.107
46.029,warmup,2285,19.396
46.048,warmup,2286,19.765
46.074,warmup,2287,25.257
46.087,warmup,2288,13.804
46.110,warmup,2289,22.075
46.131,warmup,2290,21.708
46.150,warmup,2291,19.141
46.170,warmup,2292,19.370
46.191,warmup,2293,21.012
46.210,warmup,2294,18.746
46.229,warmup,2295,19.962
46.250,warmup,2296,21.005
46.269,warmup,2297,18.986
46.289,warmup,2298,19.890
46.308,warmup,2299,18.773
46.328,warmup,2300,19.824
46.354,warmup,2301,25.669
46.369,warmup,2302,15.434
46.388,warmup,2303,19.095
46.411,warmup,2304,22.823
46.429,warmup,2305,18.353
46.450,warmup,2306,20.168
46.471,warmup,2307,21.771
46.491,warmup,2308,19.308
46.511,warmup,2309,20.213
46.532,warmup,2310,20.985
46.550,warmup,2311,18.508
46.571,warmup,2312,20.646
46.590,warmup,2313,19.141
46.610,warmup,2314,19.537
46.635,warmup,2315,25.473
46.650,warmup,2316,15.076
46.670,warmup,2317,19.883
46.692,warmup,2318,21.955
46.710,warmup,2319,17.660
46.731,warmup,2320,21.333
46.751,warmup,2321,19.883
46.769,warmup,2322,18.604
46.790,warmup,2323,20.992
46.811,warmup,2324,20.907
46.830,warmup,2325,18.225
46.850,warmup,2326,20.695
46.868,warmup,2327,18.158
46.889,warmup,2328,20.123
46.914,warmup,2329,25.653
46.929,warmup,2330,14.512
46.950,warmup,2331,20.836
46.972,warmup,2332,21.986
46.990,warmup,2333,18.120
47.010,warmup,2334,19.936
47.031,warmup,2335,21.594
47.050,warmup,2336,18.412
47.070,warmup,2337,20.092
47.092,warmup,2338,21.921
47.110,warmup,2339,18.029
47.130,warmup,2340,20.021
47.149,warmup,2341,18.947
47.170,warmup,2342,21.068
47.193,warmup,2343,23.714
47.210,warmup,2344,16.279
47.231,warmup,2345,21.164
47.251,warmup,2346,20.132
47.270,warmup,2347,18.743
47.290,warmup,2348,19.923
47.311,warmup,2349,21.089
47.329,warmup,2350,17.772
47.350,warmup,2351,21.090
47.371,warmup,2352,21.152
47.390,warmup,2353,18.802
47.410,warmup,2354,20.086
47.429,warmup,2355,18.942
47.450,warmup,2356,21.184
47.474,warmup,2357,24.057
47.488,warmup,2358,14.508
47.511,warmup,2359,23.021
47.533,warmup,2360,21.264
47.551,warmup,2361,18.576
47.570,warmup,2362,18.700
47.592,warmup,2363,22.010
47.610,warmup,2364,18.560
47.629,warmup,2365,18.664
47.651,warmup,2366,22.322
47.669,warmup,2367,17.936
47.689,warmup,2368,19.150
47.710,warmup,2369,20.944
47.729,warmup,2370,19.866
47.754,warmup,2371,24.277
47.771,warmup,2372,17.148
47.790,warmup,2373,18.975
47.811,warmup,2374,21.641
47.830,warmup,2375,18.449
47.851,warmup,2376,20.841
47.871,warmup,2377,20.585
47.889,warmup,2378,17.554
47.911,warmup,2379,21.899
47.931,warmup,2380,20.035
47.950,warmup,2381,19.123
47.969,warmup,2382,18.959
47.990,warmup,2383,20.937
48.010,warmup,2384,20.015
48.033,warmup,2385,23.515
48.050,warmup,2386,16.425
48.070,warmup,2387,20.028
48.091,warmup,2388,21.458
48.110,warmup,2389,18.360
48.128,warmup,2390,18.874
48.151,warmup,2391,22.480
48.169,warmup,2392,18.336
48.189,warmup,2393,19.964
48.211,warmup,2394,21.996
48.229,warmup,2395,17.901
48.249,warmup,2396,20.065
48.268,warmup,2397,19.232
48.289,warmup,2398,20.712
48.315,warmup,2399,25.867
48.330,warmup,2400,14.778
48.351,warmup,2401,21.004
48.371,warmup,2402,20.473
48.390,warmup,2403,18.709
48.409,warmup,2404,18.783
48.431,warmup,2405,22.022
48.450,warmup,2406,19.531
48.469,warmup,2407,18.896
48.490,warmup,2408,20.712
48.511,warmup,2409,21.031
48.530,warmup,2410,19.233
48.550,warmup,2411,19.851
48.571,warmup,2412,20.644
48.593,warmup,2413,22.418
48.609,warmup,2414,16.200
48.631,warmup,2415,21.397
48.651,warmup,2416,20.667
48.670,warmup,2417,18.483
48.689,warmup,2418,19.030
48.712,warmup,2419,23.276
48.730,warmup,2420,17.709
48.749,warmup,2421,19.304
48.771,warmup,2422,21.347
48.789,warmup,2423,18.979
48.810,warmup,2424,20.250
48.830,warmup,2425,19.797
48.851,warmup,2426,20.980
48.874,warmup,2427,23.017
48.889,warmup,2428,15.946
48.909,warmup,2429,19.946
48.932,warmup,2430,22.330
48.950,warmup,2431,17.857
48.969,warmup,2432,19.877
48.991,warmup,2433,21.369
49.009,warmup,2434,18.575
49.030,warmup,2435,20.471
49.050,warmup,2436,20.547
49.070,warmup,2437,19.131
49.089,warmup,2438,19.833
49.109,warmup,2439,19.111
49.128,warmup,2440,19.870
49.154,warmup,2441,25.250
49.168,warmup,2442,14.808
49.189,warmup,2443,20.929
49.211,warmup,2444,21.749
49.228,warmup,2445,17.325
49.249,warmup,2446,20.980
49.271,warmup,2447,21.593
49.290,warmup,2448,18.498
49.309,warmup,2449,19.520
49.330,warmup,2450,20.852
49.351,warmup,2451,21.053
49.371,warmup,2452,19.567
49.390,warmup,2453,19.515
49.409,warmup,2454,18.557
49.433,warmup,2455,24.822
49.449,warmup,2456,15.454
49.470,warmup,2457,20.822
49.491,warmup,2458,21.523
49.509,warmup,2459,17.829
49.530,warmup,2460,20.512
49.552,warmup,2461,22.217
49.569,warmup,2462,17.664
49.589,warmup,2463,19.157
49.611,warmup,2464,22.327
49.630,warmup,2465,18.725
49.650,warmup,2466,20.143
49.669,warmup,2467,18.871
49.690,warmup,2468,21.575
49.714,warmup,2469,23.377
49.728,warmup,2470,14.763
49.750,warmup,2471,21.263
49.771,warmup,2472,21.107
49.790,warmup,2473,19.035
49.810,warmup,2474,19.875
49.831,warmup,2475,21.698
49.850,warmup,2476,18.248
49.870,warmup,2477,19.917
49.890,warmup,2478,20.871
49.909,warmup,2479,18.784
49.929,warmup,2480,20.165
49.948,warmup,2481,18.877
49.969,warmup,2482,21.088
49.993,warmup,2483,23.750
50.009,warmup,2484,16.179
50.030,warmup,2485,20.632
50.051,warmup,2486,21.235
50.069,warmup,2487,18.271
50.088,warmup,2488,18.860
50.111,warmup,2489,22.645
50.130,warmup,2490,18.927
50.150,warmup,2491,19.884
50.170,warmup,2492,20.234
50.191,warmup,2493,20.816
50.210,warmup,2494,19.070
50.230,warmup,2495,19.983
50.250,warmup,2496,19.967
50.273,warmup,2497,23.034
50.290,warmup,2498,17.050
50.310,warmup,2499,19.671
50.331,warmup,2500,21.697
50.349,warmup,2501,18.070
50.370,warmup,2502,20.396
50.391,warmup,2503,21.382
50.410,warmup,2504,18.788
50.429,warmup,2505,18.974
50.452,warmup,2506,23.568
50.469,warmup,2507,16.513
50.490,warmup,2508,20.729
50.509,warmup,2509,19.670
50.530,warmup,2510,20.434
50.554,warmup,2511,23.885
50.568,warmup,2512,14.674
50.589,warmup,2513,20.980
50.612,warmup,2514,22.961
50.629,warmup,2515,17.086
50.650,warmup,2516,20.719
50.672,warmup,2517,21.760
50.689,warmup,2518,16.823
50.709,warmup,2519,20.686
50.731,warmup,2520,21.953
50.750,warmup,2521,19.069
50.770,warmup,2522,19.910
50.789,warmup,2523,18.732
50.810,warmup,2524,21.080
50.834,warmup,2525,23.866
50.850,warmup,2526,15.961
50.870,warmup,2527,20.187
50.891,warmup,2528,21.276
50.914,warmup,2529,22.370
50.930,warmup,2530,16.276
50.952,warmup,2531,21.778
50.970,warmup,2532,18.271
50.991,warmup,2533,20.863
51.011,warmup,2534,20.066
51.030,warmup,2535,19.039
51.051,warmup,2536,20.764
51.068,warmup,2537,17.450
51.090,warmup,2538,21.293
51.114,warmup,2539,24.194
51.130,warmup,2540,16.026
51.150,warmup,2541,19.789
51.171,warmup,2542,21.904
51.189,warmup,2543,18.062
51.210,warmup,2544,20.148
51.232,warmup,2545,22.003
51.250,warmup,2546,18.031
51.270,warmup,2547,19.943
51.291,warmup,2548,20.967
51.308,warmup,2549,17.647
51.329,warmup,2550,20.840
51.348,warmup,2551,19.336
51.368,warmup,2552,19.968
51.394,warmup,2553,25.146
51.408,warmup,2554,14.943
51.429,warmup,2555,20.965
51.451,warmup,2556,22.064
51.469,warmup,2557,17.929
51.489,warmup,2558,20.064
51.512,warmup,2559,22.663
51.531,warmup,2560,18.762
51.549,warmup,2561,18.061
51.572,warmup,2562,22.619
51.591,warmup,2563,18.995
51.610,warmup,2564,19.704
51.629,warmup,2565,19.155
51.649,warmup,2566,19.968
51.674,warmup,2567,25.052
51.689,warmup,2568,14.264
51.710,warmup,2569,21.248
51.732,warmup,2570,21.752
51.750,warmup,2571,18.164
51.769,warmup,2572,18.767
51.792,warmup,2573,23.000
51.809,warmup,2574,17.634
51.829,warmup,2575,20.053
51.851,warmup,2576,21.317
51.871,warmup,2577,20.220
51.891,warmup,2578,19.949
51.910,warmup,2579,18.976
51.931,warmup,2580,21.113
51.954,warmup,2581,23.430
51.970,warmup,2582,15.533
51.990,warmup,2583,19.786
52.012,warmup,2584,22.525
52.030,warmup,2585,17.644
52.050,warmup,2586,19.814
52.073,warmup,2587,22.845
52.090,warmup,2588,17.234
52.110,warmup,2589,20.120
52.131,warmup,2590,20.899
52.150,warmup,2591,19.017
52.170,warmup,2592,19.939
52.189,warmup,2593,19.727
52.210,warmup,2594,20.079
52.234,warmup,2595,24.964
52.250,warmup,2596,15.126
52.271,warmup,2597,20.942
52.291,warmup,2598,20.934
52.309,warmup,2599,17.062
52.329,warmup,2600,20.799
52.352,warmup,2601,22.534
52.369,warmup,2602,17.395
52.389,warmup,2603,19.977
52.410,warmup,2604,21.102
52.429,warmup,2605,18.833
52.449,warmup,2606,19.826
52.470,warmup,2607,20.849
52.490,warmup,2608,20.174
52.516,warmup,2609,26.130
52.529,warmup,2610,12.971
52.551,warmup,2611,21.956
52.571,warmup,2612,20.366
52.590,warmup,2613,18.233
52.610,warmup,2614,20.564
52.632,warmup,2615,21.684
52.650,warmup,2616,17.931
52.669,warmup,2617,19.253
52.690,warmup,2618,20.792
52.711,warmup,2619,20.940
52.730,warmup,2620,19.070
52.750,warmup,2621,20.348
52.771,warmup,2622,20.761
52.794,warmup,2623,22.587
52.809,warmup,2624,15.686
52.828,warmup,2625,19.062
52.852,warmup,2626,23.424
52.869,warmup,2627,17.670
52.889,warmup,2628,19.232
52.912,warmup,2629,22.810
52.928,warmup,2630,16.977
52.949,warmup,2631,20.824
52.972,warmup,2632,22.230
52.990,warmup,2633,18.776
53.009,warmup,2634,19.133
53.029,warmup,2635,19.998
53.049,warmup,2636,19.936
53.074,warmup,2637,25.055
53.089,warmup,2638,14.980
53.111,warmup,2639,21.840
53.132,warmup,2640,20.601
53.150,warmup,2641,18.491
53.170,warmup,2642,19.158
53.192,warmup,2643,22.242
53.209,warmup,2644,17.712
53.230,warmup,2645,20.987
53.251,warmup,2646,20.972
53.269,warmup,2647,17.131
53.289,warmup,2648,20.851
53.310,warmup,2649,20.891
53.330,warmup,2650,19.759
53.355,warmup,2651,25.081
53.370,warmup,2652,14.867
53.390,warmup,2653,19.966
53.413,warmup,2654,22.703
53.430,warmup,2655,17.327
53.451,warmup,2656,21.021
53.473,warmup,2657,22.032
53.491,warmup,2658,17.938
53.511,warmup,2659,20.077
53.531,warmup,2660,19.592
53.549,warmup,2661,18.625
53.569,warmup,2662,19.724
53.589,warmup,2663,19.905
53.609,warmup,2664,20.483
53.633,warmup,2665,24.032
53.649,warmup,2666,15.789
53.669,warmup,2667,19.893
53.692,warmup,2668,23.125
53.710,warmup,2669,17.373
53.729,warmup,2670,19.459
53.752,warmup,2671,22.692
53.770,warmup,2672,18.410
53.790,warmup,2673,20.193
53.811,warmup,2674,20.904
53.828,warmup,2675,17.017
53.850,warmup,2676,21.926
53.869,warmup,2677,19.051
53.890,warmup,2678,21.037
53.913,warmup,2679,22.928
53.929,warmup,2680,16.163
53.949,warmup,2681,19.770
53.971,warmup,2682,21.829
53.989,warmup,2683,18.379
54.010,warmup,2684,20.787
54.031,warmup,2685,20.869
54.049,warmup,2686,18.145
54.069,warmup,2687,20.261
54.091,warmup,2688,22.030
54.109,warmup,2689,17.754
54.129,warmup,2690,20.051
54.148,warmup,2691,18.928
54.169,warmup,2692,21.096
54.194,warmup,2693,24.858
54.211,warmup,2694,16.904
54.228,warmup,2695,17.178
54.251,warmup,2696,22.864
54.268,warmup,2697,17.254
54.289,warmup,2698,20.967
54.311,warmup,2699,22.067
54.328,warmup,2700,16.834
54.350,warmup,2701,22.011
54.370,warmup,2702,20.017
54.389,warmup,2703,18.938
54.409,warmup,2704,20.034
54.428,warmup,2705,18.985
54.449,warmup,2706,21.261
54.473,warmup,2707,23.901
54.488,warmup,2708,14.925
54.511,warmup,2709,22.893
54.532,warmup,2710,20.945
54.548,warmup,2711,16.267
54.569,warmup,2712,20.265
54.592,warmup,2713,22.955
54.610,warmup,2714,18.175
54.630,warmup,2715,19.952
54.650,warmup,2716,20.325
54.670,warmup,2717,19.908
54.690,warmup,2718,19.977
54.709,warmup,2719,18.847
54.730,warmup,2720,20.974
54.754,warmup,2721,24.605
54.768,warmup,2722,13.998
54.789,warmup,2723,21.104
54.811,warmup,2724,21.345
54.830,warmup,2725,19.038
54.851,warmup,2726,20.770
54.871,warmup,2727,20.346
54.890,warmup,2728,19.040
54.910,warmup,2729,19.709
54.930,warmup,2730,20.043
54.950,warmup,2731,20.012
54.969,warmup,2732,19.413
54.989,warmup,2733,19.471
55.010,warmup,2734,21.127
55.033,warmup,2735,23.584
55.049,warmup,2736,15.306
55.070,warmup,2737,21.095
55.091,warmup,2738,21.518
55.110,warmup,2739,18.538
55.129,warmup,2740,18.840
55.151,warmup,2741,22.533
55.171,warmup,2742,19.584
55.190,warmup,2743,18.971
55.210,warmup,2744,19.991
55.230,warmup,2745,19.926
55.250,warmup,2746,20.213
55.270,warmup,2747,19.865
55.291,warmup,2748,20.928
55.313,warmup,2749,22.538
55.328,warmup,2750,15.079
55.351,warmup,2751,22.634
55.371,warmup,2752,19.976
55.390,warmup,2753,19.045
55.410,warmup,2754,20.089
55.432,warmup,2755,21.963
55.450,warmup,2756,18.010
55.471,warmup,2757,20.757
55.490,warmup,2758,19.147
55.511,warmup,2759,21.417
55.530,warmup,2760,18.619
55.550,warmup,2761,19.611
55.569,warmup,2762,19.867
55.594,warmup,2763,24.558
55.609,warmup,2764,14.721
55.629,warmup,2765,20.554
55.652,warmup,2766,22.364
55.670,warmup,2767,18.108
55.690,warmup,2768,19.812
55.711,warmup,2769,21.565
55.729,warmup,2770,17.509
55.749,warmup,2771,20.269
55.771,warmup,2772,22.561
55.791,warmup,2773,19.178
55.809,warmup,2774,17.932
55.830,warmup,2775,21.823
55.850,warmup,2776,19.924
55.873,warmup,2777,22.719
55.887,warmup,2778,14.324
55.909,warmup,2779,21.781
55.931,warmup,2780,21.970
55.948,warmup,2781,17.294
55.969,warmup,2782,20.358
55.991,warmup,2783,22.289
56.010,warmup,2784,18.462
56.030,warmup,2785,20.093
56.052,warmup,2786,21.963
56.070,warmup,2787,18.123
56.089,warmup,2788,19.398
56.109,warmup,2789,19.507
56.129,warmup,2790,20.097
56.154,warmup,2791,24.905
56.169,warmup,2792,15.690
56.190,warmup,2793,20.325
56.211,warmup,2794,21.601
56.230,warmup,2795,18.607
56.249,warmup,2796,18.855
56.271,warmup,2797,22.114
56.289,warmup,2798,18.106
56.310,warmup,2799,20.859
56.331,warmup,2800,20.782
56.351,warmup,2801,20.138
56.370,warmup,2802,19.806
56.389,warmup,2803,18.155
56.409,warmup,2804,19.983
56.434,warmup,2805,24.935
56.449,warmup,2806,15.155
56.470,warmup,2807,21.021
56.492,warmup,2808,22.043
56.510,warmup,2809,17.755
56.530,warmup,2810,20.230
56.552,warmup,2811,22.268
56.570,warmup,2812,17.664
56.590,warmup,2813,19.986
56.610,warmup,2814,20.352
56.631,warmup,2815,20.558
56.650,warmup,2816,19.343
56.669,warmup,2817,19.109
56.689,warmup,2818,20.442
56.714,warmup,2819,24.697
56.729,warmup,2820,15.122
56.750,warmup,2821,21.008
56.772,warmup,2822,21.548
56.789,warmup,2823,17.516
56.810,warmup,2824,20.158
56.831,warmup,2825,21.295
56.850,warmup,2826,19.273
56.869,warmup,2827,19.188
56.891,warmup,2828,21.953
56.909,warmup,2829,17.952
56.929,warmup,2830,20.061
56.949,warmup,2831,19.872
56.970,warmup,2832,20.411
56.993,warmup,2833,23.788
57.009,warmup,2834,15.191
57.030,warmup,2835,21.332
57.052,warmup,2836,21.705
57.069,warmup,2837,17.959
57.089,warmup,2838,19.966
57.111,warmup,2839,21.384
57.129,warmup,2840,18.617
57.149,warmup,2841,20.015
57.171,warmup,2842,21.061
57.189,warmup,2843,18.864
57.210,warmup,2844,20.106
57.228,warmup,2845,18.909
57.250,warmup,2846,21.718
57.273,warmup,2847,23.238
57.289,warmup,2848,16.071
57.310,warmup,2849,20.808
57.331,warmup,2850,21.214
57.350,warmup,2851,18.629
57.370,warmup,2852,19.907
57.391,warmup,2853,21.464
57.410,warmup,2854,18.635
57.431,warmup,2855,21.014
57.449,warmup,2856,17.765
57.469,warmup,2857,19.887
57.490,warmup,2858,21.010
57.509,warmup,2859,18.922
57.530,warmup,2860,21.154
57.554,warmup,2861,23.678
57.569,warmup,2862,15.337
57.590,warmup,2863,20.832
57.612,warmup,2864,21.838
57.630,warmup,2865,18.107
57.650,warmup,2866,20.329
57.672,warmup,2867,21.567
57.689,warmup,2868,17.545
57.711,warmup,2869,21.842
57.731,warmup,2870,20.045
57.751,warmup,2871,20.030
57.770,warmup,2872,19.451
57.790,warmup,2873,19.295
57.810,warmup,2874,20.288
57.833,warmup,2875,22.985
57.849,warmup,2876,16.374
57.869,warmup,2877,19.203
57.891,warmup,2878,22.786
57.909,warmup,2879,18.084
57.930,warmup,2880,20.041
57.951,warmup,2881,21.294
57.971,warmup,2882,19.963
57.989,warmup,2883,17.915
58.012,warmup,2884,23.701
58.030,warmup,2885,17.300
58.048,warmup,2886,18.480
58.069,warmup,2887,21.119
58.090,warmup,2888,20.438
58.114,warmup,2889,23.906
58.127,warmup,2890,13.671
58.149,warmup,2891,22.096
58.171,warmup,2892,22.088
58.189,warmup,2893,17.802
58.209,warmup,2894,20.155
58.230,warmup,2895,20.952
58.251,warmup,2896,20.172
58.269,warmup,2897,18.733
58.292,warmup,2898,22.405
58.310,warmup,2899,18.734
58.330,warmup,2900,19.547
58.349,warmup,2901,19.098
58.370,warmup,2902,20.936
58.394,warmup,2903,24.054
58.408,warmup,2904,13.920
58.430,warmup,2905,22.026
58.452,warmup,2906,21.990
58.469,warmup,2907,17.247
58.489,warmup,2908,20.170
58.513,warmup,2909,23.764
58.530,warmup,2910,16.427
58.550,warmup,2911,20.061
58.571,warmup,2912,21.510
58.589,warmup,2913,17.550
58.609,warmup,2914,20.724
58.630,warmup,2915,20.340
58.650,warmup,2916,20.154
58.674,warmup,2917,24.107
58.688,warmup,2918,14.016
58.710,warmup,2919,21.730
58.732,warmup,2920,21.985
58.750,warmup,2921,18.596
58.769,warmup,2922,19.041
58.791,warmup,2923,21.954
58.810,warmup,2924,18.142
58.829,warmup,2925,19.126
58.851,warmup,2926,22.406
58.869,warmup,2927,18.146
58.888,warmup,2928,18.862
58.908,warmup,2929,20.253
58.929,warmup,2930,20.838
58.953,warmup,2931,24.014
58.969,warmup,2932,15.982
58.990,warmup,2933,20.496
59.012,warmup,2934,22.155
59.029,warmup,2935,16.967
59.051,warmup,2936,22.035
59.071,warmup,2937,20.403
59.091,warmup,2938,19.505
59.110,warmup,2939,19.131
59.130,warmup,2940,19.872
59.150,warmup,2941,20.012
59.170,warmup,2942,20.070
59.189,warmup,2943,18.986
59.210,warmup,2944,21.121
59.235,warmup,2945,24.769
59.250,warmup,2946,15.219
59.270,warmup,2947,19.864
59.291,warmup,2948,21.723
59.309,warmup,2949,17.937
59.329,warmup,2950,19.971
59.351,warmup,2951,21.897
59.369,warmup,2952,17.948
59.390,warmup,2953,20.335
59.410,warmup,2954,20.898
59.429,warmup,2955,18.832
59.450,warmup,2956,21.085
59.468,warmup,2957,17.932
59.489,warmup,2958,21.174
59.514,warmup,2959,24.672
59.529,warmup,2960,14.901
59.552,warmup,2961,23.093
59.572,warmup,2962,19.522
59.590,warmup,2963,18.809
59.610,warmup,2964,19.314
59.631,warmup,2965,21.580
59.649,warmup,2966,18.034
59.670,warmup,2967,21.047
59.690,warmup,2968,19.210
59.708,warmup,2969,18.734
59.730,warmup,2970,22.020
59.750,warmup,2971,19.346
59.769,warmup,2972,19.184
59.793,warmup,2973,24.372
59.811,warmup,2974,17.344
59.829,warmup,2975,18.520
59.852,warmup,2976,22.583
59.870,warmup,2977,18.138
59.890,warmup,2978,19.826
59.912,warmup,2979,21.900
59.930,warmup,2980,18.064
59.950,warmup,2981,20.167
59.970,warmup,2982,19.982
59.990,warmup,2983,19.960
60.019,warmup,2984,29.162
60.029,warmup,2985,9.880
60.050,warmup,2986,21.151
60.074,warmup,2987,24.006
60.090,warmup,2988,15.493
60.110,warmup,2989,20.108
60.132,warmup,2990,22.117
60.150,warmup,2991,17.872
60.170,warmup,2992,20.859
60.191,warmup,2993,20.458
60.210,warmup,2994,18.595
60.229,warmup,2995,19.691
60.250,warmup,2996,21.173
60.269,warmup,2997,19.110
60.290,warmup,2998,20.683
60.308,warmup,2999,17.446
60.330,warmup,3000,21.974
60.355,warmup,3001,24.973
60.369,warmup,3002,14.055
60.389,warmup,3003,20.086
60.412,warmup,3004,22.837
60.429,warmup,3005,17.141
60.449,warmup,3006,20.413
60.471,warmup,3007,21.618
60.489,warmup,3008,18.002
60.511,warmup,3009,22.301
60.532,warmup,3010,20.830
60.549,warmup,3011,17.021
60.569,warmup,3012,20.473
60.590,warmup,3013,20.246
60.610,warmup,3014,20.012
60.634,warmup,3015,24.532
60.650,warmup,3016,16.104
60.670,warmup,3017,20.134
60.691,warmup,3018,20.958
60.709,warmup,3019,17.932
60.730,warmup,3020,20.565
60.751,warmup,3021,21.195
60.769,warmup,3022,18.310
60.790,warmup,3023,20.205
60.811,warmup,3024,21.263
60.829,warmup,3025,18.663
60.850,warmup,3026,20.449
60.868,warmup,3027,18.284
60.890,warmup,3028,21.327
60.914,warmup,3029,24.116
60.928,warmup,3030,14.424
60.949,warmup,3031,21.090
60.971,warmup,3032,21.814
60.989,warmup,3033,17.924
61.009,warmup,3034,20.246
61.030,warmup,3035,20.997
61.049,warmup,3036,19.305
61.069,warmup,3037,20.003
61.092,warmup,3038,22.066
61.109,warmup,3039,17.162
61.128,warmup,3040,19.710
61.148,warmup,3041,20.073
61.169,warmup,3042,21.009
61.193,warmup,3043,23.915
61.208,warmup,3044,15.120
61.230,warmup,3045,21.534
61.251,warmup,3046,20.896
61.268,warmup,3047,17.135
61.289,warmup,3048,21.023
61.311,warmup,3049,21.851
61.331,warmup,3050,19.708
61.351,warmup,3051,20.044
61.371,warmup,3052,19.907
61.390,warmup,3053,19.120
61.410,warmup,3054,19.988
61.429,warmup,3055,18.979
61.450,warmup,3056,21.040
61.473,warmup,3057,23.731
61.490,warmup,3058,16.305
61.511,warmup,3059,21.138
61.532,warmup,3060,21.163
61.550,warmup,3061,17.630
61.570,warmup,3062,19.923
61.592,warmup,3063,22.529
61.609,warmup,3064,16.594
61.629,warmup,3065,20.281
61.650,warmup,3066,21.228
61.671,warmup,3067,20.493
61.689,warmup,3068,18.062
61.709,warmup,3069,20.169
61.730,warmup,3070,20.832
61.755,warmup,3071,25.212
61.770,warmup,3072,14.909
61.789,warmup,3073,18.707
61.811,warmup,3074,22.775
61.830,warmup,3075,18.187
61.849,warmup,3076,19.370
61.870,warmup,3077,21.362
61.889,warmup,3078,18.792
61.908,warmup,3079,18.846
61.930,warmup,3080,22.239
61.949,warmup,3081,18.809
61.968,warmup,3082,19.149
61.989,warmup,3083,20.897
62.009,warmup,3084,20.026
62.033,warmup,3085,24.062
62.048,warmup,3086,14.862
62.069,warmup,3087,21.361
62.091,warmup,3088,21.468
62.109,warmup,3089,18.261
62.130,warmup,3090,21.047
62.150,warmup,3091,20.102
62.169,warmup,3092,19.030
62.188,warmup,3093,18.677
62.210,warmup,3094,22.305
62.229,warmup,3095,18.749
62.249,warmup,3096,20.091
62.268,warmup,3097,18.996
62.290,warmup,3098,21.892
62.309,warmup,3099,19.149
62.330,warmup,3100,20.403
62.379,warmup,3102,49.089
62.390,warmup,3103,11.297
62.411,warmup,3104,20.698
62.432,warmup,3105,20.942
62.451,warmup,3106,19.249
62.470,warmup,3107,18.806
62.491,warmup,3108,21.387
62.512,warmup,3109,21.284
62.536,warmup,3110,23.910
62.559,warmup,3111,22.911
62.578,warmup,3112,18.685
62.598,warmup,3113,20.608
62.614,warmup,3114,15.724
62.630,warmup,3115,16.235
62.655,warmup,3116,24.706
62.670,warmup,3117,15.240
62.690,warmup,3118,19.574
62.713,warmup,3119,23.570
62.731,warmup,3120,17.496
62.750,warmup,3121,18.934
62.772,warmup,3122,22.360
62.791,warmup,3123,18.277
62.811,warmup,3124,20.274
62.830,warmup,3125,19.373
62.850,warmup,3126,20.046
62.874,warmup,3127,23.770
62.889,warmup,3128,15.247
62.910,warmup,3129,20.431
62.932,warmup,3130,22.556
62.949,warmup,3131,16.943
62.969,warmup,3132,20.047
62.990,warmup,3133,21.132
63.009,warmup,3134,18.878
63.028,warmup,3135,19.010
63.049,warmup,3136,20.933
63.070,warmup,3137,21.085
63.089,warmup,3138,18.844
63.108,warmup,3139,19.187
63.128,warmup,3140,19.943
63.152,warmup,3141,24.269
63.169,warmup,3142,16.668
63.189,warmup,3143,20.129
63.210,warmup,3144,20.767
63.230,warmup,3145,19.680
63.250,warmup,3146,19.814
63.270,warmup,3147,20.086
63.289,warmup,3148,19.673
63.310,warmup,3149,20.243
63.332,warmup,3150,22.239
63.350,warmup,3151,18.717
63.369,warmup,3152,18.660
63.390,warmup,3153,20.478
63.409,warmup,3154,18.912
63.433,warmup,3155,24.298
63.450,warmup,3156,17.072
63.470,warmup,3157,20.344
63.491,warmup,3158,21.020
63.510,warmup,3159,19.123
63.531,warmup,3160,20.672
63.552,warmup,3161,20.822
63.571,warmup,3162,18.653
63.591,warmup,3163,20.418
63.610,warmup,3164,18.886
63.630,warmup,3165,19.768
63.648,warmup,3166,18.883
63.670,warmup,3167,21.234
63.689,warmup,3168,19.499
63.713,warmup,3169,24.161
63.730,warmup,3170,16.360
63.749,warmup,3171,19.470
63.770,warmup,3172,21.143
63.790,warmup,3173,19.338
63.810,warmup,3174,20.451
63.831,warmup,3175,20.969
63.850,warmup,3176,18.612
63.871,warmup,3177,20.801
63.890,warmup,3178,19.189
63.910,warmup,3179,20.404
63.929,warmup,3180,19.333
63.948,warmup,3181,18.939
63.969,warmup,3182,20.718
63.993,warmup,3183,24.090
64.008,warmup,3184,14.899
64.029,warmup,3185,21.327
64.051,warmup,3186,21.853
64.071,warmup,3187,19.435
64.091,warmup,3188,20.198
64.111,warmup,3189,19.870
64.131,warmup,3190,20.053
64.151,warmup,3191,20.216
64.170,warmup,3192,19.063
64.191,warmup,3193,20.808
64.210,warmup,3194,19.069
64.229,warmup,3195,18.994
64.250,warmup,3196,20.940
64.273,warmup,3197,23.214
64.303,warmup,3198,30.317
64.309,warmup,3199,5.253
64.331,warmup,3200,22.159
64.349,warmup,3201,18.125
64.370,warmup,3202,20.788
64.391,warmup,3203,21.088
64.411,warmup,3204,19.863
64.430,warmup,3205,19.126
64.451,warmup,3206,20.848
64.471,warmup,3207,19.862
64.497,warmup,3208,26.350
64.510,warmup,3209,12.829
64.530,warmup,3210,20.643
64.553,warmup,3211,23.047
64.570,warmup,3212,16.286
64.591,warmup,3213,21.131
64.611,warmup,3214,20.121
64.628,warmup,3215,17.516
64.651,warmup,3216,22.157
64.671,warmup,3217,20.392
64.691,warmup,3218,19.880
64.710,warmup,3219,18.583
64.731,warmup,3220,21.032
64.750,warmup,3221,19.267
64.770,warmup,3222,19.723
64.790,warmup,3223,20.378
64.811,warmup,3224,20.595
64.833,warmup,3225,22.406
64.848,warmup,3226,15.565
64.869,warmup,3227,20.686
64.893,warmup,3228,23.538
64.911,warmup,3229,18.312
64.930,warmup,3230,19.212
64.953,warmup,3231,23.089
64.971,warmup,3232,17.804
64.991,warmup,3233,19.815
65.012,warmup,3234,21.165
65.030,warmup,3235,18.109
65.050,warmup,3236,19.878
65.070,warmup,3237,19.919
65.090,warmup,3238,19.905
65.113,warmup,3239,23.391
65.130,warmup,3240,16.900
65.151,warmup,3241,20.763
65.172,warmup,3242,20.945
65.194,warmup,3243,22.018
65.195,warmup,3243,1.117
65.199,warmup,3243,3.789
65.205,warmup,3243,5.724
65.209,warmup,3244,4.457
65.211,warmup,3244,1.809
65.214,warmup,3244,3.372
65.218,warmup,3244,3.672
65.247,warmup,3244,28.858
65.254,warmup,3246,6.923
65.267,warmup,3246,13.385
65.267,warmup,3246,0.280
65.274,warmup,3247,6.847
65.276,warmup,3247,1.825
65.297,warmup,3247,20.806
65.297,warmup,3247,0.288
65.328,warmup,3249,30.761
65.330,warmup,3250,2.424
65.347,warmup,3250,17.087
65.352,warmup,3250,4.410
65.367,warmup,3251,15.497
65.368,warmup,3251,0.281
65.388,warmup,3252,20.798
65.393,warmup,3252,4.868
65.408,warmup,3253,14.565
65.408,warmup,3253,0.287
65.428,warmup,3254,19.651
65.428,warmup,3254,0.287
65.448,warmup,3255,19.814
65.452,warmup,3255,4.322
65.469,warmup,3256,16.785
65.469,warmup,3256,0.286
65.488,warmup,3257,19.020
65.489,warmup,3257,0.315
65.508,warmup,3258,19.496
65.513,warmup,3258,4.703
65.528,warmup,3259,15.755
65.529,warmup,3259,0.308
65.549,warmup,3260,19.728
65.549,warmup,3260,0.305
65.568,warmup,3261,18.775
65.572,warmup,3261,4.434
65.588,warmup,3262,15.519
65.588,warmup,3262,0.285
65.608,warmup,3263,20.172
65.608,warmup,3263,0.299
65.628,warmup,3264,19.727
65.633,warmup,3264,4.471
65.647,warmup,3265,14.990
65.648,warmup,3265,0.279
65.667,warmup,3266,19.660
65.674,warmup,3267,6.769
65.690,warmup,3268,16.003
65.709,warmup,3269,19.231
65.731,warmup,3270,21.493
65.749,warmup,3271,18.047
65.769,warmup,3272,20.405
65.790,warmup,3273,20.767
65.810,warmup,3274,19.816
65.830,warmup,3275,20.193
65.851,warmup,3276,20.369
65.870,warmup,3277,18.976
65.889,warmup,3278,19.601
65.909,warmup,3279,20.038
65.928,warmup,3280,18.834
65.954,warmup,3281,25.528
65.971,warmup,3282,17.106
65.991,warmup,3283,20.124
66.012,warmup,3284,21.123
66.034,warmup,3285,22.419
66.051,warmup,3286,16.498
66.071,warmup,3287,19.978
66.090,warmup,3288,19.113
66.109,warmup,3289,18.950
66.130,warmup,3290,20.831
66.150,warmup,3291,20.083
66.170,warmup,3292,20.153
66.189,warmup,3293,18.895
66.210,warmup,3294,20.860
66.233,warmup,3295,23.197
66.250,warmup,3296,16.881
66.271,warmup,3297,20.942
66.291,warmup,3298,19.864
66.310,warmup,3299,19.218
66.329,warmup,3300,18.961
66.351,warmup,3301,22.735
66.369,warmup,3302,17.253
66.390,warmup,3303,21.633
66.409,warmup,3304,18.680
66.429,warmup,3305,20.390
66.450,warmup,3306,20.971
66.470,warmup,3307,19.384
66.489,warmup,3308,19.163
66.514,warmup,3309,24.594
66.531,warmup,3310,17.643
66.551,warmup,3311,19.929
66.571,warmup,3312,20.335
66.589,warmup,3313,17.411
66.609,warmup,3314,20.479
66.631,warmup,3315,21.623
66.650,warmup,3316,19.337
66.671,warmup,3317,20.454
66.691,warmup,3318,20.158
66.709,warmup,3319,18.397
66.731,warmup,3320,22.161
66.750,warmup,3321,18.615
66.770,warmup,3322,19.664
66.795,warmup,3323,25.401
66.810,warmup,3324,14.596
66.830,warmup,3325,20.063
66.851,warmup,3326,21.614
66.869,warmup,3327,17.858
66.889,warmup,3328,19.277
66.910,warmup,3329,21.757
66.930,warmup,3330,19.342
66.950,warmup,3331,19.961
66.971,warmup,3332,21.173
66.989,warmup,3333,17.784
67.010,warmup,3334,21.084
67.029,warmup,3335,18.959
67.050,warmup,3336,21.060
67.072,warmup,3337,22.483
67.089,warmup,3338,17.127
67.109,warmup,3339,20.201
67.131,warmup,3340,21.074
67.148,warmup,3341,17.714
67.169,warmup,3342,21.095
67.191,warmup,3343,21.505
67.210,warmup,3344,19.062
67.230,warmup,3345,19.863
67.249,warmup,3346,19.160
67.270,warmup,3347,20.944
67.290,warmup,3348,19.933
67.308,warmup,3349,18.598
67.328,warmup,3350,20.038
67.353,warmup,3351,25.040
67.369,warmup,3352,15.868
67.390,warmup,3353,20.225
67.410,warmup,3354,20.902
67.429,warmup,3355,18.892
67.449,warmup,3356,19.334
67.471,warmup,3357,21.899
67.489,warmup,3358,18.005
67.509,warmup,3359,20.209
67.532,warmup,3360,22.862
67.550,warmup,3361,18.171
67.569,warmup,3362,19.424
67.588,warmup,3363,19.208
67.611,warmup,3364,22.207
67.633,warmup,3365,22.577
67.649,warmup,3366,16.145
67.670,warmup,3367,20.541
67.691,warmup,3368,20.665
67.711,warmup,3369,19.929
67.730,warmup,3370,19.062
67.751,warmup,3371,21.283
67.771,warmup,3372,19.659
67.792,warmup,3373,21.679
67.811,warmup,3374,18.595
67.829,warmup,3375,17.998
67.851,warmup,3376,21.767
67.869,warmup,3377,18.890
67.890,warmup,3378,20.318
67.913,warmup,3379,23.278
67.930,warmup,3380,16.583
67.949,warmup,3381,19.668
67.971,warmup,3382,21.337
67.989,warmup,3383,18.651
68.009,warmup,3384,20.144
68.030,warmup,3385,20.271
68.049,warmup,3386,19.663
68.070,warmup,3387,21.009
68.089,warmup,3388,18.917
68.109,warmup,3389,20.122
68.130,warmup,3390,20.880
68.150,warmup,3391,20.089
68.169,warmup,3392,19.013
68.193,warmup,3393,23.136
68.209,warmup,3394,16.861
68.229,warmup,3395,19.820
68.251,warmup,3396,21.647
68.269,warmup,3397,18.529
68.289,warmup,3398,19.965
68.310,warmup,3399,20.832
68.329,warmup,3400,18.768
68.351,warmup,3401,22.213
68.370,warmup,3402,18.809
68.390,warmup,3403,20.107
68.410,warmup,3404,19.875
68.429,warmup,3405,19.070
68.450,warmup,3406,21.024
68.472,warmup,3407,22.139
68.489,warmup,3408,16.814
68.510,warmup,3409,20.665
68.531,warmup,3410,21.273
68.551,warmup,3411,19.646
68.569,warmup,3412,18.722
68.590,warmup,3413,20.196
68.610,warmup,3414,20.195
68.630,warmup,3415,20.616
68.650,warmup,3416,19.349
68.670,warmup,3417,20.004
68.691,warmup,3418,21.141
68.710,warmup,3419,19.114
68.729,warmup,3420,19.376
68.752,warmup,3421,23.043
68.769,warmup,3422,16.564
68.788,warmup,3423,19.148
68.810,warmup,3424,21.909
68.829,warmup,3425,18.620
68.850,warmup,3426,21.745
68.870,warmup,3427,19.384
68.890,warmup,3428,20.376
68.909,warmup,3429,18.474
68.930,warmup,3430,21.443
68.950,warmup,3431,19.963
68.969,warmup,3432,19.152
68.988,warmup,3433,18.822
69.009,warmup,3434,21.038
69.033,warmup,3435,23.592
69.049,warmup,3436,16.611
69.069,warmup,3437,20.155
69.090,warmup,3438,20.746
69.109,warmup,3439,19.169
69.130,warmup,3440,21.043
69.149,warmup,3441,19.136
69.169,warmup,3442,19.943
69.189,warmup,3443,19.749
69.211,warmup,3444,21.636
69.231,warmup,3445,20.049
69.250,warmup,3446,18.964
69.270,warmup,3447,20.028
69.290,warmup,3448,19.886
69.313,warmup,3449,23.280
69.329,warmup,3450,16.440
69.351,warmup,3451,21.094
69.371,warmup,3452,20.675
69.390,warmup,3453,18.343
69.410,warmup,3454,20.020
69.430,warmup,3455,20.245
69.450,warmup,3456,20.080
69.469,warmup,3457,19.550
69.489,warmup,3458,19.988
69.510,warmup,3459,20.560
69.530,warmup,3460,20.335
69.550,warmup,3461,19.186
69.569,warmup,3462,19.532
69.592,warmup,3463,23.130
69.610,warmup,3464,18.063
69.631,warmup,3465,20.643
69.651,warmup,3466,19.991
69.671,warmup,3467,19.681
69.689,warmup,3468,18.609
69.711,warmup,3469,21.570
69.730,warmup,3470,18.810
69.750,warmup,3471,20.640
69.769,warmup,3472,19.291
69.790,warmup,3473,20.267
69.810,warmup,3474,20.337
69.830,warmup,3475,19.518
69.849,warmup,3476,19.559
69.873,warmup,3477,24.084
69.890,warmup,3478,16.339
69.911,warmup,3479,21.190
69.930,warmup,3480,19.468
69.949,warmup,3481,19.160
69.968,warmup,3482,19.047
69.990,warmup,3483,21.385
70.008,warmup,3484,18.668
70.029,warmup,3485,20.901
70.052,warmup,3486,22.549
70.070,warmup,3487,18.415
70.090,warmup,3488,19.285
70.110,warmup,3489,20.101
70.129,warmup,3490,19.666
70.153,warmup,3491,23.758
70.170,warmup,3492,16.861
70.190,warmup,3493,20.047
70.211,warmup,3494,21.015
70.229,warmup,3495,18.268
70.250,warmup,3496,20.422
70.270,warmup,3497,20.308
70.289,warmup,3498,19.413
70.309,warmup,3499,19.356
70.331,warmup,3500,21.804
70.351,warmup,3501,20.208
70.369,warmup,3502,17.841
70.389,warmup,3503,19.890
70.409,warmup,3504,20.026
70.433,warmup,3505,24.427
70.449,warmup,3506,16.090
70.468,warmup,3507,19.079
70.490,warmup,3508,21.828
70.510,warmup,3509,19.730
70.530,warmup,3510,20.061
70.551,warmup,3511,21.064
70.569,warmup,3512,18.443
70.590,warmup,3513,20.519
70.610,warmup,3514,20.507
70.631,warmup,3515,20.569
70.650,warmup,3516,18.977
70.669,warmup,3517,19.026
70.689,warmup,3518,19.704
70.714,warmup,3519,24.864
70.729,warmup,3520,15.984
70.750,warmup,3521,20.325
70.771,warmup,3522,20.886
70.790,warmup,3523,19.213
70.811,warmup,3524,20.983
70.832,warmup,3525,20.803
70.850,warmup,3526,18.235
70.870,warmup,3527,20.059
70.889,warmup,3528,19.495
70.914,warmup,3529,24.883
70.930,warmup,3530,15.325
70.948,warmup,3531,18.446
70.968,warmup,3532,20.068
70.992,warmup,3533,23.741
71.009,warmup,3534,17.367
71.029,warmup,3535,19.910
71.051,warmup,3536,21.913
71.070,warmup,3537,18.624
71.089,warmup,3538,19.279
71.111,warmup,3539,21.731
71.130,warmup,3540,19.074
71.150,warmup,3541,20.101
71.170,warmup,3542,19.967
71.190,warmup,3543,19.985
71.210,warmup,3544,19.951
71.229,warmup,3545,18.741
71.249,warmup,3546,20.029
71.273,warmup,3547,24.025
71.290,warmup,3548,16.900
71.309,warmup,3549,19.747
71.330,warmup,3550,21.035
71.350,warmup,3551,20.156
71.370,warmup,3552,19.926
71.390,warmup,3553,19.337
71.409,warmup,3554,19.591
71.429,warmup,3555,20.108
71.451,warmup,3556,21.352
71.469,warmup,3557,17.815
71.490,warmup,3558,20.887
71.509,warmup,3559,19.025
71.530,warmup,3560,21.533
71.552,warmup,3561,22.288
71.571,warmup,3562,18.268
71.589,warmup,3563,18.074
71.611,warmup,3564,22.313
71.629,warmup,3565,18.174
71.650,warmup,3566,20.377
71.670,warmup,3567,20.869
71.689,warmup,3568,18.840
71.709,warmup,3569,19.751
71.730,warmup,3570,21.463
71.750,warmup,3571,19.212
71.770,warmup,3572,20.423
71.788,warmup,3573,18.287
71.810,warmup,3574,21.272
71.833,warmup,3575,23.579
71.849,warmup,3576,15.959
71.870,warmup,3577,21.153
71.890,warmup,3578,20.041
71.910,warmup,3579,19.709
71.929,warmup,3580,19.310
71.950,warmup,3581,20.633
71.969,warmup,3582,19.363
71.990,warmup,3583,20.854
72.009,warmup,3584,18.255
72.029,warmup,3585,20.252
72.049,warmup,3586,20.345
72.067,warmup,3587,18.232
72.090,warmup,3588,22.177
72.113,warmup,3589,23.032
72.129,warmup,3590,16.707
72.149,warmup,3591,19.223
72.171,warmup,3592,22.032
72.189,warmup,3593,18.867
72.209,warmup,3594,20.059
72.230,warmup,3595,20.313
72.249,warmup,3596,19.697
72.269,warmup,3597,19.863
72.290,warmup,3598,21.057
72.310,warmup,3599,20.047
72.329,warmup,3600,18.902
72.349,warmup,3601,19.504
72.370,warmup,3602,20.846
72.393,warmup,3603,23.256
72.410,warmup,3604,16.766
72.430,warmup,3605,20.088
72.453,warmup,3606,23.214
72.470,warmup,3607,16.852
72.491,warmup,3608,20.984
72.512,warmup,3609,20.860
72.530,warmup,3610,18.660
72.551,warmup,3611,20.477
72.571,warmup,3612,19.969
72.590,warmup,3613,19.570
72.611,warmup,3614,20.823
72.630,warmup,3615,18.561
72.652,warmup,3616,21.770
72.674,warmup,3617,21.986
72.691,warmup,3618,17.492
72.710,warmup,3619,18.724
72.732,warmup,3620,21.767
72.751,warmup,3621,19.818
72.771,warmup,3622,19.491
72.792,warmup,3623,20.925
72.810,warmup,3624,18.073
72.831,warmup,3625,21.024
72.851,warmup,3626,19.837
72.870,warmup,3627,19.029
72.890,warmup,3628,20.467
72.910,warmup,3629,19.432
72.931,warmup,3630,21.074
72.953,warmup,3631,22.255
72.970,warmup,3632,17.006
72.991,warmup,3633,20.751
73.011,warmup,3634,19.974
73.029,warmup,3635,18.406
73.049,warmup,3636,20.208
73.073,warmup,3637,23.667
73.092,warmup,3638,18.663
73.112,warmup,3639,19.905
73.131,warmup,3640,19.224
73.151,warmup,3641,20.042
73.170,warmup,3642,18.842
73.190,warmup,3643,19.888
73.210,warmup,3644,20.618
73.233,warmup,3645,23.048
73.250,warmup,3646,16.810
73.271,warmup,3647,20.838
73.292,warmup,3648,20.759
73.310,warmup,3649,18.636
73.331,warmup,3650,20.758
73.352,warmup,3651,20.807
73.371,warmup,3652,18.873
73.389,warmup,3653,18.733
73.410,warmup,3654,20.742
73.431,warmup,3655,21.022
73.449,warmup,3656,18.247
73.469,warmup,3657,19.208
73.491,warmup,3658,22.076
73.514,warmup,3659,23.707
73.530,warmup,3660,15.929
73.551,warmup,3661,21.103
73.572,warmup,3662,20.394
73.590,warmup,3663,18.584
73.610,warmup,3664,19.280
73.631,warmup,3665,21.545
73.650,warmup,3666,19.246
73.669,warmup,3667,18.780
73.691,warmup,3668,22.114
73.710,warmup,3669,18.913
73.731,warmup,3670,20.267
73.752,warmup,3671,21.238
73.770,warmup,3672,18.515
73.797,warmup,3673,26.519
73.812,warmup,3674,14.852
73.830,warmup,3675,18.199
73.853,warmup,3676,23.632
73.871,warmup,3677,17.030
73.891,warmup,3678,20.043
73.911,warmup,3679,20.311
73.929,warmup,3680,18.463
73.950,warmup,3681,20.911
73.971,warmup,3682,21.114
73.990,warmup,3683,18.866
74.009,warmup,3684,19.086
74.029,warmup,3685,19.946
74.049,warmup,3686,20.013
74.074,warmup,3687,24.653
74.089,warmup,3688,15.545
74.111,warmup,3689,21.138
74.131,warmup,3690,20.514
74.150,warmup,3691,19.253
74.171,warmup,3692,20.184
74.192,warmup,3693,20.983
74.210,warmup,3694,18.919
74.230,warmup,3695,19.918
74.251,warmup,3696,21.022
74.271,warmup,3697,19.116
74.290,warmup,3698,19.958
74.309,warmup,3699,18.869
74.330,warmup,3700,20.930
74.354,warmup,3701,24.014
74.369,warmup,3702,14.875
74.390,warmup,3703,21.190
74.412,warmup,3704,21.195
74.430,warmup,3705,18.687
74.450,warmup,3706,20.056
74.471,warmup,3707,20.945
74.490,warmup,3708,19.074
74.510,warmup,3709,20.167
74.532,warmup,3710,21.792
74.550,warmup,3711,18.079
74.570,warmup,3712,19.550
74.589,warmup,3713,19.517
74.612,warmup,3714,22.215
74.634,warmup,3715,22.618
74.651,warmup,3716,16.449
74.670,warmup,3717,19.165
74.693,warmup,3718,23.285
74.710,warmup,3719,17.182
74.732,warmup,3720,21.715
74.753,warmup,3721,20.904
74.771,warmup,3722,18.331
74.790,warmup,3723,18.823
74.811,warmup,3724,21.305
74.831,warmup,3725,19.402
74.857,warmup,3726,26.056
74.869,warmup,3727,12.297
74.890,warmup,3728,21.132
74.914,warmup,3729,23.245
74.929,warmup,3730,15.534
74.950,warmup,3731,21.170
74.971,warmup,3732,20.902
74.990,warmup,3733,18.938
75.010,warmup,3734,20.029
75.031,warmup,3735,20.872
75.049,warmup,3736,18.164
75.070,warmup,3737,21.310
75.092,warmup,3738,21.127
75.110,warmup,3739,18.371
75.130,warmup,3740,20.372
75.150,warmup,3741,19.964
75.169,warmup,3742,19.153
75.194,warmup,3743,24.470
75.209,warmup,3744,15.496
75.230,warmup,3745,20.921
75.251,warmup,3746,21.020
75.270,warmup,3747,19.003
75.290,warmup,3748,19.943
75.311,warmup,3749,21.112
75.331,warmup,3750,19.444
75.351,warmup,3751,20.267
75.371,warmup,3752,20.110
75.390,warmup,3753,18.713
75.410,warmup,3754,19.986
75.430,warmup,3755,19.964
75.450,warmup,3756,20.330
75.473,warmup,3757,22.991
75.489,warmup,3758,15.955
75.511,warmup,3759,21.846
75.532,warmup,3760,20.738
75.551,warmup,3761,19.555
75.570,warmup,3762,18.638
75.592,warmup,3763,22.047
75.610,warmup,3764,17.900
75.630,warmup,3765,20.568
75.652,warmup,3766,21.283
75.670,warmup,3767,18.133
75.690,warmup,3768,20.100
75.710,warmup,3769,19.981
75.731,warmup,3770,20.887
75.755,warmup,3771,23.950
75.771,warmup,3772,15.701
75.790,warmup,3773,19.105
75.812,warmup,3774,22.090
75.831,warmup,3775,19.124
75.850,warmup,3776,19.632
75.871,warmup,3777,21.000
75.890,warmup,3778,18.226
75.909,warmup,3779,19.672
75.932,warmup,3780,23.042
75.950,warmup,3781,18.064
75.971,warmup,3782,20.095
75.989,warmup,3783,18.613
76.010,warmup,3784,21.135
76.034,warmup,3785,23.898
76.049,warmup,3786,14.802
76.071,warmup,3787,22.111
76.091,warmup,3788,20.303
76.110,warmup,3789,18.866
76.130,warmup,3790,19.277
76.151,warmup,3791,21.770
76.170,warmup,3792,18.887
76.191,warmup,3793,20.646
76.211,warmup,3794,20.141
76.231,warmup,3795,19.957
76.250,warmup,3796,19.023
76.270,warmup,3797,19.963
76.291,warmup,3798,20.893
76.313,warmup,3799,22.217
76.330,warmup,3800,16.476
76.350,warmup,3801,20.962
76.371,warmup,3802,20.509
76.390,warmup,3803,18.539
76.411,warmup,3804,21.046
76.431,warmup,3805,20.625
76.451,warmup,3806,19.342
76.469,warmup,3807,18.915
76.491,warmup,3808,21.046
76.510,warmup,3809,19.846
76.530,warmup,3810,20.110
76.549,warmup,3811,18.970
76.570,warmup,3812,20.716
76.593,warmup,3813,23.191
76.609,warmup,3814,15.611
76.631,warmup,3815,21.803
76.652,warmup,3816,20.759
76.670,warmup,3817,18.341
76.689,warmup,3818,19.447
76.711,warmup,3819,21.879
76.729,warmup,3820,18.217
76.751,warmup,3821,21.300
76.772,warmup,3822,20.866
76.791,warmup,3823,19.071
76.811,warmup,3824,19.865
76.829,warmup,3825,18.899
76.851,warmup,3826,21.214
76.874,warmup,3827,23.162
76.890,warmup,3828,16.102
76.911,warmup,3829,20.618
76.931,warmup,3830,20.807
76.950,warmup,3831,19.134
76.971,warmup,3832,20.397
76.991,warmup,3833,20.448
77.011,warmup,3834,19.880
77.030,warmup,3835,18.849
77.051,warmup,3836,20.821
77.070,warmup,3837,19.201
77.090,warmup,3838,19.956
77.109,warmup,3839,18.991
77.131,warmup,3840,21.573
77.153,warmup,3841,22.344
77.169,warmup,3842,16.484
77.189,warmup,3843,19.788
77.211,warmup,3844,22.026
77.231,warmup,3845,20.117
77.250,warmup,3846,19.034
77.271,warmup,3847,20.620
77.290,warmup,3848,19.370
77.311,warmup,3849,20.432
77.330,warmup,3850,19.567
77.351,warmup,3851,20.185
77.370,warmup,3852,19.917
77.389,warmup,3853,18.986
77.410,warmup,3854,20.341
77.435,warmup,3855,25.521
77.451,warmup,3856,16.204
77.470,warmup,3857,18.565
77.493,warmup,3858,22.647
77.512,warmup,3859,18.816
77.532,warmup,3860,20.003
77.554,warmup,3861,22.145
77.571,warmup,3862,17.064
77.591,warmup,3863,20.413
77.610,warmup,3864,19.307
77.631,warmup,3865,20.946
77.652,warmup,3866,20.458
77.670,warmup,3867,17.818
77.690,warmup,3868,20.312
77.714,warmup,3869,23.804
77.730,warmup,3870,16.281
77.751,warmup,3871,21.073
77.773,warmup,3872,21.413
77.790,warmup,3873,17.787
77.811,warmup,3874,20.325
77.832,warmup,3875,21.418
77.850,warmup,3876,18.209
77.870,warmup,3877,19.915
77.891,warmup,3878,20.319
77.910,warmup,3879,19.620
77.930,warmup,3880,20.180
77.949,warmup,3881,18.814
77.970,warmup,3882,21.199
77.993,warmup,3883,22.450
78.010,warmup,3884,17.502
78.029,warmup,3885,18.946
78.051,warmup,3886,21.723
78.070,warmup,3887,18.583
78.091,warmup,3888,21.371
78.111,warmup,3889,20.276
78.130,warmup,3890,18.571
78.151,warmup,3891,21.037
78.171,warmup,3892,19.984
78.190,warmup,3893,18.872
78.216,warmup,3894,26.498
78.230,warmup,3895,13.484
78.251,warmup,3896,21.203
78.274,warmup,3897,23.265
78.290,warmup,3898,15.659
78.310,warmup,3899,20.640
78.331,warmup,3900,20.680
78.351,warmup,3901,19.447
78.371,warmup,3902,20.767
78.391,warmup,3903,20.015
78.408,warmup,3904,16.982
78.429,warmup,3905,20.911
78.452,warmup,3906,22.291
78.470,warmup,3907,18.886
78.489,warmup,3908,19.063
78.510,warmup,3909,20.062
78.530,warmup,3910,20.879
78.554,warmup,3911,23.530
78.570,warmup,3912,16.190
78.590,warmup,3913,20.340
78.611,warmup,3914,20.738
78.629,warmup,3915,17.829
78.651,warmup,3916,21.900
78.672,warmup,3917,20.606
78.690,warmup,3918,18.130
78.711,warmup,3919,21.459
78.730,warmup,3920,18.915
78.749,warmup,3921,19.461
78.769,warmup,3922,19.511
78.789,warmup,3923,20.128
78.809,warmup,3924,20.043
78.834,warmup,3925,24.562
78.850,warmup,3926,16.420
78.870,warmup,3927,19.955
78.891,warmup,3928,20.754
78.910,warmup,3929,19.129
78.931,warmup,3930,20.517
78.951,warmup,3931,20.729
78.971,warmup,3932,19.385
78.991,warmup,3933,19.895
79.012,warmup,3934,20.998
79.032,warmup,3935,20.135
79.049,warmup,3936,17.827
79.070,warmup,3937,20.151
79.089,warmup,3938,19.848
79.114,warmup,3939,24.779
79.130,warmup,3940,15.273
79.150,warmup,3941,20.023
79.171,warmup,3942,21.577
79.190,warmup,3943,19.160
79.209,warmup,3944,19.090
79.231,warmup,3945,21.233
79.249,warmup,3946,18.755
79.270,warmup,3947,21.064
79.291,warmup,3948,20.848
79.309,warmup,3949,18.174
79.329,warmup,3950,19.896
79.350,warmup,3951,20.186
79.370,warmup,3952,20.731
79.393,warmup,3953,22.990
79.409,warmup,3954,16.090
79.431,warmup,3955,21.931
79.451,warmup,3956,19.619
79.470,warmup,3957,19.243
79.491,warmup,3958,20.743
79.512,warmup,3959,20.920
79.531,warmup,3960,19.397
79.551,warmup,3961,19.433
79.571,warmup,3962,20.858
79.591,warmup,3963,19.223
79.611,warmup,3964,20.208
79.629,warmup,3965,17.817
79.650,warmup,3966,21.603
79.674,warmup,3967,23.503
79.689,warmup,3968,15.509
79.709,warmup,3969,20.145
79.732,warmup,3970,22.624
79.749,warmup,3971,16.886
79.771,warmup,3972,21.582
79.792,warmup,3973,21.201
79.811,warmup,3974,19.193
79.830,warmup,3975,18.736
79.852,warmup,3976,22.026
79.872,warmup,3977,19.921
79.890,warmup,3978,18.337
79.909,warmup,3979,18.848
79.930,warmup,3980,21.479
79.954,warmup,3981,23.498
79.971,warmup,3982,16.674
79.991,warmup,3983,20.177
80.012,warmup,3984,21.316
80.030,warmup,3985,17.503
80.051,warmup,3986,21.030
80.071,warmup,3987,20.712
80.091,warmup,3988,19.281
80.111,warmup,3989,20.095
80.130,warmup,3990,19.237
80.151,warmup,3991,20.998
80.170,warmup,3992,19.644
80.188,warmup,3993,17.856
80.211,warmup,3994,22.277
80.234,warmup,3995,23.036
80.250,warmup,3996,16.209
80.270,warmup,3997,20.562
80.291,warmup,3998,20.780
80.310,warmup,3999,18.912
80.331,warmup,4000,20.977
80.352,warmup,4001,21.204
80.370,warmup,4002,17.858
80.391,warmup,4003,20.916
80.411,warmup,4004,19.993
80.431,warmup,4005,19.947
80.450,warmup,4006,19.167
80.470,warmup,4007,19.834
80.491,warmup,4008,21.085
80.515,warmup,4009,23.773
80.531,warmup,4010,16.159
80.551,warmup,4011,19.759
80.572,warmup,4012,21.025
80.590,warmup,4013,17.800
80.610,warmup,4014,20.442
80.632,warmup,4015,21.599
80.649,warmup,4016,17.741
80.671,warmup,4017,21.169
80.691,warmup,4018,20.520
80.711,warmup,4019,20.003
80.730,warmup,4020,18.988
80.750,warmup,4021,19.718
80.769,warmup,4022,19.434
80.795,warmup,4023,25.761
80.810,warmup,4024,14.908
80.831,warmup,4025,21.049
80.852,warmup,4026,21.135
80.872,warmup,4027,19.413
80.891,warmup,4028,19.609
80.911,warmup,4029,20.203
80.931,warmup,4030,19.581
80.951,warmup,4031,20.188
80.971,warmup,4032,19.769
80.991,warmup,4033,19.911
81.016,warmup,4034,25.516
81.029,warmup,4035,12.481
81.051,warmup,4036,22.005
81.073,warmup,4037,22.483
81.090,warmup,4038,16.479
81.110,warmup,4039,20.218
81.132,warmup,4040,21.665
81.150,warmup,4041,18.141
81.170,warmup,4042,20.079
81.192,warmup,4043,21.671
81.211,warmup,4044,19.294
81.230,warmup,4045,18.868
81.251,warmup,4046,21.238
81.271,warmup,4047,19.752
81.291,warmup,4048,20.116
81.310,warmup,4049,19.650
81.329,warmup,4050,18.903
81.354,warmup,4051,24.319
81.369,warmup,4052,15.552
81.390,warmup,4053,21.241
81.411,warmup,4054,20.782
81.429,warmup,4055,18.085
81.449,warmup,4056,20.006
81.471,warmup,4057,21.979
81.490,warmup,4058,19.173
81.510,warmup,4059,20.005
81.532,warmup,4060,21.210
81.551,warmup,4061,19.181
81.570,warmup,4062,19.526
81.590,warmup,4063,19.877
81.610,warmup,4064,20.212
81.634,warmup,4065,23.100
81.649,warmup,4066,15.707
81.669,warmup,4067,20.180
81.692,warmup,4068,22.208
81.710,warmup,4069,17.996
81.729,warmup,4070,19.572
81.751,warmup,4071,22.041
81.770,warmup,4072,19.174
81.791,warmup,4073,20.187
81.812,warmup,4074,20.908
81.831,warmup,4075,18.991
81.851,warmup,4076,19.963
81.869,warmup,4077,18.922
81.890,warmup,4078,20.356
81.914,warmup,4079,23.918
81.930,warmup,4080,15.949
81.949,warmup,4081,19.826
81.971,warmup,4082,21.911
81.990,warmup,4083,18.127
82.011,warmup,4084,21.082
82.031,warmup,4085,20.494
82.050,warmup,4086,18.470
82.070,warmup,4087,20.380
82.091,warmup,4088,21.161
82.109,warmup,4089,18.224
82.130,warmup,4090,20.782
82.149,warmup,4091,19.045
82.170,warmup,4092,20.810
82.194,warmup,4093,23.961
82.210,warmup,4094,15.694
82.229,warmup,4095,19.865
82.252,warmup,4096,22.325
82.270,warmup,4097,17.737
82.291,warmup,4098,20.967
82.312,warmup,4099,21.767
82.330,warmup,4100,17.355
82.351,warmup,4101,21.268
82.371,warmup,4102,20.164
82.389,warmup,4103,18.143
82.410,warmup,4104,20.817
82.429,warmup,4105,18.685
82.450,warmup,4106,20.916
82.474,warmup,4107,24.560
82.490,warmup,4108,15.531
82.511,warmup,4109,21.120
82.532,warmup,4110,21.215
82.551,warmup,4111,18.524
82.571,warmup,4112,20.388
82.591,warmup,4113,20.480
82.610,warmup,4114,18.809
82.630,warmup,4115,20.239
82.653,warmup,4116,22.145
82.670,warmup,4117,17.849
82.690,warmup,4118,19.901
82.709,warmup,4119,18.921
82.730,warmup,4120,20.926
82.754,warmup,4121,23.274
82.770,warmup,4122,16.050
82.791,warmup,4123,21.267
82.811,warmup,4124,20.050
82.831,warmup,4125,20.255
82.851,warmup,4126,19.841
82.871,warmup,4127,20.369
82.890,warmup,4128,18.949
82.911,warmup,4129,20.561
82.931,warmup,4130,20.221
82.950,warmup,4131,18.815
82.971,warmup,4132,21.093
82.990,warmup,4133,18.983
83.011,warmup,4134,21.114
83.033,warmup,4135,22.335
83.049,warmup,4136,15.562
83.071,warmup,4137,22.129
83.091,warmup,4138,20.216
83.110,warmup,4139,18.855
83.131,warmup,4140,20.708
83.152,warmup,4141,20.915
83.172,warmup,4142,20.204
83.192,warmup,4143,19.960
83.210,warmup,4144,18.051
83.231,warmup,4145,21.079
83.250,warmup,4146,18.928
83.270,warmup,4147,19.981
83.291,warmup,4148,21.088
83.314,warmup,4149,23.240
83.330,warmup,4150,15.262
83.351,warmup,4151,20.952
83.371,warmup,4152,20.535
83.391,warmup,4153,19.623
83.411,warmup,4154,19.862
83.431,warmup,4155,20.417
83.450,warmup,4156,18.564
83.471,warmup,4157,21.006
83.493,warmup,4158,22.102
83.510,warmup,4159,17.131
83.531,warmup,4160,20.932
83.552,warmup,4161,20.968
83.571,warmup,4162,19.803
83.594,warmup,4163,22.333
83.610,warmup,4164,16.042
83.630,warmup,4165,20.392
83.652,warmup,4166,21.765
83.671,warmup,4167,18.626
83.691,warmup,4168,19.960
83.711,warmup,4169,20.770
83.732,warmup,4170,20.544
83.750,warmup,4171,18.293
83.770,warmup,4172,19.469
83.790,warmup,4173,20.762
83.810,warmup,4174,20.027
83.829,warmup,4175,18.132
83.851,warmup,4176,22.820
83.874,warmup,4177,22.483
83.891,warmup,4178,16.844
83.909,warmup,4179,18.538
83.931,warmup,4180,21.492
83.949,warmup,4181,18.694
83.970,warmup,4182,20.879
83.991,warmup,4183,20.946
84.009,warmup,4184,17.976
84.030,warmup,4185,21.084
84.050,warmup,4186,19.893
84.069,warmup,4187,19.227
84.090,warmup,4188,20.173
84.109,warmup,4189,19.741
84.130,warmup,4190,20.948
84.154,warmup,4191,23.314
84.169,warmup,4192,15.732
84.189,warmup,4193,19.940
84.211,warmup,4194,21.622
84.230,warmup,4195,19.009
84.249,warmup,4196,18.660
84.272,warmup,4197,23.095
84.290,warmup,4198,17.863
84.311,warmup,4199,21.121
84.331,warmup,4200,20.484
84.350,warmup,4201,18.957
84.370,warmup,4202,20.019
84.390,warmup,4203,19.510
84.410,warmup,4204,20.464
84.434,warmup,4205,23.503
84.449,warmup,4206,15.659
84.470,warmup,4207,20.945
84.491,warmup,4208,21.055
84.510,warmup,4209,19.044
84.530,warmup,4210,19.848
84.552,warmup,4211,21.961
84.571,warmup,4212,18.761
84.590,warmup,4213,18.609
84.612,warmup,4214,22.442
84.630,warmup,4215,18.512
84.651,warmup,4216,20.237
84.670,warmup,4217,18.827
84.690,warmup,4218,20.903
84.714,warmup,4219,23.167
84.729,warmup,4220,15.726
84.750,warmup,4221,20.941
84.772,warmup,4222,21.437
84.790,warmup,4223,18.480
84.810,warmup,4224,20.105
84.831,warmup,4225,20.561
84.850,warmup,4226,19.215
84.869,warmup,4227,18.931
84.890,warmup,4228,21.323
84.910,warmup,4229,19.654
84.930,warmup,4230,20.256
84.949,warmup,4231,18.739
84.969,warmup,4232,20.195
84.993,warmup,4233,24.219
85.009,warmup,4234,15.574
85.030,warmup,4235,21.064
85.051,warmup,4236,20.666
85.069,warmup,4237,18.465
85.089,warmup,4238,19.797
85.111,warmup,4239,21.669
85.129,warmup,4240,18.386
85.150,warmup,4241,21.101
85.170,warmup,4242,20.213
85.191,warmup,4243,20.612
85.211,warmup,4244,19.964
85.230,warmup,4245,18.754
85.250,warmup,4246,20.208
85.273,warmup,4247,23.231
85.290,warmup,4248,16.671
85.310,warmup,4249,20.067
85.332,warmup,4250,21.846
85.350,warmup,4251,18.745
85.370,warmup,4252,19.129
85.391,warmup,4253,21.626
85.410,warmup,4254,18.527
85.431,warmup,4255,20.809
85.451,warmup,4256,20.279
85.471,warmup,4257,19.796
85.491,warmup,4258,20.524
85.509,warmup,4259,17.540
85.531,warmup,4260,22.462
85.554,warmup,4261,22.545
85.569,warmup,4262,15.769
85.590,warmup,4263,20.971
85.612,warmup,4264,21.573
85.631,warmup,4265,18.568
85.651,warmup,4266,20.200
85.671,warmup,4267,19.966
85.691,warmup,4268,20.361
85.711,warmup,4269,19.767
85.731,warmup,4270,20.028
85.750,warmup,4271,19.313
85.770,warmup,4272,19.431
85.790,warmup,4273,20.664
85.812,warmup,4274,21.377
85.834,warmup,4275,21.983
85.851,warmup,4276,17.058
85.872,warmup,4277,21.572
85.892,warmup,4278,19.331
85.911,warmup,4279,19.078
85.930,warmup,4280,19.069
85.951,warmup,4281,21.751
85.971,warmup,4282,19.160
85.991,warmup,4283,20.088
86.010,warmup,4284,18.944
86.031,warmup,4285,21.052
86.051,warmup,4286,19.947
86.070,warmup,4287,19.317
86.091,warmup,4288,20.534
86.113,warmup,4289,22.609
86.129,warmup,4290,15.613
86.151,warmup,4291,21.887
86.171,warmup,4292,20.562
86.188,warmup,4293,17.117
86.210,warmup,4294,22.017
86.231,warmup,4295,20.753
86.250,warmup,4296,18.808
86.269,warmup,4297,19.094
86.291,warmup,4298,21.944
86.309,warmup,4299,18.546
86.330,warmup,4300,20.909
86.349,warmup,4301,19.025
86.369,warmup,4302,20.032
86.394,warmup,4303,24.529
86.410,warmup,4304,16.366
86.429,warmup,4305,19.085
86.451,warmup,4306,21.752
86.470,warmup,4307,19.264
86.490,warmup,4308,20.042
86.512,warmup,4309,21.056
86.530,warmup,4310,18.703
86.550,warmup,4311,19.872
86.570,warmup,4312,20.263
86.590,warmup,4313,19.598
86.610,warmup,4314,19.930
86.629,warmup,4315,19.411
86.650,warmup,4316,20.520
86.673,warmup,4317,23.316
86.690,warmup,4318,16.806
86.711,warmup,4319,20.966
86.731,warmup,4320,20.250
86.749,warmup,4321,17.619
86.770,warmup,4322,20.738
86.791,warmup,4323,21.469
86.811,warmup,4324,19.596
86.829,warmup,4325,18.661
86.853,warmup,4326,24.013
86.869,warmup,4327,15.882
86.890,warmup,4328,20.437
86.909,warmup,4329,19.561
86.930,warmup,4330,21.275
86.954,warmup,4331,23.309
86.970,warmup,4332,15.866
86.990,warmup,4333,20.722
87.011,warmup,4334,20.545
87.029,warmup,4335,18.571
87.050,warmup,4336,20.897
87.071,warmup,4337,20.828
87.090,warmup,4338,19.056
87.109,warmup,4339,19.191
87.131,warmup,4340,21.827
87.150,warmup,4341,19.051
87.170,warmup,4342,19.982
87.189,warmup,4343,19.128
87.210,warmup,4344,20.997
87.233,warmup,4345,23.047
87.249,warmup,4346,15.969
87.270,warmup,4347,20.919
87.291,warmup,4348,20.708
87.309,warmup,4349,18.239
87.329,warmup,4350,19.871
87.351,warmup,4351,22.362
87.370,warmup,4352,18.575
87.389,warmup,4353,19.228
87.411,warmup,4354,21.963
87.430,warmup,4355,19.015
87.450,warmup,4356,19.972
87.469,warmup,4357,18.858
87.490,warmup,4358,21.103
87.513,warmup,4359,22.915
87.529,warmup,4360,16.293
87.550,warmup,4361,20.897
87.571,warmup,4362,20.364
87.590,warmup,4363,19.312
87.609,warmup,4364,19.331
87.631,warmup,4365,21.560
87.650,warmup,4366,18.950
87.671,warmup,4367,20.997
87.690,warmup,4368,18.743
87.711,warmup,4369,21.538
87.731,warmup,4370,19.697
87.750,warmup,4371,18.877
87.770,warmup,4372,20.697
87.794,warmup,4373,23.976
87.809,warmup,4374,14.960
87.830,warmup,4375,20.908
87.852,warmup,4376,21.803
87.871,warmup,4377,19.352
87.888,warmup,4378,17.115
87.911,warmup,4379,22.680
87.930,warmup,4380,18.481
87.951,warmup,4381,20.987
87.972,warmup,4382,20.910
87.991,warmup,4383,19.115
88.011,warmup,4384,20.107
88.030,warmup,4385,19.103
88.050,warmup,4386,20.227
88.074,warmup,4387,23.725
88.090,warmup,4388,16.200
88.110,warmup,4389,19.544
88.132,warmup,4390,22.013
88.150,warmup,4391,18.095
88.171,warmup,4392,21.154
88.191,warmup,4393,20.452
88.210,warmup,4394,18.434
88.231,warmup,4395,20.907
88.250,warmup,4396,19.233
88.270,warmup,4397,19.903
88.291,warmup,4398,21.115
88.309,warmup,4399,18.297
88.330,warmup,4400,21.097
88.354,warmup,4401,23.421
88.371,warmup,4402,17.029
88.390,warmup,4403,19.653
88.411,warmup,4404,20.823
88.429,warmup,4405,18.028
88.450,warmup,4406,21.188
88.471,warmup,4407,20.218
88.490,warmup,4408,19.652
88.511,warmup,4409,20.404
88.532,warmup,4410,21.739
88.550,warmup,4411,18.001
88.569,warmup,4412,18.708
88.590,warmup,4413,20.680
88.610,warmup,4414,20.407
88.634,warmup,4415,23.971
88.650,warmup,4416,15.972
88.671,warmup,4417,20.925
88.692,warmup,4418,20.868
88.710,warmup,4419,18.197
88.729,warmup,4420,19.020
88.751,warmup,4421,21.894
88.771,warmup,4422,19.613
88.789,warmup,4423,18.786
88.811,warmup,4424,21.571
88.831,warmup,4425,20.034
88.851,warmup,4426,19.863
88.871,warmup,4427,19.707
88.890,warmup,4428,18.900
88.914,warmup,4429,24.637
88.930,warmup,4430,15.913
88.950,warmup,4431,20.019
88.972,warmup,4432,21.455
88.990,warmup,4433,18.409
89.012,warmup,4434,22.001
89.032,warmup,4435,19.643
89.050,warmup,4436,18.235
89.071,warmup,4437,21.168
89.090,warmup,4438,18.986
89.110,warmup,4439,20.045
89.131,warmup,4440,20.821
89.150,warmup,4441,19.067
89.170,warmup,4442,20.290
89.194,warmup,4443,23.281
89.210,warmup,4444,16.512
89.230,warmup,4445,19.828
89.252,warmup,4446,21.878
89.271,warmup,4447,19.159
89.290,warmup,4448,19.230
89.311,warmup,4449,21.126
89.329,warmup,4450,17.914
89.352,warmup,4451,22.691
89.371,warmup,4452,19.351
89.391,warmup,4453,19.749
89.408,warmup,4454,17.156
89.428,warmup,4455,20.018
89.450,warmup,4456,22.206
89.473,warmup,4457,22.314
89.489,warmup,4458,16.566
89.510,warmup,4459,21.141
89.532,warmup,4460,21.710
89.550,warmup,4461,17.510
89.569,warmup,4462,19.734
89.592,warmup,4463,22.578
89.611,warmup,4464,19.311
89.631,warmup,4465,19.692
89.651,warmup,4466,20.340
89.670,warmup,4467,18.564
89.689,warmup,4468,19.299
89.709,warmup,4469,20.151
89.730,warmup,4470,21.119
89.754,warmup,4471,23.555
89.768,warmup,4472,14.376
89.789,warmup,4473,21.150
89.810,warmup,4474,20.914
89.829,warmup,4475,19.015
89.850,warmup,4476,20.648
89.871,warmup,4477,20.673
89.890,warmup,4478,19.699
89.911,warmup,4479,20.139
89.931,warmup,4480,20.200
89.950,warmup,4481,19.064
89.970,warmup,4482,19.847
89.989,warmup,4483,19.250
90.011,warmup,4484,21.970
90.033,warmup,4485,22.396
90.050,warmup,4486,16.562
90.071,warmup,4487,21.090
90.091,warmup,4488,20.237
90.110,warmup,4489,18.714
90.132,warmup,4490,21.808
90.151,warmup,4491,19.615
90.170,warmup,4492,19.017
90.190,warmup,4493,20.088
90.211,warmup,4494,20.893
90.229,warmup,4495,17.934
90.251,warmup,4496,21.426
90.269,warmup,4497,18.688
90.290,warmup,4498,20.411
90.313,warmup,4499,22.897
90.330,warmup,4500,17.490
90.351,warmup,4501,20.922
90.371,warmup,4502,20.408
90.390,warmup,4503,18.549
90.411,warmup,4504,21.040
90.431,warmup,4505,20.328
90.449,warmup,4506,18.044
90.471,warmup,4507,21.195
90.491,warmup,4508,20.091
90.511,warmup,4509,20.148
90.531,warmup,4510,20.318
90.550,warmup,4511,18.710
90.570,warmup,4512,20.188
90.593,warmup,4513,23.289
90.609,warmup,4514,16.131
90.630,warmup,4515,20.851
90.651,warmup,4516,20.725
90.670,warmup,4517,19.087
90.690,warmup,4518,19.659
90.711,warmup,4519,21.404
90.730,warmup,4520,18.813
90.751,warmup,4521,21.039
90.771,warmup,4522,19.476
90.791,warmup,4523,20.254
90.810,warmup,4524,19.346
90.830,warmup,4525,19.703
90.851,warmup,4526,21.213
90.875,warmup,4527,23.579
90.890,warmup,4528,15.161
90.915,warmup,4529,24.731
90.932,warmup,4530,17.176
90.951,warmup,4531,18.950
90.971,warmup,4532,20.708
90.991,warmup,4533,19.852
91.010,warmup,4534,19.253
91.031,warmup,4535,20.241
91.051,warmup,4536,19.884
91.071,warmup,4537,19.986
91.089,warmup,4538,18.497
91.109,warmup,4539,20.191
91.130,warmup,4540,20.842
91.155,warmup,4541,24.624
91.169,warmup,4542,14.364
91.190,warmup,4543,21.026
91.213,warmup,4544,22.620
91.231,warmup,4545,17.976
91.250,warmup,4546,19.129
91.271,warmup,4547,21.633
91.291,warmup,4548,19.344
91.310,warmup,4549,19.576
91.331,warmup,4550,21.021
91.350,warmup,4551,19.071
91.371,warmup,4552,20.060
91.389,warmup,4553,18.881
91.408,warmup,4554,18.927
91.435,warmup,4555,26.987
91.450,warmup,4556,14.259
91.470,warmup,4557,20.702
91.492,warmup,4558,21.326
91.510,warmup,4559,17.883
91.531,warmup,4560,20.982
91.552,warmup,4561,21.298
91.568,warmup,4562,16.376
91.590,warmup,4563,22.133
91.611,warmup,4564,20.844
91.630,warmup,4565,19.345
91.651,warmup,4566,20.385
91.670,warmup,4567,18.836
91.689,warmup,4568,19.705
91.714,warmup,4569,24.545
91.729,warmup,4570,15.314
91.752,warmup,4571,22.280
91.771,warmup,4572,19.676
91.791,warmup,4573,19.803
91.811,warmup,4574,19.761
91.832,warmup,4575,20.866
91.851,warmup,4576,19.001
91.871,warmup,4577,20.140
91.891,warmup,4578,20.235
91.910,warmup,4579,18.720
91.931,warmup,4580,21.282
91.949,warmup,4581,18.292
91.971,warmup,4582,21.711
91.994,warmup,4583,22.481
92.010,warmup,4584,16.185
92.031,warmup,4585,21.011
92.051,warmup,4586,20.517
92.070,warmup,4587,18.505
92.090,warmup,4588,20.009
92.113,warmup,4589,23.188
92.131,warmup,4590,17.620
92.151,warmup,4591,20.212
92.171,warmup,4592,19.923
92.191,warmup,4593,19.968
92.210,warmup,4594,19.379
92.229,warmup,4595,19.161
92.250,warmup,4596,21.241
92.274,warmup,4597,23.227
92.291,warmup,4598,17.703
92.311,warmup,4599,19.792
92.331,warmup,4600,19.864
92.351,warmup,4601,20.108
92.371,warmup,4602,20.109
92.392,warmup,4603,20.274
92.411,warmup,4604,19.097
92.431,warmup,4605,19.960
92.452,warmup,4606,21.239
92.471,warmup,4607,18.802
92.491,warmup,4608,20.035
92.510,warmup,4609,19.057
92.531,warmup,4610,21.100
92.554,warmup,4611,23.616
92.569,warmup,4612,14.848
92.590,warmup,4613,21.070
92.612,warmup,4614,21.798
92.630,warmup,4615,17.571
92.651,warmup,4616,21.314
92.672,warmup,4617,20.678
92.690,warmup,4618,18.227
92.710,warmup,4619,20.344
92.732,warmup,4620,21.267
92.750,warmup,4621,18.212
92.770,warmup,4622,20.619
92.791,warmup,4623,20.244
92.810,warmup,4624,19.454
92.835,warmup,4625,24.583
92.850,warmup,4626,15.049
92.871,warmup,4627,20.859
92.892,warmup,4628,21.444
92.910,warmup,4629,18.242
92.930,warmup,4630,19.363
92.952,warmup,4631,22.813
92.970,warmup,4632,17.516
92.990,warmup,4633,20.001
93.011,warmup,4634,20.911
93.031,warmup,4635,20.192
93.051,warmup,4636,19.775
93.070,warmup,4637,18.773
93.090,warmup,4638,20.821
93.114,warmup,4639,23.398
93.128,warmup,4640,14.552
93.150,warmup,4641,21.438
93.172,warmup,4642,22.548
93.191,warmup,4643,18.148
93.209,warmup,4644,18.644
93.231,warmup,4645,21.848
93.250,warmup,4646,19.467
93.269,warmup,4647,18.740
93.290,warmup,4648,21.099
93.309,warmup,4649,18.700
93.331,warmup,4650,21.802
93.349,warmup,4651,18.088
93.372,warmup,4652,23.145
93.395,warmup,4653,22.979
93.411,warmup,4654,15.783
93.431,warmup,4655,20.254
93.452,warmup,4656,21.125
93.470,warmup,4657,17.588
93.491,warmup,4658,21.102
93.512,warmup,4659,21.430
93.531,warmup,4660,19.044
93.550,warmup,4661,18.651
93.571,warmup,4662,20.752
93.591,warmup,4663,20.008
93.610,warmup,4664,19.526
93.630,warmup,4665,19.443
93.650,warmup,4666,20.657
93.674,warmup,4667,23.436
93.689,warmup,4668,15.531
93.710,warmup,4669,20.879
93.731,warmup,4670,20.580
93.751,warmup,4671,20.270
93.770,warmup,4672,18.754
93.792,warmup,4673,21.744
93.812,warmup,4674,20.020
93.830,warmup,4675,18.229
93.852,warmup,4676,22.287
93.870,warmup,4677,17.995
93.891,warmup,4678,20.537
93.910,warmup,4679,19.405
93.930,warmup,4680,20.173
93.954,warmup,4681,23.509
93.969,warmup,4682,15.367
93.990,warmup,4683,20.979
94.011,warmup,4684,21.362
94.030,warmup,4685,19.044
94.050,warmup,4686,19.522
94.071,warmup,4687,21.037
94.090,warmup,4688,19.034
94.109,warmup,4689,19.193
94.131,warmup,4690,21.747
94.150,warmup,4691,19.173
94.170,warmup,4692,19.930
94.189,warmup,4693,19.010
94.209,warmup,4694,19.954
94.234,warmup,4695,24.749
94.250,warmup,4696,15.744
94.269,warmup,4697,19.575
94.291,warmup,4698,22.088
94.310,warmup,4699,19.154
94.330,warmup,4700,19.756
94.352,warmup,4701,21.639
94.371,warmup,4702,18.980
94.390,warmup,4703,18.746
94.410,warmup,4704,20.873
94.430,warmup,4705,20.041
94.451,warmup,4706,20.122
94.469,warmup,4707,18.841
94.490,warmup,4708,21.081
94.514,warmup,4709,23.981
94.529,warmup,4710,14.376
94.551,warmup,4711,22.090
94.572,warmup,4712,20.600
94.589,warmup,4713,17.963
94.610,warmup,4714,20.697
94.631,warmup,4715,20.943
94.649,warmup,4716,18.340
94.670,warmup,4717,20.860
94.690,warmup,4718,20.126
94.710,warmup,4719,19.804
94.730,warmup,4720,19.529
94.750,warmup,4721,20.461
94.771,warmup,4722,20.623
94.795,warmup,4723,23.877
94.811,warmup,4724,16.398
94.830,warmup,4725,18.555
94.852,warmup,4726,22.425
94.869,warmup,4727,16.896
94.890,warmup,4728,21.294
94.911,warmup,4729,20.809
94.930,warmup,4730,19.073
94.950,warmup,4731,19.828
94.971,warmup,4732,21.197
94.989,warmup,4733,17.867
95.010,warmup,4734,21.160
95.029,warmup,4735,18.882
95.050,warmup,4736,20.976
95.074,warmup,4737,23.647
95.089,warmup,4738,15.267
95.109,warmup,4739,19.697
95.131,warmup,4740,22.322
95.150,warmup,4741,19.300
95.169,warmup,4742,19.104
95.192,warmup,4743,22.710
95.210,warmup,4744,17.794
95.230,warmup,4745,19.943
95.250,warmup,4746,20.162
95.270,warmup,4747,19.816
95.291,warmup,4748,21.186
95.309,warmup,4749,18.378
95.330,warmup,4750,20.787
95.354,warmup,4751,23.317
95.369,warmup,4752,15.497
95.389,warmup,4753,20.218
95.411,warmup,4754,21.272
95.430,warmup,4755,19.586
95.449,warmup,4756,19.026
95.471,warmup,4757,22.043
95.490,warmup,4758,18.675
95.512,warmup,4759,22.195
95.531,warmup,4760,18.769
95.551,warmup,4761,19.987
95.571,warmup,4762,19.739
95.589,warmup,4763,18.083
95.610,warmup,4764,21.411
95.634,warmup,4765,23.483
95.650,warmup,4766,16.087
95.670,warmup,4767,19.919
95.691,warmup,4768,21.957
95.709,warmup,4769,17.969
95.730,warmup,4770,20.441
95.751,warmup,4771,20.691
95.768,warmup,4772,17.692
95.790,warmup,4773,21.925
95.810,warmup,4774,20.105
95.829,warmup,4775,18.608
95.851,warmup,4776,21.799
95.869,warmup,4777,18.741
95.890,warmup,4778,20.331
95.913,warmup,4779,23.170
95.929,warmup,4780,16.438
95.949,warmup,4781,19.879
95.970,warmup,4782,21.054
95.988,warmup,4783,18.040
96.009,warmup,4784,20.797
96.030,warmup,4785,20.720
96.050,warmup,4786,20.389
96.069,warmup,4787,18.968
96.090,warmup,4788,20.295
96.109,warmup,4789,19.842
96.129,warmup,4790,19.798
96.148,warmup,4791,19.240
96.168,warmup,4792,20.002
96.193,warmup,4793,24.942
96.208,warmup,4794,14.790
96.230,warmup,4795,21.794
96.250,warmup,4796,20.299
96.269,warmup,4797,19.229
96.289,warmup,4798,19.922
96.310,warmup,4799,20.683
96.329,warmup,4800,18.457
96.351,warmup,4801,22.081
96.371,warmup,4802,20.041
96.389,warmup,4803,17.960
96.410,warmup,4804,21.046
96.429,warmup,4805,18.952
96.451,warmup,4806,22.053
96.472,warmup,4807,21.715
96.490,warmup,4808,17.252
96.509,warmup,4809,19.722
96.531,warmup,4810,21.660
96.550,warmup,4811,19.413
96.569,warmup,4812,18.710
96.592,warmup,4813,22.420
96.610,warmup,4814,18.067
96.630,warmup,4815,20.098
96.650,warmup,4816,20.093
96.670,warmup,4817,20.611
96.688,warmup,4818,17.999
96.709,warmup,4819,21.059
96.730,warmup,4820,20.219
96.753,warmup,4821,23.165
96.770,warmup,4822,16.668
96.790,warmup,4823,20.091
96.811,warmup,4824,20.918
96.830,warmup,4825,19.037
96.850,warmup,4826,20.737
96.870,warmup,4827,19.886
96.890,warmup,4828,19.413
96.908,warmup,4829,18.641
96.930,warmup,4830,22.124
96.948,warmup,4831,17.950
96.969,warmup,4832,20.895
96.988,warmup,4833,19.067
97.010,warmup,4834,22.158
97.032,warmup,4835,21.793
97.049,warmup,4836,16.963
97.068,warmup,4837,19.117
97.090,warmup,4838,21.606
97.110,warmup,4839,19.862
97.131,warmup,4840,21.214
97.150,warmup,4841,19.141
97.169,warmup,4842,19.231
97.189,warmup,4843,20.004
97.210,warmup,4844,20.279
97.230,warmup,4845,20.010
97.250,warmup,4846,19.989
97.270,warmup,4847,19.903
97.290,warmup,4848,20.017
97.313,warmup,4849,23.214
97.329,warmup,4850,16.473
97.350,warmup,4851,20.307
97.371,warmup,4852,21.216
97.390,warmup,4853,18.772
97.410,warmup,4854,20.045
97.430,warmup,4855,20.157
97.450,warmup,4856,19.836
97.471,warmup,4857,20.983
97.491,warmup,4858,19.960
97.509,warmup,4859,18.247
97.530,warmup,4860,21.053
97.550,warmup,4861,20.032
97.569,warmup,4862,19.608
97.594,warmup,4863,24.093
97.610,warmup,4864,16.369
97.630,warmup,4865,19.584
97.651,warmup,4866,21.088
97.671,warmup,4867,20.136
97.689,warmup,4868,17.849
97.710,warmup,4869,21.644
97.729,warmup,4870,18.263
97.749,warmup,4871,20.231
97.770,warmup,4872,21.524
97.789,warmup,4873,18.941
97.809,warmup,4874,20.029
97.828,warmup,4875,19.212
97.850,warmup,4876,21.238
97.873,warmup,4877,22.825
97.890,warmup,4878,17.118
97.911,warmup,4879,21.202
97.930,warmup,4880,19.521
97.950,warmup,4881,19.327
97.969,warmup,4882,19.738
97.990,warmup,4883,20.650
98.009,warmup,4884,19.414
98.030,warmup,4885,20.278
98.050,warmup,4886,20.173
98.070,warmup,4887,19.835
98.090,warmup,4888,20.311
98.110,warmup,4889,19.609
98.131,warmup,4890,20.972
98.152,warmup,4891,21.318
98.169,warmup,4892,17.006
98.190,warmup,4893,20.689
98.211,warmup,4894,21.118
98.229,warmup,4895,18.643
98.249,warmup,4896,19.970
98.273,warmup,4897,23.449
98.289,warmup,4898,16.196
98.311,warmup,4899,21.742
98.331,warmup,4900,19.727
98.350,warmup,4901,19.655
98.369,warmup,4902,18.962
98.388,warmup,4903,18.930
98.409,warmup,4904,21.147
98.432,warmup,4905,22.900
98.448,warmup,4906,16.148
98.469,warmup,4907,20.951
98.490,warmup,4908,20.643
98.510,warmup,4909,20.593
98.529,warmup,4910,19.032
98.551,warmup,4911,21.358
98.570,warmup,4912,19.361
98.588,warmup,4913,18.141
98.610,warmup,4914,21.224
98.628,warmup,4915,18.675
98.649,warmup,4916,21.119
98.669,warmup,4917,19.202
98.688,warmup,4918,19.668
98.712,warmup,4919,24.087
98.729,warmup,4920,16.926
98.751,warmup,4921,21.306
98.770,warmup,4922,19.526
98.789,warmup,4923,19.173
98.809,warmup,4924,20.013
98.830,warmup,4925,20.965
98.849,warmup,4926,18.969
98.869,warmup,4927,19.565
98.889,warmup,4928,20.201
98.909,warmup,4929,20.377
98.928,warmup,4930,19.127
98.948,warmup,4931,19.945
98.970,warmup,4932,22.026
98.992,warmup,4933,21.949
99.009,warmup,4934,16.923
99.029,warmup,4935,19.397
99.050,warmup,4936,21.472
99.069,warmup,4937,19.236
99.089,warmup,4938,19.185
99.110,warmup,4939,21.183
99.129,warmup,4940,19.683
99.148,warmup,4941,18.936
99.169,warmup,4942,21.065
99.190,warmup,4943,20.760
99.209,warmup,4944,19.221
99.229,warmup,4945,20.026
99.249,warmup,4946,19.988
99.273,warmup,4947,23.944
99.288,warmup,4948,14.935
99.311,warmup,4949,22.762
99.330,warmup,4950,19.376
99.349,warmup,4951,18.900
99.369,warmup,4952,19.805
99.391,warmup,4953,21.884
99.409,warmup,4954,18.204
99.429,warmup,4955,19.965
99.450,warmup,4956,21.144
99.469,warmup,4957,18.841
99.489,warmup,4958,20.063
99.509,warmup,4959,20.084
99.529,warmup,4960,20.050
99.553,warmup,4961,23.326
99.567,warmup,4962,14.446
99.589,warmup,4963,21.891
99.611,warmup,4964,21.479
99.629,warmup,4965,18.686
99.649,warmup,4966,20.117
99.669,warmup,4967,20.116
99.689,warmup,4968,19.883
99.709,warmup,4969,19.868
99.730,warmup,4970,20.846
99.750,warmup,4971,19.435
99.769,warmup,4972,19.509
99.788,warmup,4973,19.211
99.810,warmup,4974,21.979
99.832,warmup,4975,22.026
99.848,warmup,4976,16.117
99.868,warmup,4977,20.075
99.890,warmup,4978,21.999
99.909,warmup,4979,18.854
99.928,warmup,4980,19.091
99.950,warmup,4981,21.549
99.968,warmup,4982,18.340
99.990,warmup,4983,21.749
100.010,warmup,4984,19.848
100.030,warmup,4985,20.140
100.048,warmup,4986,18.101
100.069,warmup,4987,21.015
100.089,warmup,4988,20.087
100.113,warmup,4989,23.328
100.129,warmup,4990,16.662
100.150,warmup,4991,20.740
100.171,warmup,4992,20.572
100.190,warmup,4993,19.326
100.209,warmup,4994,19.339
100.230,warmup,4995,21.113
100.250,warmup,4996,19.760
100.269,warmup,4997,19.131
100.291,warmup,4998,21.353
100.309,warmup,4999,18.709
100.328,warmup,5000,18.854
100.349,warmup,5001,21.140
100.370,warmup,5002,20.920
100.392,warmup,5003,21.974
100.408,warmup,5004,16.154
100.430,warmup,5005,21.436
100.451,warmup,5006,21.152
100.470,warmup,5007,18.896
100.490,warmup,5008,20.190
100.511,warmup,5009,21.391
100.529,warmup,5010,17.581
100.550,warmup,5011,21.227
100.570,warmup,5012,19.652
100.591,warmup,5013,21.211
100.610,warmup,5014,18.910
100.629,warmup,5015,18.676
100.650,warmup,5016,21.259
100.672,warmup,5017,22.585
100.690,warmup,5018,17.244
100.711,warmup,5019,21.244
100.730,warmup,5020,19.192
100.750,warmup,5021,19.837
100.768,warmup,5022,18.477
100.790,warmup,5023,21.685
100.810,warmup,5024,19.472
100.830,warmup,5025,19.923
100.851,warmup,5026,21.112
100.870,warmup,5027,19.772
100.889,warmup,5028,18.363
100.910,warmup,5029,21.348
100.929,warmup,5030,19.097
100.953,warmup,5031,23.325
100.968,warmup,5032,15.666
100.989,warmup,5033,21.046
101.010,warmup,5034,20.770
101.030,warmup,5035,19.545
101.049,warmup,5036,19.637
101.069,warmup,5037,20.257
101.089,warmup,5038,19.991
101.109,warmup,5039,19.808
101.129,warmup,5040,20.124
101.149,warmup,5041,19.832
101.169,warmup,5042,20.174
101.187,warmup,5043,18.109
101.210,warmup,5044,22.118
101.232,warmup,5045,22.849
101.249,warmup,5046,16.182
101.269,warmup,5047,20.631
101.290,warmup,5048,20.646
101.309,warmup,5049,19.382
101.329,warmup,5050,20.036
101.351,warmup,5051,21.370
101.369,warmup,5052,18.456
101.389,warmup,5053,20.267
101.410,warmup,5054,20.842
101.429,warmup,5055,18.848
101.448,warmup,5056,19.196
101.468,warmup,5057,19.907
101.489,warmup,5058,21.012
101.514,warmup,5059,24.305
101.529,warmup,5060,15.802
101.550,warmup,5061,20.698
101.570,warmup,5062,20.193
101.590,warmup,5063,19.637
101.609,warmup,5064,19.239
101.630,warmup,5065,21.341
101.650,warmup,5066,19.349
101.670,warmup,5067,19.737
101.689,warmup,5068,19.703
101.709,warmup,5069,20.127
101.730,warmup,5070,20.471
101.750,warmup,5071,20.355
101.769,warmup,5072,18.454
101.793,warmup,5073,24.372
101.810,warmup,5074,16.642
101.829,warmup,5075,19.118
101.851,warmup,5076,22.658
101.870,warmup,5077,18.152
101.890,warmup,5078,20.342
101.911,warmup,5079,21.421
101.930,warmup,5080,18.564
101.951,warmup,5081,20.729
101.970,warmup,5082,19.054
101.991,warmup,5083,21.072
102.010,warmup,5084,18.783
102.030,warmup,5085,20.282
102.050,warmup,5086,19.744
102.073,warmup,5087,23.594
102.090,warmup,5088,16.497
102.110,warmup,5089,19.989
102.131,warmup,5090,21.002
102.150,warmup,5091,18.972
102.171,warmup,5092,21.104
102.191,warmup,5093,19.997
102.210,warmup,5094,19.006
102.230,warmup,5095,20.558
102.250,warmup,5096,19.712
102.270,warmup,5097,19.765
102.290,warmup,5098,20.177
102.310,warmup,5099,19.686
102.330,warmup,5100,20.851
102.354,warmup,5101,23.101
102.370,warmup,5102,16.017
102.390,warmup,5103,20.008
102.411,warmup,5104,21.113
102.429,warmup,5105,18.758
102.450,warmup,5106,20.164
102.471,warmup,5107,21.345
102.492,warmup,5108,20.641
102.509,warmup,5109,17.058
102.531,warmup,5110,22.646
102.550,warmup,5111,19.002
102.569,warmup,5112,18.684
102.589,warmup,5113,20.103
102.609,warmup,5114,20.295
102.632,warmup,5115,22.826
102.649,warmup,5116,16.919
102.669,warmup,5117,19.634
102.691,warmup,5118,21.771
102.709,warmup,5119,18.775
102.729,warmup,5120,20.048
102.751,warmup,5121,22.085
102.769,warmup,5122,17.785
102.789,warmup,5123,20.153
102.811,warmup,5124,21.084
102.830,warmup,5125,19.056
102.850,warmup,5126,20.784
102.869,warmup,5127,18.957
102.889,warmup,5128,19.446
102.913,warmup,5129,23.843
102.930,warmup,5130,17.457
102.950,warmup,5131,19.814
102.971,warmup,5132,21.369
102.990,warmup,5133,18.699
103.011,warmup,5134,20.915
103.031,warmup,5135,19.989
103.050,warmup,5136,19.006
103.070,warmup,5137,20.102
103.091,warmup,5138,21.091
103.110,warmup,5139,18.913
103.131,warmup,5140,21.029
103.151,warmup,5141,20.502
103.170,warmup,5142,18.515
103.193,warmup,5143,23.223
103.209,warmup,5144,15.975
103.229,warmup,5145,20.078
103.251,warmup,5146,21.391
103.270,warmup,5147,18.941
103.290,warmup,5148,20.364
103.311,warmup,5149,20.543
103.331,warmup,5150,20.006
103.350,warmup,5151,19.977
103.371,warmup,5152,20.012
103.390,warmup,5153,19.052
103.411,warmup,5154,20.949
103.429,warmup,5155,18.939
103.450,warmup,5156,20.122
103.473,warmup,5157,23.605
103.490,warmup,5158,16.401
103.510,warmup,5159,20.132
103.531,warmup,5160,21.368
103.550,warmup,5161,19.107
103.570,warmup,5162,20.311
103.590,warmup,5163,19.628
103.610,warmup,5164,19.933
103.629,warmup,5165,19.202
103.650,warmup,5166,20.397
103.668,warmup,5167,18.724
103.689,warmup,5168,20.738
103.709,warmup,5169,20.080
103.730,warmup,5170,20.812
103.753,warmup,5171,23.334
103.770,warmup,5172,16.383
103.790,warmup,5173,20.157
103.811,warmup,5174,21.137
103.829,warmup,5175,17.706
103.851,warmup,5176,22.159
103.871,warmup,5177,19.629
103.890,warmup,5178,19.445
103.910,warmup,5179,19.798
103.930,warmup,5180,20.148
103.950,warmup,5181,20.057
103.970,warmup,5182,19.801
103.990,warmup,5183,20.211
104.011,warmup,5184,20.898
104.033,warmup,5185,22.109
104.050,warmup,5186,16.850
104.070,warmup,5187,19.987
104.091,warmup,5188,21.570
104.110,warmup,5189,18.436
104.130,warmup,5190,20.063
104.150,warmup,5191,20.110
104.170,warmup,5192,20.103
104.190,warmup,5193,19.746
104.210,warmup,5194,20.054
104.230,warmup,5195,20.144
104.249,warmup,5196,18.994
104.268,warmup,5197,19.207
104.289,warmup,5198,20.493
104.313,warmup,5199,24.588
104.328,warmup,5200,14.515
104.350,warmup,5201,22.517
104.370,warmup,5202,20.070
104.390,warmup,5203,19.228
104.410,warmup,5204,20.009
104.430,warmup,5205,20.250
104.450,warmup,5206,20.263
104.470,warmup,5207,19.444
104.491,warmup,5208,20.983
104.510,warmup,5209,19.216
104.530,warmup,5210,20.223
104.548,warmup,5211,17.793
104.569,warmup,5212,21.586
104.593,warmup,5213,23.439
104.610,warmup,5214,16.812
104.631,warmup,5215,21.568
104.650,warmup,5216,19.146
104.668,warmup,5217,17.945
104.689,warmup,5218,20.459
104.710,warmup,5219,21.355
104.729,warmup,5220,18.797
104.750,warmup,5221,20.858
104.770,warmup,5222,20.659
104.790,warmup,5223,19.176
104.810,warmup,5224,19.973
104.829,warmup,5225,19.102
104.851,warmup,5226,21.802
104.873,warmup,5227,22.143
104.890,warmup,5228,17.208
104.909,warmup,5229,18.699
104.930,warmup,5230,21.929
104.950,warmup,5231,19.199
104.970,warmup,5232,19.838
104.990,warmup,5233,20.661
105.009,warmup,5234,18.927
105.029,warmup,5235,20.253
105.048,warmup,5236,18.773
105.069,warmup,5237,21.104
105.089,warmup,5238,20.013
105.108,warmup,5239,18.974
105.129,warmup,5240,21.082
105.152,warmup,5241,22.790
105.169,warmup,5242,17.325
105.190,warmup,5243,20.672
105.211,warmup,5244,20.524
105.230,warmup,5245,18.990
105.249,warmup,5246,18.983
105.270,warmup,5247,21.438
105.289,warmup,5248,18.963
105.310,warmup,5249,21.016
105.331,warmup,5250,20.633
105.351,warmup,5251,20.037
105.369,warmup,5252,18.774
105.389,warmup,5253,19.141
105.410,warmup,5254,20.922
105.433,warmup,5255,23.170
105.450,warmup,5256,16.926
105.471,warmup,5257,20.928
105.490,warmup,5258,19.856
105.509,warmup,5259,18.324
105.530,warmup,5260,20.956
105.552,warmup,5261,21.892
105.569,warmup,5262,17.833
105.589,warmup,5263,20.015
105.610,warmup,5264,20.387
105.629,warmup,5265,19.533
105.650,warmup,5266,21.121
105.669,warmup,5267,19.003
105.691,warmup,5268,21.044
105.712,warmup,5269,21.548
105.729,warmup,5270,16.954
105.750,warmup,5271,21.151
105.771,warmup,5272,20.385
105.790,warmup,5273,19.471
105.809,warmup,5274,19.252
105.830,warmup,5275,20.909
105.850,warmup,5276,20.035
105.869,warmup,5277,18.890
105.891,warmup,5278,21.681
105.908,warmup,5279,17.472
105.929,warmup,5280,21.160
105.948,warmup,5281,18.726
105.969,warmup,5282,21.093
105.992,warmup,5283,22.924
106.009,warmup,5284,17.242
106.030,warmup,5285,20.605
106.050,warmup,5286,20.178
106.070,warmup,5287,19.781
106.090,warmup,5288,20.148
106.111,warmup,5289,20.529
106.130,warmup,5290,19.347
106.150,warmup,5291,19.866
106.169,warmup,5292,19.187
106.190,warmup,5293,20.814
106.211,warmup,5294,21.300
106.231,warmup,5295,19.693
106.250,warmup,5296,19.152
106.272,warmup,5297,21.840
106.290,warmup,5298,17.850
106.310,warmup,5299,19.839
106.330,warmup,5300,20.303
106.349,warmup,5301,18.828
106.370,warmup,5302,20.942
106.390,warmup,5303,20.883
106.410,warmup,5304,19.149
106.430,warmup,5305,20.062
106.451,warmup,5306,21.072
106.469,warmup,5307,17.880
106.490,warmup,5308,21.029
106.510,warmup,5309,20.306
106.529,warmup,5310,19.114
106.553,warmup,5311,23.613
106.569,warmup,5312,16.610
106.589,warmup,5313,20.155
106.610,warmup,5314,20.995
106.628,warmup,5315,17.600
106.649,warmup,5316,21.239
106.670,warmup,5317,20.631
106.690,warmup,5318,19.889
106.709,warmup,5319,19.000
106.731,warmup,5320,21.721
106.750,warmup,5321,19.206
106.770,warmup,5322,20.711
106.789,warmup,5323,18.235
106.810,warmup,5324,21.032
106.833,warmup,5325,22.997
106.850,warmup,5326,16.931
106.869,warmup,5327,19.837
106.891,warmup,5328,21.053
106.910,warmup,5329,18.959
106.929,warmup,5330,19.053
106.950,warmup,5331,21.492
106.970,warmup,5332,19.555
106.990,warmup,5333,20.018
107.012,warmup,5334,21.938
107.030,warmup,5335,18.149
107.050,warmup,5336,19.919
107.069,warmup,5337,18.979
107.090,warmup,5338,21.090
107.113,warmup,5339,23.037
107.130,warmup,5340,16.971
107.150,warmup,5341,19.841
107.171,warmup,5342,21.160
107.190,warmup,5343,18.861
107.210,warmup,5344,20.269
107.231,warmup,5345,20.664
107.249,warmup,5346,18.743
107.269,warmup,5347,20.093
107.291,warmup,5348,21.508
107.310,warmup,5349,19.645
107.330,warmup,5350,19.840
107.350,warmup,5351,19.242
107.369,warmup,5352,19.919
107.393,warmup,5353,23.438
107.409,warmup,5354,16.482
107.429,warmup,5355,20.038
107.451,warmup,5356,21.620
107.469,warmup,5357,18.321
107.490,warmup,5358,20.136
107.511,warmup,5359,21.170
107.529,warmup,5360,18.387
107.550,warmup,5361,21.219
107.570,warmup,5362,19.758
107.589,warmup,5363,18.990
107.610,warmup,5364,21.091
107.630,warmup,5365,19.655
107.651,warmup,5366,21.605
107.673,warmup,5367,21.425
107.688,warmup,5368,15.489
107.709,warmup,5369,20.924
107.730,warmup,5370,21.160
107.750,warmup,5371,19.964
107.768,warmup,5372,17.659
107.791,warmup,5373,23.068
107.810,warmup,5374,18.990
107.830,warmup,5375,20.018
107.851,warmup,5376,21.016
107.869,warmup,5377,17.984
107.890,warmup,5378,21.115
107.908,warmup,5379,17.813
107.929,warmup,5380,21.154
107.952,warmup,5381,23.142
107.969,warmup,5382,16.740
107.989,warmup,5383,20.096
108.010,warmup,5384,21.271
108.029,warmup,5385,19.017
108.049,warmup,5386,19.588
108.070,warmup,5387,20.516
108.089,warmup,5388,19.597
108.109,warmup,5389,20.212
108.129,warmup,5390,19.842
108.149,warmup,5391,19.816
108.169,warmup,5392,20.166
108.188,warmup,5393,18.917
108.208,warmup,5394,20.385
108.233,warmup,5395,24.089
108.250,warmup,5396,17.213
108.270,warmup,5397,19.890
108.290,warmup,5398,20.796
108.309,warmup,5399,18.724
108.329,warmup,5400,19.922
108.351,warmup,5401,21.819
108.370,warmup,5402,19.380
108.389,warmup,5403,18.785
108.408,warmup,5404,19.078
108.429,warmup,5405,20.911
108.449,warmup,5406,20.064
108.468,warmup,5407,19.162
108.490,warmup,5408,21.830
108.513,warmup,5409,23.109
108.529,warmup,5410,16.085
108.550,warmup,5411,20.217
108.570,warmup,5412,20.674
108.589,warmup,5413,19.056
108.608,warmup,5414,19.079
108.631,warmup,5415,22.340
108.649,warmup,5416,18.682
108.670,warmup,5417,21.107
108.689,warmup,5418,18.748
108.709,warmup,5419,20.085
108.729,warmup,5420,20.071
108.749,warmup,5421,19.222
108.769,warmup,5422,19.917
108.793,warmup,5423,24.919
108.810,warmup,5424,16.135
108.830,warmup,5425,19.991
108.851,warmup,5426,21.166
108.869,warmup,5427,17.771
108.892,warmup,5428,23.228
108.911,warmup,5429,19.003
108.930,warmup,5430,18.940
108.950,warmup,5431,19.816
108.971,warmup,5432,21.075
108.990,warmup,5433,18.982
109.010,warmup,5434,20.911
109.029,warmup,5435,18.201
109.049,warmup,5436,19.853
109.073,warmup,5437,24.465
109.089,warmup,5438,15.905
109.110,warmup,5439,20.648
109.131,warmup,5440,21.106
109.150,warmup,5441,18.943
109.170,warmup,5442,20.121
109.190,warmup,5443,20.349
109.210,warmup,5444,19.472
109.230,warmup,5445,20.814
109.248,warmup,5446,18.142
109.268,warmup,5447,19.828
109.289,warmup,5448,21.146
109.309,warmup,5449,19.758
109.329,warmup,5450,19.403
109.353,warmup,5451,24.731
109.369,warmup,5452,15.897
109.389,warmup,5453,20.015
109.410,warmup,5454,20.843
109.430,warmup,5455,20.072
109.449,warmup,5456,19.106
109.470,warmup,5457,20.636
109.490,warmup,5458,20.302
109.508,warmup,5459,18.142
109.530,warmup,5460,22.062
109.549,warmup,5461,18.989
109.569,warmup,5462,19.665
109.588,warmup,5463,19.058
109.609,warmup,5464,21.173
109.632,warmup,5465,22.837
109.649,warmup,5466,17.033
109.668,warmup,5467,18.867
109.690,warmup,5468,22.082
109.709,warmup,5469,19.047
109.729,warmup,5470,19.819
109.750,warmup,5471,20.887
109.769,warmup,5472,18.894
109.790,warmup,5473,21.148
109.809,warmup,5474,19.009
109.830,warmup,5475,20.919
109.851,warmup,5476,21.084
109.870,warmup,5477,19.159
109.889,warmup,5478,18.900
109.913,warmup,5479,23.586
109.929,warmup,5480,16.329
109.950,warmup,5481,21.272
109.971,warmup,5482,21.289
109.990,warmup,5483,18.548
110.010,warmup,5484,19.912
110.031,warmup,5485,20.758
110.050,warmup,5486,19.151
110.069,warmup,5487,18.987
110.089,warmup,5488,20.307
110.110,warmup,5489,20.529
110.131,warmup,5490,20.993
110.149,warmup,5491,17.838
110.170,warmup,5492,21.270
110.193,warmup,5493,22.787
110.209,warmup,5494,16.934
110.230,warmup,5495,20.571
110.251,warmup,5496,20.547
110.269,warmup,5497,18.386
110.290,warmup,5498,21.014
110.311,warmup,5499,20.557
110.328,warmup,5500,17.440
110.350,warmup,5501,22.139
110.370,warmup,5502,20.141
110.389,warmup,5503,19.042
110.409,warmup,5504,19.787
110.429,warmup,5505,19.898
110.448,warmup,5506,19.347
110.472,warmup,5507,23.874
110.488,warmup,5508,16.109
110.511,warmup,5509,22.158
110.530,warmup,5510,19.992
110.550,warmup,5511,19.470
110.569,warmup,5512,19.356
110.589,warmup,5513,19.946
110.609,warmup,5514,19.798
110.631,warmup,5515,22.065
110.650,warmup,5516,18.661
110.669,warmup,5517,19.227
110.690,warmup,5518,20.671
110.709,warmup,5519,19.474
110.729,warmup,5520,20.248
110.752,warmup,5521,22.369
110.770,warmup,5522,17.858
110.790,warmup,5523,20.356
110.811,warmup,5524,21.099
110.829,warmup,5525,18.232
110.851,warmup,5526,21.844
110.871,warmup,5527,19.909
110.890,warmup,5528,18.478
110.914,warmup,5529,24.877
110.929,warmup,5530,14.981
110.950,warmup,5531,20.243
110.969,warmup,5532,19.782
110.989,warmup,5533,19.857
111.009,warmup,5534,20.126
111.032,warmup,5535,22.887
111.048,warmup,5536,15.665
111.070,warmup,5537,21.779
111.090,warmup,5538,20.207
111.110,warmup,5539,19.751
111.130,warmup,5540,19.933
111.150,warmup,5541,20.116
111.169,warmup,5542,19.439
111.190,warmup,5543,20.810
111.209,warmup,5544,18.995
111.229,warmup,5545,20.346
111.249,warmup,5546,20.134
111.268,warmup,5547,18.760
111.289,warmup,5548,20.992
111.312,warmup,5549,22.917
111.329,warmup,5550,16.593
111.351,warmup,5551,22.062
111.371,warmup,5552,19.698
111.390,warmup,5553,19.463
111.410,warmup,5554,19.942
111.430,warmup,5555,20.393
111.450,warmup,5556,19.938
111.469,warmup,5557,18.720
111.489,warmup,5558,20.028
111.510,warmup,5559,21.129
111.531,warmup,5560,20.924
111.550,warmup,5561,19.072
111.571,warmup,5562,20.681
111.592,warmup,5563,21.693
111.609,warmup,5564,16.089
111.630,warmup,5565,21.661
111.650,warmup,5566,20.123
111.669,warmup,5567,18.588
111.690,warmup,5568,21.347
111.710,warmup,5569,20.042
111.729,warmup,5570,18.942
111.748,warmup,5571,19.035
111.769,warmup,5572,21.120
111.789,warmup,5573,19.839
111.809,warmup,5574,19.605
111.830,warmup,5575,20.853
111.851,warmup,5576,20.941
111.873,warmup,5577,22.738
111.890,warmup,5578,16.440
111.910,warmup,5579,19.650
111.931,warmup,5580,21.099
111.949,warmup,5581,18.060
111.969,warmup,5582,20.026
111.991,warmup,5583,22.464
112.010,warmup,5584,18.398
112.030,warmup,5585,20.881
112.050,warmup,5586,19.144
112.070,warmup,5587,20.097
112.089,warmup,5588,19.541
112.110,warmup,5589,20.947
112.129,warmup,5590,19.040
112.152,warmup,5591,23.187
112.168,warmup,5592,16.063
112.188,warmup,5593,20.045
112.210,warmup,5594,21.919
112.230,warmup,5595,19.530
112.250,warmup,5596,20.195
112.270,warmup,5597,20.158
112.290,warmup,5598,19.600
112.310,warmup,5599,20.037
112.328,warmup,5600,18.106
112.350,warmup,5601,22.107
112.369,warmup,5602,18.906
112.388,warmup,5603,19.239
112.409,warmup,5604,20.756
112.432,warmup,5605,23.106
112.448,warmup,5606,16.146
112.469,warmup,5607,20.828
112.490,warmup,5608,20.815
112.509,warmup,5609,19.291
112.530,warmup,5610,20.685
112.550,warmup,5611,20.139
112.569,warmup,5612,18.927
112.589,warmup,5613,20.096
112.610,warmup,5614,20.812
112.631,warmup,5615,21.265
112.649,warmup,5616,18.251
112.669,warmup,5617,19.898
112.689,warmup,5618,20.012
112.713,warmup,5619,23.788
112.729,warmup,5620,16.049
112.750,warmup,5621,20.715
112.770,warmup,5622,20.083
112.790,warmup,5623,19.703
112.809,warmup,5624,19.664
112.830,warmup,5625,20.683
112.850,warmup,5626,19.707
112.870,warmup,5627,19.947
112.889,warmup,5628,19.583
112.910,warmup,5629,20.401
112.930,warmup,5630,20.169
112.951,warmup,5631,21.147
112.970,warmup,5632,18.778
112.993,warmup,5633,22.820
113.008,warmup,5634,15.047
113.030,warmup,5635,22.339
113.050,warmup,5636,20.420
113.070,warmup,5637,19.410
113.090,warmup,5638,19.905
113.110,warmup,5639,20.785
113.130,warmup,5640,19.265
113.150,warmup,5641,19.876
113.171,warmup,5642,21.138
113.190,warmup,5643,18.948
113.210,warmup,5644,20.051
113.228,warmup,5645,18.465
113.249,warmup,5646,21.209
113.272,warmup,5647,22.632
113.289,warmup,5648,16.939
113.310,warmup,5649,20.597
113.330,warmup,5650,20.540
113.349,warmup,5651,19.032
113.369,warmup,5652,19.852
113.390,warmup,5653,20.951
113.408,warmup,5654,18.099
113.429,warmup,5655,20.965
113.451,warmup,5656,21.541
113.469,warmup,5657,18.598
113.490,warmup,5658,21.050
113.509,warmup,5659,19.072
113.530,warmup,5660,20.313
113.553,warmup,5661,22.992
113.567,warmup,5662,14.374
113.589,warmup,5663,22.047
113.611,warmup,5664,21.824
113.628,warmup,5665,17.384
113.649,warmup,5666,20.988
113.669,warmup,5667,20.093
113.689,warmup,5668,20.101
113.710,warmup,5669,20.888
113.729,warmup,5670,18.831
113.749,warmup,5671,20.269
113.769,warmup,5672,19.868
113.789,warmup,5673,19.461
113.808,warmup,5674,19.715
113.832,warmup,5675,23.974
113.849,warmup,5676,16.795
113.869,warmup,5677,19.834
113.890,warmup,5678,21.100
113.908,warmup,5679,18.072
113.929,warmup,5680,20.923
113.949,warmup,5681,20.351
113.969,warmup,5682,19.528
113.989,warmup,5683,20.259
114.010,warmup,5684,20.764
114.029,warmup,5685,19.209
114.049,warmup,5686,19.907
114.068,warmup,5687,19.128
114.090,warmup,5688,21.953
114.112,warmup,5689,21.906
114.128,warmup,5690,16.011
114.149,warmup,5691,20.959
114.171,warmup,5692,21.839
114.189,warmup,5693,18.218
114.209,warmup,5694,19.979
114.230,warmup,5695,21.328
114.250,warmup,5696,19.676
114.269,warmup,5697,19.002
114.290,warmup,5698,20.955
114.309,warmup,5699,18.685
114.329,warmup,5700,20.309
114.350,warmup,5701,20.842
114.370,warmup,5702,20.167
114.393,warmup,5703,23.118
114.408,warmup,5704,14.762
114.430,warmup,5705,21.945
114.451,warmup,5706,21.460
114.470,warmup,5707,18.494
114.490,warmup,5708,19.982
114.511,warmup,5709,21.524
114.530,warmup,5710,18.932
114.550,warmup,5711,19.348
114.571,warmup,5712,20.982
114.590,warmup,5713,18.991
114.610,warmup,5714,20.064
114.628,warmup,5715,18.421
114.650,warmup,5716,21.880
114.674,warmup,5717,23.705
114.690,warmup,5718,15.827
114.709,warmup,5719,19.707
114.731,warmup,5720,21.897
114.750,warmup,5721,19.301
114.770,warmup,5722,19.829
114.790,warmup,5723,20.081
114.810,warmup,5724,19.690
114.829,warmup,5725,19.101
114.851,warmup,5726,21.893
114.869,warmup,5727,18.132
114.889,warmup,5728,20.078
114.909,warmup,5729,19.797
114.929,warmup,5730,20.150
114.953,warmup,5731,23.724
114.969,warmup,5732,16.193
114.990,warmup,5733,20.996
115.011,warmup,5734,20.649
115.029,warmup,5735,18.431
115.049,warmup,5736,19.917
115.070,warmup,5737,21.031
115.089,warmup,5738,18.952
115.109,warmup,5739,20.330
115.130,warmup,5740,20.700
115.149,warmup,5741,18.913
115.169,warmup,5742,20.146
115.189,warmup,5743,20.089
115.210,warmup,5744,20.415
115.233,warmup,5745,22.837
115.250,warmup,5746,16.992
115.269,warmup,5747,19.106
115.291,warmup,5748,22.273
115.311,warmup,5749,20.152
115.330,warmup,5750,18.995
115.351,warmup,5751,20.971
115.370,warmup,5752,18.505
115.390,warmup,5753,20.075
115.411,warmup,5754,20.937
115.430,warmup,5755,18.993
115.451,warmup,5756,21.064
115.469,warmup,5757,17.932
115.489,warmup,5758,20.705
115.514,warmup,5759,24.442
115.529,warmup,5760,15.597
115.550,warmup,5761,20.952
115.572,warmup,5762,21.752
115.588,warmup,5763,16.092
115.610,warmup,5764,21.624
115.631,warmup,5765,21.688
115.651,warmup,5766,19.261
115.670,warmup,5767,19.790
115.691,warmup,5768,20.404
115.711,warmup,5769,19.833
115.732,warmup,5770,21.145
115.750,warmup,5771,18.023
115.769,warmup,5772,18.794
115.793,warmup,5773,24.403
115.810,warmup,5774,17.467
115.829,warmup,5775,18.991
115.853,warmup,5776,23.077
115.870,warmup,5777,17.584
115.891,warmup,5778,20.599
115.912,warmup,5779,20.807
115.930,warmup,5780,18.614
115.951,warmup,5781,21.082
115.970,warmup,5782,18.971
115.989,warmup,5783,19.008
116.009,warmup,5784,19.999
116.029,warmup,5785,20.139
116.049,warmup,5786,19.760
116.073,warmup,5787,23.849
116.089,warmup,5788,15.922
116.110,warmup,5789,21.054
116.130,warmup,5790,20.552
116.149,warmup,5791,18.783
116.171,warmup,5792,21.238
116.191,warmup,5793,20.495
116.210,warmup,5794,18.523
116.229,warmup,5795,19.216
116.249,warmup,5796,20.645
116.270,warmup,5797,20.274
116.290,warmup,5798,20.324
116.310,warmup,5799,19.844
116.330,warmup,5800,19.953
116.353,warmup,5801,23.539
116.369,warmup,5802,15.697
116.391,warmup,5803,22.058
116.411,warmup,5804,20.236
116.429,warmup,5805,17.770
116.450,warmup,5806,21.041
116.470,warmup,5807,19.848
116.489,warmup,5808,19.137
116.510,warmup,5809,21.316
116.531,warmup,5810,21.057
116.550,warmup,5811,18.315
116.569,warmup,5812,18.847
116.589,warmup,5813,20.139
116.610,warmup,5814,21.121
116.634,warmup,5815,23.682
116.650,warmup,5816,16.244
116.671,warmup,5817,21.086
116.692,warmup,5818,20.589
116.710,warmup,5819,18.176
116.729,warmup,5820,19.592
116.751,warmup,5821,21.588
116.771,warmup,5822,19.674
116.790,warmup,5823,19.934
116.809,warmup,5824,18.903
116.829,warmup,5825,19.620
116.850,warmup,5826,21.124
116.868,warmup,5827,17.901
116.890,warmup,5828,22.289
116.913,warmup,5829,22.222
116.930,warmup,5830,17.652
116.950,warmup,5831,19.827
116.970,warmup,5832,20.033
116.988,warmup,5833,18.042
117.009,warmup,5834,21.106
117.031,warmup,5835,21.453
117.049,warmup,5836,18.283
117.068,warmup,5837,19.187
117.089,warmup,5838,21.146
117.109,warmup,5839,19.891
117.128,warmup,5840,18.949
117.148,warmup,5841,20.002
117.169,warmup,5842,21.191
117.193,warmup,5843,23.239
117.207,warmup,5844,14.713
117.230,warmup,5845,22.699
117.251,warmup,5846,20.971
117.269,warmup,5847,18.504
117.289,warmup,5848,19.988
117.310,warmup,5849,20.964
117.330,warmup,5850,19.546
117.350,warmup,5851,19.604
117.371,warmup,5852,21.285
117.390,warmup,5853,18.839
117.410,warmup,5854,19.977
117.429,warmup,5855,19.019
117.451,warmup,5856,22.162
117.473,warmup,5857,22.001
117.489,warmup,5858,15.828
117.510,warmup,5859,21.126
117.531,warmup,5860,21.177
117.550,warmup,5861,18.930
117.571,warmup,5862,20.758
117.590,warmup,5863,19.342
117.610,warmup,5864,19.935
117.629,warmup,5865,19.387
117.651,warmup,5866,21.246
117.670,warmup,5867,19.209
117.689,warmup,5868,18.859
117.710,warmup,5869,20.954
117.728,warmup,5870,18.738
117.753,warmup,5871,24.395
117.770,warmup,5872,16.832
117.790,warmup,5873,20.017
117.810,warmup,5874,20.317
117.829,warmup,5875,18.820
117.850,warmup,5876,20.964
117.871,warmup,5877,21.645
117.891,warmup,5878,19.784
117.909,warmup,5879,18.297
117.930,warmup,5880,20.978
117.948,warmup,5881,17.826
117.969,warmup,5882,21.073
117.990,warmup,5883,20.782
118.009,warmup,5884,19.391
118.033,warmup,5885,23.868
118.048,warmup,5886,14.998
118.069,warmup,5887,20.539
118.090,warmup,5888,21.084
118.109,warmup,5889,19.313
118.130,warmup,5890,20.409
118.150,warmup,5891,20.739
118.170,warmup,5892,19.359
118.189,warmup,5893,19.649
118.210,warmup,5894,20.177
118.230,warmup,5895,20.035
118.249,warmup,5896,19.895
118.270,warmup,5897,20.106
118.290,warmup,5898,20.078
118.313,warmup,5899,23.169
118.328,warmup,5900,15.072
118.351,warmup,5901,23.355
118.370,warmup,5902,19.113
118.389,warmup,5903,18.423
118.410,warmup,5904,20.828
118.430,warmup,5905,20.759
118.450,warmup,5906,19.281
118.470,warmup,5907,19.896
118.491,warmup,5908,21.195
118.511,warmup,5909,20.233
118.531,warmup,5910,19.774
118.549,warmup,5911,18.574
118.569,warmup,5912,19.749
118.589,warmup,5913,19.668
118.608,warmup,5914,19.684
118.629,warmup,5915,20.986
118.651,warmup,5916,21.703
118.669,warmup,5917,18.305
118.689,warmup,5918,19.441
118.711,warmup,5919,21.775
118.729,warmup,5920,18.329
118.750,warmup,5921,20.750
118.770,warmup,5922,20.174
118.790,warmup,5923,19.698
118.810,warmup,5924,20.025
118.828,warmup,5925,18.440
118.850,warmup,5926,22.235
118.872,warmup,5927,22.108
118.890,warmup,5928,17.116
118.908,warmup,5929,18.853
118.930,warmup,5930,22.041
118.949,warmup,5931,18.752
118.968,warmup,5932,19.064
118.990,warmup,5933,21.353
119.009,warmup,5934,19.755
119.029,warmup,5935,20.030
119.051,warmup,5936,21.833
119.069,warmup,5937,18.195
119.089,warmup,5938,19.151
119.108,warmup,5939,19.685
119.129,warmup,5940,21.037
119.152,warmup,5941,23.056
119.170,warmup,5942,17.170
119.189,warmup,5943,19.686
119.210,warmup,5944,20.887
119.229,warmup,5945,19.358
119.248,warmup,5946,18.363
119.271,warmup,5947,22.979
119.290,warmup,5948,18.935
119.310,warmup,5949,19.997
119.330,warmup,5950,20.584
119.350,warmup,5951,20.137
119.368,warmup,5952,17.991
119.389,warmup,5953,20.811
119.410,warmup,5954,20.759
119.432,warmup,5955,22.080
119.450,warmup,5956,17.988
119.469,warmup,5957,18.928
119.491,warmup,5958,21.669
119.510,warmup,5959,19.509
119.529,warmup,5960,19.028
119.551,warmup,5961,21.698
119.570,warmup,5962,18.936
119.591,warmup,5963,21.315
119.609,warmup,5964,18.166
119.630,warmup,5965,20.363
119.651,warmup,5966,21.415
119.670,warmup,5967,18.786
119.689,warmup,5968,19.335
119.714,warmup,5969,24.605
119.729,warmup,5970,15.053
119.750,warmup,5971,21.279
119.771,warmup,5972,20.646
119.790,warmup,5973,18.926
119.810,warmup,5974,20.163
119.830,warmup,5975,20.221
119.851,warmup,5976,20.534
119.870,warmup,5977,19.098
119.891,warmup,5978,21.288
119.909,warmup,5979,17.708
119.930,warmup,5980,20.917
119.950,warmup,5981,20.151
119.969,warmup,5982,19.094
119.993,warmup,5983,23.893
120.010,measure,5984,16.876
120.030,measure,5985,20.044
120.051,measure,5986,21.175
120.069,measure,5987,17.843
120.089,measure,5988,19.884
120.110,measure,5989,21.438
120.131,measure,5990,20.637
120.150,measure,5991,18.990
120.171,measure,5992,21.060
120.190,measure,5993,18.976
120.210,measure,5994,20.078
120.230,measure,5995,19.771
120.250,measure,5996,20.327
120.272,measure,5997,22.388
120.288,measure,5998,15.871
120.310,measure,5999,21.641
120.331,measure,6000,21.298
120.350,measure,6001,18.664
120.370,measure,6002,19.816
120.389,measure,6003,19.914
120.409,measure,6004,19.851
120.429,measure,6005,20.124
120.450,measure,6006,20.896
120.469,measure,6007,18.975
120.489,measure,6008,20.007
120.509,measure,6009,19.232
120.530,measure,6010,20.950
120.553,measure,6011,23.408
120.569,measure,6012,15.887
120.589,measure,6013,20.204
120.611,measure,6014,21.710
120.630,measure,6015,18.912
120.650,measure,6016,20.537
120.672,measure,6017,21.820
120.689,measure,6018,16.929
120.710,measure,6019,20.883
120.730,measure,6020,19.838
120.749,measure,6021,19.805
120.770,measure,6022,20.428
120.788,measure,6023,18.004
120.810,measure,6024,22.022
120.833,measure,6025,22.769
120.850,measure,6026,16.840
120.868,measure,6027,18.601
120.891,measure,6028,23.199
120.909,measure,6029,17.671
120.930,measure,6030,21.105
120.952,measure,6031,21.904
120.970,measure,6032,18.101
120.990,measure,6033,19.951
121.010,measure,6034,20.372
121.028,measure,6035,17.884
121.049,measure,6036,20.759
121.069,measure,6037,19.786
121.090,measure,6038,21.114
121.112,measure,6039,22.296
121.129,measure,6040,16.549
121.149,measure,6041,20.683
121.170,measure,6042,20.985
121.189,measure,6043,18.619
121.210,measure,6044,20.449
121.231,measure,6045,21.200
121.249,measure,6046,18.057
121.269,measure,6047,20.385
121.289,measure,6048,19.925
121.310,measure,6049,20.512
121.329,measure,6050,19.738
121.348,measure,6051,19.088
121.368,measure,6052,19.937
121.393,measure,6053,24.324
121.410,measure,6054,16.916
121.429,measure,6055,18.972
121.451,measure,6056,22.267
121.469,measure,6057,18.281
121.489,measure,6058,20.035
121.511,measure,6059,21.431
121.529,measure,6060,18.660
121.549,measure,6061,19.587
121.570,measure,6062,21.639
121.589,measure,6063,18.278
121.610,measure,6064,20.951
121.628,measure,6065,18.701
121.650,measure,6066,21.082
121.673,measure,6067,23.373
121.689,measure,6068,15.628
121.709,measure,6069,20.474
121.731,measure,6070,21.705
121.751,measure,6071,19.850
121.768,measure,6072,17.873
121.791,measure,6073,22.623
121.809,measure,6074,18.326
121.829,measure,6075,19.270
121.850,measure,6076,21.176
121.869,measure,6077,19.633
121.889,measure,6078,20.030
121.908,measure,6079,18.673
121.929,measure,6080,21.122
121.952,measure,6081,23.225
121.969,measure,6082,16.604
121.989,measure,6083,20.315
122.010,measure,6084,20.972
122.029,measure,6085,18.908
122.049,measure,6086,19.713
122.070,measure,6087,21.227
122.089,measure,6088,19.154
122.108,measure,6089,19.078
122.130,measure,6090,21.708
122.149,measure,6091,18.771
122.170,measure,6092,21.225
122.188,measure,6093,17.900
122.209,measure,6094,21.211
122.232,measure,6095,22.817
122.249,measure,6096,16.991
122.268,measure,6097,19.034
122.291,measure,6098,22.767
122.309,measure,6099,17.818
122.331,measure,6100,21.933
122.351,measure,6101,20.542
122.370,measure,6102,18.852
122.389,measure,6103,19.064
122.410,measure,6104,20.806
122.430,measure,6105,19.892
122.450,measure,6106,20.136
122.469,measure,6107,18.912
122.490,measure,6108,21.285
122.514,measure,6109,24.085
122.530,measure,6110,15.805
122.549,measure,6111,18.553
122.571,measure,6112,21.957
122.588,measure,6113,17.795
122.610,measure,6114,21.269
122.630,measure,6115,20.386
122.650,measure,6116,19.912
122.672,measure,6117,22.053
122.690,measure,6118,17.921
122.711,measure,6119,20.902
122.731,measure,6120,20.584
122.749,measure,6121,17.745
122.769,measure,6122,19.725
122.795,measure,6123,25.699
122.811,measure,6124,16.240
122.831,measure,6125,20.028
122.851,measure,6126,20.721
122.869,measure,6127,17.044
122.891,measure,6128,22.776
122.913,measure,6129,21.537
122.930,measure,6130,17.132
122.950,measure,6131,20.016
122.970,measure,6132,20.029
122.991,measure,6133,21.082
123.011,measure,6134,19.769
123.030,measure,6135,19.197
123.050,measure,6136,19.798
123.073,measure,6137,23.524
123.090,measure,6138,16.534
123.110,measure,6139,19.913
123.131,measure,6140,21.397
123.151,measure,6141,19.893
123.170,measure,6142,19.014
123.191,measure,6143,21.157
123.210,measure,6144,18.649
123.231,measure,6145,21.323
123.250,measure,6146,18.689
123.271,measure,6147,20.869
123.291,measure,6148,19.795
123.308,measure,6149,17.729
123.331,measure,6150,22.367
123.355,measure,6151,24.368
123.369,measure,6152,14.394
123.390,measure,6153,20.059
123.411,measure,6154,21.891
123.430,measure,6155,18.457
123.451,measure,6156,21.102
123.471,measure,6157,19.998
123.490,measure,6158,19.180
123.511,measure,6159,20.938
123.531,measure,6160,19.968
123.551,measure,6161,19.703
123.570,measure,6162,19.477
123.589,measure,6163,18.344
123.611,measure,6164,22.551
123.634,measure,6165,22.954
123.650,measure,6166,16.318
123.670,measure,6167,19.946
123.691,measure,6168,21.025
123.710,measure,6169,18.580
123.730,measure,6170,19.677
123.752,measure,6171,22.522
123.772,measure,6172,19.419
123.791,measure,6173,19.121
123.812,measure,6174,20.971
123.830,measure,6175,18.001
123.850,measure,6176,20.122
123.869,measure,6177,19.612
123.891,measure,6178,21.206
123.913,measure,6179,22.560
123.930,measure,6180,17.221
123.950,measure,6181,19.962
123.971,measure,6182,20.983
123.990,measure,6183,19.018
124.009,measure,6184,18.831
124.031,measure,6185,21.676
124.050,measure,6186,19.507
124.070,measure,6187,20.061
124.092,measure,6188,21.071
124.110,measure,6189,18.720
124.131,measure,6190,20.304
124.149,measure,6191,18.689
124.170,measure,6192,21.142
124.194,measure,6193,23.311
124.209,measure,6194,15.590
124.231,measure,6195,21.293
124.251,measure,6196,20.575
124.269,measure,6197,18.280
124.289,measure,6198,19.895
124.311,measure,6199,22.019
124.330,measure,6200,18.610
124.351,measure,6201,21.090
124.371,measure,6202,19.841
124.390,measure,6203,19.071
124.410,measure,6204,20.065
124.431,measure,6205,20.765
124.451,measure,6206,20.300
124.473,measure,6207,21.914
124.490,measure,6208,16.775
124.511,measure,6209,21.301
124.532,measure,6210,21.309
124.550,measure,6211,17.837
124.570,measure,6212,19.369
124.591,measure,6213,21.666
124.611,measure,6214,19.735
124.631,measure,6215,19.608
124.652,measure,6216,21.473
124.670,measure,6217,17.491
124.691,measure,6218,21.059
124.710,measure,6219,19.099
124.730,measure,6220,20.225
124.753,measure,6221,23.296
124.768,measure,6222,15.230
124.791,measure,6223,22.186
124.811,measure,6224,20.826
124.831,measure,6225,19.025
124.851,measure,6226,20.401
124.871,measure,6227,19.796
124.889,measure,6228,18.761
124.910,measure,6229,20.721
124.931,measure,6230,21.125
124.950,measure,6231,19.065
124.969,measure,6232,18.840
124.989,measure,6233,20.213
125.010,measure,6234,20.737
125.033,measure,6235,22.786
125.049,measure,6236,16.331
125.070,measure,6237,20.939
125.091,measure,6238,20.685
125.108,measure,6239,17.353
125.130,measure,6240,22.120
125.151,measure,6241,20.868
125.169,measure,6242,18.005
125.190,measure,6243,21.123
125.210,measure,6244,19.985
125.231,measure,6245,20.202
125.250,measure,6246,19.678
125.268,measure,6247,18.246
125.290,measure,6248,21.916
125.315,measure,6249,24.854
125.331,measure,6250,15.519
125.351,measure,6251,20.330
125.372,measure,6252,20.804
125.391,measure,6253,19.391
125.410,measure,6254,19.103
125.431,measure,6255,20.929
125.451,measure,6256,19.412
125.471,measure,6257,20.023
125.492,measure,6258,20.885
125.511,measure,6259,19.159
125.531,measure,6260,20.283
125.550,measure,6261,18.790
125.570,measure,6262,20.064
125.593,measure,6263,23.110
125.610,measure,6264,16.484
125.630,measure,6265,20.596
125.652,measure,6266,21.460
125.670,measure,6267,17.942
125.691,measure,6268,21.226
125.711,measure,6269,20.682
125.728,measure,6270,17.036
125.750,measure,6271,21.288
125.771,measure,6272,20.761
125.791,measure,6273,20.165
125.810,measure,6274,18.998
125.830,measure,6275,20.056
125.851,measure,6276,21.158
125.872,measure,6277,21.549
125.889,measure,6278,16.596
125.911,measure,6279,21.948
125.932,measure,6280,21.003
125.950,measure,6281,18.053
125.971,measure,6282,20.923
125.992,measure,6283,20.951
126.009,measure,6284,16.937
126.030,measure,6285,21.331
126.050,measure,6286,20.005
126.071,measure,6287,20.776
126.091,measure,6288,20.191
126.110,measure,6289,18.736
126.131,measure,6290,21.281
126.154,measure,6291,23.186
126.170,measure,6292,15.658
126.190,measure,6293,19.945
126.212,measure,6294,21.572
126.229,measure,6295,17.802
126.249,measure,6296,19.816
126.272,measure,6297,22.589
126.291,measure,6298,19.234
126.311,measure,6299,19.694
126.330,measure,6300,18.898
126.350,measure,6301,20.894
126.371,measure,6302,20.076
126.390,measure,6303,19.210
126.410,measure,6304,20.163
126.433,measure,6305,23.145
126.449,measure,6306,15.983
126.470,measure,6307,21.052
126.492,measure,6308,21.395
126.511,measure,6309,19.608
126.531,measure,6310,19.955
126.552,measure,6311,20.815
126.571,measure,6312,19.022
126.589,measure,6313,18.529
126.610,measure,6314,20.515
126.630,measure,6315,20.067
126.651,measure,6316,20.709
126.669,measure,6317,18.303
126.690,measure,6318,21.046
126.713,measure,6319,23.099
126.730,measure,6320,16.334
126.750,measure,6321,20.040
126.771,measure,6322,21.594
126.790,measure,6323,19.268
126.810,measure,6324,19.381
126.831,measure,6325,21.114
126.851,measure,6326,19.686
126.870,measure,6327,19.694
126.890,measure,6328,20.130
126.910,measure,6329,19.094
126.931,measure,6330,21.113
126.950,measure,6331,18.942
126.971,measure,6332,21.036
126.994,measure,6333,23.424
127.009,measure,6334,15.435
127.030,measure,6335,20.276
127.051,measure,6336,21.671
127.071,measure,6337,19.150
127.089,measure,6338,18.601
127.111,measure,6339,22.281
127.129,measure,6340,17.880
127.150,measure,6341,20.907
127.171,measure,6342,21.010
127.188,measure,6343,17.004
127.210,measure,6344,21.445
127.230,measure,6345,20.173
127.250,measure,6346,19.895
127.274,measure,6347,23.908
127.289,measure,6348,15.581
127.310,measure,6349,20.781
127.332,measure,6350,21.946
127.351,measure,6351,18.883
127.371,measure,6352,20.181
127.391,measure,6353,20.456
127.410,measure,6354,18.609
127.429,measure,6355,19.358
127.452,measure,6356,22.090
127.469,measure,6357,17.524
127.491,measure,6358,21.789
127.510,measure,6359,19.290
127.530,measure,6360,19.425
127.554,measure,6361,24.846
127.569,measure,6362,15.017
127.590,measure,6363,20.485
127.611,measure,6364,21.215
127.629,measure,6365,17.956
127.651,measure,6366,22.143
127.671,measure,6367,20.151
127.690,measure,6368,18.789
127.710,measure,6369,19.973
127.732,measure,6370,22.136
127.751,measure,6371,18.951
127.771,measure,6372,19.736
127.790,measure,6373,19.102
127.811,measure,6374,21.193
127.835,measure,6375,23.284
127.851,measure,6376,16.454
127.871,measure,6377,20.027
127.891,measure,6378,20.195
127.909,measure,6379,18.083
127.931,measure,6380,21.307
127.952,measure,6381,20.927
127.971,measure,6382,18.993
127.990,measure,6383,19.917
128.012,measure,6384,21.172
128.031,measure,6385,19.072
128.051,measure,6386,20.044
128.070,measure,6387,18.934
128.091,measure,6388,20.913
128.114,measure,6389,23.344
128.130,measure,6390,15.827
128.151,measure,6391,20.848
128.171,measure,6392,20.561
128.191,measure,6393,19.404
128.211,measure,6394,20.133
128.231,measure,6395,20.747
128.250,measure,6396,18.162
128.270,measure,6397,20.121
128.292,measure,6398,22.107
128.310,measure,6399,18.448
128.330,measure,6400,19.882
128.349,measure,6401,19.128
128.370,measure,6402,21.047
128.394,measure,6403,23.413
128.409,measure,6404,15.426
128.430,measure,6405,20.905
128.452,measure,6406,21.573
128.471,measure,6407,19.320
128.490,measure,6408,18.715
128.512,measure,6409,22.106
128.531,measure,6410,19.200
128.551,measure,6411,19.818
128.570,measure,6412,19.592
128.591,measure,6413,20.173
128.610,measure,6414,19.638
128.629,measure,6415,18.751
128.650,measure,6416,21.113
128.675,measure,6417,24.510
128.691,measure,6418,16.351
128.710,measure,6419,19.032
128.733,measure,6420,22.923
128.750,measure,6421,17.264
128.769,measure,6422,19.178
128.792,measure,6423,22.204
128.811,measure,6424,19.008
128.830,measure,6425,19.931
128.852,measure,6426,21.179
128.871,measure,6427,18.968
128.890,measure,6428,19.137
128.909,measure,6429,18.797
128.929,measure,6430,20.388
128.955,measure,6431,25.881
128.971,measure,6432,16.111
128.991,measure,6433,20.125
129.012,measure,6434,20.628
129.029,measure,6435,17.317
129.050,measure,6436,20.910
129.072,measure,6437,22.513
129.090,measure,6438,17.763
129.111,measure,6439,20.757
129.131,measure,6440,20.088
129.150,measure,6441,18.863
129.171,measure,6442,21.124
129.190,measure,6443,18.467
129.210,measure,6444,20.891
129.234,measure,6445,23.404
129.249,measure,6446,15.593
129.271,measure,6447,21.135
129.292,measure,6448,21.757
129.309,measure,6449,16.735
129.330,measure,6450,21.119
129.351,measure,6451,21.163
129.370,measure,6452,19.117
129.390,measure,6453,19.759
129.411,measure,6454,20.941
129.430,measure,6455,18.845
129.450,measure,6456,20.133
129.469,measure,6457,18.956
129.489,measure,6458,20.309
129.515,measure,6459,25.288
129.531,measure,6460,16.207
129.551,measure,6461,20.108
129.571,measure,6462,20.247
129.590,measure,6463,18.396
129.611,measure,6464,21.389
129.631,measure,6465,20.477
129.650,measure,6466,18.327
129.671,measure,6467,20.950
129.692,measure,6468,21.071
129.711,measure,6469,18.910
129.731,measure,6470,20.002
129.750,measure,6471,19.231
129.771,measure,6472,20.654
129.794,measure,6473,23.551
129.811,measure,6474,16.646
129.831,measure,6475,19.911
129.852,measure,6476,21.418
129.871,measure,6477,18.717
129.891,measure,6478,20.190
129.912,measure,6479,20.484
129.931,measure,6480,19.043
129.951,measure,6481,20.050
129.972,measure,6482,21.259
129.991,measure,6483,18.761
130.011,measure,6484,19.887
130.030,measure,6485,19.407
130.051,measure,6486,20.634
130.076,measure,6487,25.291
130.090,measure,6488,13.853
130.111,measure,6489,21.098
130.132,measure,6490,20.789
130.151,measure,6491,19.310
130.170,measure,6492,19.042
130.192,measure,6493,21.661
130.211,measure,6494,19.369
130.230,measure,6495,18.916
130.250,measure,6496,20.020
130.270,measure,6497,20.417
130.290,measure,6498,19.663
130.310,measure,6499,19.975
130.329,measure,6500,18.936
130.355,measure,6501,25.920
130.370,measure,6502,14.725
130.391,measure,6503,21.271
130.411,measure,6504,20.378
130.430,measure,6505,19.203
130.450,measure,6506,20.008
130.471,measure,6507,20.895
130.489,measure,6508,17.891
130.510,measure,6509,20.861
130.532,measure,6510,21.559
130.551,measure,6511,19.549
130.570,measure,6512,19.005
130.589,measure,6513,19.029
130.610,measure,6514,20.432
130.634,measure,6515,23.891
130.650,measure,6516,16.694
130.670,measure,6517,20.003
130.691,measure,6518,20.869
130.710,measure,6519,19.112
130.730,measure,6520,19.835
130.751,measure,6521,21.451
130.770,measure,6522,18.024
130.791,measure,6523,21.516
130.811,measure,6524,20.058
130.831,measure,6525,19.969
130.850,measure,6526,19.354
130.870,measure,6527,19.855
130.891,measure,6528,20.814
130.918,measure,6529,26.972
130.929,measure,6530,11.309
130.951,measure,6531,21.188
130.971,measure,6532,20.771
130.990,measure,6533,18.632
131.009,measure,6534,18.780
131.032,measure,6535,22.991
131.049,measure,6536,17.662
131.070,measure,6537,20.651
131.091,measure,6538,21.018
131.110,measure,6539,18.549
131.129,measure,6540,19.859
131.149,measure,6541,19.611
131.169,measure,6542,20.412
131.194,measure,6543,24.946
131.210,measure,6544,15.583
131.231,measure,6545,20.634
131.252,measure,6546,20.999
131.270,measure,6547,18.367
131.292,measure,6548,22.123
131.311,measure,6549,19.104
131.329,measure,6550,18.188
131.350,measure,6551,20.937
131.371,measure,6552,20.461
131.390,measure,6553,19.476
131.410,measure,6554,20.121
131.430,measure,6555,19.779
131.450,measure,6556,20.268
131.473,measure,6557,22.977
131.490,measure,6558,16.871
131.510,measure,6559,19.353
131.533,measure,6560,23.107
131.549,measure,6561,16.695
131.574,measure,6562,24.694
131.591,measure,6563,16.478
131.609,measure,6564,18.743
131.630,measure,6565,21.019
131.650,measure,6566,19.981
131.670,measure,6567,19.349
131.690,measure,6568,20.700
131.709,measure,6569,18.980
131.729,measure,6570,19.623
131.755,measure,6571,25.632
131.768,measure,6572,13.658
131.790,measure,6573,22.133
131.811,measure,6574,21.010
131.830,measure,6575,18.232
131.855,measure,6576,25.301
131.871,measure,6577,16.381
131.891,measure,6578,19.742
131.911,measure,6579,19.594
131.931,measure,6580,20.146
131.951,measure,6581,19.996
131.970,measure,6582,18.932
131.991,measure,6583,21.036
132.011,measure,6584,19.808
132.033,measure,6585,22.749
132.050,measure,6586,16.224
132.070,measure,6587,20.707
132.091,measure,6588,20.864
132.109,measure,6589,18.122
132.129,measure,6590,20.119
132.151,measure,6591,21.289
132.170,measure,6592,19.715
132.190,measure,6593,19.848
132.211,measure,6594,21.017
132.230,measure,6595,19.146
132.250,measure,6596,19.861
132.268,measure,6597,18.015
132.290,measure,6598,21.288
132.313,measure,6599,23.704
132.330,measure,6600,16.344
132.351,measure,6601,21.041
132.371,measure,6602,20.424
132.391,measure,6603,19.554
132.411,measure,6604,19.965
132.431,measure,6605,20.567
132.449,measure,6606,17.983
132.470,measure,6607,21.088
132.491,measure,6608,21.008
132.511,measure,6609,19.212
132.531,measure,6610,20.038
132.550,measure,6611,19.930
132.570,measure,6612,19.683
132.594,measure,6613,23.561
132.610,measure,6614,15.797
132.629,measure,6615,19.562
132.651,measure,6616,22.238
132.668,measure,6617,16.958
132.691,measure,6618,22.443
132.711,measure,6619,20.642
132.730,measure,6620,18.251
132.751,measure,6621,21.347
132.770,measure,6622,18.712
132.791,measure,6623,21.068
132.811,measure,6624,20.168
132.830,measure,6625,19.103
132.851,measure,6626,20.696
132.874,measure,6627,23.792
132.890,measure,6628,15.859
132.910,measure,6629,19.720
132.931,measure,6630,21.266
132.950,measure,6631,19.003
132.971,measure,6632,20.615
132.993,measure,6633,21.845
133.010,measure,6634,17.058
133.031,measure,6635,21.252
133.051,measure,6636,19.716
133.070,measure,6637,18.675
133.091,measure,6638,21.025
133.110,measure,6639,19.146
133.130,measure,6640,20.127
133.153,measure,6641,23.351
133.170,measure,6642,16.873
133.191,measure,6643,20.933
133.212,measure,6644,20.633
133.231,measure,6645,19.491
133.251,measure,6646,19.789
133.272,measure,6647,20.745
133.289,measure,6648,17.548
133.310,measure,6649,20.791
133.330,measure,6650,20.514
133.350,measure,6651,19.883
133.370,measure,6652,19.239
133.388,measure,6653,18.906
133.410,measure,6654,21.518
133.433,measure,6655,23.056
133.449,measure,6656,15.741
133.469,measure,6657,19.918
133.491,measure,6658,21.906
133.511,measure,6659,20.501
133.531,measure,6660,19.369
133.551,measure,6661,20.789
133.571,measure,6662,19.875
133.589,measure,6663,18.090
133.612,measure,6664,22.276
133.630,measure,6665,18.539
133.650,measure,6666,20.251
133.670,measure,6667,19.447
133.690,measure,6668,20.619
133.714,measure,6669,23.330
133.729,measure,6670,15.494
133.751,measure,6671,21.346
133.771,measure,6672,20.372
133.789,measure,6673,18.135
133.810,measure,6674,21.218
133.831,measure,6675,20.518
133.850,measure,6676,19.539
133.871,measure,6677,20.856
133.891,measure,6678,20.152
133.910,measure,6679,18.888
133.929,measure,6680,19.006
133.950,measure,6681,20.302
133.970,measure,6682,20.570
133.993,measure,6683,22.624
134.009,measure,6684,16.415
134.029,measure,6685,20.104
134.051,measure,6686,22.022
134.069,measure,6687,17.673
134.090,measure,6688,21.520
134.112,measure,6689,21.815
134.129,measure,6690,17.179
134.150,measure,6691,20.934
134.171,measure,6692,20.939
134.190,measure,6693,19.122
134.210,measure,6694,19.909
134.228,measure,6695,18.086
134.251,measure,6696,23.005
134.274,measure,6697,22.176
134.289,measure,6698,15.090
134.310,measure,6699,21.405
134.331,measure,6700,20.575
134.351,measure,6701,20.285
134.371,measure,6702,20.046
134.392,measure,6703,20.492
134.410,measure,6704,18.787
134.430,measure,6705,19.954
134.451,measure,6706,21.154
134.469,measure,6707,18.067
134.491,measure,6708,21.081
134.510,measure,6709,19.233
134.531,measure,6710,20.771
134.554,measure,6711,23.489
134.569,measure,6712,15.175
134.590,measure,6713,21.222
134.611,measure,6714,21.015
134.630,measure,6715,18.749
134.651,measure,6716,20.287
134.671,measure,6717,20.455
134.690,measure,6718,18.708
134.711,measure,6719,21.287
134.730,measure,6720,18.880
134.749,measure,6721,19.208
134.770,measure,6722,20.704
134.789,measure,6723,19.102
134.811,measure,6724,21.717
134.833,measure,6725,22.714
134.850,measure,6726,16.869
134.870,measure,6727,19.841
134.891,measure,6728,21.246
134.910,measure,6729,18.804
134.930,measure,6730,19.912
134.951,measure,6731,21.525
134.971,measure,6732,19.577
134.991,measure,6733,20.093
135.010,measure,6734,18.874
135.031,measure,6735,20.689
135.050,measure,6736,19.268
135.070,measure,6737,20.133
135.090,measure,6738,19.590
135.113,measure,6739,23.319
135.130,measure,6740,16.603
135.151,measure,6741,21.074
135.171,measure,6742,20.389
135.191,measure,6743,19.600
135.210,measure,6744,18.844
135.231,measure,6745,21.568
135.250,measure,6746,18.844
135.270,measure,6747,19.576
135.292,measure,6748,22.205
135.310,measure,6749,17.927
135.330,measure,6750,19.896
135.349,measure,6751,19.911
135.371,measure,6752,21.079
135.394,measure,6753,23.400
135.409,measure,6754,15.522
135.430,measure,6755,21.025
135.451,measure,6756,20.840
135.470,measure,6757,18.923
135.490,measure,6758,19.245
135.511,measure,6759,21.760
135.531,measure,6760,19.694
135.551,measure,6761,19.743
135.570,measure,6762,19.687
135.592,measure,6763,21.421
135.610,measure,6764,18.510
135.629,measure,6765,19.020
135.651,measure,6766,21.256
135.674,measure,6767,23.803
135.690,measure,6768,15.874
135.710,measure,6769,20.006
135.732,measure,6770,21.664
135.750,measure,6771,17.608
135.770,measure,6772,20.588
135.791,measure,6773,21.034
135.810,measure,6774,19.115
135.829,measure,6775,18.988
135.851,measure,6776,22.096
135.870,measure,6777,18.318
135.890,measure,6778,20.352
135.909,measure,6779,18.953
135.931,measure,6780,21.939
135.955,measure,6781,23.821
135.970,measure,6782,15.083
135.991,measure,6783,21.132
136.012,measure,6784,20.865
136.030,measure,6785,18.109
136.050,measure,6786,19.729
136.071,measure,6787,20.989
136.090,measure,6788,19.212
136.110,measure,6789,20.073
136.130,measure,6790,20.285
136.148,measure,6791,18.097
136.170,measure,6792,22.126
136.189,measure,6793,18.852
136.210,measure,6794,21.141
136.234,measure,6795,23.380
136.249,measure,6796,15.442
136.270,measure,6797,21.121
136.292,measure,6798,21.512
136.309,measure,6799,17.479
136.330,measure,6800,20.807
136.351,measure,6801,21.111
136.370,measure,6802,18.977
136.389,measure,6803,18.875
136.409,measure,6804,20.041
136.430,measure,6805,21.188
136.450,measure,6806,19.907
136.469,measure,6807,18.340
136.490,measure,6808,21.855
136.514,measure,6809,23.870
136.530,measure,6810,15.265
136.550,measure,6811,20.222
136.571,measure,6812,21.279
136.591,measure,6813,19.593
136.611,measure,6814,20.315
136.631,measure,6815,20.338
136.650,measure,6816,18.900
136.671,measure,6817,20.512
136.692,measure,6818,20.809
136.709,measure,6819,17.705
136.729,measure,6820,19.721
136.749,measure,6821,20.184
136.771,measure,6822,21.526
136.795,measure,6823,23.834
136.811,measure,6824,16.039
136.830,measure,6825,19.778
136.852,measure,6826,21.471
136.871,measure,6827,18.844
136.889,measure,6828,18.002
136.911,measure,6829,22.672
136.930,measure,6830,18.192
136.951,measure,6831,21.125
136.971,measure,6832,19.840
136.991,measure,6833,20.185
137.010,measure,6834,18.957
137.030,measure,6835,19.968
137.051,measure,6836,21.062
137.074,measure,6837,22.935
137.090,measure,6838,16.544
137.110,measure,6839,19.479
137.132,measure,6840,22.090
137.150,measure,6841,18.195
137.170,measure,6842,20.032
137.192,measure,6843,21.949
137.210,measure,6844,18.009
137.230,measure,6845,20.130
137.250,measure,6846,19.991
137.271,measure,6847,21.033
137.292,measure,6848,20.464
137.310,measure,6849,18.526
137.331,measure,6850,20.975
137.355,measure,6851,23.941
137.370,measure,6852,14.974
137.390,measure,6853,20.151
137.412,measure,6854,21.813
137.430,measure,6855,17.785
137.451,measure,6856,21.189
137.471,measure,6857,20.224
137.490,measure,6858,18.577
137.511,measure,6859,21.648
137.531,measure,6860,19.603
137.551,measure,6861,20.204
137.571,measure,6862,19.634
137.590,measure,6863,19.002
137.610,measure,6864,20.421
137.634,measure,6865,24.118
137.650,measure,6866,15.688
137.671,measure,6867,20.949
137.691,measure,6868,20.544
137.710,measure,6869,18.224
137.729,measure,6870,19.563
137.751,measure,6871,21.871
137.769,measure,6872,18.171
137.790,measure,6873,21.028
137.811,measure,6874,21.133
137.830,measure,6875,18.980
137.850,measure,6876,20.010
137.869,measure,6877,18.809
137.891,measure,6878,21.326
137.914,measure,6879,22.957
137.928,measure,6880,14.914
137.949,measure,6881,20.974
137.972,measure,6882,22.070
137.990,measure,6883,18.011
138.010,measure,6884,20.948
138.031,measure,6885,20.433
138.049,measure,6886,18.516
138.070,measure,6887,21.002
138.091,measure,6888,20.639
138.111,measure,6889,20.020
138.131,measure,6890,20.010
138.150,measure,6891,18.812
138.171,measure,6892,21.456
138.195,measure,6893,23.132
138.210,measure,6894,15.427
138.231,measure,6895,21.125
138.252,measure,6896,20.997
138.271,measure,6897,19.051
138.291,measure,6898,19.808
138.312,measure,6899,21.082
138.331,measure,6900,18.694
138.350,measure,6901,18.811
138.372,measure,6902,22.110
138.391,measure,6903,18.950
138.410,measure,6904,18.996
138.431,measure,6905,21.006
138.451,measure,6906,20.047
138.474,measure,6907,23.202
138.489,measure,6908,15.519
138.510,measure,6909,21.100
138.532,measure,6910,21.392
138.551,measure,6911,19.350
138.570,measure,6912,19.121
138.591,measure,6913,20.615
138.610,measure,6914,18.759
138.630,measure,6915,19.878
138.652,measure,6916,22.305
138.671,measure,6917,18.843
138.691,measure,6918,19.832
138.710,measure,6919,19.233
138.731,measure,6920,20.996
138.755,measure,6921,23.980
138.771,measure,6922,15.965
138.791,measure,6923,19.990
138.811,measure,6924,20.530
138.829,measure,6925,18.271
138.851,measure,6926,21.358
138.871,measure,6927,20.069
138.890,measure,6928,18.919
138.911,measure,6929,20.799
138.931,measure,6930,20.151
138.951,measure,6931,20.033
138.971,measure,6932,19.838
138.990,measure,6933,19.140
139.011,measure,6934,20.898
139.035,measure,6935,24.637
139.050,measure,6936,14.537
139.072,measure,6937,22.113
139.093,measure,6938,21.095
139.111,measure,6939,17.778
139.131,measure,6940,20.134
139.152,measure,6941,21.137
139.171,measure,6942,18.919
139.191,measure,6943,19.568
139.211,measure,6944,19.940
139.231,measure,6945,20.152
139.251,measure,6946,19.880
139.270,measure,6947,19.046
139.290,measure,6948,19.953
139.313,measure,6949,23.422
139.329,measure,6950,16.470
139.349,measure,6951,19.804
139.371,measure,6952,21.519
139.389,measure,6953,18.545
139.409,measure,6954,20.026
139.432,measure,6955,22.333
139.449,measure,6956,17.572
139.470,measure,6957,21.054
139.491,measure,6958,20.986
139.510,measure,6959,18.193
139.531,measure,6960,20.997
139.550,measure,6961,19.122
139.570,measure,6962,19.982
139.595,measure,6963,24.927
139.611,measure,6964,16.698
139.631,measure,6965,19.838
139.651,measure,6966,20.229
139.669,measure,6967,17.977
139.691,measure,6968,21.475
139.712,measure,6969,21.262
139.730,measure,6970,17.619
139.751,measure,6971,21.745
139.773,measure,6972,21.410
139.792,measure,6973,19.332
139.811,measure,6974,19.035
139.830,measure,6975,18.751
139.852,measure,6976,22.185
139.874,measure,6977,21.790
139.890,measure,6978,16.220
139.910,measure,6979,19.469
139.932,measure,6980,22.148
139.950,measure,6981,18.165
139.969,measure,6982,19.573
139.991,measure,6983,22.016
140.010,measure,6984,18.069
140.030,measure,6985,20.320
140.050,measure,6986,19.767
140.071,measure,6987,21.193
140.090,measure,6988,18.817
140.110,measure,6989,20.032
140.131,measure,6990,21.102
140.154,measure,6991,23.190
140.170,measure,6992,15.981
140.191,measure,6993,20.744
140.211,measure,6994,20.526
140.231,measure,6995,19.549
140.250,measure,6996,19.101
140.271,measure,6997,21.460
140.291,measure,6998,19.299
140.310,measure,6999,19.752
140.330,measure,7000,19.404
140.350,measure,7001,20.414
140.370,measure,7002,19.980
140.389,measure,7003,19.063
140.409,measure,7004,19.997
140.434,measure,7005,24.276
140.449,measure,7006,15.755
140.470,measure,7007,20.870
140.491,measure,7008,20.538
140.509,measure,7009,18.283
140.531,measure,7010,22.070
140.552,measure,7011,20.975
140.571,measure,7012,18.570
140.589,measure,7013,18.845
140.610,measure,7014,20.394
140.631,measure,7015,20.687
140.650,measure,7016,19.799
140.670,measure,7017,20.063
140.690,measure,7018,20.104
140.714,measure,7019,23.334
140.730,measure,7020,16.345
140.751,measure,7021,21.272
140.772,measure,7022,21.018
140.791,measure,7023,18.858
140.811,measure,7024,20.111
140.834,measure,7025,22.211
140.850,measure,7026,16.874
140.870,measure,7027,19.504
140.892,measure,7028,22.279
140.910,measure,7029,17.870
140.931,measure,7030,21.011
140.950,measure,7031,18.899
140.971,measure,7032,21.029
140.994,measure,7033,22.556
141.011,measure,7034,17.306
141.030,measure,7035,19.362
141.052,measure,7036,21.411
141.071,measure,7037,19.533
141.092,measure,7038,20.941
141.111,measure,7039,19.239
141.131,measure,7040,19.700
141.151,measure,7041,19.827
141.171,measure,7042,20.432
141.190,measure,7043,18.688
141.210,measure,7044,20.186
141.228,measure,7045,17.970
141.250,measure,7046,21.847
141.274,measure,7047,24.300
141.290,measure,7048,15.685
141.311,measure,7049,20.574
141.331,measure,7050,20.828
141.350,measure,7051,18.349
141.369,measure,7052,19.672
141.392,measure,7053,22.382
141.409,measure,7054,17.618
141.430,measure,7055,20.992
141.452,measure,7056,21.061
141.470,measure,7057,18.893
141.490,measure,7058,19.115
141.511,measure,7059,21.286
141.530,measure,7060,19.063
141.553,measure,7061,23.396
141.570,measure,7062,16.333
141.590,measure,7063,20.599
141.612,measure,7064,21.345
141.629,measure,7065,17.580
141.650,measure,7066,20.535
141.672,measure,7067,21.926
141.691,measure,7068,19.066
141.711,measure,7069,20.429
141.731,measure,7070,19.750
141.751,measure,7071,20.125
141.769,measure,7072,18.449
141.789,measure,7073,20.031
141.811,measure,7074,21.203
141.833,measure,7075,22.503
141.848,measure,7076,15.283
141.871,measure,7077,23.008
141.893,measure,7078,21.288
141.909,measure,7079,16.504
141.932,measure,7080,22.960
141.952,measure,7081,19.934
141.970,measure,7082,18.124
141.990,measure,7083,19.965
142.012,measure,7084,22.017
142.029,measure,7085,16.290
142.050,measure,7086,21.442
142.069,measure,7087,19.107
142.090,measure,7088,21.359
142.113,measure,7089,23.039
142.130,measure,7090,16.187
142.150,measure,7091,19.877
142.172,measure,7092,22.270
142.190,measure,7093,18.393
142.209,measure,7094,19.008
142.231,measure,7095,22.247
142.249,measure,7096,17.473
142.271,measure,7097,22.111
142.292,measure,7098,20.999
142.310,measure,7099,17.692
142.330,measure,7100,20.602
142.350,measure,7101,19.967
142.372,measure,7102,21.317
142.395,measure,7103,23.563
142.410,measure,7104,15.073
142.431,measure,7105,20.853
142.453,measure,7106,21.533
142.471,measure,7107,18.686
142.490,measure,7108,18.732
142.511,measure,7109,21.314
142.531,measure,7110,20.078
142.550,measure,7111,18.971
142.571,measure,7112,20.683
142.589,measure,7113,18.098
142.610,measure,7114,20.997
142.630,measure,7115,19.517
142.651,measure,7116,21.471
142.673,measure,7117,22.267
142.690,measure,7118,16.373
142.711,measure,7119,20.974
142.731,measure,7120,20.476
142.750,measure,7121,18.732
142.770,measure,7122,20.187
142.792,measure,7123,22.261
142.809,measure,7124,16.940
142.830,measure,7125,20.933
142.850,measure,7126,19.959
142.870,measure,7127,19.886
142.891,measure,7128,20.385
142.909,measure,7129,17.996
142.930,measure,7130,21.865
142.954,measure,7131,23.507
142.970,measure,7132,16.472
142.990,measure,7133,19.929
143.012,measure,7134,21.369
143.030,measure,7135,17.988
143.050,measure,7136,20.679
143.073,measure,7137,22.127
143.090,measure,7138,17.912
143.110,measure,7139,19.960
143.133,measure,7140,22.150
143.150,measure,7141,17.831
143.172,measure,7142,21.191
143.189,measure,7143,17.630
143.210,measure,7144,21.159
143.235,measure,7145,24.546
143.250,measure,7146,15.317
143.270,measure,7147,20.166
143.291,measure,7148,20.666
143.310,measure,7149,19.342
143.330,measure,7150,19.945
143.352,measure,7151,21.296
143.369,measure,7152,17.738
143.390,measure,7153,20.853
143.411,measure,7154,21.149
143.430,measure,7155,18.956
143.450,measure,7156,20.012
143.469,measure,7157,19.003
143.490,measure,7158,20.970
143.514,measure,7159,23.945
143.529,measure,7160,14.513
143.550,measure,7161,21.725
143.571,measure,7162,20.214
143.589,measure,7163,18.774
143.610,measure,7164,20.690
143.632,measure,7165,21.678
143.650,measure,7166,18.229
143.670,measure,7167,20.036
143.691,measure,7168,20.700
143.711,measure,7169,20.095
143.730,measure,7170,18.765
143.751,measure,7171,20.914
143.770,measure,7172,19.519
143.794,measure,7173,23.433
143.809,measure,7174,15.603
143.830,measure,7175,20.954
143.853,measure,7176,22.675
143.869,measure,7177,16.712
143.891,measure,7178,21.781
143.912,measure,7179,20.604
143.931,measure,7180,18.767
143.951,measure,7181,20.171
143.970,measure,7182,19.096
143.991,measure,7183,20.909
144.011,measure,7184,19.746
144.030,measure,7185,19.172
144.051,measure,7186,20.893
144.074,measure,7187,23.667
144.090,measure,7188,15.416
144.111,measure,7189,20.885
144.131,measure,7190,20.922
144.151,measure,7191,19.074
144.170,measure,7192,19.178
144.191,measure,7193,21.393
144.209,measure,7194,18.128
144.230,measure,7195,21.125
144.251,measure,7196,20.830
144.270,measure,7197,19.147
144.291,measure,7198,20.910
144.309,measure,7199,17.575
144.331,measure,7200,22.216
144.355,measure,7201,23.489
144.370,measure,7202,15.450
144.390,measure,7203,19.527
144.412,measure,7204,22.233
144.430,measure,7205,17.803
144.452,measure,7206,22.226
144.472,measure,7207,19.939
144.491,measure,7208,19.369
144.512,measure,7209,20.753
144.531,measure,7210,19.054
144.550,measure,7211,19.084
144.570,measure,7212,19.626
144.590,measure,7213,19.960
144.610,measure,7214,20.515
144.634,measure,7215,24.157
144.651,measure,7216,16.762
144.670,measure,7217,18.783
144.692,measure,7218,22.125
144.711,measure,7219,18.982
144.730,measure,7220,18.769
144.752,measure,7221,22.214
144.769,measure,7222,17.349
144.790,measure,7223,21.125
144.812,measure,7224,21.354
144.830,measure,7225,18.580
144.850,measure,7226,20.058
144.868,measure,7227,17.930
144.890,measure,7228,22.138
144.913,measure,7229,22.699
144.930,measure,7230,17.366
144.950,measure,7231,19.855
144.971,measure,7232,21.020
144.990,measure,7233,18.922
145.010,measure,7234,19.930
145.031,measure,7235,20.753
145.050,measure,7236,19.258
145.070,measure,7237,20.067
145.090,measure,7238,20.158
145.110,measure,7239,19.829
145.130,measure,7240,20.032
145.149,measure,7241,18.889
145.170,measure,7242,20.974
145.193,measure,7243,22.950
145.210,measure,7244,16.794
145.231,measure,7245,21.323
145.251,measure,7246,20.060
145.270,measure,7247,18.728
145.290,measure,7248,19.911
145.312,measure,7249,21.563
145.329,measure,7250,17.835
145.351,measure,7251,21.565
145.370,measure,7252,19.497
145.390,measure,7253,19.103
145.411,measure,7254,21.145
145.430,measure,7255,18.995
145.451,measure,7256,21.270
145.474,measure,7257,22.945
145.490,measure,7258,15.760
145.510,measure,7259,20.565
145.532,measure,7260,22.036
145.550,measure,7261,17.597
145.571,measure,7262,21.361
145.590,measure,7263,19.258
145.610,measure,7264,19.927
145.629,measure,7265,18.731
145.650,measure,7266,21.351
145.669,measure,7267,18.904
145.689,measure,7268,19.709
145.709,measure,7269,20.105
145.730,measure,7270,20.850
145.754,measure,7271,23.843
145.769,measure,7272,14.829
145.790,measure,7273,21.755
145.811,measure,7274,20.928
145.830,measure,7275,18.656
145.851,measure,7276,20.878
145.872,measure,7277,20.944
145.890,measure,7278,18.260
145.911,measure,7279,20.896
145.930,measure,7280,18.956
145.949,measure,7281,18.981
145.969,measure,7282,20.131
145.990,measure,7283,20.877
146.010,measure,7284,19.871
146.033,measure,7285,23.183
146.050,measure,7286,16.779
146.069,measure,7287,19.239
146.090,measure,7288,20.906
146.109,measure,7289,19.235
146.130,measure,7290,20.475
146.150,measure,7291,20.111
146.170,measure,7292,19.822
146.189,measure,7293,19.082
146.209,measure,7294,20.509
146.229,measure,7295,19.779
146.250,measure,7296,21.007
146.269,measure,7297,18.934
146.290,measure,7298,20.650
146.312,measure,7299,22.689
146.327,measure,7300,15.157
146.350,measure,7301,22.828
146.370,measure,7302,19.767
146.389,measure,7303,19.466
146.410,measure,7304,20.840
146.430,measure,7305,20.080
146.449,measure,7306,18.887
146.469,measure,7307,19.887
146.489,measure,7308,20.079
146.509,measure,7309,20.128
146.529,measure,7310,19.762
146.549,measure,7311,19.485
146.569,measure,7312,20.665
146.593,measure,7313,23.565
146.610,measure,7314,17.271
146.629,measure,7315,19.369
146.651,measure,7316,21.224
146.670,measure,7317,19.082
146.690,measure,7318,19.868
146.711,measure,7319,21.603
146.729,measure,7320,18.163
146.750,measure,7321,20.392
146.769,measure,7322,19.006
146.789,measure,7323,20.389
146.809,measure,7324,20.247
146.829,measure,7325,19.165
146.850,measure,7326,21.700
146.872,measure,7327,22.183
146.890,measure,7328,17.087
146.908,measure,7329,18.797
146.930,measure,7330,22.103
146.951,measure,7331,20.138
146.969,measure,7332,18.062
146.991,measure,7333,22.287
147.009,measure,7334,18.435
147.030,measure,7335,20.313
147.049,measure,7336,18.808
147.071,measure,7337,22.037
147.089,measure,7338,18.883
147.108,measure,7339,19.035
147.129,measure,7340,20.984
147.153,measure,7341,23.141
147.170,measure,7342,16.918
147.189,measure,7343,19.935
147.210,measure,7344,20.988
147.228,measure,7345,18.021
147.249,measure,7346,21.012
147.270,measure,7347,20.890
147.289,measure,7348,19.044
147.309,measure,7349,19.959
147.330,measure,7350,20.507
147.351,measure,7351,21.045
147.369,measure,7352,17.909
147.389,measure,7353,20.420
147.410,measure,7354,20.622
147.432,measure,7355,22.029
147.449,measure,7356,17.055
147.470,measure,7357,20.977
147.491,measure,7358,21.123
147.510,measure,7359,19.035
147.530,measure,7360,19.977
147.551,measure,7361,21.137
147.570,measure,7362,18.517
147.589,measure,7363,19.334
147.608,measure,7364,19.156
147.630,measure,7365,21.550
147.648,measure,7366,18.695
147.668,measure,7367,19.487
147.690,measure,7368,21.778
147.713,measure,7369,22.986
147.729,measure,7370,15.841
147.750,measure,7371,21.364
147.770,measure,7372,20.549
147.789,measure,7373,18.217
147.810,measure,7374,20.932
147.830,measure,7375,20.566
147.849,measure,7376,18.381
147.869,measure,7377,20.890
147.890,measure,7378,20.160
147.910,measure,7379,19.977
147.930,measure,7380,20.145
147.949,measure,7381,19.337
147.969,measure,7382,19.551
147.992,measure,7383,23.861
148.009,measure,7384,16.087
148.031,measure,7385,22.213
148.050,measure,7386,19.593
148.070,measure,7387,19.343
148.090,measure,7388,20.794
148.110,measure,7389,19.737
148.130,measure,7390,19.484
148.150,measure,7391,19.910
148.169,measure,7392,19.172
148.190,measure,7393,20.846
148.210,measure,7394,19.914
148.229,measure,7395,19.208
148.250,measure,7396,20.901
148.273,measure,7397,22.995
148.289,measure,7398,16.039
148.309,measure,7399,20.768
148.331,measure,7400,21.279
148.350,measure,7401,18.784
148.369,measure,7402,19.247
148.390,measure,7403,21.048
148.410,measure,7404,19.965
148.430,measure,7405,19.907
148.450,measure,7406,20.727
148.470,measure,7407,19.371
148.490,measure,7408,19.945
148.510,measure,7409,20.213
148.529,measure,7410,19.464
148.553,measure,7411,23.603
148.570,measure,7412,16.886
148.590,measure,7413,19.923
148.611,measure,7414,20.977
148.629,measure,7415,18.311
148.649,measure,7416,19.855
148.670,measure,7417,20.601
148.689,measure,7418,19.647
148.709,measure,7419,20.167
148.729,measure,7420,19.798
148.750,measure,7421,20.428
148.769,measure,7422,19.530
148.788,measure,7423,19.158
148.809,measure,7424,20.722
148.832,measure,7425,22.745
148.851,measure,7426,19.125
148.870,measure,7427,18.909
148.891,measure,7428,20.937
148.910,measure,7429,19.086
148.930,measure,7430,19.751
148.950,measure,7431,20.180
148.969,measure,7432,18.836
148.989,measure,7433,20.895
149.010,measure,7434,20.890
149.031,measure,7435,20.147
149.049,measure,7436,18.841
149.070,measure,7437,20.140
149.089,measure,7438,19.959
149.113,measure,7439,23.680
149.129,measure,7440,15.429
149.149,measure,7441,20.785
149.170,measure,7442,21.043
149.189,measure,7443,18.104
149.209,measure,7444,20.930
149.230,measure,7445,20.231
149.250,measure,7446,19.854
149.270,measure,7447,19.997
149.290,measure,7448,20.825
149.310,measure,7449,19.966
149.330,measure,7450,19.809
149.350,measure,7451,19.948
149.370,measure,7452,20.035
149.393,measure,7453,22.921
149.409,measure,7454,16.073
149.431,measure,7455,21.889
149.450,measure,7456,19.374
149.470,measure,7457,19.660
149.490,measure,7458,19.953
149.511,measure,7459,21.032
149.530,measure,7460,19.031
149.551,measure,7461,20.781
149.569,measure,7462,18.599
149.589,measure,7463,20.069
149.609,measure,7464,19.294
149.627,measure,7465,18.695
149.651,measure,7466,23.640
149.673,measure,7467,21.409
149.689,measure,7468,16.045
149.709,measure,7469,20.811
149.730,measure,7470,21.052
149.749,measure,7471,18.132
149.770,measure,7472,21.768
149.790,measure,7473,19.640
149.810,measure,7474,19.752
149.830,measure,7475,20.755
149.850,measure,7476,19.880
149.868,measure,7477,17.997
149.890,measure,7478,21.239
149.909,measure,7479,19.746
149.929,measure,7480,20.156
149.953,measure,7481,23.235
149.968,measure,7482,15.755
149.989,measure,7483,20.908
150.010,measure,7484,20.697
150.029,measure,7485,18.586
150.049,measure,7486,20.673
150.070,measure,7487,20.374
150.090,measure,7488,19.889
150.108,measure,7489,18.870
150.129,measure,7490,20.968
150.149,measure,7491,19.896
150.168,measure,7492,19.125
150.188,measure,7493,19.971
150.209,measure,7494,21.015
150.234,measure,7495,24.542
150.248,measure,7496,14.438
150.269,measure,7497,21.042
150.290,measure,7498,20.936
150.309,measure,7499,18.800
150.330,measure,7500,20.625
150.351,measure,7501,20.827
150.370,measure,7502,19.042
150.390,measure,7503,20.017
150.409,measure,7504,19.347
150.430,measure,7505,20.910
150.450,measure,7506,20.069
150.470,measure,7507,20.296
150.490,measure,7508,19.677
150.514,measure,7509,23.715
150.529,measure,7510,15.072
150.550,measure,7511,21.225
150.570,measure,7512,20.052
150.589,measure,7513,19.242
150.610,measure,7514,20.536
150.630,measure,7515,20.219
150.649,measure,7516,19.206
150.669,measure,7517,19.756
150.690,measure,7518,21.111
150.710,measure,7519,19.935
150.730,measure,7520,19.781
150.749,measure,7521,19.470
150.770,measure,7522,20.754
150.792,measure,7523,22.323
150.809,measure,7524,16.651
150.828,measure,7525,19.410
150.851,measure,7526,22.325
150.869,measure,7527,18.662
150.890,measure,7528,20.276
150.917,measure,7529,26.904
150.930,measure,7530,12.957
150.950,measure,7531,19.966
150.969,measure,7532,19.914
150.989,measure,7533,19.256
151.010,measure,7534,20.823
151.029,measure,7535,19.161
151.050,measure,7536,20.790
151.073,measure,7537,23.084
151.088,measure,7538,15.634
151.108,measure,7539,19.914
151.130,measure,7540,21.928
151.149,measure,7541,19.007
151.168,measure,7542,19.095
151.190,measure,7543,21.425
151.209,measure,7544,19.508
151.230,measure,7545,21.328
151.249,measure,7546,18.639
151.270,measure,7547,21.026
151.289,measure,7548,19.009
151.308,measure,7549,19.141
151.330,measure,7550,21.425
151.354,measure,7551,24.109
151.370,measure,7552,16.031
151.389,measure,7553,18.887
151.410,measure,7554,21.735
151.429,measure,7555,18.288
151.450,measure,7556,21.466
151.470,measure,7557,20.021
151.490,measure,7558,19.432
151.513,measure,7559,22.886
151.530,measure,7560,17.630
151.551,measure,7561,21.044
151.569,measure,7562,17.680
151.589,measure,7563,19.987
151.610,measure,7564,21.414
151.634,measure,7565,23.556
151.650,measure,7566,16.382
151.669,measure,7567,18.404
151.690,measure,7568,21.807
151.710,measure,7569,19.068
151.728,measure,7570,18.734
151.750,measure,7571,22.072
151.769,measure,7572,19.038
151.791,measure,7573,21.947
151.811,measure,7574,19.731
151.829,measure,7575,18.050
151.851,measure,7576,21.792
151.869,measure,7577,18.485
151.890,measure,7578,20.463
151.913,measure,7579,22.866
151.929,measure,7580,16.806
151.950,measure,7581,20.059
151.971,measure,7582,21.333
151.991,measure,7583,20.218
152.010,measure,7584,18.829
152.031,measure,7585,21.057
152.050,measure,7586,19.010
152.070,measure,7587,20.055
152.090,measure,7588,20.123
152.110,measure,7589,19.828
152.131,measure,7590,20.554
152.149,measure,7591,18.847
152.169,measure,7592,19.270
152.193,measure,7593,24.188
152.210,measure,7594,16.666
152.230,measure,7595,20.087
152.251,measure,7596,21.348
152.270,measure,7597,18.646
152.289,measure,7598,19.886
152.310,measure,7599,20.788
152.330,measure,7600,19.302
152.350,measure,7601,20.324
152.370,measure,7602,19.995
152.389,measure,7603,19.076
152.409,measure,7604,20.491
152.429,measure,7605,19.364
152.449,measure,7606,20.273
152.472,measure,7607,23.263
152.489,measure,7608,16.754
152.510,measure,7609,21.193
152.531,measure,7610,20.424
152.550,measure,7611,19.089
152.570,measure,7612,20.296
152.590,measure,7613,19.549
152.609,measure,7614,19.730
152.630,measure,7615,21.045
152.651,measure,7616,20.487
152.669,measure,7617,17.680
152.689,measure,7618,20.578
152.709,measure,7619,20.044
152.730,measure,7620,20.762
152.753,measure,7621,23.204
152.769,measure,7622,15.880
152.790,measure,7623,21.099
152.810,measure,7624,20.296
152.828,measure,7625,17.740
152.852,measure,7626,23.552
152.871,measure,7627,19.578
152.889,measure,7628,17.694
152.910,measure,7629,21.052
152.931,measure,7630,20.817
152.951,measure,7631,20.116
152.969,measure,7632,17.923
152.989,measure,7633,19.977
153.011,measure,7634,21.940
153.033,measure,7635,22.513
153.050,measure,7636,16.466
153.070,measure,7637,20.041
153.091,measure,7638,21.340
153.110,measure,7639,18.584
153.131,measure,7640,21.192
153.151,measure,7641,20.391
153.169,measure,7642,18.024
153.188,measure,7643,18.951
153.212,measure,7644,23.362
153.230,measure,7645,18.631
153.249,measure,7646,18.934
153.269,measure,7647,20.134
153.290,measure,7648,20.938
153.312,measure,7649,21.886
153.330,measure,7650,17.661
153.350,measure,7651,20.568
153.371,measure,7652,20.142
153.390,measure,7653,19.852
153.410,measure,7654,19.098
153.430,measure,7655,20.645
153.450,measure,7656,19.761
153.470,measure,7657,19.539
153.491,measure,7658,20.983
153.510,measure,7659,19.228
153.530,measure,7660,20.564
153.550,measure,7661,19.406
153.570,measure,7662,20.665
153.589,measure,7663,18.316
153.609,measure,7664,20.700
153.630,measure,7665,21.097
153.651,measure,7666,20.111
153.669,measure,7667,18.893
153.690,measure,7668,20.763
153.711,measure,7669,21.161
153.730,measure,7670,18.513
153.750,measure,7671,20.002
153.770,measure,7672,19.953
153.790,measure,7673,20.052
153.810,measure,7674,20.028
153.830,measure,7675,20.407
153.850,measure,7676,19.887
153.873,measure,7677,22.706
153.890,measure,7678,16.685
153.909,measure,7679,18.909
153.932,measure,7680,23.901
153.950,measure,7681,17.158
153.971,measure,7682,21.178
153.990,measure,7683,19.603
154.010,measure,7684,19.680
154.030,measure,7685,20.115
154.050,measure,7686,20.052
154.071,measure,7687,20.886
154.090,measure,7688,18.755
154.110,measure,7689,20.266
154.129,measure,7690,18.743
154.153,measure,7691,24.132
154.170,measure,7692,16.974
154.190,measure,7693,19.959
154.211,measure,7694,20.614
154.230,measure,7695,19.359
154.250,measure,7696,20.166
154.270,measure,7697,20.311
154.290,measure,7698,19.604
154.310,measure,7699,19.580
154.330,measure,7700,20.009
154.350,measure,7701,20.003
154.370,measure,7702,19.916
154.389,measure,7703,19.090
154.410,measure,7704,21.325
154.433,measure,7705,22.758
154.450,measure,7706,17.533
154.471,measure,7707,20.725
154.490,measure,7708,19.510
154.510,measure,7709,19.651
154.531,measure,7710,21.056
154.551,measure,7711,20.251
154.569,measure,7712,17.489
154.590,measure,7713,20.927
154.610,measure,7714,19.739
154.630,measure,7715,20.121
154.650,measure,7716,20.018
154.669,measure,7717,19.000
154.689,measure,7718,20.334
154.712,measure,7719,23.288
154.730,measure,7720,17.354
154.750,measure,7721,20.160
154.771,measure,7722,21.040
154.790,measure,7723,18.797
154.810,measure,7724,20.051
154.830,measure,7725,20.769
154.849,measure,7726,18.320
154.870,measure,7727,21.476
154.889,measure,7728,19.052
154.909,measure,7729,19.998
154.929,measure,7730,19.914
154.949,measure,7731,19.996
154.970,measure,7732,21.216
154.992,measure,7733,21.785
155.010,measure,7734,18.129
155.030,measure,7735,19.419
155.050,measure,7736,20.537
155.069,measure,7737,18.602
155.089,measure,7738,20.253
155.110,measure,7739,20.592
155.128,measure,7740,18.437
155.150,measure,7741,21.606
155.170,measure,7742,19.996
155.189,measure,7743,18.947
155.210,measure,7744,21.091
155.228,measure,7745,18.031
155.250,measure,7746,21.958
155.273,measure,7747,22.669
155.289,measure,7748,16.913
155.309,measure,7749,19.598
155.331,measure,7750,21.553
155.350,measure,7751,19.455
155.370,measure,7752,19.938
155.391,measure,7753,20.857
155.409,measure,7754,17.879
155.430,measure,7755,20.944
155.451,measure,7756,21.040
155.469,measure,7757,17.876
155.490,measure,7758,21.054
155.509,measure,7759,19.161
155.530,measure,7760,21.401
155.553,measure,7761,22.497
155.568,measure,7762,15.785
155.589,measure,7763,20.142
155.611,measure,7764,22.111
155.630,measure,7765,18.939
155.650,measure,7766,19.980
155.670,measure,7767,20.196
155.690,measure,7768,19.957
155.708,measure,7769,18.656
155.731,measure,7770,22.103
155.749,measure,7771,18.918
155.769,measure,7772,19.840
155.789,measure,7773,19.970
155.810,measure,7774,20.238
155.832,measure,7775,22.385
155.849,measure,7776,16.789
155.869,measure,7777,20.397
155.891,measure,7778,22.360
155.910,measure,7779,18.198
155.930,measure,7780,19.858
155.950,measure,7781,20.388
155.970,measure,7782,19.781
155.989,measure,7783,19.813
156.011,measure,7784,21.258
156.030,measure,7785,19.388
156.050,measure,7786,19.510
156.068,measure,7787,17.904
156.091,measure,7788,23.032
156.113,measure,7789,22.202
156.129,measure,7790,15.779
156.149,measure,7791,20.302
156.170,measure,7792,21.368
156.190,measure,7793,19.730
156.210,measure,7794,19.872
156.231,measure,7795,21.006
156.250,measure,7796,19.460
156.270,measure,7797,19.524
156.290,measure,7798,20.102
156.309,measure,7799,19.563
156.328,measure,7800,18.992
156.349,measure,7801,20.969
156.369,measure,7802,19.182
156.393,measure,7803,24.350
156.408,measure,7804,15.294
156.430,measure,7805,21.735
156.450,measure,7806,20.376
156.470,measure,7807,19.584
156.491,measure,7808,20.978
156.511,measure,7809,20.347
156.530,measure,7810,18.826
156.550,measure,7811,19.745
156.570,measure,7812,20.596
156.588,measure,7813,17.963
156.610,measure,7814,21.244
156.629,measure,7815,19.750
156.649,measure,7816,19.708
156.673,measure,7817,23.571
156.690,measure,7818,17.145
156.709,measure,7819,18.742
156.730,measure,7820,21.691
156.750,measure,7821,19.451
156.769,measure,7822,19.108
156.790,measure,7823,21.409
156.809,measure,7824,19.048
156.829,measure,7825,19.212
156.850,measure,7826,21.494
156.869,measure,7827,19.076
156.890,measure,7828,20.607
156.910,measure,7829,20.085
156.930,measure,7830,19.891
156.954,measure,7831,24.205
156.970,measure,7832,15.937
156.990,measure,7833,19.850
157.011,measure,7834,21.096
157.029,measure,7835,18.709
157.049,measure,7836,19.895
157.070,measure,7837,20.592
157.089,measure,7838,19.321
157.109,measure,7839,19.734
157.129,measure,7840,19.984
157.150,measure,7841,20.941
157.170,measure,7842,19.768
157.189,measure,7843,18.883
157.209,measure,7844,20.413
157.232,measure,7845,23.344
157.249,measure,7846,16.415
157.269,measure,7847,20.628
157.290,measure,7848,20.869
157.310,measure,7849,19.382
157.329,measure,7850,19.753
157.351,measure,7851,21.352
157.369,measure,7852,18.222
157.389,measure,7853,20.115
157.410,measure,7854,20.981
157.429,measure,7855,18.980
157.450,measure,7856,21.206
157.469,measure,7857,18.809
157.489,measure,7858,20.071
157.513,measure,7859,23.410
157.529,measure,7860,16.779
157.549,measure,7861,19.455
157.571,measure,7862,21.772
157.590,measure,7863,18.979
157.610,measure,7864,20.038
157.630,measure,7865,20.613
157.650,measure,7866,19.501
157.669,measure,7867,18.864
157.691,measure,7868,22.473
157.709,measure,7869,18.417
157.730,measure,7870,20.257
157.749,measure,7871,19.507
157.768,measure,7872,19.157
157.792,measure,7873,23.685
157.809,measure,7874,17.224
157.829,measure,7875,19.282
157.851,measure,7876,22.863
157.869,measure,7877,17.792
157.889,measure,7878,20.143
157.911,measure,7879,22.019
157.930,measure,7880,18.393
157.950,measure,7881,20.365
157.970,measure,7882,20.026
157.990,measure,7883,19.855
158.010,measure,7884,20.137
158.029,measure,7885,19.001
158.050,measure,7886,20.922
158.073,measure,7887,22.766
158.089,measure,7888,16.224
158.110,measure,7889,21.099
158.131,measure,7890,20.405
158.149,measure,7891,18.855
158.170,measure,7892,20.315
158.190,measure,7893,20.595
158.210,measure,7894,19.466
158.231,measure,7895,20.859
158.250,measure,7896,19.069
158.271,measure,7897,21.021
158.289,measure,7898,18.403
158.308,measure,7899,19.273
158.329,measure,7900,20.924
158.354,measure,7901,24.665
158.370,measure,7902,15.876
158.390,measure,7903,20.073
158.410,measure,7904,20.491
158.430,measure,7905,19.441
158.450,measure,7906,20.108
158.470,measure,7907,20.268
158.490,measure,7908,19.761
158.510,measure,7909,20.102
158.530,measure,7910,19.977
158.551,measure,7911,20.662
158.570,measure,7912,19.683
158.588,measure,7913,18.062
158.610,measure,7914,21.020
158.633,measure,7915,23.581
158.649,measure,7916,15.537
158.670,measure,7917,20.893
158.691,measure,7918,21.088
158.709,measure,7919,18.014
158.730,measure,7920,21.111
158.750,measure,7921,20.730
158.771,measure,7922,20.043
158.790,measure,7923,19.128
158.810,measure,7924,20.833
158.830,measure,7925,19.173
158.850,measure,7926,19.920
158.868,measure,7927,18.806
158.888,measure,7928,20.077
158.912,measure,7929,23.957
158.930,measure,7930,17.455
158.949,measure,7931,19.009
158.970,measure,7932,21.543
158.990,measure,7933,19.378
159.010,measure,7934,20.331
159.029,measure,7935,19.299
159.049,measure,7936,19.567
159.069,measure,7937,20.133
159.090,measure,7938,21.312
159.109,measure,7939,18.685
159.129,measure,7940,19.953
159.149,measure,7941,19.982
159.170,measure,7942,20.507
159.192,measure,7943,22.545
159.209,measure,7944,17.023
159.229,measure,7945,19.910
159.250,measure,7946,21.323
159.269,measure,7947,18.734
159.289,measure,7948,20.006
159.312,measure,7949,22.706
159.329,measure,7950,17.369
159.349,measure,7951,20.038
159.370,measure,7952,20.989
159.389,measure,7953,19.083
159.409,measure,7954,19.984
159.429,measure,7955,19.875
159.449,measure,7956,20.095
159.472,measure,7957,23.064
159.489,measure,7958,16.890
159.508,measure,7959,19.271
159.530,measure,7960,22.031
159.549,measure,7961,18.932
159.569,measure,7962,19.661
159.589,measure,7963,20.123
159.609,measure,7964,20.063
159.630,measure,7965,20.730
159.650,measure,7966,19.998
159.670,measure,7967,19.904
159.690,measure,7968,20.302
159.709,measure,7969,18.678
159.731,measure,7970,22.251
159.753,measure,7971,21.607
159.769,measure,7972,15.852
159.790,measure,7973,20.942
159.810,measure,7974,20.853
159.830,measure,7975,19.358
159.850,measure,7976,20.590
159.870,measure,7977,19.676
159.890,measure,7978,19.525
159.909,measure,7979,19.197
159.930,measure,7980,21.375
159.949,measure,7981,18.415
159.969,measure,7982,20.359
159.990,measure,7983,20.719
160.011,measure,7984,21.159
160.034,measure,7985,22.906
160.050,measure,7986,16.006
160.070,measure,7987,20.026
160.091,measure,7988,21.187
160.110,measure,7989,18.853
160.129,measure,7990,19.754
160.150,measure,7991,20.520
160.169,measure,7992,18.575
160.189,measure,7993,20.697
160.210,measure,7994,21.012
160.229,measure,7995,18.945
160.249,measure,7996,19.266
160.268,measure,7997,19.672
160.289,measure,7998,21.040
160.313,measure,7999,23.421
160.329,measure,8000,16.230
160.351,measure,8001,21.944
160.371,measure,8002,20.032
160.390,measure,8003,18.976
160.410,measure,8004,19.966
160.430,measure,8005,20.483
160.450,measure,8006,19.622
160.469,measure,8007,19.497
160.490,measure,8008,21.025
160.508,measure,8009,18.081
160.528,measure,8010,19.683
160.550,measure,8011,21.767
160.570,measure,8012,19.679
160.593,measure,8013,23.196
160.610,measure,8014,16.845
160.629,measure,8015,19.683
160.650,measure,8016,20.737
160.669,measure,8017,19.288
160.689,measure,8018,19.754
160.710,measure,8019,21.198
160.730,measure,8020,19.429
160.750,measure,8021,20.084
160.769,measure,8022,18.991
160.790,measure,8023,21.218
160.810,measure,8024,19.506
160.829,measure,8025,19.192
160.850,measure,8026,21.692
160.873,measure,8027,22.221
160.890,measure,8028,17.380
160.910,measure,8029,19.877
160.930,measure,8030,20.166
160.949,measure,8031,18.953
160.968,measure,8032,19.225
160.990,measure,8033,21.621
161.010,measure,8034,20.229
161.029,measure,8035,19.017
161.048,measure,8036,19.026
161.069,measure,8037,20.930
161.089,measure,8038,19.879
161.108,measure,8039,19.061
161.130,measure,8040,21.852
161.152,measure,8041,22.382
161.169,measure,8042,17.136
161.189,measure,8043,19.917
161.210,measure,8044,20.844
161.230,measure,8045,19.561
161.251,measure,8046,20.914
161.270,measure,8047,19.099
161.290,measure,8048,19.944
161.309,measure,8049,19.561
161.329,measure,8050,20.155
161.350,measure,8051,21.058
161.369,measure,8052,18.676
161.388,measure,8053,19.234
161.409,measure,8054,20.885
161.432,measure,8055,23.138
161.449,measure,8056,16.819
161.469,measure,8057,20.144
161.490,measure,8058,20.858
161.510,measure,8059,20.229
161.529,measure,8060,19.051
161.551,measure,8061,21.396
161.569,measure,8062,18.207
161.589,measure,8063,19.978
161.611,measure,8064,21.892
161.630,measure,8065,18.589
161.649,measure,8066,19.700
161.668,measure,8067,18.580
161.689,measure,8068,21.083
161.713,measure,8069,23.777
161.729,measure,8070,16.015
161.749,measure,8071,20.501
161.771,measure,8072,21.599
161.789,measure,8073,17.812
161.809,measure,8074,20.579
161.831,measure,8075,21.356
161.850,measure,8076,19.352
161.869,measure,8077,19.198
161.890,measure,8078,21.196
161.910,measure,8079,19.821
161.930,measure,8080,19.899
161.951,measure,8081,20.920
161.971,measure,8082,19.772
161.993,measure,8083,21.946
162.009,measure,8084,16.652
162.030,measure,8085,20.562
162.050,measure,8086,20.608
162.068,measure,8087,17.489
162.090,measure,8088,22.089
162.110,measure,8089,20.387
162.130,measure,8090,19.106
162.150,measure,8091,20.085
162.169,measure,8092,19.465
162.190,measure,8093,20.677
162.209,measure,8094,19.061
162.228,measure,8095,19.490
162.250,measure,8096,21.193
162.272,measure,8097,22.971
162.288,measure,8098,15.860
162.310,measure,8099,21.950
162.331,measure,8100,20.234
162.350,measure,8101,19.792
162.369,measure,8102,18.868
162.390,measure,8103,20.533
162.409,measure,8104,19.460
162.429,measure,8105,20.027
162.450,measure,8106,20.809
162.468,measure,8107,18.131
162.489,measure,8108,21.111
162.510,measure,8109,21.110
162.530,measure,8110,19.179
162.552,measure,8111,22.809
162.569,measure,8112,16.848
162.589,measure,8113,20.152
162.612,measure,8114,22.569
162.629,measure,8115,17.299
162.649,measure,8116,20.161
162.671,measure,8117,21.329
162.689,measure,8118,18.646
162.708,measure,8119,18.887
162.729,measure,8120,20.801
162.750,measure,8121,21.114
162.771,measure,8122,20.809
162.790,measure,8123,19.086
162.810,measure,8124,20.041
162.832,measure,8125,22.174
162.850,measure,8126,17.609
162.870,measure,8127,20.134
162.891,measure,8128,21.047
162.910,measure,8129,18.979
162.929,measure,8130,19.386
162.950,measure,8131,20.783
162.969,measure,8132,19.209
162.989,measure,8133,19.857
163.010,measure,8134,21.055
163.030,measure,8135,19.254
163.050,measure,8136,20.777
163.068,measure,8137,18.008
163.089,measure,8138,20.869
163.112,measure,8139,23.177
163.128,measure,8140,15.888
163.149,measure,8141,21.019
163.170,measure,8142,21.160
163.190,measure,8143,19.578
163.209,measure,8144,19.157
163.230,measure,8145,21.135
163.249,measure,8146,19.140
163.268,measure,8147,18.983
163.290,measure,8148,22.002
163.310,measure,8149,19.613
163.328,measure,8150,17.952
163.349,measure,8151,21.130
163.369,measure,8152,19.860
163.392,measure,8153,23.117
163.408,measure,8154,15.901
163.429,measure,8155,21.005
163.450,measure,8156,20.827
163.468,measure,8157,18.155
163.489,measure,8158,21.129
163.511,measure,8159,21.498
163.529,measure,8160,18.517
163.549,measure,8161,20.113
163.570,measure,8162,20.698
163.589,measure,8163,18.939
163.608,measure,8164,19.369
163.628,measure,8165,19.584
163.649,measure,8166,21.387
163.668,measure,8167,18.726
163.688,measure,8168,20.261
163.708,measure,8169,19.873
163.730,measure,8170,21.853
163.749,measure,8171,19.432
163.768,measure,8172,18.791
163.790,measure,8173,21.823
163.809,measure,8174,19.084
163.830,measure,8175,21.158
163.850,measure,8176,19.923
163.869,measure,8177,19.003
163.889,measure,8178,19.891
163.909,measure,8179,20.118
163.929,measure,8180,20.063
163.953,measure,8181,23.673
163.969,measure,8182,16.313
163.989,measure,8183,19.713
164.010,measure,8184,21.157
164.029,measure,8185,19.132
164.049,measure,8186,19.931
164.070,measure,8187,20.507
164.089,measure,8188,19.493
164.110,measure,8189,21.213
164.129,measure,8190,18.847
164.149,measure,8191,20.099
164.169,measure,8192,19.810
164.190,measure,8193,20.702
164.210,measure,8194,20.123
164.233,measure,8195,23.377
164.249,measure,8196,15.253
164.268,measure,8197,19.835
164.291,measure,8198,22.399
164.309,measure,8199,18.250
164.330,measure,8200,20.437
164.351,measure,8201,21.795
164.370,measure,8202,18.367
164.390,measure,8203,19.943
164.412,measure,8204,22.199
164.430,measure,8205,18.037
164.450,measure,8206,19.797
164.470,measure,8207,20.291
164.490,measure,8208,20.100
164.515,measure,8209,24.723
164.530,measure,8210,15.461
164.550,measure,8211,19.476
164.571,measure,8212,21.532
164.590,measure,8213,19.189
164.610,measure,8214,19.215
164.630,measure,8215,20.671
164.651,measure,8216,20.442
164.670,measure,8217,19.610
164.690,measure,8218,19.728
164.709,measure,8219,18.896
164.729,measure,8220,20.425
164.750,measure,8221,20.262
164.768,measure,8222,18.703
164.794,measure,8223,25.392
164.810,measure,8224,15.971
164.829,measure,8225,19.652
164.851,measure,8226,22.011
164.869,measure,8227,17.950
164.890,measure,8228,20.317
164.911,measure,8229,21.046
164.929,measure,8230,18.593
164.950,measure,8231,20.507
164.971,measure,8232,21.351
164.991,measure,8233,19.661
165.010,measure,8234,19.170
165.030,measure,8235,20.332
165.050,measure,8236,19.664
165.074,measure,8237,24.005
165.090,measure,8238,15.813
165.110,measure,8239,20.223
165.131,measure,8240,20.926
165.150,measure,8241,18.941
165.170,measure,8242,20.140
165.193,measure,8243,22.848
165.210,measure,8244,17.167
165.229,measure,8245,18.706
165.251,measure,8246,21.965
165.269,measure,8247,18.723
165.291,measure,8248,21.068
165.309,measure,8249,18.648
165.328,measure,8250,18.851
165.354,measure,8251,25.498
165.369,measure,8252,15.534
165.389,measure,8253,20.119
165.410,measure,8254,21.319
165.429,measure,8255,18.613
165.450,measure,8256,21.023
165.471,measure,8257,20.394
165.488,measure,8258,17.551
165.510,measure,8259,22.181
165.531,measure,8260,21.224
165.549,measure,8261,17.764
165.570,measure,8262,20.771
165.588,measure,8263,17.975
165.610,measure,8264,21.525
165.633,measure,8265,23.070
165.648,measure,8266,15.785
165.670,measure,8267,21.710
165.691,measure,8268,20.456
165.709,measure,8269,18.115
165.730,measure,8270,21.128
165.751,measure,8271,21.335
165.769,measure,8272,17.663
165.791,measure,8273,21.929
165.812,measure,8274,21.110
165.829,measure,8275,17.071
165.850,measure,8276,21.610
165.870,measure,8277,19.335
165.890,measure,8278,19.825
165.913,measure,8279,23.129
165.931,measure,8280,17.976
165.951,measure,8281,20.085
165.971,measure,8282,20.109
165.989,measure,8283,18.494
166.011,measure,8284,21.406
166.031,measure,8285,20.220
166.050,measure,8286,18.640
166.071,measure,8287,21.006
166.091,measure,8288,19.844
166.110,measure,8289,19.160
166.131,measure,8290,20.798
166.149,measure,8291,18.091
166.170,measure,8292,21.629
166.193,measure,8293,22.408
166.209,measure,8294,16.503
166.229,measure,8295,19.940
166.252,measure,8296,23.122
166.270,measure,8297,17.400
166.290,measure,8298,20.026
166.310,measure,8299,20.637
166.328,measure,8300,17.896
166.350,measure,8301,22.063
166.370,measure,8302,19.867
166.389,measure,8303,19.235
166.409,measure,8304,19.812
166.427,measure,8305,17.974
166.449,measure,8306,21.382
166.472,measure,8307,23.971
166.488,measure,8308,16.006
166.511,measure,8309,22.238
166.531,measure,8310,20.524
166.549,measure,8311,17.984
166.570,measure,8312,20.642
166.590,measure,8313,19.741
166.609,measure,8314,19.666
166.629,measure,8315,19.687
166.650,measure,8316,21.228
166.669,measure,8317,18.761
166.689,measure,8318,20.512
166.707,measure,8319,17.597
166.730,measure,8320,22.574
166.754,measure,8321,24.037
166.770,measure,8322,15.905
166.791,measure,8323,21.901
166.811,measure,8324,19.537
166.829,measure,8325,17.670
166.850,measure,8326,21.593
166.870,measure,8327,19.921
166.890,measure,8328,19.615
166.910,measure,8329,20.159
166.930,measure,8330,19.678
166.950,measure,8331,20.239
166.970,measure,8332,19.896
166.989,measure,8333,18.771
167.011,measure,8334,22.210
167.033,measure,8335,22.360
167.050,measure,8336,16.636
167.071,measure,8337,20.952
167.090,measure,8338,19.319
167.110,measure,8339,19.812
167.130,measure,8340,20.013
167.150,measure,8341,20.440
167.170,measure,8342,19.550
167.190,measure,8343,19.882
167.210,measure,8344,20.212
167.230,measure,8345,19.749
167.249,measure,8346,19.776
167.268,measure,8347,18.910
167.288,measure,8348,20.090
167.314,measure,8349,25.067
167.329,measure,8350,15.918
167.350,measure,8351,20.558
167.370,measure,8352,20.107
167.390,measure,8353,20.041
167.410,measure,8354,19.683
167.430,measure,8355,20.436
167.449,measure,8356,18.933
167.470,measure,8357,20.664
167.490,measure,8358,19.956
167.511,measure,8359,21.178
167.530,measure,8360,18.969
167.550,measure,8361,19.995
167.569,measure,8362,19.324
167.589,measure,8363,19.260
167.609,measure,8364,20.361
167.628,measure,8365,19.403
167.650,measure,8366,22.118
167.668,measure,8367,17.967
167.689,measure,8368,20.241
167.711,measure,8369,21.936
167.728,measure,8370,17.785
167.750,measure,8371,21.286
167.770,measure,8372,20.330
167.790,measure,8373,20.082
167.810,measure,8374,20.054
167.828,measure,8375,18.186
167.851,measure,8376,22.622
167.875,measure,8377,23.710
167.890,measure,8378,15.450
167.909,measure,8379,19.047
167.930,measure,8380,21.344
167.950,measure,8381,19.728
167.970,measure,8382,19.951
167.991,measure,8383,20.379
168.010,measure,8384,19.640
168.030,measure,8385,20.098
168.049,measure,8386,18.878
168.070,measure,8387,20.947
168.090,measure,8388,19.956
168.109,measure,8389,19.070
168.131,measure,8390,21.785
168.153,measure,8391,21.919
168.169,measure,8392,16.204
168.189,measure,8393,20.271
168.210,measure,8394,21.072
168.230,measure,8395,19.195
168.249,measure,8396,19.275
168.270,measure,8397,21.162
168.289,measure,8398,19.210
168.310,measure,8399,21.032
168.329,measure,8400,18.479
168.351,measure,8401,22.060
168.370,measure,8402,18.879
168.389,measure,8403,19.385
168.411,measure,8404,21.640
168.433,measure,8405,21.874
168.449,measure,8406,16.292
168.470,measure,8407,20.886
168.491,measure,8408,21.121
168.510,measure,8409,19.055
168.530,measure,8410,20.003
168.551,measure,8411,21.296
168.569,measure,8412,18.024
168.589,measure,8413,19.978
168.609,measure,8414,19.413
168.629,measure,8415,20.622
168.649,measure,8416,20.187
168.668,measure,8417,18.875
168.689,measure,8418,20.250
168.713,measure,8419,24.494
168.728,measure,8420,14.996
168.751,measure,8421,22.602
168.770,measure,8422,19.721
168.789,measure,8423,18.904
168.809,measure,8424,20.083
168.830,measure,8425,20.547
168.848,measure,8426,18.252
168.869,measure,8427,21.040
168.891,measure,8428,21.319
168.908,measure,8429,17.705
168.929,measure,8430,21.200
168.949,measure,8431,19.755
168.969,measure,8432,20.158
168.992,measure,8433,23.127
169.009,measure,8434,16.761
169.029,measure,8435,20.081
169.050,measure,8436,20.787
169.069,measure,8437,19.364
169.089,measure,8438,19.740
169.110,measure,8439,20.676
169.129,measure,8440,19.434
169.149,measure,8441,19.865
169.170,measure,8442,21.183
169.189,measure,8443,18.795
169.209,measure,8444,20.200
169.228,measure,8445,18.854
169.249,measure,8446,20.943
169.272,measure,8447,22.861
169.288,measure,8448,15.885
169.310,measure,8449,21.744
169.330,measure,8450,20.782
169.350,measure,8451,19.191
169.370,measure,8452,20.035
169.390,measure,8453,20.748
169.410,measure,8454,19.136
169.430,measure,8455,19.966
169.451,measure,8456,21.157
169.470,measure,8457,18.840
169.490,measure,8458,20.970
169.510,measure,8459,19.351
169.531,measure,8460,20.818
169.553,measure,8461,22.052
169.569,measure,8462,16.084
169.590,measure,8463,21.255
169.611,measure,8464,20.750
169.630,measure,8465,18.992
169.650,measure,8466,20.187
169.670,measure,8467,20.125
169.690,measure,8468,19.749
169.710,measure,8469,19.957
169.730,measure,8470,20.126
169.750,measure,8471,19.789
169.770,measure,8472,19.873
169.789,measure,8473,19.076
169.810,measure,8474,20.892
169.832,measure,8475,22.819
169.849,measure,8476,17.110
169.870,measure,8477,20.139
169.891,measure,8478,21.066
169.908,measure,8479,17.811
169.930,measure,8480,21.119
169.950,measure,8481,20.854
169.970,measure,8482,19.175
169.991,measure,8483,20.873
170.012,measure,8484,21.046
170.030,measure,8485,18.196
170.049,measure,8486,18.789
170.069,measure,8487,20.107
170.089,measure,8488,20.804
170.113,measure,8489,23.067
170.129,measure,8490,16.019
170.150,measure,8491,21.024
170.171,measure,8492,21.128
170.190,measure,8493,19.190
170.209,measure,8494,19.393
170.230,measure,8495,20.833
170.249,measure,8496,19.117
170.269,measure,8497,19.311
170.290,measure,8498,21.294
170.310,measure,8499,19.726
170.329,measure,8500,19.858
170.350,measure,8501,20.167
170.368,measure,8502,18.834
170.393,measure,8503,24.164
170.409,measure,8504,15.914
170.429,measure,8505,20.921
170.450,measure,8506,20.950
170.469,measure,8507,19.052
170.490,measure,8508,20.307
170.511,measure,8509,21.318
170.530,measure,8510,18.815
170.550,measure,8511,19.806
170.568,measure,8512,18.713
170.589,measure,8513,20.884
170.609,measure,8514,19.507
170.629,measure,8515,20.649
170.649,measure,8516,19.280
170.673,measure,8517,24.155
170.689,measure,8518,16.549
170.710,measure,8519,20.352
170.731,measure,8520,20.966
170.749,measure,8521,18.170
170.768,measure,8522,19.555
170.790,measure,8523,21.516
170.809,measure,8524,19.383
170.830,measure,8525,20.550
170.850,measure,8526,20.054
170.869,measure,8527,19.264
170.889,measure,8528,20.016
170.913,measure,8529,23.667
170.930,measure,8530,17.009
170.953,measure,8531,22.902
170.969,measure,8532,15.946
170.988,measure,8533,19.610
171.011,measure,8534,22.201
171.028,measure,8535,17.901
171.050,measure,8536,21.927
171.070,measure,8537,19.760
171.090,measure,8538,20.268
171.110,measure,8539,19.110
171.130,measure,8540,20.921
171.150,measure,8541,19.151
171.168,measure,8542,18.480
171.188,measure,8543,19.840
171.209,measure,8544,21.167
171.232,measure,8545,23.289
171.248,measure,8546,15.722
171.268,measure,8547,19.961
171.291,measure,8548,22.648
171.310,measure,8549,19.593
171.329,measure,8550,18.921
171.350,measure,8551,21.107
171.369,measure,8552,18.862
171.390,measure,8553,20.954
171.408,measure,8554,18.072
171.429,measure,8555,21.041
171.450,measure,8556,20.382
171.469,measure,8557,18.966
171.490,measure,8558,20.982
171.513,measure,8559,23.658
171.530,measure,8560,16.713
171.550,measure,8561,19.873
171.570,measure,8562,20.424
171.589,measure,8563,18.265
171.610,measure,8564,21.314
171.631,measure,8565,21.135
171.649,measure,8566,18.136
171.669,measure,8567,19.945
171.689,measure,8568,19.990
171.709,measure,8569,20.082
171.729,measure,8570,20.047
171.749,measure,8571,19.653
171.768,measure,8572,19.561
171.793,measure,8573,24.560
171.810,measure,8574,17.005
171.830,measure,8575,19.840
171.851,measure,8576,21.104
171.869,measure,8577,17.842
171.891,measure,8578,22.184
171.911,measure,8579,19.755
171.929,measure,8580,18.745
171.949,measure,8581,19.975
171.970,measure,8582,21.069
171.989,measure,8583,18.785
172.009,measure,8584,19.932
172.030,measure,8585,20.362
172.049,measure,8586,19.629
172.072,measure,8587,23.046
172.088,measure,8588,15.937
172.109,measure,8589,20.697
172.132,measure,8590,22.793
172.150,measure,8591,18.082
172.170,measure,8592,20.258
172.190,measure,8593,20.149
172.209,measure,8594,18.782
172.229,measure,8595,20.345
172.250,measure,8596,20.334
172.269,measure,8597,19.633
172.289,measure,8598,19.518
172.309,measure,8599,19.779
172.329,measure,8600,20.907
172.353,measure,8601,23.932
172.368,measure,8602,15.083
172.390,measure,8603,21.090
172.411,measure,8604,21.415
172.429,measure,8605,18.498
172.450,measure,8606,20.072
172.470,measure,8607,20.645
172.490,measure,8608,19.343
172.511,measure,8609,21.258
172.531,measure,8610,20.062
172.549,measure,8611,18.438
172.569,measure,8612,19.626
172.590,measure,8613,21.052
172.610,measure,8614,20.327
172.633,measure,8615,23.000
172.648,measure,8616,15.161
172.670,measure,8617,21.263
172.690,measure,8618,20.332
172.710,measure,8619,19.882
172.730,measure,8620,20.403
172.751,measure,8621,20.362
172.770,measure,8622,18.994
172.790,measure,8623,20.520
172.811,measure,8624,20.574
172.829,measure,8625,18.059
172.851,measure,8626,21.726
172.870,measure,8627,19.156
172.890,measure,8628,19.904
172.913,measure,8629,22.935
172.930,measure,8630,17.493
172.951,measure,8631,21.452
172.972,measure,8632,20.582
172.991,measure,8633,18.835
173.011,measure,8634,20.323
173.032,measure,8635,20.810
173.050,measure,8636,17.995
173.071,measure,8637,21.217
173.091,measure,8638,19.726
173.111,measure,8639,20.069
173.131,measure,8640,19.946
173.150,measure,8641,19.114
173.171,measure,8642,20.944
173.194,measure,8643,23.102
173.211,measure,8644,16.860
173.232,measure,8645,20.960
173.252,measure,8646,20.093
173.271,measure,8647,18.839
173.291,measure,8648,20.076
173.311,measure,8649,19.954
173.329,measure,8650,17.607
173.351,measure,8651,22.078
173.371,measure,8652,20.558
173.389,measure,8653,18.133
173.411,measure,8654,21.632
173.430,measure,8655,18.928
173.451,measure,8656,20.749
173.474,measure,8657,23.218
173.490,measure,8658,15.761
173.511,measure,8659,21.234
173.532,measure,8660,20.906
173.551,measure,8661,19.032
173.570,measure,8662,19.613
173.591,measure,8663,20.666
173.609,measure,8664,17.691
173.630,measure,8665,21.681
173.652,measure,8666,21.190
173.670,measure,8667,17.989
173.691,measure,8668,20.933
173.710,measure,8669,19.108
173.730,measure,8670,20.777
173.754,measure,8671,23.643
173.770,measure,8672,15.941
173.790,measure,8673,20.197
173.811,measure,8674,21.172
173.830,measure,8675,18.374
173.851,measure,8676,21.591
173.871,measure,8677,19.930
173.890,measure,8678,18.244
173.910,measure,8679,20.042
173.931,measure,8680,21.901
173.951,measure,8681,19.350
173.971,measure,8682,19.869
173.989,measure,8683,18.686
174.011,measure,8684,22.107
174.034,measure,8685,22.817
174.049,measure,8686,14.286
174.070,measure,8687,21.909
174.091,measure,8688,20.889
174.111,measure,8689,19.188
174.130,measure,8690,19.827
174.152,measure,8691,21.856
174.170,measure,8692,17.273
174.190,measure,8693,20.918
174.211,measure,8694,20.311
174.230,measure,8695,19.169
174.250,measure,8696,20.098
174.270,measure,8697,20.010
174.292,measure,8698,21.872
174.313,measure,8699,21.385
174.328,measure,8700,15.130
174.351,measure,8701,22.257
174.371,measure,8702,20.447
174.389,measure,8703,18.282
174.410,measure,8704,20.647
174.431,measure,8705,20.821
174.449,measure,8706,18.503
174.470,measure,8707,20.654
174.491,measure,8708,21.148
174.510,measure,8709,19.121
174.530,measure,8710,20.008
174.550,measure,8711,19.925
174.570,measure,8712,19.712
174.593,measure,8713,23.454
174.609,measure,8714,15.876
174.630,measure,8715,20.709
174.651,measure,8716,21.410
174.669,measure,8717,17.874
174.690,measure,8718,20.915
174.710,measure,8719,20.216
174.729,measure,8720,18.791
174.749,measure,8721,19.953
174.771,measure,8722,22.201
174.789,measure,8723,17.684
174.810,measure,8724,20.875
174.830,measure,8725,20.483
174.850,measure,8726,19.895
174.874,measure,8727,24.221
174.890,measure,8728,15.401
174.910,measure,8729,20.332
174.931,measure,8730,20.530
174.950,measure,8731,19.710
174.970,measure,8732,19.872
174.991,measure,8733,20.651
175.011,measure,8734,19.916
175.030,measure,8735,18.755
175.051,measure,8736,21.103
175.071,measure,8737,20.080
175.090,measure,8738,18.867
175.110,measure,8739,20.156
175.131,measure,8740,20.797
175.154,measure,8741,23.681
175.170,measure,8742,15.527
175.191,measure,8743,20.785
175.212,measure,8744,21.255
175.229,measure,8745,17.328
175.250,measure,8746,20.287
175.271,measure,8747,21.240
175.290,measure,8748,19.519
175.311,measure,8749,20.642
175.330,measure,8750,19.437
175.350,measure,8751,20.093
175.370,measure,8752,19.915
175.389,measure,8753,19.119
175.410,measure,8754,20.848
175.434,measure,8755,23.401
175.450,measure,8756,15.883
175.469,measure,8757,19.834
175.491,measure,8758,21.545
175.511,measure,8759,20.490
175.531,measure,8760,19.323
175.552,measure,8761,20.840
175.569,measure,8762,17.597
175.589,measure,8763,20.070
175.612,measure,8764,22.279
175.630,measure,8765,18.709
175.650,measure,8766,20.184
175.669,measure,8767,18.807
175.690,measure,8768,21.062
175.714,measure,8769,23.745
175.730,measure,8770,15.473
175.750,measure,8771,20.436
175.772,measure,8772,21.817
175.790,measure,8773,18.339
175.811,measure,8774,20.431
175.831,measure,8775,20.573
175.850,measure,8776,18.820
175.870,measure,8777,20.248
175.892,measure,8778,21.919
175.909,measure,8779,17.255
175.930,measure,8780,20.576
175.950,measure,8781,19.838
175.970,measure,8782,20.096
175.995,measure,8783,25.120
176.010,measure,8784,14.874
176.030,measure,8785,20.009
176.052,measure,8786,21.907
176.071,measure,8787,18.977
176.091,measure,8788,19.814
176.112,measure,8789,21.117
176.130,measure,8790,18.390
176.150,measure,8791,19.450
176.171,measure,8792,21.718
176.190,measure,8793,18.997
176.210,measure,8794,19.947
176.228,measure,8795,17.660
176.250,measure,8796,22.280
176.274,measure,8797,23.794
176.290,measure,8798,15.963
176.309,measure,8799,19.503
176.331,measure,8800,21.602
176.351,measure,8801,19.630
176.371,measure,8802,19.932
176.391,measure,8803,20.554
176.408,measure,8804,17.279
176.432,measure,8805,23.125
176.451,measure,8806,19.186
176.469,measure,8807,18.730
176.490,measure,8808,20.341
176.509,measure,8809,18.956
176.531,measure,8810,22.056
176.554,measure,8811,23.235
176.569,measure,8812,15.002
176.591,measure,8813,21.605
176.611,measure,8814,20.723
176.629,measure,8815,17.685
176.649,measure,8816,20.205
176.670,measure,8817,21.108
176.690,measure,8818,19.732
176.709,measure,8819,19.178
176.730,measure,8820,20.826
176.749,measure,8821,19.075
176.771,measure,8822,21.577
176.790,measure,8823,19.042
176.810,measure,8824,19.676
176.833,measure,8825,23.314
176.850,measure,8826,17.606
176.871,measure,8827,20.253
176.891,measure,8828,20.698
176.909,measure,8829,17.383
176.931,measure,8830,21.996
176.951,measure,8831,20.668
176.970,measure,8832,18.670
176.991,measure,8833,20.580
177.012,measure,8834,21.230
177.029,measure,8835,17.390
177.048,measure,8836,18.949
177.068,measure,8837,20.094
177.091,measure,8838,22.842
177.113,measure,8839,21.723
177.129,measure,8840,16.116
177.149,measure,8841,20.103
177.171,measure,8842,21.785
177.189,measure,8843,18.162
177.210,measure,8844,21.203
177.231,measure,8845,20.240
177.249,measure,8846,18.819
177.270,measure,8847,20.849
177.291,measure,8848,21.108
177.310,measure,8849,18.822
177.330,measure,8850,20.015
177.349,measure,8851,19.349
177.369,measure,8852,19.870
177.393,measure,8853,23.612
177.409,measure,8854,16.436
177.429,measure,8855,19.991
177.451,measure,8856,21.390
177.469,measure,8857,18.602
177.491,measure,8858,21.182
177.513,measure,8859,22.030
177.531,measure,8860,18.018
177.551,measure,8861,20.155
177.570,measure,8862,19.507
177.589,measure,8863,18.395
177.610,measure,8864,20.976
177.629,measure,8865,19.161
177.650,measure,8866,21.278
177.673,measure,8867,23.151
177.690,measure,8868,16.674
177.710,measure,8869,20.170
177.731,measure,8870,21.239
177.750,measure,8871,18.434
177.771,measure,8872,21.020
177.792,measure,8873,20.803
177.810,measure,8874,18.588
177.830,measure,8875,19.556
177.851,measure,8876,21.292
177.870,measure,8877,19.107
177.890,measure,8878,19.990
177.909,measure,8879,19.399
177.931,measure,8880,21.187
177.954,measure,8881,23.735
177.969,measure,8882,14.628
177.991,measure,8883,21.598
178.011,measure,8884,20.092
178.029,measure,8885,18.539
178.049,measure,8886,20.049
178.071,measure,8887,21.664
178.090,measure,8888,18.883
178.110,measure,8889,20.274
178.129,measure,8890,18.925
178.150,measure,8891,20.918
178.170,measure,8892,19.973
178.189,measure,8893,19.138
178.211,measure,8894,22.191
178.233,measure,8895,21.529
178.249,measure,8896,15.976
178.270,measure,8897,21.455
178.291,measure,8898,20.787
178.309,measure,8899,18.441
178.330,measure,8900,20.933
178.352,measure,8901,21.299
178.370,measure,8902,18.763
178.390,measure,8903,19.305
178.411,measure,8904,20.952
178.429,measure,8905,18.414
178.450,measure,8906,20.795
178.468,measure,8907,18.311
178.490,measure,8908,22.042
178.514,measure,8909,23.248
178.530,measure,8910,15.966
178.550,measure,8911,20.947
178.570,measure,8912,20.019
178.589,measure,8913,18.593
178.610,measure,8914,21.246
178.631,measure,8915,20.285
178.651,measure,8916,20.724
178.668,measure,8917,16.967
178.691,measure,8918,22.898
178.710,measure,8919,19.000
178.730,measure,8920,19.966
178.749,measure,8921,19.176
178.772,measure,8922,22.641
178.794,measure,8923,21.990
178.811,measure,8924,17.426
178.830,measure,8925,18.585
178.852,measure,8926,22.002
178.870,measure,8927,17.998
178.890,measure,8928,20.500
178.912,measure,8929,21.633
178.931,measure,8930,18.897
178.950,measure,8931,19.177
178.970,measure,8932,19.870
178.991,measure,8933,20.775
179.011,measure,8934,20.207
179.030,measure,8935,18.934
179.050,measure,8936,20.098
179.075,measure,8937,24.857
179.090,measure,8938,14.921
179.111,measure,8939,21.213
179.132,measure,8940,20.492
179.150,measure,8941,18.492
179.171,measure,8942,21.178
179.192,measure,8943,21.083
179.210,measure,8944,17.646
179.230,measure,8945,19.884
179.250,measure,8946,20.224
179.271,measure,8947,20.768
179.291,measure,8948,20.170
179.310,measure,8949,18.570
179.330,measure,8950,20.927
179.354,measure,8951,23.991
179.369,measure,8952,14.524
179.389,measure,8953,20.154
179.411,measure,8954,21.730
179.430,measure,8955,19.238
179.450,measure,8956,20.085
179.471,measure,8957,20.693
179.489,measure,8958,18.319
179.510,measure,8959,21.129
179.531,measure,8960,20.553
179.550,measure,8961,18.684
179.570,measure,8962,20.666
179.589,measure,8963,18.981
179.610,measure,8964,21.121
179.633,measure,8965,22.694
179.650,measure,8966,17.224
179.670,measure,8967,19.734
179.692,measure,8968,21.997
179.709,measure,8969,16.950
179.730,measure,8970,20.996
179.752,measure,8971,22.392
179.771,measure,8972,18.524
179.791,measure,8973,19.875
179.811,measure,8974,20.141
179.829,measure,8975,18.544
179.850,measure,8976,20.532
179.870,measure,8977,20.197
179.890,measure,8978,20.089
179.913,measure,8979,22.555
179.930,measure,8980,17.241
179.950,measure,8981,20.168
179.972,measure,8982,21.434
179.990,measure,8983,18.362
180.012,measure,8984,21.767
180.032,measure,8985,19.852
180.049,measure,8986,17.535
180.070,measure,8987,20.975
180.091,measure,8988,20.967
180.110,measure,8989,19.010
180.130,measure,8990,19.881
180.149,measure,8991,19.137
180.171,measure,8992,21.975
180.193,measure,8993,22.363
180.209,measure,8994,15.566
180.230,measure,8995,21.100
180.252,measure,8996,21.900
180.269,measure,8997,17.325
180.290,measure,8998,20.794
180.311,measure,8999,21.028
180.330,measure,9000,18.556
180.352,measure,9001,22.199
180.370,measure,9002,18.016
180.389,measure,9003,19.305
180.411,measure,9004,21.732
180.430,measure,9005,18.989
180.450,measure,9006,20.094
180.474,measure,9007,24.418
180.489,measure,9008,14.704
180.510,measure,9009,21.170
180.531,measure,9010,21.122
180.550,measure,9011,18.890
180.570,measure,9012,19.584
180.591,measure,9013,21.184
180.611,measure,9014,20.209
180.629,measure,9015,17.632
180.650,measure,9016,21.141
180.668,measure,9017,17.845
180.689,measure,9018,21.163
180.709,measure,9019,20.053
180.729,measure,9020,19.769
180.754,measure,9021,24.715
180.769,measure,9022,15.166
180.792,measure,9023,23.374
180.811,measure,9024,19.060
180.832,measure,9025,20.534
180.850,measure,9026,17.729
180.871,measure,9027,21.783
180.890,measure,9028,18.419
180.911,measure,9029,21.052
180.931,measure,9030,20.147
180.950,measure,9031,18.880
180.971,measure,9032,21.264
180.989,measure,9033,17.780
181.011,measure,9034,22.188
181.034,measure,9035,22.536
181.049,measure,9036,14.943
181.071,measure,9037,22.150
181.091,measure,9038,20.653
181.110,measure,9039,18.262
181.131,measure,9040,20.929
181.151,measure,9041,20.381
181.170,measure,9042,19.097
181.190,measure,9043,19.602
181.211,measure,9044,21.666
181.229,measure,9045,17.850
181.250,measure,9046,21.099
181.270,measure,9047,20.264
181.290,measure,9048,19.581
181.313,measure,9049,23.058
181.329,measure,9050,15.547
181.351,measure,9051,22.197
181.371,measure,9052,20.492
181.389,measure,9053,18.011
181.410,measure,9054,21.023
181.431,measure,9055,20.472
181.449,measure,9056,18.499
181.470,measure,9057,20.890
181.491,measure,9058,20.278
181.511,measure,9059,20.029
181.530,measure,9060,19.854
181.549,measure,9061,19.054
181.570,measure,9062,20.615
181.594,measure,9063,23.634
181.609,measure,9064,15.709
181.629,measure,9065,19.743
181.651,measure,9066,21.672
181.669,measure,9067,18.064
181.690,measure,9068,20.816
181.711,measure,9069,21.711
181.729,measure,9070,17.289
181.750,measure,9071,21.131
181.771,measure,9072,21.022
181.791,measure,9073,20.354
181.811,measure,9074,19.520
181.830,measure,9075,18.922
181.850,measure,9076,20.371
181.873,measure,9077,22.795
181.891,measure,9078,18.072
181.910,measure,9079,18.982
181.932,measure,9080,21.908
181.950,measure,9081,18.262
181.971,measure,9082,21.005
181.991,measure,9083,20.379
182.011,measure,9084,19.554
182.031,measure,9085,20.011
182.050,measure,9086,18.935
182.070,measure,9087,19.944
182.092,measure,9088,21.795
182.110,measure,9089,18.172
182.131,measure,9090,20.918
182.153,measure,9091,22.689
182.170,measure,9092,16.352
182.190,measure,9093,20.653
182.211,measure,9094,20.544
182.230,measure,9095,18.587
182.248,measure,9096,18.760
182.271,measure,9097,22.712
182.290,measure,9098,18.540
182.310,measure,9099,20.642
182.331,measure,9100,21.156
182.351,measure,9101,19.339
182.370,measure,9102,18.940
182.389,measure,9103,19.695
182.408,measure,9104,18.905
182.434,measure,9105,25.516
182.449,measure,9106,15.619
182.470,measure,9107,21.001
182.491,measure,9108,20.499
182.511,measure,9109,19.627
182.529,measure,9110,18.902
182.552,measure,9111,22.155
182.570,measure,9112,18.220
182.590,measure,9113,20.456
182.609,measure,9114,18.875
182.631,measure,9115,21.650
182.651,measure,9116,20.286
182.669,measure,9117,17.861
182.690,measure,9118,20.997
182.715,measure,9119,24.625
182.730,measure,9120,15.270
182.751,measure,9121,21.293
182.771,measure,9122,20.246
182.791,measure,9123,19.366
182.811,measure,9124,20.310
182.833,measure,9125,22.023
182.850,measure,9126,17.000
182.871,measure,9127,20.590
182.891,measure,9128,20.679
182.909,measure,9129,17.957
182.930,measure,9130,20.957
182.950,measure,9131,19.902
182.970,measure,9132,19.399
182.993,measure,9133,23.809
183.010,measure,9134,16.960
183.029,measure,9135,18.943
183.051,measure,9136,21.792
183.070,measure,9137,19.140
183.090,measure,9138,20.052
183.111,measure,9139,20.475
183.129,measure,9140,18.304
183.150,measure,9141,21.158
183.171,measure,9142,21.182
183.190,measure,9143,18.762
183.210,measure,9144,20.074
183.228,measure,9145,17.854
183.250,measure,9146,22.164
183.273,measure,9147,22.493
183.288,measure,9148,15.440
183.310,measure,9149,21.633
183.332,measure,9150,21.747
183.351,measure,9151,19.264
183.371,measure,9152,19.876
183.391,measure,9153,20.078
183.411,measure,9154,19.776
183.431,measure,9155,20.355
183.451,measure,9156,19.873
183.471,measure,9157,19.964
183.489,measure,9158,18.750
183.508,measure,9159,19.005
183.530,measure,9160,21.082
183.553,measure,9161,23.524
183.569,measure,9162,16.203
183.589,measure,9163,19.977
183.611,measure,9164,21.958
183.629,measure,9165,17.978
183.651,measure,9166,21.471
183.671,measure,9167,20.517
183.689,measure,9168,18.122
183.710,measure,9169,20.579
183.732,measure,9170,21.631
183.751,measure,9171,19.296
183.769,measure,9172,18.654
183.791,measure,9173,21.250
183.811,measure,9174,20.120
183.834,measure,9175,23.405
183.850,measure,9176,15.692
183.871,measure,9177,20.957
183.893,measure,9178,21.689
183.910,measure,9179,17.121
183.931,measure,9180,20.806
183.953,measure,9181,22.327
183.970,measure,9182,17.092
183.991,measure,9183,20.864
184.010,measure,9184,19.303
184.031,measure,9185,20.425
184.050,measure,9186,19.949
184.069,measure,9187,18.936
184.091,measure,9188,21.195
184.114,measure,9189,23.069
184.129,measure,9190,15.616
184.151,measure,9191,21.466
184.172,measure,9192,21.408
184.190,measure,9193,18.231
184.210,measure,9194,20.046
184.231,measure,9195,20.583
184.250,measure,9196,19.084
184.271,measure,9197,20.514
184.292,measure,9198,21.114
184.309,measure,9199,17.430
184.330,measure,9200,20.984
184.349,measure,9201,19.057
184.369,measure,9202,19.859
184.393,measure,9203,23.655
184.410,measure,9204,17.019
184.430,measure,9205,20.048
184.451,measure,9206,21.643
184.470,measure,9207,18.347
184.492,measure,9208,22.065
184.512,measure,9209,20.355
184.531,measure,9210,18.739
184.551,measure,9211,20.119
184.570,measure,9212,19.289
184.588,measure,9213,18.047
184.610,measure,9214,21.307
184.629,measure,9215,19.604
184.651,measure,9216,21.272
184.673,measure,9217,22.726
184.689,measure,9218,16.195
184.711,measure,9219,21.158
184.731,measure,9220,20.281
184.750,measure,9221,19.023
184.770,measure,9222,20.277
184.792,measure,9223,21.607
184.811,measure,9224,19.637
184.846,measure,9225,34.420
184.852,measure,9226,6.305
184.869,measure,9227,17.124
184.889,measure,9228,19.806
184.909,measure,9229,19.641
184.931,measure,9230,21.979
184.954,measure,9231,23.572
184.970,measure,9232,15.441
184.991,measure,9233,20.950
185.012,measure,9234,20.875
185.031,measure,9235,19.036
185.050,measure,9236,19.574
185.072,measure,9237,21.579
185.091,measure,9238,18.994
185.109,measure,9239,18.473
185.130,measure,9240,21.029
185.149,measure,9241,19.226
185.171,measure,9242,21.463
185.190,measure,9243,18.771
185.210,measure,9244,20.256
185.235,measure,9245,24.682
185.250,measure,9246,15.139
185.270,measure,9247,19.939
185.291,measure,9248,21.668
185.309,measure,9249,17.886
185.330,measure,9250,20.973
185.351,measure,9251,20.866
185.370,measure,9252,18.543
185.391,measure,9253,20.892
185.411,measure,9254,20.128
185.430,measure,9255,19.526
185.450,measure,9256,20.136
185.469,measure,9257,18.991
185.490,measure,9258,20.961
185.513,measure,9259,22.919
185.530,measure,9260,16.757
185.551,measure,9261,20.780
185.572,measure,9262,20.732
185.589,measure,9263,17.874
185.610,measure,9264,20.421
185.631,measure,9265,21.047
185.650,measure,9266,18.817
185.670,measure,9267,20.769
185.691,measure,9268,21.001
185.710,measure,9269,18.252
185.731,measure,9270,20.970
185.750,measure,9271,19.226
185.769,measure,9272,19.577
185.794,measure,9273,24.236
185.810,measure,9274,15.870
185.831,measure,9275,21.077
185.852,measure,9276,21.351
185.869,measure,9277,16.971
185.890,measure,9278,20.990
185.911,measure,9279,21.228
185.929,measure,9280,17.930
185.950,measure,9281,21.297
185.972,measure,9282,21.214
185.990,measure,9283,18.154
186.011,measure,9284,21.184
186.030,measure,9285,19.443
186.051,measure,9286,20.875
186.074,measure,9287,23.133
186.091,measure,9288,16.521
186.111,measure,9289,20.258
186.131,measure,9290,19.613
186.150,measure,9291,18.843
186.170,measure,9292,19.949
186.191,measure,9293,21.438
186.210,measure,9294,18.611
186.231,measure,9295,21.119
186.251,measure,9296,19.924
186.270,measure,9297,18.864
186.291,measure,9298,21.035
186.308,measure,9299,17.868
186.329,measure,9300,20.645
186.353,measure,9301,24.288
186.369,measure,9302,15.691
186.390,measure,9303,21.162
186.411,measure,9304,20.948
186.431,measure,9305,20.285
186.451,measure,9306,19.383
186.471,measure,9307,20.115
186.491,measure,9308,19.600
186.511,measure,9309,20.583
186.531,measure,9310,20.136
186.551,measure,9311,19.868
186.572,measure,9312,20.664
186.590,measure,9313,18.082
186.610,measure,9314,20.348
186.634,measure,9315,23.645
186.651,measure,9316,17.067
186.670,measure,9317,19.368
186.691,measure,9318,20.677
186.709,measure,9319,18.309
186.730,measure,9320,20.615
186.751,measure,9321,21.499
186.769,measure,9322,17.831
186.790,measure,9323,20.961
186.812,measure,9324,21.335
186.830,measure,9325,18.644
186.849,measure,9326,19.021
186.868,measure,9327,19.272
186.890,measure,9328,21.791
186.913,measure,9329,22.932
186.929,measure,9330,16.223
186.951,measure,9331,21.058
186.972,measure,9332,21.055
186.990,measure,9333,18.861
187.011,measure,9334,20.192
187.031,measure,9335,20.295
187.050,measure,9336,18.995
187.071,measure,9337,21.066
187.091,measure,9338,19.993
187.110,measure,9339,19.128
187.130,measure,9340,19.415
187.149,measure,9341,19.972
187.171,measure,9342,21.123
187.195,measure,9343,24.492
187.210,measure,9344,14.547
187.230,measure,9345,20.342
187.251,measure,9346,20.782
187.269,measure,9347,18.307
187.291,measure,9348,21.704
187.311,measure,9349,20.154
187.330,measure,9350,18.879
187.351,measure,9351,21.125
187.371,measure,9352,19.988
187.390,measure,9353,19.012
187.411,measure,9354,20.922
187.429,measure,9355,17.727
187.451,measure,9356,22.001
187.474,measure,9357,23.112
187.489,measure,9358,15.773
187.511,measure,9359,21.467
187.531,measure,9360,20.499
187.551,measure,9361,19.263
187.570,measure,9362,19.705
187.591,measure,9363,20.398
187.610,measure,9364,18.965
187.630,measure,9365,20.675
187.652,measure,9366,21.369
187.670,measure,9367,18.643
187.689,measure,9368,18.998
187.710,measure,9369,20.165
187.731,measure,9370,21.236
187.753,measure,9371,22.179
187.769,measure,9372,16.368
187.790,measure,9373,20.982
187.811,measure,9374,20.520
187.831,measure,9375,19.827
187.850,measure,9376,19.448
187.871,measure,9377,21.042
187.890,measure,9378,18.407
187.910,measure,9379,20.338
187.931,measure,9380,21.077
187.951,measure,9381,19.476
187.970,measure,9382,19.392
187.990,measure,9383,19.626
188.011,measure,9384,21.203
188.034,measure,9385,23.729
188.050,measure,9386,15.099
188.070,measure,9387,20.759
188.092,measure,9388,21.275
188.109,measure,9389,17.753
188.130,measure,9390,20.535
188.152,measure,9391,22.243
188.169,measure,9392,17.353
188.190,measure,9393,20.941
188.211,measure,9394,20.131
188.231,measure,9395,20.322
188.250,measure,9396,19.611
188.270,measure,9397,19.940
188.290,measure,9398,20.064
188.313,measure,9399,22.866
188.330,measure,9400,16.811
188.350,measure,9401,20.030
188.371,measure,9402,20.331
188.390,measure,9403,19.134
188.410,measure,9404,20.577
188.431,measure,9405,20.755
188.450,measure,9406,18.932
188.470,measure,9407,19.884
188.490,measure,9408,20.027
188.511,measure,9409,21.189
188.531,measure,9410,19.998
188.550,measure,9411,19.023
188.570,measure,9412,20.215
188.593,measure,9413,23.021
188.610,measure,9414,16.420
188.630,measure,9415,20.536
188.652,measure,9416,21.263
188.669,measure,9417,17.855
188.690,measure,9418,20.961
188.711,measure,9419,20.969
188.731,measure,9420,19.216
188.751,measure,9421,20.230
188.769,measure,9422,18.570
188.790,measure,9423,20.899
188.811,measure,9424,20.564
188.828,measure,9425,17.655
188.850,measure,9426,21.713
188.873,measure,9427,23.363
188.889,measure,9428,15.841
188.910,measure,9429,20.763
188.932,measure,9430,21.654
188.949,measure,9431,17.574
188.970,measure,9432,21.064
188.991,measure,9433,20.518
189.011,measure,9434,19.999
189.030,measure,9435,19.139
189.050,measure,9436,20.077
189.070,measure,9437,20.161
189.090,measure,9438,19.982
189.109,measure,9439,18.997
189.128,measure,9440,19.042
189.153,measure,9441,24.690
189.170,measure,9442,16.729
189.190,measure,9443,20.138
189.211,measure,9444,21.500
189.230,measure,9445,18.355
189.250,measure,9446,20.165
189.271,measure,9447,21.292
189.289,measure,9448,17.553
189.310,measure,9449,21.339
189.330,measure,9450,19.699
189.351,measure,9451,21.247
189.371,measure,9452,19.821
189.390,measure,9453,19.401
189.411,measure,9454,20.379
189.434,measure,9455,23.401
189.449,measure,9456,14.935
189.470,measure,9457,21.143
189.491,measure,9458,20.476
189.509,measure,9459,18.661
189.530,measure,9460,21.041
189.552,measure,9461,21.359
189.569,measure,9462,17.404
189.590,measure,9463,21.009
189.610,measure,9464,20.337
189.630,measure,9465,19.745
189.650,measure,9466,20.129
189.669,measure,9467,18.761
189.689,measure,9468,19.986
189.714,measure,9469,25.083
189.729,measure,9470,15.093
189.749,measure,9471,20.121
189.771,measure,9472,21.404
189.791,measure,9473,20.034
189.811,measure,9474,20.682
189.832,measure,9475,20.723
189.851,measure,9476,19.035
189.873,measure,9477,21.447
189.890,measure,9478,17.505
189.909,measure,9479,19.134
189.930,measure,9480,20.280
189.949,measure,9481,19.822
189.971,measure,9482,21.174
189.994,measure,9483,23.922
190.011,measure,9484,16.802
190.031,measure,9485,19.724
190.052,measure,9486,21.180
190.072,measure,9487,19.736
190.091,measure,9488,18.742
190.111,measure,9489,20.596
190.130,measure,9490,19.053
190.150,measure,9491,19.772
190.172,measure,9492,21.553
190.191,measure,9493,19.092
190.211,measure,9494,19.966
190.229,measure,9495,17.947
190.251,measure,9496,22.092
190.274,measure,9497,23.051
190.290,measure,9498,16.170
190.310,measure,9499,20.085
190.331,measure,9500,21.103
190.351,measure,9501,19.587
190.370,measure,9502,19.550
190.391,measure,9503,20.526
190.410,measure,9504,19.582
190.429,measure,9505,19.080
190.451,measure,9506,21.810
190.470,measure,9507,18.407
190.490,measure,9508,20.599
190.510,measure,9509,20.124
190.529,measure,9510,18.941
190.554,measure,9511,24.746
190.569,measure,9512,14.676
190.590,measure,9513,21.371
190.612,measure,9514,21.384
190.631,measure,9515,19.062
190.651,measure,9516,20.026
190.671,measure,9517,20.346
190.690,measure,9518,19.495
190.711,measure,9519,20.164
190.731,measure,9520,20.684
190.751,measure,9521,19.322
190.769,measure,9522,18.524
190.790,measure,9523,20.483
190.811,measure,9524,21.117
190.833,measure,9525,22.654
190.851,measure,9526,17.406
190.871,measure,9527,20.186
190.892,measure,9528,21.318
190.913,measure,9529,20.815
190.930,measure,9530,17.210
190.953,measure,9531,22.605
190.970,measure,9532,16.925
190.989,measure,9533,19.208
191.012,measure,9534,22.719
191.030,measure,9535,17.913
191.050,measure,9536,20.021
191.070,measure,9537,20.287
191.091,measure,9538,20.634
191.113,measure,9539,22.695
191.130,measure,9540,16.636
191.151,measure,9541,20.658
191.171,measure,9542,20.852
191.190,measure,9543,19.000
191.211,measure,9544,20.285
191.231,measure,9545,20.675
191.250,measure,9546,18.872
191.270,measure,9547,19.791
191.291,measure,9548,21.344
191.309,measure,9549,17.503
191.331,measure,9550,21.746
191.349,measure,9551,18.465
191.370,measure,9552,21.180
191.394,measure,9553,23.551
191.408,measure,9554,14.210
191.431,measure,9555,22.928
191.452,measure,9556,20.503
191.471,measure,9557,19.324
191.491,measure,9558,20.207
191.513,measure,9559,21.703
191.531,measure,9560,18.411
191.550,measure,9561,19.098
191.570,measure,9562,19.416
191.590,measure,9563,19.830
191.610,measure,9564,20.358
191.629,measure,9565,19.205
191.651,measure,9566,21.467
191.673,measure,9567,22.400
191.690,measure,9568,16.582
191.711,measure,9569,21.215
191.732,measure,9570,21.042
191.751,measure,9571,18.842
191.769,measure,9572,18.270
191.791,measure,9573,22.201
191.810,measure,9574,18.612
191.830,measure,9575,20.598
191.852,measure,9576,22.173
191.872,measure,9577,19.692
191.890,measure,9578,18.155
191.908,measure,9579,18.152
191.931,measure,9580,22.112
191.954,measure,9581,23.468
191.969,measure,9582,14.657
191.990,measure,9583,21.249
192.012,measure,9584,22.287
192.031,measure,9585,19.198
192.051,measure,9586,19.550
192.072,measure,9587,20.863
192.091,measure,9588,19.584
192.112,measure,9589,20.126
192.131,measure,9590,19.681
192.151,measure,9591,19.369
192.170,measure,9592,19.727
192.189,measure,9593,18.933
192.210,measure,9594,21.191
192.234,measure,9595,23.091
192.249,measure,9596,15.886
192.270,measure,9597,20.840
192.292,measure,9598,21.232
192.310,measure,9599,18.482
192.330,measure,9600,20.009
192.352,measure,9601,21.538
192.370,measure,9602,18.378
192.391,measure,9603,20.980
192.410,measure,9604,18.865
192.431,measure,9605,21.076
192.451,measure,9606,19.904
192.470,measure,9607,18.948
192.491,measure,9608,21.377
192.514,measure,9609,23.367
192.530,measure,9610,15.199
192.551,measure,9611,21.126
192.572,measure,9612,20.990
192.588,measure,9613,16.311
192.610,measure,9614,22.376
192.632,measure,9615,21.246
192.650,measure,9616,18.768
192.670,measure,9617,19.676
192.690,measure,9618,20.067
192.711,measure,9619,20.841
192.731,measure,9620,19.646
192.750,measure,9621,19.281
192.771,measure,9622,20.740
192.794,measure,9623,23.583
192.810,measure,9624,15.475
192.831,measure,9625,20.901
192.852,measure,9626,21.826
192.871,measure,9627,18.983
192.891,measure,9628,19.287
192.912,measure,9629,21.188
192.929,measure,9630,17.440
192.951,measure,9631,21.347
192.972,measure,9632,20.819
192.990,measure,9633,18.613
193.010,measure,9634,20.239
193.030,measure,9635,19.246
193.051,measure,9636,21.497
193.075,measure,9637,23.422
193.091,measure,9638,16.436
193.112,measure,9639,21.311
193.132,measure,9640,19.521
193.149,measure,9641,17.502
193.170,measure,9642,20.558
193.192,measure,9643,21.736
193.211,measure,9644,19.253
193.230,measure,9645,18.904
193.251,measure,9646,21.368
193.271,measure,9647,19.730
193.291,measure,9648,19.957
193.309,measure,9649,18.644
193.331,measure,9650,21.063
193.354,measure,9651,23.163
193.368,measure,9652,14.743
193.392,measure,9653,23.555
193.411,measure,9654,19.411
193.430,measure,9655,18.964
193.450,measure,9656,19.181
193.472,measure,9657,22.057
193.491,measure,9658,19.149
193.511,measure,9659,20.192
193.531,measure,9660,20.177
193.550,measure,9661,18.981
193.570,measure,9662,20.071
193.590,measure,9663,19.620
193.611,measure,9664,21.342
193.634,measure,9665,23.334
193.651,measure,9666,16.622
193.671,measure,9667,19.815
193.692,measure,9668,21.022
193.711,measure,9669,18.748
193.731,measure,9670,19.907
193.752,measure,9671,21.132
193.771,measure,9672,18.855
193.789,measure,9673,18.820
193.812,measure,9674,22.128
193.830,measure,9675,18.779
193.851,measure,9676,20.288
193.870,measure,9677,18.936
193.890,measure,9678,20.858
193.914,measure,9679,23.682
193.929,measure,9680,14.706
193.951,measure,9681,22.330
193.973,measure,9682,21.437
193.991,measure,9683,18.485
194.011,measure,9684,19.909
194.032,measure,9685,20.818
194.050,measure,9686,17.949
194.071,measure,9687,21.096
194.091,measure,9688,19.860
194.111,measure,9689,20.071
194.131,measure,9690,20.053
194.150,measure,9691,18.828
194.172,measure,9692,22.142
194.194,measure,9693,22.390
194.211,measure,9694,16.558
194.231,measure,9695,19.996
194.252,measure,9696,20.857
194.271,measure,9697,19.135
194.290,measure,9698,19.079
194.312,measure,9699,22.116
194.329,measure,9700,17.302
194.350,measure,9701,21.095
194.371,measure,9702,21.155
194.390,measure,9703,18.901
194.410,measure,9704,19.981
194.430,measure,9705,19.581
194.451,measure,9706,21.323
194.473,measure,9707,22.254
194.490,measure,9708,16.119
194.511,measure,9709,21.351
194.532,measure,9710,21.075
194.550,measure,9711,18.445
194.571,measure,9712,20.538
194.592,measure,9713,20.481
194.611,measure,9714,19.226
194.630,measure,9715,19.642
194.651,measure,9716,20.517
194.670,measure,9717,18.648
194.690,measure,9718,20.885
194.709,measure,9719,18.408
194.731,measure,9720,22.363
194.753,measure,9721,21.640
194.769,measure,9722,16.378
194.790,measure,9723,20.842
194.812,measure,9724,21.667
194.830,measure,9725,18.319
194.851,measure,9726,21.214
194.872,measure,9727,20.258
194.891,measure,9728,19.046
194.909,measure,9729,18.443
194.931,measure,9730,22.178
194.950,measure,9731,18.992
194.969,measure,9732,19.043
194.989,measure,9733,19.912
195.010,measure,9734,20.939
195.034,measure,9735,23.868
195.049,measure,9736,14.595
195.072,measure,9737,23.008
195.091,measure,9738,19.399
195.111,measure,9739,19.868
195.130,measure,9740,19.608
195.151,measure,9741,20.703
195.169,measure,9742,18.247
195.190,measure,9743,20.934
195.211,measure,9744,21.096
195.230,measure,9745,18.995
195.249,measure,9746,19.013
195.269,measure,9747,19.985
195.290,measure,9748,20.868
195.315,measure,9749,24.699
195.329,measure,9750,14.036
195.351,measure,9751,21.907
195.372,measure,9752,20.833
195.390,measure,9753,18.254
195.411,measure,9754,21.088
195.432,measure,9755,20.977
195.449,measure,9756,17.160
195.471,measure,9757,21.661
195.490,measure,9758,18.689
195.511,measure,9759,21.271
195.531,measure,9760,20.023
195.549,measure,9761,18.268
195.570,measure,9762,20.938
195.593,measure,9763,22.649
195.610,measure,9764,17.393
195.631,measure,9765,20.575
195.651,measure,9766,20.463
195.670,measure,9767,18.687
195.690,measure,9768,19.962
195.711,measure,9769,21.518
195.729,measure,9770,17.659
195.749,measure,9771,20.237
195.770,measure,9772,20.790
195.790,measure,9773,20.155
195.816,measure,9774,26.143
195.830,measure,9775,13.570
195.851,measure,9776,21.209
195.873,measure,9777,21.593
195.890,measure,9778,16.972
195.910,measure,9779,20.785
195.931,measure,9780,20.291
195.949,measure,9781,18.771
195.970,measure,9782,20.195
195.990,measure,9783,20.345
196.009,measure,9784,19.417
196.029,measure,9785,19.900
196.049,measure,9786,19.838
196.070,measure,9787,20.579
196.090,measure,9788,20.041
196.111,measure,9789,20.802
196.132,measure,9790,21.216
196.153,measure,9791,21.136
196.168,measure,9792,15.223
196.189,measure,9793,20.978
196.210,measure,9794,20.910
196.229,measure,9795,19.071
196.249,measure,9796,19.863
196.270,measure,9797,20.674
196.289,measure,9798,19.431
196.310,measure,9799,20.559
196.331,measure,9800,21.034
196.349,measure,9801,18.814
196.370,measure,9802,20.022
196.388,measure,9803,18.937
196.409,measure,9804,21.041
196.433,measure,9805,23.255
196.449,measure,9806,16.013
196.470,measure,9807,20.807
196.490,measure,9808,20.787
196.510,measure,9809,19.184
196.529,measure,9810,19.942
196.550,measure,9811,20.492
196.569,measure,9812,19.139
196.589,measure,9813,19.895
196.609,measure,9814,20.325
196.629,measure,9815,19.696
196.649,measure,9816,20.140
196.668,measure,9817,18.990
196.689,measure,9818,20.882
196.712,measure,9819,22.925
196.730,measure,9820,17.574
196.750,measure,9821,20.244
196.771,measure,9822,21.171
196.790,measure,9823,18.736
196.811,measure,9824,20.974
196.830,measure,9825,19.061
196.849,measure,9826,18.913
196.870,measure,9827,21.836
196.891,measure,9828,20.051
196.909,measure,9829,18.878
196.930,measure,9830,20.268
196.948,measure,9831,18.799
196.970,measure,9832,21.043
196.993,measure,9833,23.200
197.009,measure,9834,15.820
197.029,measure,9835,20.307
197.051,measure,9836,22.168
197.070,measure,9837,18.581
197.090,measure,9838,20.075
197.110,measure,9839,20.616
197.130,measure,9840,19.266
197.149,measure,9841,19.879
197.170,measure,9842,20.343
197.190,measure,9843,19.852
197.210,measure,9844,20.006
197.229,measure,9845,19.080
197.250,measure,9846,20.900
197.273,measure,9847,23.282
197.289,measure,9848,15.760
197.308,measure,9849,19.634
197.330,measure,9850,22.100
197.349,measure,9851,18.786
197.369,measure,9852,19.992
197.390,measure,9853,20.608
197.411,measure,9854,21.176
197.430,measure,9855,18.866
197.449,measure,9856,19.062
197.468,measure,9857,19.596
197.489,measure,9858,20.884
197.510,measure,9859,20.341
197.530,measure,9860,20.489
197.552,measure,9861,22.236
197.569,measure,9862,17.034
197.590,measure,9863,20.085
197.611,measure,9864,21.556
197.629,measure,9865,18.308
197.650,measure,9866,20.241
197.670,measure,9867,20.196
197.690,measure,9868,19.858
197.709,measure,9869,19.549
197.729,measure,9870,19.689
197.750,measure,9871,21.156
197.770,measure,9872,19.611
197.790,measure,9873,19.997
197.810,measure,9874,20.120
197.833,measure,9875,22.942
197.850,measure,9876,16.929
197.869,measure,9877,19.785
197.891,measure,9878,21.082
197.910,measure,9879,19.073
197.930,measure,9880,20.014
197.951,measure,9881,21.426
197.969,measure,9882,18.139
197.989,measure,9883,20.048
198.010,measure,9884,21.148
198.029,measure,9885,18.814
198.049,measure,9886,19.808
198.068,measure,9887,19.193
198.089,measure,9888,20.335
198.113,measure,9889,23.956
198.130,measure,9890,17.004
198.150,measure,9891,20.042
198.170,measure,9892,20.822
198.189,measure,9893,19.070
198.209,measure,9894,19.056
198.230,measure,9895,21.553
198.249,measure,9896,19.413
198.269,measure,9897,19.048
198.289,measure,9898,20.915
198.309,measure,9899,19.693
198.329,measure,9900,19.936
198.349,measure,9901,19.963
198.369,measure,9902,20.090
198.392,measure,9903,22.966
198.408,measure,9904,15.995
198.429,measure,9905,20.899
198.450,measure,9906,20.944
198.469,measure,9907,19.418
198.490,measure,9908,21.019
198.511,measure,9909,20.580
198.530,measure,9910,19.117
198.551,measure,9911,21.064
198.569,measure,9912,18.299
198.589,measure,9913,20.031
198.610,measure,9914,20.424
198.628,measure,9915,18.473
198.650,measure,9916,21.246
198.672,measure,9917,22.703
198.687,measure,9918,15.134
198.710,measure,9919,22.257
198.730,measure,9920,20.703
198.750,measure,9921,19.237
198.769,measure,9922,19.294
198.791,measure,9923,21.641
198.810,measure,9924,19.600
198.830,measure,9925,19.727
198.850,measure,9926,20.136
198.870,measure,9927,19.701
198.890,measure,9928,20.477
198.909,measure,9929,18.715
198.931,measure,9930,22.131
198.953,measure,9931,21.792
198.969,measure,9932,16.480
198.989,measure,9933,19.471
199.011,measure,9934,22.697
199.031,measure,9935,19.560
199.050,measure,9936,18.959
199.071,measure,9937,21.288
199.090,measure,9938,18.496
199.110,measure,9939,19.799
199.130,measure,9940,20.361
199.150,measure,9941,19.633
199.170,measure,9942,20.497
199.189,measure,9943,18.919
199.210,measure,9944,21.076
199.232,measure,9945,21.774
199.249,measure,9946,17.152
199.270,measure,9947,20.968
199.291,measure,9948,20.577
199.310,measure,9949,19.046
199.329,measure,9950,19.847
199.351,measure,9951,21.244
199.370,measure,9952,18.870
199.390,measure,9953,20.096
199.410,measure,9954,20.159
199.430,measure,9955,19.861
199.450,measure,9956,20.081
199.468,measure,9957,18.463
199.489,measure,9958,21.155
199.514,measure,9959,24.317
199.529,measure,9960,15.276
199.550,measure,9961,20.665
199.571,measure,9962,21.027
199.590,measure,9963,18.917
199.610,measure,9964,20.110
199.630,measure,9965,20.034
199.649,measure,9966,19.004
199.671,measure,9967,21.818
199.691,measure,9968,19.998
199.710,measure,9969,19.181
199.730,measure,9970,20.622
199.748,measure,9971,18.122
199.769,measure,9972,20.524
199.792,measure,9973,23.109
199.810,measure,9974,18.121
199.829,measure,9975,18.695
199.852,measure,9976,22.829
199.869,measure,9977,17.493
199.890,measure,9978,20.835
199.911,measure,9979,20.622
199.931,measure,9980,20.671
199.950,measure,9981,19.085
199.969,measure,9982,18.999
199.989,measure,9983,19.453
200.011,measure,9984,22.019
200.030,measure,9985,18.914
200.050,measure,9986,19.868
200.073,measure,9987,22.965
200.090,measure,9988,17.058
200.110,measure,9989,20.125
200.130,measure,9990,20.374
200.150,measure,9991,19.773
200.168,measure,9992,18.224
200.190,measure,9993,21.578
200.209,measure,9994,19.488
200.230,measure,9995,20.532
200.249,measure,9996,19.038
200.270,measure,9997,20.962
200.290,measure,9998,19.876
200.309,measure,9999,18.851
200.329,measure,10000,20.709
200.353,measure,10001,23.800
200.368,measure,10002,15.226
200.390,measure,10003,21.323
200.410,measure,10004,20.633
200.429,measure,10005,19.024
200.450,measure,10006,20.292
200.470,measure,10007,20.005
200.490,measure,10008,20.416
200.509,measure,10009,19.158
200.529,measure,10010,20.125
200.550,measure,10011,20.440
200.568,measure,10012,18.661
200.589,measure,10013,20.240
200.609,measure,10014,20.747
200.632,measure,10015,22.822
200.650,measure,10016,17.360
200.670,measure,10017,20.213
200.690,measure,10018,20.346
200.710,measure,10019,19.665
200.729,measure,10020,19.674
200.750,measure,10021,20.877
200.769,measure,10022,18.638
200.790,measure,10023,20.868
200.809,measure,10024,18.904
200.829,measure,10025,20.072
200.850,measure,10026,21.506
200.868,measure,10027,18.089
200.890,measure,10028,21.137
200.912,measure,10029,22.473
200.930,measure,10030,17.898
200.950,measure,10031,20.233
200.971,measure,10032,20.884
200.989,measure,10033,17.953
201.010,measure,10034,21.284
201.031,measure,10035,20.765
201.049,measure,10036,18.229
201.070,measure,10037,20.916
201.090,measure,10038,20.034
201.109,measure,10039,19.066
201.131,measure,10040,21.822
201.150,measure,10041,18.503
201.170,measure,10042,20.207
201.193,measure,10043,23.587
201.209,measure,10044,15.300
201.229,measure,10045,19.912
201.251,measure,10046,22.344
201.270,measure,10047,18.869
201.290,measure,10048,19.899
201.310,measure,10049,20.627
201.329,measure,10050,18.845
201.350,measure,10051,21.154
201.370,measure,10052,19.943
201.389,measure,10053,19.076
201.409,measure,10054,20.040
201.429,measure,10055,19.923
201.448,measure,10056,19.130
201.472,measure,10057,23.317
201.489,measure,10058,17.186
201.510,measure,10059,21.222
201.532,measure,10060,21.404
201.549,measure,10061,17.095
201.573,measure,10062,24.745
201.590,measure,10063,16.540
201.609,measure,10064,18.930
201.629,measure,10065,20.562
201.650,measure,10066,20.269
201.670,measure,10067,19.849
201.688,measure,10068,18.937
201.708,measure,10069,19.826
201.730,measure,10070,21.850
201.752,measure,10071,22.319
201.769,measure,10072,16.243
201.789,measure,10073,20.650
201.824,measure,10074,34.563
201.829,measure,10075,5.546
201.851,measure,10076,21.147
201.871,measure,10077,20.052
201.891,measure,10078,20.376
201.909,measure,10079,17.477
201.932,measure,10080,23.000
201.951,measure,10081,19.191
201.969,measure,10082,18.118
201.989,measure,10083,20.275
202.010,measure,10084,21.173
202.033,measure,10085,22.247
202.048,measure,10086,15.934
202.070,measure,10087,21.927
202.091,measure,10088,21.094
202.110,measure,10089,18.989
202.129,measure,10090,18.735
202.151,measure,10091,21.288
202.169,measure,10092,18.285
202.189,measure,10093,20.581
202.211,measure,10094,21.277
202.230,measure,10095,18.886
202.249,measure,10096,19.501
202.269,measure,10097,20.004
202.288,measure,10098,19.134
202.312,measure,10099,24.258
202.330,measure,10100,17.212
202.352,measure,10101,22.284
202.371,measure,10102,18.944
202.390,measure,10103,18.909
202.411,measure,10104,20.850
202.431,measure,10105,19.986
202.450,measure,10106,19.312
202.470,measure,10107,19.578
202.490,measure,10108,20.444
202.511,measure,10109,21.271
202.530,measure,10110,18.825
202.549,measure,10111,19.448
202.569,measure,10112,19.492
202.589,measure,10113,19.769
202.608,measure,10114,19.600
202.629,measure,10115,20.642
202.650,measure,10116,21.288
202.670,measure,10117,19.290
202.689,measure,10118,19.734
202.710,measure,10119,20.785
202.731,measure,10120,20.699
202.749,measure,10121,18.214
202.770,measure,10122,20.495
202.790,measure,10123,20.544
202.810,measure,10124,20.381
202.830,measure,10125,19.344
202.851,measure,10126,21.177
202.873,measure,10127,22.412
202.889,measure,10128,15.641
202.910,measure,10129,20.758
202.931,measure,10130,20.985
202.950,measure,10131,19.631
202.970,measure,10132,19.814
202.992,measure,10133,21.332
203.010,measure,10134,18.369
203.029,measure,10135,18.658
203.050,measure,10136,21.897
203.070,measure,10137,19.982
203.089,measure,10138,18.890
203.110,measure,10139,20.419
203.130,measure,10140,19.852
203.153,measure,10141,22.951
203.168,measure,10142,15.856
203.190,measure,10143,21.685
203.211,measure,10144,20.615
203.231,measure,10145,19.836
203.250,measure,10146,19.109
203.271,measure,10147,21.621
203.288,measure,10148,17.237
203.310,measure,10149,21.705
203.332,measure,10150,22.042
203.350,measure,10151,17.942
203.369,measure,10152,18.917
203.389,measure,10153,20.022
203.409,measure,10154,20.082
203.432,measure,10155,23.189
203.449,measure,10156,16.811
203.470,measure,10157,20.872
203.490,measure,10158,20.307
203.510,measure,10159,19.515
203.530,measure,10160,19.985
203.551,measure,10161,21.481
203.568,measure,10162,17.081
203.590,measure,10163,21.884
203.611,measure,10164,20.201
203.630,measure,10165,19.691
203.649,measure,10166,19.212
203.668,measure,10167,18.860
203.688,measure,10168,19.988
203.713,measure,10169,24.354
203.729,measure,10170,16.665
203.750,measure,10171,20.467
203.772,measure,10172,21.736
203.789,measure,10173,17.489
203.811,measure,10174,22.039
203.832,measure,10175,20.493
203.850,measure,10176,18.408
203.871,measure,10177,20.778
203.889,measure,10178,18.274
203.909,measure,10179,20.000
203.931,measure,10180,21.857
203.950,measure,10181,19.241
203.970,measure,10182,19.889
203.993,measure,10183,23.350
204.011,measure,10184,17.564
204.030,measure,10185,19.173
204.051,measure,10186,21.183
204.071,measure,10187,19.711
204.090,measure,10188,19.068
204.111,measure,10189,21.404
204.131,measure,10190,19.355
204.150,measure,10191,18.954
204.169,measure,10192,19.506
204.190,measure,10193,20.404
204.209,measure,10194,19.135
204.229,measure,10195,20.047
204.250,measure,10196,21.115
204.273,measure,10197,23.066
204.290,measure,10198,16.649
204.310,measure,10199,20.184
204.331,measure,10200,20.769
204.349,measure,10201,18.809
204.370,measure,10202,20.868
204.390,measure,10203,19.932
204.411,measure,10204,20.836
204.429,measure,10205,17.446
204.450,measure,10206,21.593
204.469,measure,10207,18.606
204.490,measure,10208,21.062
204.509,measure,10209,19.086
204.530,measure,10210,21.421
204.553,measure,10211,23.152
204.569,measure,10212,15.936
204.590,measure,10213,20.344
204.611,measure,10214,21.693
204.630,measure,10215,18.145
204.650,measure,10216,20.292
204.671,measure,10217,21.090
204.689,measure,10218,17.835
204.711,measure,10219,22.187
204.730,measure,10220,19.532
204.749,measure,10221,18.295
204.769,measure,10222,20.668
204.788,measure,10223,18.444
204.809,measure,10224,21.143
204.833,measure,10225,23.536
204.849,measure,10226,16.680
204.870,measure,10227,20.631
204.890,measure,10228,20.421
204.910,measure,10229,19.721
204.930,measure,10230,19.881
204.952,measure,10231,21.632
204.969,measure,10232,17.388
204.991,measure,10233,22.198
205.010,measure,10234,18.807
205.029,measure,10235,19.109
205.050,measure,10236,21.091
205.070,measure,10237,20.102
205.091,measure,10238,21.103
205.112,measure,10239,20.963
205.130,measure,10240,17.920
205.152,measure,10241,21.535
205.171,measure,10242,19.680
205.189,measure,10243,17.178
205.210,measure,10244,21.046
205.230,measure,10245,20.476
205.250,measure,10246,19.492
205.268,measure,10247,18.767
205.290,measure,10248,21.977
205.309,measure,10249,18.645
205.329,measure,10250,20.012
205.350,measure,10251,20.970
205.369,measure,10252,19.157
205.393,measure,10253,23.741
205.410,measure,10254,17.093
205.430,measure,10255,20.005
205.451,measure,10256,20.827
205.470,measure,10257,19.186
205.490,measure,10258,19.987
205.512,measure,10259,21.651
205.529,measure,10260,17.371
205.551,measure,10261,21.912
205.569,measure,10262,18.335
205.590,measure,10263,20.328
205.609,measure,10264,19.677
205.630,measure,10265,20.356
205.650,measure,10266,20.381
205.673,measure,10267,22.975
205.690,measure,10268,16.914
205.709,measure,10269,18.743
205.730,measure,10270,21.666
205.750,measure,10271,19.583
205.770,measure,10272,19.732
205.790,measure,10273,20.602
205.809,measure,10274,18.572
205.831,measure,10275,21.955
205.853,measure,10276,22.136
205.872,measure,10277,18.723
205.889,measure,10278,17.091
205.910,measure,10279,20.924
205.930,measure,10280,20.083
205.954,measure,10281,23.997
205.968,measure,10282,13.893
205.990,measure,10283,22.761
206.010,measure,10284,20.048
206.030,measure,10285,20.107
206.049,measure,10286,18.919
206.071,measure,10287,21.414
206.089,measure,10288,18.595
206.108,measure,10289,19.018
206.131,measure,10290,22.813
206.149,measure,10291,17.381
206.170,measure,10292,21.201
206.189,measure,10293,19.309
206.209,measure,10294,19.920
206.232,measure,10295,23.378
206.249,measure,10296,16.568
206.269,measure,10297,20.404
206.290,measure,10298,20.506
206.310,measure,10299,19.884
206.329,measure,10300,19.430
206.350,measure,10301,20.911
206.369,measure,10302,19.308
206.389,measure,10303,19.073
206.411,measure,10304,22.010
206.429,measure,10305,18.864
206.449,measure,10306,20.067
206.469,measure,10307,19.745
206.489,measure,10308,20.212
206.514,measure,10309,24.128
206.530,measure,10310,16.118
206.550,measure,10311,20.017
206.571,measure,10312,21.455
206.589,measure,10313,17.849
206.610,measure,10314,20.925
206.631,measure,10315,20.621
206.650,measure,10316,19.193
206.669,measure,10317,18.868
206.689,measure,10318,20.776
206.709,measure,10319,20.105
206.729,measure,10320,20.011
206.749,measure,10321,19.300
206.768,measure,10322,19.637
206.794,measure,10323,25.490
206.809,measure,10324,15.004
206.831,measure,10325,22.222
206.853,measure,10326,21.791
206.870,measure,10327,17.045
206.890,measure,10328,20.333
206.912,measure,10329,21.490
206.930,measure,10330,17.984
206.951,measure,10331,21.079
206.970,measure,10332,18.678
206.989,measure,10333,19.179
207.011,measure,10334,22.060
207.029,measure,10335,18.010
207.049,measure,10336,19.788
207.073,measure,10337,24.112
207.090,measure,10338,16.878
207.110,measure,10339,20.163
207.131,measure,10340,21.387
207.150,measure,10341,18.575
207.171,measure,10342,21.083
207.190,measure,10343,19.449
207.210,measure,10344,19.626
207.231,measure,10345,21.108
207.251,measure,10346,19.822
207.270,measure,10347,18.954
207.291,measure,10348,21.221
207.310,measure,10349,18.757
207.330,measure,10350,20.582
207.353,measure,10351,22.366
207.369,measure,10352,16.748
207.389,measure,10353,19.800
207.410,measure,10354,20.934
207.429,measure,10355,18.951
207.449,measure,10356,20.199
207.470,measure,10357,20.414
207.490,measure,10358,20.059
207.510,measure,10359,19.839
207.530,measure,10360,19.985
207.549,measure,10361,19.004
207.569,measure,10362,20.683
207.590,measure,10363,20.312
207.609,measure,10364,19.681
207.632,measure,10365,22.897
207.649,measure,10366,16.503
207.670,measure,10367,21.089
207.690,measure,10368,20.371
207.709,measure,10369,19.173
207.729,measure,10370,20.023
207.750,measure,10371,20.482
207.769,measure,10372,19.269
207.789,measure,10373,20.127
207.810,measure,10374,20.324
207.829,measure,10375,19.393
207.851,measure,10376,22.029
207.868,measure,10377,17.176
207.889,measure,10378,21.274
207.912,measure,10379,22.756
207.929,measure,10380,17.231
207.950,measure,10381,20.111
207.971,measure,10382,21.342
207.991,measure,10383,19.865
208.011,measure,10384,20.153
208.031,measure,10385,20.263
208.049,measure,10386,17.403
208.070,measure,10387,21.205
208.092,measure,10388,22.185
208.109,measure,10389,16.850
208.129,measure,10390,20.617
208.149,measure,10391,19.971
208.170,measure,10392,21.140
208.193,measure,10393,22.027
208.209,measure,10394,16.017
208.230,measure,10395,21.137
208.251,measure,10396,20.953
208.271,measure,10397,19.998
208.289,measure,10398,18.735
208.310,measure,10399,20.584
208.330,measure,10400,19.551
208.351,measure,10401,21.006
208.369,measure,10402,18.017
208.390,measure,10403,21.162
208.410,measure,10404,19.873
208.428,measure,10405,18.652
208.449,measure,10406,20.973
208.472,measure,10407,23.155
208.491,measure,10408,18.624
208.509,measure,10409,18.280
208.531,measure,10410,21.965
208.549,measure,10411,17.994
208.570,measure,10412,20.633
208.590,measure,10413,20.219
208.610,measure,10414,19.712
208.630,measure,10415,20.008
208.649,measure,10416,19.307
208.669,measure,10417,19.725
208.689,measure,10418,19.879
208.710,measure,10419,21.112
208.730,measure,10420,20.030
208.753,measure,10421,22.979
208.769,measure,10422,15.789
208.790,measure,10423,21.067
208.810,measure,10424,20.324
208.829,measure,10425,18.532
208.851,measure,10426,22.019
208.870,measure,10427,19.692
208.889,measure,10428,19.047
208.909,measure,10429,19.843
208.930,measure,10430,20.943
208.950,measure,10431,20.082
208.970,measure,10432,20.022
208.990,measure,10433,20.073
209.011,measure,10434,21.193
209.035,measure,10435,23.639
209.051,measure,10436,15.599
209.071,measure,10437,20.618
209.092,measure,10438,21.071
209.110,measure,10439,18.130
209.131,measure,10440,20.535
209.151,measure,10441,20.419
209.170,measure,10442,18.555
209.190,measure,10443,20.038
209.210,measure,10444,20.006
209.230,measure,10445,20.125
209.251,measure,10446,20.896
209.269,measure,10447,18.118
209.290,measure,10448,20.901
209.313,measure,10449,22.631
209.330,measure,10450,16.869
209.348,measure,10451,18.615
209.370,measure,10452,22.082
209.388,measure,10453,17.929
209.409,measure,10454,20.968
209.429,measure,10455,20.316
209.449,measure,10456,19.766
209.469,measure,10457,19.850
209.489,measure,10458,20.368
209.509,measure,10459,19.986
209.530,measure,10460,20.304
209.549,measure,10461,18.752
209.569,measure,10462,20.700
209.593,measure,10463,23.382
209.608,measure,10464,15.631
209.630,measure,10465,21.383
209.651,measure,10466,21.206
209.669,measure,10467,18.670
209.689,measure,10468,19.298
209.710,measure,10469,21.351
209.729,measure,10470,19.017
209.749,measure,10471,20.209
209.769,measure,10472,19.803
209.789,measure,10473,20.183
209.809,measure,10474,19.834
209.830,measure,10475,20.622
209.851,measure,10476,20.789
209.873,measure,10477,22.819
209.890,measure,10478,16.680
209.909,measure,10479,18.615
209.931,measure,10480,21.950
209.950,measure,10481,18.981
209.971,measure,10482,21.012
209.990,measure,10483,19.714
210.011,measure,10484,20.536
210.029,measure,10485,17.733
210.050,measure,10486,21.254
210.070,measure,10487,19.651
210.090,measure,10488,20.045
210.110,measure,10489,20.336
210.131,measure,10490,20.683
210.153,measure,10491,22.307
210.170,measure,10492,16.815
210.189,measure,10493,18.861
210.211,measure,10494,22.086
210.230,measure,10495,19.166
210.250,measure,10496,19.814
210.270,measure,10497,20.421
210.289,measure,10498,18.589
210.310,measure,10499,21.713
210.330,measure,10500,19.497
210.350,measure,10501,19.981
210.370,measure,10502,20.093
210.388,measure,10503,18.066
210.410,measure,10504,21.792
210.433,measure,10505,23.150
210.448,measure,10506,14.868
210.470,measure,10507,22.015
210.490,measure,10508,20.277
210.509,measure,10509,19.044
210.529,measure,10510,20.220
210.550,measure,10511,20.679
210.569,measure,10512,18.544
210.590,measure,10513,21.248
210.608,measure,10514,18.328
210.629,measure,10515,20.933
210.649,measure,10516,19.715
210.669,measure,10517,20.497
210.689,measure,10518,20.094
210.712,measure,10519,22.667
210.729,measure,10520,16.955
210.749,measure,10521,20.297
210.770,measure,10522,20.482
210.788,measure,10523,18.302
210.808,measure,10524,20.066
210.831,measure,10525,22.338
210.851,measure,10526,20.097
210.869,measure,10527,18.784
210.891,measure,10528,21.236
210.914,measure,10529,23.605
210.930,measure,10530,15.268
210.950,measure,10531,20.276
210.970,measure,10532,19.839
210.993,measure,10533,23.085
211.009,measure,10534,16.649
211.030,measure,10535,20.247
211.051,measure,10536,21.397
211.070,measure,10537,18.527
211.089,measure,10538,19.917
211.110,measure,10539,20.826
211.128,measure,10540,18.195
211.150,measure,10541,21.695
211.170,measure,10542,20.068
211.189,measure,10543,18.845
211.209,measure,10544,20.100
211.228,measure,10545,18.829
211.249,measure,10546,21.201
211.273,measure,10547,23.501
211.289,measure,10548,16.242
211.310,measure,10549,20.568
211.330,measure,10550,20.712
211.350,measure,10551,19.349
211.369,measure,10552,19.454
211.392,measure,10553,22.555
211.410,measure,10554,18.067
211.430,measure,10555,20.044
211.450,measure,10556,20.111
211.470,measure,10557,19.852
211.489,measure,10558,19.110
211.508,measure,10559,19.356
211.530,measure,10560,21.564
211.553,measure,10561,23.413
211.570,measure,10562,17.121
211.589,measure,10563,19.016
211.611,measure,10564,21.336
211.629,measure,10565,18.229
211.650,measure,10566,21.348
211.670,measure,10567,20.320
211.690,measure,10568,19.465
211.710,measure,10569,20.365
211.730,measure,10570,19.572
211.750,measure,10571,20.457
211.770,measure,10572,19.576
211.788,measure,10573,18.191
211.811,measure,10574,22.494
211.832,measure,10575,21.689
211.849,measure,10576,16.645
211.870,measure,10577,20.996
211.891,measure,10578,20.779
211.910,measure,10579,19.024
211.931,measure,10580,21.344
211.951,measure,10581,20.081
211.969,measure,10582,17.818
211.990,measure,10583,20.922
212.010,measure,10584,19.980
212.030,measure,10585,20.133
212.049,measure,10586,18.887
212.070,measure,10587,20.935
212.090,measure,10588,19.927
212.112,measure,10589,22.609
212.129,measure,10590,16.973
212.149,measure,10591,20.055
212.171,measure,10592,21.380
212.189,measure,10593,17.858
212.210,measure,10594,21.044
212.230,measure,10595,20.804
212.248,measure,10596,17.968
212.268,measure,10597,19.836
212.291,measure,10598,22.447
212.309,measure,10599,18.290
212.330,measure,10600,20.774
212.350,measure,10601,20.141
212.371,measure,10602,21.229
212.393,measure,10603,21.579
212.410,measure,10604,17.129
212.430,measure,10605,19.977
212.451,measure,10606,21.542
212.471,measure,10607,19.432
212.490,measure,10608,19.062
212.511,measure,10609,21.474
212.529,measure,10610,17.849
212.549,measure,10611,20.041
212.569,measure,10612,19.373
212.590,measure,10613,21.075
212.610,measure,10614,20.286
212.629,measure,10615,18.904
212.650,measure,10616,20.939
212.673,measure,10617,22.780
212.689,measure,10618,16.322
212.710,measure,10619,21.151
212.731,measure,10620,20.749
212.751,measure,10621,19.704
212.769,measure,10622,18.330
212.793,measure,10623,23.924
212.809,measure,10624,16.332
212.830,measure,10625,20.720
212.851,measure,10626,21.363
212.870,measure,10627,18.478
212.890,measure,10628,20.550
212.909,measure,10629,19.186
212.930,measure,10630,20.112
212.954,measure,10631,24.045
212.969,measure,10632,14.958
212.990,measure,10633,20.982
213.012,measure,10634,22.198
213.030,measure,10635,17.955
213.050,measure,10636,20.821
213.070,measure,10637,19.698
213.090,measure,10638,19.662
213.110,measure,10639,19.763
213.132,measure,10640,21.947
213.149,measure,10641,17.886
213.170,measure,10642,20.250
213.190,measure,10643,19.840
213.210,measure,10644,20.486
213.233,measure,10645,22.814
213.250,measure,10646,16.931
213.269,measure,10647,18.846
213.292,measure,10648,23.355
213.309,measure,10649,17.358
213.328,measure,10650,18.880
213.351,measure,10651,23.026
213.369,measure,10652,17.995
213.389,measure,10653,19.991
213.409,measure,10654,19.955
213.429,measure,10655,20.010
213.450,measure,10656,20.439
213.468,measure,10657,18.570
213.489,measure,10658,21.052
213.513,measure,10659,23.619
213.528,measure,10660,15.483
213.551,measure,10661,22.787
213.570,measure,10662,19.146
213.590,measure,10663,19.625
213.609,measure,10664,19.259
213.631,measure,10665,21.891
213.650,measure,10666,19.030
213.670,measure,10667,20.084
213.689,measure,10668,18.747
213.710,measure,10669,21.530
213.729,measure,10670,18.231
213.749,measure,10671,20.671
213.769,measure,10672,19.762
213.792,measure,10673,23.083
213.808,measure,10674,15.985
213.829,measure,10675,20.683
213.852,measure,10676,22.878
213.868,measure,10677,16.582
213.889,measure,10678,20.316
213.910,measure,10679,21.364
213.929,measure,10680,19.144
213.949,measure,10681,20.298
213.970,measure,10682,20.842
213.989,measure,10683,18.899
214.009,measure,10684,19.327
214.029,measure,10685,20.079
214.050,measure,10686,21.142
214.073,measure,10687,22.846
214.090,measure,10688,16.948
214.110,measure,10689,20.085
214.131,measure,10690,20.948
214.150,measure,10691,18.945
214.169,measure,10692,19.355
214.190,measure,10693,20.944
214.210,measure,10694,19.794
214.230,measure,10695,20.162
214.251,measure,10696,20.861
214.269,measure,10697,18.175
214.290,measure,10698,20.747
214.309,measure,10699,19.677
214.329,measure,10700,20.090
214.353,measure,10701,23.827
214.368,measure,10702,15.162
214.389,measure,10703,20.857
214.411,measure,10704,21.363
214.429,measure,10705,18.615
214.450,measure,10706,21.153
214.471,measure,10707,20.220
214.489,measure,10708,18.226
214.511,measure,10709,21.915
214.531,measure,10710,20.828
214.551,measure,10711,19.276
214.570,measure,10712,19.488
214.589,measure,10713,19.090
214.610,measure,10714,20.253
214.633,measure,10715,23.201
214.650,measure,10716,17.033
214.670,measure,10717,19.933
214.691,measure,10718,21.667
214.710,measure,10719,18.441
214.731,measure,10720,20.741
214.751,measure,10721,20.000
214.770,measure,10722,19.056
214.791,measure,10723,21.070
214.810,measure,10724,19.115
214.830,measure,10725,19.926
214.851,measure,10726,20.995
214.869,measure,10727,18.037
214.889,measure,10728,20.688
214.913,measure,10729,23.584
214.928,measure,10730,15.171
214.951,measure,10731,22.550
214.971,measure,10732,19.794
214.990,measure,10733,19.889
215.010,measure,10734,19.681
215.031,measure,10735,20.356
215.050,measure,10736,19.655
215.070,measure,10737,20.133
215.091,measure,10738,21.189
215.110,measure,10739,18.260
215.129,measure,10740,19.506
215.148,measure,10741,19.035
215.171,measure,10742,22.216
215.194,measure,10743,23.352
215.210,measure,10744,15.811
215.229,measure,10745,19.709
215.251,measure,10746,21.486
215.269,measure,10747,18.229
215.290,measure,10748,21.093
215.310,measure,10749,19.959
215.330,measure,10750,19.481
215.351,measure,10751,21.091
215.369,measure,10752,18.521
215.390,measure,10753,20.952
215.409,measure,10754,18.997
215.429,measure,10755,19.903
215.449,measure,10756,20.354
215.472,measure,10757,22.992
215.489,measure,10758,16.766
215.511,measure,10759,21.757
215.532,measure,10760,20.942
215.551,measure,10761,19.299
215.570,measure,10762,18.678
215.591,measure,10763,20.833
215.610,measure,10764,19.459
215.631,measure,10765,20.628
215.649,measure,10766,18.626
215.668,measure,10767,18.870
215.689,measure,10768,20.890
215.709,measure,10769,20.295
215.729,measure,10770,20.011
215.753,measure,10771,23.145
215.768,measure,10772,15.573
215.790,measure,10773,22.104
215.811,measure,10774,20.527
215.828,measure,10775,17.338
215.850,measure,10776,22.253
215.871,measure,10777,20.578
215.890,measure,10778,18.674
215.908,measure,10779,18.818
215.931,measure,10780,22.914
215.951,measure,10781,19.251
215.969,measure,10782,18.700
215.990,measure,10783,20.150
216.009,measure,10784,19.665
216.034,measure,10785,24.998
216.049,measure,10786,15.111
216.070,measure,10787,21.061
216.091,measure,10788,20.414
216.110,measure,10789,18.848
216.130,measure,10790,20.645
216.150,measure,10791,19.990
216.170,measure,10792,19.492
216.189,measure,10793,19.481
216.211,measure,10794,22.147
216.229,measure,10795,17.968
216.249,measure,10796,19.953
216.269,measure,10797,19.993
216.289,measure,10798,19.942
216.313,measure,10799,24.191
216.330,measure,10800,16.343
216.351,measure,10801,21.135
216.371,measure,10802,20.104
216.390,measure,10803,18.951
216.410,measure,10804,19.964
216.430,measure,10805,20.072
216.449,measure,10806,19.478
216.469,measure,10807,19.691
216.490,measure,10808,21.082
216.509,measure,10809,19.135
216.530,measure,10810,21.095
216.549,measure,10811,18.932
216.570,measure,10812,20.497
216.593,measure,10813,22.654
216.610,measure,10814,17.073
216.630,measure,10815,19.968
216.651,measure,10816,21.019
216.670,measure,10817,19.057
216.690,measure,10818,19.863
216.711,measure,10819,21.434
216.729,measure,10820,18.050
216.751,measure,10821,21.619
216.771,measure,10822,19.957
216.791,measure,10823,20.078
216.810,measure,10824,19.016
216.829,measure,10825,19.068
216.851,measure,10826,21.834
216.873,measure,10827,22.259
216.888,measure,10828,15.307
216.910,measure,10829,21.960
216.930,measure,10830,20.188
216.950,measure,10831,19.784
216.970,measure,10832,19.813
216.991,measure,10833,20.719
217.009,measure,10834,18.651
217.030,measure,10835,20.645
217.051,measure,10836,20.860
217.070,measure,10837,19.068
217.090,measure,10838,19.802
217.109,measure,10839,19.108
217.130,measure,10840,20.984
217.153,measure,10841,22.807
217.169,measure,10842,16.674
217.189,measure,10843,19.857
217.210,measure,10844,21.168
217.229,measure,10845,18.898
217.249,measure,10846,20.079
217.271,measure,10847,22.176
217.289,measure,10848,17.655
217.310,measure,10849,20.639
217.329,measure,10850,18.847
217.351,measure,10851,22.229
217.370,measure,10852,19.004
217.390,measure,10853,19.916
217.410,measure,10854,20.117
217.433,measure,10855,23.396
217.450,measure,10856,16.576
217.469,measure,10857,18.948
217.490,measure,10858,21.292
217.510,measure,10859,19.854
217.530,measure,10860,20.239
217.550,measure,10861,19.991
217.569,measure,10862,19.215
217.589,measure,10863,19.225
217.610,measure,10864,21.487
217.630,measure,10865,19.577
217.649,measure,10866,19.327
217.668,measure,10867,19.300
217.689,measure,10868,20.984
217.713,measure,10869,23.970
217.728,measure,10870,14.959
217.749,measure,10871,21.317
217.770,measure,10872,20.720
217.789,measure,10873,19.175
217.810,measure,10874,20.934
217.831,measure,10875,20.424
217.849,measure,10876,18.581
217.869,measure,10877,19.666
217.890,measure,10878,20.801
217.909,measure,10879,19.668
217.929,measure,10880,19.903
217.949,measure,10881,19.996
217.969,measure,10882,19.898
217.992,measure,10883,23.267
218.009,measure,10884,16.813
218.029,measure,10885,20.099
218.050,measure,10886,20.757
218.069,measure,10887,19.310
218.089,measure,10888,19.799
218.110,measure,10889,20.945
218.129,measure,10890,19.040
218.152,measure,10891,22.991
218.169,measure,10892,17.132
218.189,measure,10893,19.986
218.209,measure,10894,19.934
218.229,measure,10895,20.120
218.249,measure,10896,19.881
218.272,measure,10897,22.944
218.289,measure,10898,17.050
218.309,measure,10899,19.638
218.330,measure,10900,21.354
218.351,measure,10901,20.557
218.370,measure,10902,19.183
218.391,measure,10903,20.484
218.410,measure,10904,19.350
218.430,measure,10905,19.931
218.448,measure,10906,18.103
218.470,measure,10907,21.928
218.490,measure,10908,19.941
218.510,measure,10909,20.229
218.530,measure,10910,20.054
218.553,measure,10911,23.018
218.569,measure,10912,16.202
218.589,measure,10913,20.039
218.611,measure,10914,21.875
218.629,measure,10915,18.041
218.649,measure,10916,20.209
218.669,measure,10917,19.986
218.690,measure,10918,20.546
218.710,measure,10919,19.919
218.729,measure,10920,19.340
218.750,measure,10921,20.472
218.769,measure,10922,19.650
218.788,measure,10923,19.040
218.809,measure,10924,21.003
218.833,measure,10925,24.017
218.850,measure,10926,16.816
218.869,measure,10927,18.870
218.891,measure,10928,21.507
218.909,measure,10929,18.267
218.930,measure,10930,21.119
218.951,measure,10931,20.814
218.969,measure,10932,18.043
218.990,measure,10933,21.153
219.010,measure,10934,20.121
219.030,measure,10935,19.819
219.050,measure,10936,20.262
219.069,measure,10937,18.744
219.090,measure,10938,20.948
219.113,measure,10939,22.933
219.129,measure,10940,16.131
219.150,measure,10941,20.981
219.170,measure,10942,20.265
219.191,measure,10943,20.836
219.210,measure,10944,18.936
219.230,measure,10945,20.206
219.252,measure,10946,21.640
219.270,measure,10947,18.138
219.290,measure,10948,19.933
219.310,measure,10949,19.718
219.329,measure,10950,19.900
219.350,measure,10951,20.036
219.370,measure,10952,19.996
219.393,measure,10953,23.428
219.409,measure,10954,16.520
219.428,measure,10955,18.922
219.450,measure,10956,21.869
219.469,measure,10957,18.915
219.489,measure,10958,19.665
219.511,measure,10959,22.042
219.530,measure,10960,19.359
219.550,measure,10961,19.570
219.570,measure,10962,20.474
219.589,measure,10963,19.027
219.609,measure,10964,19.706
219.627,measure,10965,17.941
219.649,measure,10966,22.286
219.672,measure,10967,22.795
219.690,measure,10968,17.873
219.710,measure,10969,20.065
219.730,measure,10970,19.942
219.750,measure,10971,20.419
219.770,measure,10972,19.446
219.790,measure,10973,20.325
219.810,measure,10974,19.792
219.830,measure,10975,19.930
219.851,measure,10976,21.086
219.870,measure,10977,18.773
219.889,measure,10978,19.137
219.909,measure,10979,20.042
219.930,measure,10980,21.049
219.954,measure,10981,24.249
219.969,measure,10982,14.866
219.990,measure,10983,20.934
220.011,measure,10984,20.865
220.030,measure,10985,19.297
220.049,measure,10986,18.945
220.071,measure,10987,21.550
220.090,measure,10988,19.406
220.109,measure,10989,19.020
220.130,measure,10990,20.771
220.150,measure,10991,20.087
220.170,measure,10992,20.305
220.190,measure,10993,19.754
220.210,measure,10994,19.971
220.233,measure,10995,22.706
220.249,measure,10996,16.257
220.270,measure,10997,20.908
220.291,measure,10998,20.747
220.309,measure,10999,18.892
220.329,measure,11000,20.022
220.351,measure,11001,21.395
220.369,measure,11002,18.581
220.390,measure,11003,20.291
220.410,measure,11004,20.653
220.429,measure,11005,19.066
220.451,measure,11006,21.105
220.468,measure,11007,17.835
220.491,measure,11008,22.244
220.514,measure,11009,23.081
220.530,measure,11010,15.904
220.550,measure,11011,19.994
220.571,measure,11012,21.065
220.590,measure,11013,18.925
220.610,measure,11014,20.135
220.630,measure,11015,20.037
220.650,measure,11016,19.882
220.669,measure,11017,19.821
220.690,measure,11018,20.549
220.710,measure,11019,19.764
220.729,measure,11020,18.892
220.749,measure,11021,20.207
220.770,measure,11022,20.606
220.793,measure,11023,23.000
220.810,measure,11024,17.243
220.830,measure,11025,19.780
220.851,measure,11026,21.432
220.869,measure,11027,17.994
220.889,measure,11028,19.931
220.911,measure,11029,21.831
220.930,measure,11030,18.795
220.951,measure,11031,21.074
220.969,measure,11032,18.810
220.990,measure,11033,20.187
221.011,measure,11034,21.499
221.029,measure,11035,17.962
221.049,measure,11036,19.822
221.073,measure,11037,23.986
221.090,measure,11038,16.715
221.109,measure,11039,19.877
221.130,measure,11040,20.699
221.149,measure,11041,18.976
221.169,measure,11042,20.369
221.190,measure,11043,20.331
221.209,measure,11044,19.328
221.229,measure,11045,19.958
221.249,measure,11046,20.156
221.269,measure,11047,19.773
221.289,measure,11048,20.062
221.309,measure,11049,19.742
221.330,measure,11050,20.791
221.354,measure,11051,24.216
221.369,measure,11052,15.532
221.390,measure,11053,20.281
221.411,measure,11054,20.889
221.429,measure,11055,18.837
221.450,measure,11056,20.126
221.470,measure,11057,20.923
221.490,measure,11058,19.265
221.509,measure,11059,19.651
221.530,measure,11060,21.090
221.548,measure,11061,18.043
221.569,measure,11062,20.620
221.589,measure,11063,20.280
221.609,measure,11064,20.083
221.632,measure,11065,22.419
221.649,measure,11066,16.745
221.670,measure,11067,21.212
221.691,measure,11068,20.903
221.710,measure,11069,19.078
221.730,measure,11070,20.101
221.750,measure,11071,20.076
221.769,measure,11072,19.360
221.789,measure,11073,19.794
221.809,measure,11074,20.309
221.829,measure,11075,19.552
221.849,measure,11076,20.348
221.868,measure,11077,18.232
221.889,measure,11078,21.615
221.912,measure,11079,23.099
221.929,measure,11080,16.992
221.949,measure,11081,20.166
221.970,measure,11082,21.003
221.989,measure,11083,18.934
222.009,measure,11084,19.789
222.030,measure,11085,20.879
222.049,measure,11086,18.780
222.070,measure,11087,20.718
222.092,measure,11088,22.758
222.109,measure,11089,16.603
222.129,measure,11090,20.461
222.150,measure,11091,20.154
222.170,measure,11092,20.466
222.193,measure,11093,22.790
222.210,measure,11094,16.753
222.230,measure,11095,20.517
222.250,measure,11096,20.218
222.269,measure,11097,18.758
222.289,measure,11098,20.043
222.310,measure,11099,20.977
222.330,measure,11100,19.600
222.351,measure,11101,21.032
222.370,measure,11102,18.999
222.390,measure,11103,20.121
222.410,measure,11104,19.930
222.430,measure,11105,19.978
222.450,measure,11106,20.017
222.473,measure,11107,22.905
222.490,measure,11108,17.094
222.511,measure,11109,21.131
222.531,measure,11110,20.061
222.551,measure,11111,20.134
222.569,measure,11112,18.092
222.590,measure,11113,20.760
222.610,measure,11114,19.571
222.630,measure,11115,20.716
222.649,measure,11116,18.789
222.670,measure,11117,20.901
222.688,measure,11118,18.485
222.709,measure,11119,20.635
222.728,measure,11120,19.361
222.753,measure,11121,24.345
222.769,measure,11122,16.758
222.790,measure,11123,20.220
222.811,measure,11124,20.828
222.829,measure,11125,18.545
222.850,measure,11126,21.201
222.871,measure,11127,20.561
222.889,measure,11128,18.618
222.909,measure,11129,19.680
222.931,measure,11130,22.202
222.950,measure,11131,19.035
222.969,measure,11132,19.093
222.989,measure,11133,20.013
223.011,measure,11134,21.232
223.033,measure,11135,22.277
223.049,measure,11136,15.651
223.069,measure,11137,20.841
223.092,measure,11138,22.875
223.110,measure,11139,17.616
223.131,measure,11140,20.971
223.151,measure,11141,20.208
223.171,measure,11142,20.017
223.191,measure,11143,19.851
223.211,measure,11144,20.020
223.231,measure,11145,19.881
223.251,measure,11146,19.917
223.270,measure,11147,19.105
223.291,measure,11148,21.038
223.313,measure,11149,22.303
223.330,measure,11150,16.248
223.352,measure,11151,22.040
223.371,measure,11152,19.309
223.389,measure,11153,17.794
223.411,measure,11154,21.880
223.432,measure,11155,21.084
223.451,measure,11156,18.973
223.470,measure,11157,18.941
223.492,measure,11158,22.108
223.511,measure,11159,19.081
223.531,measure,11160,19.804
223.548,measure,11161,17.898
223.569,measure,11162,21.035
223.596,measure,11163,26.464
223.611,measure,11164,15.029
223.631,measure,11165,19.598
223.652,measure,11166,21.196
223.670,measure,11167,17.859
223.690,measure,11168,20.216
223.712,measure,11169,22.423
223.729,measure,11170,17.104
223.750,measure,11171,20.789
223.770,measure,11172,20.105
223.789,measure,11173,19.210
223.809,measure,11174,19.980
223.829,measure,11175,20.005
223.852,measure,11176,22.066
223.874,measure,11177,22.400
223.890,measure,11178,15.810
223.909,measure,11179,19.331
223.932,measure,11180,23.139
223.951,measure,11181,18.978
223.971,measure,11182,19.896
223.993,measure,11183,21.424
224.011,measure,11184,18.432
224.031,measure,11185,20.551
224.051,measure,11186,19.569
224.070,measure,11187,19.372
224.091,measure,11188,20.293
224.110,measure,11189,19.006
224.130,measure,11190,19.966
224.154,measure,11191,24.300
224.171,measure,11192,16.980
224.191,measure,11193,19.574
224.212,measure,11194,21.410
224.230,measure,11195,18.272
224.251,measure,11196,20.389
224.271,measure,11197,20.489
224.290,measure,11198,19.117
224.310,measure,11199,19.660
224.331,measure,11200,20.965
224.351,measure,11201,19.993
224.371,measure,11202,19.913
224.390,measure,11203,19.224
224.410,measure,11204,19.825
224.434,measure,11205,24.617
224.451,measure,11206,16.454
224.471,measure,11207,19.967
224.492,measure,11208,20.827
224.511,measure,11209,19.271
224.531,measure,11210,20.195
224.553,measure,11211,21.373
224.568,measure,11212,15.419
224.589,measure,11213,21.091
224.612,measure,11214,22.551
224.630,measure,11215,18.583
224.649,measure,11216,19.264
224.669,measure,11217,20.056
224.690,measure,11218,20.926
224.714,measure,11219,23.139
224.729,measure,11220,15.546
224.751,measure,11221,21.697
224.773,measure,11222,21.791
224.791,measure,11223,18.037
224.811,measure,11224,20.081
224.831,measure,11225,20.796
224.851,measure,11226,19.121
224.871,measure,11227,20.066
224.891,measure,11228,20.704
224.910,measure,11229,18.431
224.930,measure,11230,19.952
224.949,measure,11231,19.001
224.970,measure,11232,21.039
224.996,measure,11233,25.980
225.010,measure,11234,14.558
225.031,measure,11235,20.302
225.052,measure,11236,21.102
225.070,measure,11237,17.868
225.091,measure,11238,21.509
225.112,measure,11239,20.733
225.131,measure,11240,19.264
225.152,measure,11241,20.583
225.171,measure,11242,19.507
225.191,measure,11243,19.738
225.211,measure,11244,20.478
225.229,measure,11245,17.538
225.251,measure,11246,22.001
225.274,measure,11247,23.464
225.291,measure,11248,16.412
225.311,measure,11249,19.745
225.332,measure,11250,21.583
225.351,measure,11251,18.369
225.371,measure,11252,20.025
225.391,measure,11253,20.540
225.411,measure,11254,19.436
225.431,measure,11255,20.029
225.453,measure,11256,22.042
225.469,measure,11257,16.862
225.490,measure,11258,20.791
225.509,measure,11259,19.082
225.531,measure,11260,21.247
225.554,measure,11261,23.229
225.568,measure,11262,14.219
225.589,measure,11263,21.286
225.611,measure,11264,21.710
225.630,measure,11265,19.000
225.650,measure,11266,20.225
225.671,measure,11267,21.020
225.688,measure,11268,16.863
225.709,measure,11269,21.245
225.731,measure,11270,21.186
225.750,measure,11271,19.262
225.771,measure,11272,20.724
225.790,measure,11273,19.117
225.810,measure,11274,19.969
225.834,measure,11275,24.218
225.850,measure,11276,15.939
225.872,measure,11277,21.882
225.892,measure,11278,20.604
225.910,measure,11279,17.407
225.931,measure,11280,21.177
225.952,measure,11281,21.554
225.971,measure,11282,18.608
225.990,measure,11283,18.996
226.012,measure,11284,22.204
226.030,measure,11285,17.964
226.050,measure,11286,20.026
226.070,measure,11287,19.282
226.090,measure,11288,20.548
226.114,measure,11289,23.446
226.128,measure,11290,14.995
226.150,measure,11291,21.737
226.172,measure,11292,22.082
226.191,measure,11293,18.519
226.209,measure,11294,18.020
226.231,measure,11295,22.634
226.252,measure,11296,20.053
226.270,measure,11297,18.245
226.291,measure,11298,21.092
226.310,measure,11299,18.664
226.330,measure,11300,20.537
226.349,measure,11301,19.101
226.370,measure,11302,20.941
226.393,measure,11303,22.560
226.410,measure,11304,17.462
226.430,measure,11305,19.960
226.451,measure,11306,20.783
226.469,measure,11307,18.221
226.490,measure,11308,21.086
226.512,measure,11309,21.606
226.531,measure,11310,18.745
226.550,measure,11311,19.821
226.570,measure,11312,19.759
226.589,measure,11313,18.987
226.609,measure,11314,20.360
226.629,measure,11315,19.654
226.650,measure,11316,21.175
226.673,measure,11317,22.787
226.689,measure,11318,16.177
226.709,measure,11319,19.846
226.731,measure,11320,21.798
226.750,measure,11321,19.203
226.771,measure,11322,20.802
226.791,measure,11323,20.473
226.810,measure,11324,18.682
226.831,measure,11325,21.010
226.851,measure,11326,20.081
226.871,measure,11327,19.527
226.889,measure,11328,18.796
226.909,measure,11329,19.981
226.930,measure,11330,20.915
226.953,measure,11331,22.800
226.970,measure,11332,16.369
226.991,measure,11333,21.130
227.012,measure,11334,21.583
227.030,measure,11335,17.411
227.050,measure,11336,19.885
227.071,measure,11337,21.755
227.091,measure,11338,19.345
227.110,measure,11339,18.871
227.131,measure,11340,21.135
227.151,measure,11341,20.103
227.171,measure,11342,19.916
227.189,measure,11343,18.784
227.211,measure,11344,21.128
227.234,measure,11345,22.947
227.250,measure,11346,16.302
227.269,measure,11347,19.068
227.292,measure,11348,22.971
227.311,measure,11349,18.647
227.330,measure,11350,19.870
227.352,measure,11351,21.361
227.369,measure,11352,17.662
227.390,measure,11353,21.020
227.412,measure,11354,21.085
227.430,measure,11355,18.847
227.450,measure,11356,19.294
227.470,measure,11357,20.734
227.490,measure,11358,20.024
227.514,measure,11359,23.244
227.531,measure,11360,17.474
227.550,measure,11361,19.043
227.571,measure,11362,20.861
227.591,measure,11363,19.837
227.610,measure,11364,18.932
227.631,measure,11365,21.211
227.651,measure,11366,19.896
227.671,measure,11367,19.583
227.690,measure,11368,19.650
227.710,measure,11369,19.864
227.730,measure,11370,20.158
227.750,measure,11371,19.577
227.769,measure,11372,19.645
227.793,measure,11373,23.956
227.810,measure,11374,16.424
227.829,measure,11375,19.647
227.852,measure,11376,22.862
227.869,measure,11377,17.002
227.890,measure,11378,20.517
227.911,measure,11379,21.613
227.930,measure,11380,18.648
227.951,measure,11381,21.296
227.970,measure,11382,18.619
227.991,measure,11383,20.697
228.011,measure,11384,20.105
228.028,measure,11385,17.630
228.050,measure,11386,21.680
228.074,measure,11387,23.444
228.090,measure,11388,16.728
228.110,measure,11389,19.837
228.131,measure,11390,21.292
228.149,measure,11391,17.660
228.171,measure,11392,22.319
228.191,measure,11393,19.266
228.209,measure,11394,18.511
228.230,measure,11395,21.052
228.249,measure,11396,18.920
228.270,measure,11397,20.931
228.289,measure,11398,19.087
228.310,measure,11399,20.680
228.330,measure,11400,19.802
228.354,measure,11401,24.622
228.370,measure,11402,15.427
228.390,measure,11403,20.376
228.412,measure,11404,21.487
228.430,measure,11405,18.127
228.451,measure,11406,20.877
228.472,measure,11407,20.966
228.491,measure,11408,19.323
228.510,measure,11409,19.036
228.533,measure,11410,23.020
228.551,measure,11411,18.001
228.570,measure,11412,18.691
228.590,measure,11413,20.011
228.610,measure,11414,20.381
228.634,measure,11415,24.120
228.650,measure,11416,15.714
228.670,measure,11417,19.953
228.692,measure,11418,21.955
228.711,measure,11419,19.100
228.729,measure,11420,18.411
228.751,measure,11421,21.477
228.770,measure,11422,19.075
228.790,measure,11423,20.111
228.811,measure,11424,21.200
228.831,measure,11425,19.769
228.851,measure,11426,20.070
228.870,measure,11427,18.680
228.891,measure,11428,21.373
228.915,measure,11429,23.564
228.930,measure,11430,15.191
228.951,measure,11431,21.110
228.972,measure,11432,21.122
228.990,measure,11433,18.435
229.010,measure,11434,19.862
229.031,measure,11435,20.701
229.051,measure,11436,20.092
229.072,measure,11437,21.156
229.091,measure,11438,19.156
229.111,measure,11439,19.681
229.131,measure,11440,20.123
229.151,measure,11441,19.843
229.170,measure,11442,19.185
229.195,measure,11443,24.323
229.210,measure,11444,15.500
229.229,measure,11445,19.079
229.252,measure,11446,22.731
229.271,measure,11447,19.303
229.291,measure,11448,19.890
229.311,measure,11449,20.247
229.330,measure,11450,18.281
229.351,measure,11451,21.089
229.372,measure,11452,20.961
229.391,measure,11453,19.286
229.411,measure,11454,19.752
229.430,measure,11455,18.976
229.450,measure,11456,20.081
229.474,measure,11457,24.255
229.490,measure,11458,15.682
229.511,measure,11459,21.125
229.531,measure,11460,20.538
229.551,measure,11461,19.337
229.571,measure,11462,20.724
229.591,measure,11463,19.268
229.610,measure,11464,19.121
229.630,measure,11465,20.605
229.653,measure,11466,22.252
229.670,measure,11467,17.809
229.689,measure,11468,19.028
229.710,measure,11469,20.192
229.731,measure,11470,21.131
229.754,measure,11471,23.325
229.769,measure,11472,15.171
229.790,measure,11473,21.099
229.811,measure,11474,20.850
229.830,measure,11475,19.225
229.850,measure,11476,19.947
229.871,measure,11477,20.690
229.890,measure,11478,18.429
229.910,measure,11479,20.603
229.930,measure,11480,20.045
229.950,measure,11481,19.642
229.970,measure,11482,20.104
229.989,measure,11483,19.207
230.010,measure,11484,21.134
230.033,measure,11485,22.596
230.049,measure,11486,16.587
230.070,measure,11487,20.969
230.091,measure,11488,20.831
230.109,measure,11489,18.172
230.130,measure,11490,21.033
230.152,measure,11491,21.518
230.170,measure,11492,18.550
230.190,measure,11493,19.806
230.210,measure,11494,20.064
230.231,measure,11495,20.361
230.250,measure,11496,19.723
230.269,measure,11497,18.968
230.290,measure,11498,20.989
230.314,measure,11499,23.196
230.330,measure,11500,16.321
230.351,measure,11501,21.110
230.372,measure,11502,21.177
230.390,measure,11503,17.853
230.411,measure,11504,21.097
230.432,measure,11505,20.465
230.451,measure,11506,19.373
230.470,measure,11507,18.940
230.491,measure,11508,21.253
230.511,measure,11509,19.957
230.531,measure,11510,19.673
230.551,measure,11511,20.036
230.571,measure,11512,19.657
230.594,measure,11513,23.665
230.609,measure,11514,14.845
230.630,measure,11515,20.536
230.652,measure,11516,22.289
230.671,measure,11517,18.814
230.691,measure,11518,20.019
230.712,measure,11519,20.990
230.730,measure,11520,18.227
230.750,measure,11521,20.502
230.771,measure,11522,21.012
230.791,measure,11523,19.236
230.811,measure,11524,20.186
230.829,measure,11525,18.608
230.851,measure,11526,21.262
230.874,measure,11527,23.390
230.890,measure,11528,15.433
230.914,measure,11529,24.916
230.931,measure,11530,16.799
230.950,measure,11531,18.497
230.969,measure,11532,19.674
230.991,measure,11533,21.656
231.009,measure,11534,18.265
231.031,measure,11535,21.253
231.050,measure,11536,19.786
231.070,measure,11537,20.029
231.090,measure,11538,20.024
231.109,measure,11539,18.862
231.131,measure,11540,21.881
231.154,measure,11541,22.526
231.169,measure,11542,15.724
231.190,measure,11543,20.991
231.211,measure,11544,20.419
231.231,measure,11545,20.454
231.250,measure,11546,19.217
231.271,measure,11547,20.333
231.289,measure,11548,18.631
231.310,measure,11549,20.755
231.330,measure,11550,19.650
231.351,measure,11551,21.279
231.371,measure,11552,19.829
231.390,measure,11553,19.020
231.409,measure,11554,19.376
231.434,measure,11555,24.221
231.449,measure,11556,15.777
231.470,measure,11557,21.042
231.491,measure,11558,20.539
231.511,measure,11559,20.296
231.531,measure,11560,19.925
231.552,measure,11561,21.277
231.570,measure,11562,17.439
231.590,measure,11563,20.104
231.610,measure,11564,20.082
231.631,measure,11565,20.666
231.651,measure,11566,20.218
231.670,measure,11567,18.714
231.690,measure,11568,20.004
231.713,measure,11569,23.654
231.730,measure,11570,16.400
231.749,measure,11571,18.851
231.772,measure,11572,23.395
231.790,measure,11573,17.578
231.809,measure,11574,19.818
231.831,measure,11575,21.848
231.850,measure,11576,18.666
231.871,measure,11577,20.809
231.891,measure,11578,20.099
231.911,measure,11579,19.730
231.929,measure,11580,18.106
231.949,measure,11581,20.101
231.971,measure,11582,22.165
231.994,measure,11583,23.415
232.009,measure,11584,14.959
232.030,measure,11585,20.246
232.051,measure,11586,21.455
232.070,measure,11587,19.384
232.090,measure,11588,19.190
232.111,measure,11589,21.244
232.130,measure,11590,19.696
232.149,measure,11591,18.799
232.172,measure,11592,22.285
232.190,measure,11593,18.618
232.211,measure,11594,20.893
232.229,measure,11595,17.820
232.250,measure,11596,21.115
232.275,measure,11597,24.559
232.290,measure,11598,15.039
232.310,measure,11599,20.788
232.331,measure,11600,20.544
232.350,measure,11601,19.325
232.370,measure,11602,19.891
232.391,measure,11603,20.464
232.410,measure,11604,19.521
232.429,measure,11605,19.063
232.451,measure,11606,22.158
232.470,measure,11607,18.887
232.490,measure,11608,19.796
232.509,measure,11609,19.226
232.529,measure,11610,19.997
232.554,measure,11611,24.706
232.569,measure,11612,14.980
232.589,measure,11613,20.013
232.611,measure,11614,21.800
232.630,measure,11615,19.172
232.650,measure,11616,20.218
232.671,measure,11617,20.743
232.691,measure,11618,20.149
232.709,measure,11619,18.299
232.731,measure,11620,21.748
232.750,measure,11621,18.893
232.770,measure,11622,19.939
232.790,measure,11623,20.462
232.809,measure,11624,19.023
232.834,measure,11625,24.281
232.850,measure,11626,16.804
232.870,measure,11627,19.605
232.891,measure,11628,20.940
232.909,measure,11629,18.163
232.930,measure,11630,20.991
232.951,measure,11631,20.308
232.971,measure,11632,20.316
232.991,measure,11633,20.191
233.010,measure,11634,19.160
233.031,measure,11635,21.014
233.051,measure,11636,19.854
233.069,measure,11637,17.985
233.090,measure,11638,21.119
233.114,measure,11639,24.276
233.130,measure,11640,15.827
233.151,measure,11641,20.342
233.172,measure,11642,21.891
233.190,measure,11643,17.174
233.211,measure,11644,21.173
233.232,measure,11645,20.913
233.250,measure,11646,18.061
233.271,measure,11647,20.996
233.291,measure,11648,19.830
233.310,measure,11649,19.745
233.329,measure,11650,18.835
233.348,measure,11651,19.184
233.370,measure,11652,21.813
233.393,measure,11653,22.521
233.408,measure,11654,15.585
233.430,measure,11655,21.909
233.451,measure,11656,20.901
233.469,measure,11657,18.102
233.490,measure,11658,21.191
233.512,measure,11659,21.264
233.530,measure,11660,18.710
233.550,measure,11661,20.101
233.571,measure,11662,20.167
233.591,measure,11663,19.886
233.610,measure,11664,19.221
233.629,measure,11665,19.694
233.651,measure,11666,21.216
233.674,measure,11667,23.190
233.690,measure,11668,15.681
233.711,measure,11669,21.285
233.732,measure,11670,20.944
233.750,measure,11671,17.985
233.769,measure,11672,19.411
233.791,measure,11673,22.204
233.808,measure,11674,17.050
233.830,measure,11675,21.968
233.851,measure,11676,20.514
233.871,measure,11677,19.625
233.891,measure,11678,20.330
233.910,measure,11679,19.546
233.932,measure,11680,21.332
233.953,measure,11681,21.663
233.969,measure,11682,15.774
233.990,measure,11683,21.182
234.011,measure,11684,20.593
234.030,measure,11685,19.017
234.051,measure,11686,20.906
234.071,measure,11687,20.257
234.091,measure,11688,20.086
234.111,measure,11689,19.578
234.131,measure,11690,20.178
234.149,measure,11691,17.856
234.177,measure,11692,28.035
234.191,measure,11693,14.138
234.210,measure,11694,19.055
234.233,measure,11695,23.406
234.250,measure,11696,16.633
234.271,measure,11697,20.912
234.292,measure,11698,20.534
234.310,measure,11699,18.009
234.330,measure,11700,20.849
234.352,measure,11701,21.423
234.368,measure,11702,16.611
234.390,measure,11703,22.064
234.410,measure,11704,20.003
234.431,measure,11705,20.018
234.451,measure,11706,20.298
234.469,measure,11707,18.652
234.489,measure,11708,20.030
234.514,measure,11709,24.675
234.530,measure,11710,15.533
234.551,measure,11711,21.123
234.572,measure,11712,21.201
234.589,measure,11713,17.349
234.610,measure,11714,20.850
234.631,measure,11715,20.816
234.650,measure,11716,19.448
234.669,measure,11717,18.674
234.690,measure,11718,21.211
234.710,measure,11719,19.776
234.728,measure,11720,18.317
234.750,measure,11721,21.370
234.769,measure,11722,19.358
234.793,measure,11723,23.913
234.809,measure,11724,16.167
234.829,measure,11725,20.193
234.851,measure,11726,21.714
234.870,measure,11727,19.064
234.890,measure,11728,20.035
234.912,measure,11729,21.252
234.931,measure,11730,19.158
234.951,measure,11731,20.220
234.971,measure,11732,20.029
234.990,measure,11733,18.683
235.011,measure,11734,20.968
235.029,measure,11735,18.153
235.049,measure,11736,20.491
235.074,measure,11737,24.419
235.089,measure,11738,15.505
235.110,measure,11739,21.066
235.131,measure,11740,21.124
235.149,measure,11741,17.828
235.170,measure,11742,21.185
235.191,measure,11743,21.017
235.209,measure,11744,17.898
235.230,measure,11745,20.869
235.250,measure,11746,20.260
235.269,measure,11747,18.725
235.290,measure,11748,21.130
235.308,measure,11749,17.522
235.330,measure,11750,21.987
235.354,measure,11751,24.502
235.370,measure,11752,15.476
235.390,measure,11753,20.228
235.412,measure,11754,21.725
235.431,measure,11755,19.133
235.451,measure,11756,20.372
235.471,measure,11757,20.121
235.491,measure,11758,19.523
235.512,measure,11759,20.817
235.532,measure,11760,19.945
235.551,measure,11761,18.995
235.570,measure,11762,19.870
235.588,measure,11763,17.967
235.609,measure,11764,20.245
235.633,measure,11765,24.813
235.650,measure,11766,16.081
235.670,measure,11767,20.924
235.691,measure,11768,20.666
235.709,measure,11769,18.299
235.730,measure,11770,20.076
235.752,measure,11771,22.043
235.769,measure,11772,17.578
235.790,measure,11773,20.886
235.811,measure,11774,20.610
235.830,measure,11775,18.927
235.851,measure,11776,21.101
235.870,measure,11777,19.556
235.889,measure,11778,18.514
235.914,measure,11779,25.024
235.929,measure,11780,15.709
235.950,measure,11781,20.543
235.971,measure,11782,21.060
235.989,measure,11783,18.227
236.009,measure,11784,19.822
236.031,measure,11785,22.089
236.051,measure,11786,19.721
236.071,measure,11787,19.994
236.090,measure,11788,18.863
236.109,measure,11789,19.623
236.130,measure,11790,21.066
236.149,measure,11791,18.385
236.170,measure,11792,21.038
236.194,measure,11793,24.048
236.209,measure,11794,15.476
236.229,measure,11795,19.945
236.251,measure,11796,22.101
236.271,measure,11797,19.440
236.289,measure,11798,18.202
236.311,measure,11799,22.048
236.330,measure,11800,18.620
236.350,measure,11801,20.371
236.372,measure,11802,22.313
236.389,measure,11803,16.964
236.410,measure,11804,20.801
236.429,measure,11805,18.977
236.450,measure,11806,21.037
236.473,measure,11807,22.455
236.489,measure,11808,16.512
236.510,measure,11809,21.172
236.532,measure,11810,21.101
236.550,measure,11811,18.955
236.570,measure,11812,19.749
236.591,measure,11813,21.020
236.609,measure,11814,18.207
236.630,measure,11815,20.718
236.651,measure,11816,21.238
236.670,measure,11817,18.762
236.689,measure,11818,18.840
236.712,measure,11819,22.710
236.731,measure,11820,18.939
236.754,measure,11821,23.825
236.769,measure,11822,14.374
236.790,measure,11823,21.635
236.812,measure,11824,21.057
236.831,measure,11825,19.094
236.851,measure,11826,19.907
236.872,measure,11827,21.198
236.890,measure,11828,18.062
236.910,measure,11829,19.736
236.931,measure,11830,21.827
236.951,measure,11831,19.200
236.971,measure,11832,20.016
236.989,measure,11833,18.706
237.010,measure,11834,21.115
237.034,measure,11835,24.081
237.049,measure,11836,14.555
237.069,measure,11837,19.733
237.091,measure,11838,22.681
237.110,measure,11839,18.341
237.132,measure,11840,22.208
237.151,measure,11841,19.484
237.170,measure,11842,18.561
237.191,measure,11843,20.721
237.211,measure,11844,20.221
237.231,measure,11845,20.123
237.251,measure,11846,19.805
237.270,measure,11847,19.009
237.292,measure,11848,22.085
237.314,measure,11849,22.127
237.330,measure,11850,15.492
237.350,measure,11851,20.775
237.371,measure,11852,21.016
237.389,measure,11853,18.047
237.411,measure,11854,21.047
237.431,measure,11855,20.277
237.450,measure,11856,18.744
237.471,measure,11857,21.961
237.490,measure,11858,18.980
237.510,measure,11859,19.104
237.531,measure,11860,20.987
237.550,measure,11861,19.283
237.571,measure,11862,20.751
237.594,measure,11863,23.503
237.610,measure,11864,16.111
237.631,measure,11865,21.242
237.651,measure,11866,19.620
237.671,measure,11867,19.455
237.690,measure,11868,19.108
237.711,measure,11869,21.843
237.731,measure,11870,19.061
237.751,measure,11871,20.236
237.770,measure,11872,19.306
237.790,measure,11873,20.052
237.809,measure,11874,19.094
237.829,measure,11875,19.401
237.851,measure,11876,22.277
237.874,measure,11877,23.543
237.890,measure,11878,15.565
237.910,measure,11879,20.109
237.932,measure,11880,21.703
237.951,measure,11881,19.024
237.970,measure,11882,19.224
237.991,measure,11883,20.779
238.010,measure,11884,19.100
238.030,measure,11885,20.442
238.050,measure,11886,19.402
238.070,measure,11887,20.014
238.090,measure,11888,20.007
238.109,measure,11889,19.061
238.130,measure,11890,21.309
238.155,measure,11891,24.764
238.170,measure,11892,14.743
238.190,measure,11893,20.447
238.213,measure,11894,23.006
238.229,measure,11895,15.605
238.249,measure,11896,20.596
238.271,measure,11897,21.807
238.290,measure,11898,18.666
238.309,measure,11899,19.595
238.330,measure,11900,20.612
238.350,measure,11901,20.116
238.370,measure,11902,19.378
238.390,measure,11903,20.017
238.411,measure,11904,21.327
238.434,measure,11905,23.489
238.450,measure,11906,15.331
238.470,measure,11907,19.925
238.492,measure,11908,21.924
238.511,measure,11909,19.262
238.531,measure,11910,20.077
238.552,measure,11911,20.943
238.570,measure,11912,17.761
238.591,measure,11913,20.994
238.611,measure,11914,20.349
238.631,measure,11915,19.667
238.651,measure,11916,20.334
238.669,measure,11917,18.122
238.691,measure,11918,21.974
238.713,measure,11919,22.319
238.731,measure,11920,17.317
238.751,measure,11921,20.280
238.771,measure,11922,20.562
238.790,measure,11923,18.836
238.811,measure,11924,20.190
238.831,measure,11925,20.814
238.850,measure,11926,19.145
238.871,measure,11927,20.085
238.892,measure,11928,21.130
238.909,measure,11929,17.773
238.930,measure,11930,21.006
238.948,measure,11931,17.853
238.971,measure,11932,22.202
238.994,measure,11933,23.253
239.010,measure,11934,16.455
239.030,measure,11935,19.616
239.052,measure,11936,22.132
239.070,measure,11937,17.999
239.091,measure,11938,21.150
239.112,measure,11939,21.169
239.131,measure,11940,18.833
239.151,measure,11941,19.935
239.171,measure,11942,20.149
239.191,measure,11943,19.893
239.211,measure,11944,20.110
239.230,measure,11945,18.646
239.250,measure,11946,20.155
239.273,measure,11947,23.453
239.291,measure,11948,17.101
239.310,measure,11949,18.958
239.331,measure,11950,21.469
239.351,measure,11951,19.661
239.371,measure,11952,19.886
239.391,measure,11953,20.421
239.409,measure,11954,18.491
239.431,measure,11955,21.077
239.453,measure,11956,22.031
239.469,measure,11957,16.884
239.490,measure,11958,20.071
239.510,measure,11959,20.204
239.531,measure,11960,21.095
239.554,measure,11961,23.242
239.569,measure,11962,15.282
239.591,measure,11963,21.585
239.612,measure,11964,21.124
239.631,measure,11965,18.767
239.650,measure,11966,19.294
239.671,measure,11967,20.396
239.690,measure,11968,19.822
239.710,measure,11969,19.976
239.731,measure,11970,21.001
239.749,measure,11971,18.056
239.771,measure,11972,21.616
239.789,measure,11973,18.227
239.810,measure,11974,21.213
239.834,measure,11975,23.996
239.851,measure,11976,16.278
239.870,measure,11977,18.996
239.891,measure,11978,21.493
239.911,measure,11979,19.392
239.930,measure,11980,19.630
239.952,measure,11981,21.555
239.969,measure,11982,17.709
239.991,measure,11983,21.249
240.011,measure,11984,20.151
240.031,measure,11985,20.259
240.051,measure,11986,19.779
240.070,measure,11987,19.098
240.089,measure,11988,19.060
240.113,measure,11989,23.727
240.129,measure,11990,16.351
240.150,measure,11991,20.887
240.171,measure,11992,20.723
240.189,measure,11993,18.433
240.210,measure,11994,20.946
240.230,measure,11995,20.350
240.249,measure,11996,18.663
240.270,measure,11997,21.003
240.291,measure,11998,20.833
240.309,measure,11999,18.171
240.330,measure,12000,20.393
240.351,measure,12001,21.218
240.371,measure,12002,20.027
240.393,measure,12003,22.613
240.410,measure,12004,16.505
240.431,measure,12005,20.930
240.452,measure,12006,20.875
240.470,measure,12007,18.172
240.491,measure,12008,21.040
240.513,measure,12009,21.667
240.531,measure,12010,18.489
240.551,measure,12011,20.123
240.570,measure,12012,19.127
240.590,measure,12013,20.118
240.611,measure,12014,20.278
240.629,measure,12015,18.732
240.651,measure,12016,21.065
240.674,measure,12017,23.250
240.690,measure,12018,16.702
240.711,measure,12019,20.103
240.732,measure,12020,21.007
240.751,measure,12021,19.081
240.770,measure,12022,19.804
240.792,measure,12023,21.067
240.810,measure,12024,18.677
240.829,measure,12025,18.866
240.852,measure,12026,22.504
240.871,measure,12027,19.227
240.892,measure,12028,20.988
240.910,measure,12029,17.824
240.931,measure,12030,21.221
240.953,measure,12031,22.373
240.970,measure,12032,16.505
240.991,measure,12033,21.248
241.012,measure,12034,20.839
241.031,measure,12035,19.035
241.049,measure,12036,18.206
241.071,measure,12037,22.169
241.089,measure,12038,18.089
241.111,measure,12039,21.407
241.137,measure,12040,26.374
241.151,measure,12041,13.958
241.170,measure,12042,18.751
241.190,measure,12043,19.882
241.211,measure,12044,20.930
241.234,measure,12045,23.499
241.249,measure,12046,15.154
241.270,measure,12047,21.210
241.291,measure,12048,20.692
241.310,measure,12049,18.519
241.331,measure,12050,20.909
241.352,measure,12051,21.538
241.370,measure,12052,18.331
241.391,measure,12053,20.294
241.413,measure,12054,21.943
241.431,measure,12055,17.902
241.450,measure,12056,19.884
241.469,measure,12057,18.064
241.491,measure,12058,22.150
241.515,measure,12059,23.806
241.531,measure,12060,16.235
241.551,measure,12061,19.953
241.571,measure,12062,20.518
241.589,measure,12063,18.180
241.610,measure,12064,20.970
241.631,measure,12065,20.221
241.651,measure,12066,20.273
241.671,measure,12067,19.848
241.691,measure,12068,20.072
241.711,measure,12069,20.297
241.730,measure,12070,18.778
241.750,measure,12071,20.262
241.771,measure,12072,20.736
241.794,measure,12073,22.782
241.809,measure,12074,15.339
241.830,measure,12075,20.549
241.852,measure,12076,22.606
241.869,measure,12077,17.265
241.890,measure,12078,20.640
241.912,measure,12079,21.823
241.931,measure,12080,19.106
241.952,measure,12081,21.040
241.971,measure,12082,18.824
241.990,measure,12083,18.843
242.011,measure,12084,20.947
242.030,measure,12085,19.275
242.051,measure,12086,20.867
242.075,measure,12087,23.857
242.090,measure,12088,15.370
242.111,measure,12089,21.026
242.132,measure,12090,21.230
242.151,measure,12091,18.728
242.171,measure,12092,20.422
242.193,measure,12093,21.925
242.211,measure,12094,17.779
242.230,measure,12095,18.965
242.251,measure,12096,20.932
242.271,measure,12097,19.895
242.291,measure,12098,20.326
242.310,measure,12099,18.426
242.331,measure,12100,20.904
242.356,measure,12101,25.069
242.371,measure,12102,15.337
242.391,measure,12103,19.735
242.413,measure,12104,21.867
242.431,measure,12105,18.119
242.451,measure,12106,20.121
242.471,measure,12107,20.451
242.490,measure,12108,19.130
242.511,measure,12109,20.341
242.531,measure,12110,20.656
242.549,measure,12111,17.961
242.570,measure,12112,20.707
242.589,measure,12113,19.175
242.610,measure,12114,21.019
242.634,measure,12115,24.124
242.650,measure,12116,15.753
242.671,measure,12117,20.884
242.691,measure,12118,20.418
242.711,measure,12119,19.729
242.731,measure,12120,20.096
242.752,measure,12121,20.986
242.771,measure,12122,18.600
242.790,measure,12123,19.069
242.810,measure,12124,20.563
242.831,measure,12125,20.627
242.850,measure,12126,19.298
242.870,measure,12127,19.978
242.889,measure,12128,18.851
242.913,measure,12129,24.278
242.929,measure,12130,15.638
242.950,measure,12131,21.064
242.971,measure,12132,20.684
242.990,measure,12133,19.214
243.010,measure,12134,20.385
243.031,measure,12135,21.003
243.050,measure,12136,18.614
243.070,measure,12137,19.972
243.090,measure,12138,19.907
243.110,measure,12139,19.875
243.131,measure,12140,20.678
243.149,measure,12141,18.907
243.171,measure,12142,21.410
243.194,measure,12143,23.615
243.211,measure,12144,16.269
243.231,measure,12145,20.105
243.252,measure,12146,21.040
243.271,measure,12147,18.892
243.290,measure,12148,19.580
243.312,measure,12149,21.416
243.331,measure,12150,19.277
243.351,measure,12151,19.721
243.371,measure,12152,19.854
243.391,measure,12153,20.300
243.411,measure,12154,19.711
243.430,measure,12155,18.917
243.450,measure,12156,20.070
243.474,measure,12157,24.277
243.490,measure,12158,15.682
243.510,measure,12159,20.242
243.532,measure,12160,22.201
243.552,measure,12161,19.796
243.570,measure,12162,18.678
243.591,measure,12163,20.508
243.610,measure,12164,18.911
243.631,measure,12165,20.610
243.652,measure,12166,21.243
243.671,measure,12167,19.029
243.691,measure,12168,19.897
243.710,measure,12169,19.068
243.731,measure,12170,20.797
243.754,measure,12171,23.592
243.770,measure,12172,15.487
243.791,measure,12173,21.127
243.811,measure,12174,20.737
243.831,measure,12175,19.328
243.851,measure,12176,20.388
243.871,measure,12177,19.541
243.890,measure,12178,19.592
243.910,measure,12179,19.723
243.931,measure,12180,20.914
243.951,measure,12181,20.011
243.971,measure,12182,19.904
243.990,measure,12183,19.309
244.010,measure,12184,20.231
244.034,measure,12185,23.382
244.049,measure,12186,15.617
244.070,measure,12187,20.351
244.092,measure,12188,22.619
244.109,measure,12189,16.663
244.130,measure,12190,21.168
244.151,measure,12191,21.185
244.170,measure,12192,19.039
244.190,measure,12193,19.671
244.210,measure,12194,19.977
244.230,measure,12195,20.099
244.251,measure,12196,20.413
244.268,measure,12197,17.540
244.290,measure,12198,22.168
244.313,measure,12199,22.967
244.330,measure,12200,16.383
244.352,measure,12201,22.207
244.372,measure,12202,19.835
244.389,measure,12203,17.615
244.410,measure,12204,21.000
244.431,measure,12205,20.663
244.450,measure,12206,19.485
244.470,measure,12207,19.893
244.491,measure,12208,20.951
244.511,measure,12209,19.259
244.529,measure,12210,18.841
244.549,measure,12211,20.016
244.569,measure,12212,19.733
244.589,measure,12213,19.435
244.610,measure,12214,20.974
244.631,measure,12215,21.633
244.651,measure,12216,19.640
244.670,measure,12217,18.804
244.689,measure,12218,19.704
244.711,measure,12219,21.849
244.730,measure,12220,18.953
244.751,measure,12221,20.440
244.771,measure,12222,20.649
244.790,measure,12223,19.172
244.811,measure,12224,20.133
244.829,measure,12225,18.326
244.852,measure,12226,23.424
244.873,measure,12227,20.904
244.890,measure,12228,16.310
244.911,measure,12229,21.446
244.932,measure,12230,21.410
244.950,measure,12231,17.603
244.970,measure,12232,19.949
244.993,measure,12233,22.999
245.011,measure,12234,18.084
245.031,measure,12235,20.258
245.051,measure,12236,19.673
245.071,measure,12237,20.163
245.091,measure,12238,19.907
245.109,measure,12239,17.634
245.131,measure,12240,22.064
245.154,measure,12241,23.382
245.171,measure,12242,16.637
245.191,measure,12243,19.874
245.211,measure,12244,20.824
245.231,measure,12245,19.277
245.250,measure,12246,19.016
245.271,measure,12247,21.739
245.290,measure,12248,18.156
245.310,measure,12249,20.687
245.330,measure,12250,20.044
245.350,measure,12251,19.861
245.370,measure,12252,19.910
245.389,measure,12253,19.150
245.410,measure,12254,20.933
245.433,measure,12255,23.166
245.448,measure,12256,14.823
245.470,measure,12257,21.926
245.492,measure,12258,21.670
245.510,measure,12259,18.293
245.531,measure,12260,20.473
245.552,measure,12261,21.379
245.569,measure,12262,17.447
245.589,measure,12263,20.009
245.611,measure,12264,21.357
245.630,measure,12265,19.635
245.651,measure,12266,20.269
245.670,measure,12267,19.191
245.689,measure,12268,18.907
245.714,measure,12269,25.217
245.729,measure,12270,14.600
245.750,measure,12271,21.073
245.771,measure,12272,21.560
245.790,measure,12273,18.769
245.809,measure,12274,19.518
245.831,measure,12275,21.272
245.850,measure,12276,18.915
245.870,measure,12277,20.118
245.891,measure,12278,20.733
245.910,measure,12279,19.216
245.930,measure,12280,19.927
245.950,measure,12281,20.116
245.969,measure,12282,19.007
245.993,measure,12283,24.064
246.009,measure,12284,15.873
246.030,measure,12285,21.355
246.051,measure,12286,21.321
246.070,measure,12287,18.100
246.089,measure,12288,19.970
246.110,measure,12289,20.855
246.129,measure,12290,18.916
246.149,measure,12291,19.764
246.170,measure,12292,21.447
246.188,measure,12293,18.006
246.210,measure,12294,21.704
246.230,measure,12295,20.000
246.251,measure,12296,20.466
246.272,measure,12297,21.636
246.289,measure,12298,16.814
246.310,measure,12299,20.728
246.331,measure,12300,21.037
246.350,measure,12301,18.845
246.370,measure,12302,19.962
246.390,measure,12303,20.518
246.410,measure,12304,19.549
246.429,measure,12305,19.322
246.448,measure,12306,19.093
246.469,measure,12307,20.962
246.489,measure,12308,20.024
246.508,measure,12309,19.171
246.529,measure,12310,21.092
246.552,measure,12311,22.920
246.568,measure,12312,15.630
246.590,measure,12313,21.614
246.611,measure,12314,21.604
246.630,measure,12315,18.934
246.649,measure,12316,19.257
246.670,measure,12317,20.281
246.690,measure,12318,20.149
246.710,measure,12319,19.808
246.730,measure,12320,20.827
246.750,measure,12321,20.062
246.769,measure,12322,18.567
246.789,measure,12323,20.082
246.809,measure,12324,20.079
246.832,measure,12325,22.876
246.850,measure,12326,17.429
246.868,measure,12327,18.726
246.891,measure,12328,22.467
246.910,measure,12329,18.834
246.929,measure,12330,19.910
246.950,measure,12331,20.689
246.969,measure,12332,18.415
246.989,measure,12333,20.955
247.010,measure,12334,20.974
247.030,measure,12335,19.273
247.049,measure,12336,19.614
247.069,measure,12337,20.105
247.091,measure,12338,21.166
247.113,measure,12339,22.039
247.128,measure,12340,15.362
247.149,measure,12341,20.985
247.171,measure,12342,22.072
247.190,measure,12343,18.586
247.210,measure,12344,19.988
247.231,measure,12345,21.114
247.249,measure,12346,17.823
247.270,measure,12347,21.054
247.290,measure,12348,20.201
247.311,measure,12349,20.653
247.329,measure,12350,18.875
247.350,measure,12351,20.141
247.370,measure,12352,20.197
247.393,measure,12353,23.113
247.408,measure,12354,15.573
247.429,measure,12355,21.076
247.451,measure,12356,21.127
247.469,measure,12357,18.844
247.490,measure,12358,20.050
247.510,measure,12359,20.676
247.530,measure,12360,20.030
247.550,measure,12361,19.492
247.569,measure,12362,19.623
247.590,measure,12363,20.451
247.610,measure,12364,19.909
247.630,measure,12365,20.226
247.650,measure,12366,20.148
247.673,measure,12367,23.112
247.689,measure,12368,15.744
247.709,measure,12369,20.250
247.730,measure,12370,20.626
247.750,measure,12371,20.508
247.769,measure,12372,18.672
247.790,measure,12373,21.244
247.809,measure,12374,18.917
247.829,measure,12375,19.601
247.852,measure,12376,23.431
247.870,measure,12377,17.356
247.888,measure,12378,18.821
247.909,measure,12379,20.865
247.930,measure,12380,20.784
247.953,measure,12381,23.299
247.970,measure,12382,16.395
247.990,measure,12383,20.693
248.010,measure,12384,19.731
248.030,measure,12385,19.669
248.048,measure,12386,18.643
248.071,measure,12387,22.370
248.089,measure,12388,18.659
248.110,measure,12389,20.373
248.130,measure,12390,19.992
248.150,measure,12391,20.145
248.170,measure,12392,20.228
248.190,measure,12393,19.789
248.211,measure,12394,21.102
248.233,measure,12395,22.071
248.250,measure,12396,16.903
248.270,measure,12397,20.131
248.291,measure,12398,20.935
248.310,measure,12399,18.541
248.330,measure,12400,20.001
248.351,measure,12401,20.990
248.370,measure,12402,19.179
248.391,measure,12403,21.094
248.410,measure,12404,18.940
248.430,measure,12405,20.030
248.450,measure,12406,20.070
248.468,measure,12407,17.923
248.490,measure,12408,21.999
248.513,measure,12409,23.180
248.530,measure,12410,16.955
248.550,measure,12411,20.012
248.570,measure,12412,19.896
248.590,measure,12413,20.032
248.610,measure,12414,19.928
248.630,measure,12415,20.140
248.650,measure,12416,19.701
248.670,measure,12417,19.856
248.691,measure,12418,20.977
248.710,measure,12419,19.460
248.730,measure,12420,19.800
248.749,measure,12421,19.199
248.769,measure,12422,20.382
248.792,measure,12423,22.940
248.809,measure,12424,16.908
248.830,measure,12425,20.387
248.851,measure,12426,21.069
248.869,measure,12427,17.947
248.889,measure,12428,20.386
248.910,measure,12429,20.861
248.931,measure,12430,20.704
248.950,measure,12431,19.289
248.970,measure,12432,19.721
248.991,measure,12433,21.103
249.009,measure,12434,18.754
249.029,measure,12435,19.426
249.049,measure,12436,19.995
249.074,measure,12437,24.785
249.090,measure,12438,15.958
249.110,measure,12439,20.226
249.131,measure,12440,20.913
249.151,measure,12441,20.043
249.170,measure,12442,19.231
249.191,measure,12443,20.739
249.210,measure,12444,19.052
249.230,measure,12445,20.029
249.249,measure,12446,19.215
249.270,measure,12447,20.849
249.290,measure,12448,19.884
249.310,measure,12449,19.696
249.329,measure,12450,19.852
249.353,measure,12451,23.995
249.368,measure,12452,14.950
249.390,measure,12453,21.191
249.410,measure,12454,20.901
249.429,measure,12455,18.964
249.449,measure,12456,20.080
249.471,measure,12457,21.193
249.490,measure,12458,18.896
249.509,measure,12459,19.019
249.531,measure,12460,21.995
249.549,measure,12461,18.122
249.569,measure,12462,20.554
249.588,measure,12463,18.987
249.610,measure,12464,21.464
249.632,measure,12465,22.814
249.648,measure,12466,16.000
249.669,measure,12467,20.967
249.691,measure,12468,21.787
249.710,measure,12469,18.307
249.729,measure,12470,19.750
249.750,measure,12471,20.538
249.770,measure,12472,19.656
249.789,measure,12473,19.870
249.808,measure,12474,19.022
249.828,measure,12475,20.019
249.850,measure,12476,21.998
249.868,measure,12477,17.574
249.890,measure,12478,22.437
249.912,measure,12479,21.950
249.929,measure,12480,17.088
249.950,measure,12481,20.267
249.971,measure,12482,21.017
249.990,measure,12483,19.245
250.011,measure,12484,20.691
250.030,measure,12485,19.636
250.051,measure,12486,20.300
250.070,measure,12487,19.836
250.090,measure,12488,19.330
250.110,measure,12489,20.460
250.129,measure,12490,18.747
250.149,measure,12491,20.457
250.170,measure,12492,20.287
250.193,measure,12493,22.902
250.210,measure,12494,16.902
250.229,measure,12495,19.854
250.251,measure,12496,21.436
250.269,measure,12497,18.093
250.289,measure,12498,19.876
250.311,measure,12499,21.885
250.329,measure,12500,18.249
250.350,measure,12501,20.985
250.370,measure,12502,20.026
250.389,measure,12503,18.788
250.409,measure,12504,20.096
250.429,measure,12505,20.032
250.450,measure,12506,20.995
250.472,measure,12507,21.925
250.489,measure,12508,17.139
250.510,measure,12509,21.004
250.531,measure,12510,20.798
250.550,measure,12511,19.457
250.569,measure,12512,19.108
250.590,measure,12513,21.096
250.610,measure,12514,19.887
250.630,measure,12515,19.602
250.650,measure,12516,20.163
250.669,measure,12517,18.468
250.690,measure,12518,21.285
250.709,measure,12519,19.244
250.729,measure,12520,20.339
250.753,measure,12521,23.416
250.769,measure,12522,15.899
250.790,measure,12523,20.986
250.811,measure,12524,20.966
250.830,measure,12525,19.148
250.849,measure,12526,19.670
250.870,measure,12527,20.524
250.890,measure,12528,20.150
250.914,measure,12529,24.168
250.931,measure,12530,16.441
250.949,measure,12531,17.969
250.969,measure,12532,20.108
250.990,measure,12533,20.930
251.010,measure,12534,20.285
251.032,measure,12535,22.407
251.049,measure,12536,16.672
251.070,measure,12537,21.343
251.091,measure,12538,20.989
251.109,measure,12539,17.689
251.130,measure,12540,20.911
251.150,measure,12541,19.498
251.170,measure,12542,20.690
251.189,measure,12543,18.990
251.210,measure,12544,20.942
251.229,measure,12545,19.104
251.250,measure,12546,20.347
251.268,measure,12547,18.055
251.289,measure,12548,21.614
251.313,measure,12549,23.859
251.329,measure,12550,15.714
251.351,measure,12551,22.109
251.370,measure,12552,19.019
251.391,measure,12553,20.645
251.410,measure,12554,19.174
251.430,measure,12555,20.515
251.450,measure,12556,19.572
251.470,measure,12557,19.986
251.489,measure,12558,19.001
251.510,measure,12559,21.194
251.529,measure,12560,19.214
251.549,measure,12561,19.910
251.571,measure,12562,21.486
251.593,measure,12563,21.991
251.610,measure,12564,16.940
251.630,measure,12565,20.558
251.651,measure,12566,20.455
251.670,measure,12567,19.224
251.689,measure,12568,19.622
251.710,measure,12569,20.709
251.729,measure,12570,19.285
251.749,measure,12571,19.489
251.769,measure,12572,20.427
251.789,measure,12573,19.867
251.809,measure,12574,20.187
251.829,measure,12575,19.372
251.851,measure,12576,21.785
251.873,measure,12577,22.207
251.890,measure,12578,17.135
251.911,measure,12579,20.911
251.931,measure,12580,20.185
251.950,measure,12581,18.979
251.971,measure,12582,20.764
251.991,measure,12583,20.399
252.011,measure,12584,20.287
252.030,measure,12585,18.312
252.051,measure,12586,20.861
252.071,measure,12587,20.204
252.091,measure,12588,19.975
252.110,measure,12589,18.812
252.131,measure,12590,21.062
252.153,measure,12591,22.407
252.170,measure,12592,17.267
252.190,measure,12593,19.611
252.211,measure,12594,20.964
252.237,measure,12595,26.050
252.250,measure,12596,13.170
252.271,measure,12597,20.980
252.291,measure,12598,19.767
252.310,measure,12599,19.133
252.330,measure,12600,19.819
252.351,measure,12601,20.865
252.370,measure,12602,18.981
252.389,measure,12603,19.324
252.410,measure,12604,20.692
252.433,measure,12605,23.409
252.450,measure,12606,16.674
252.471,measure,12607,20.973
252.491,measure,12608,19.895
252.511,measure,12609,20.201
252.531,measure,12610,19.967
252.552,measure,12611,20.811
252.569,measure,12612,17.519
252.589,measure,12613,19.976
252.610,measure,12614,21.049
252.631,measure,12615,20.660
252.650,measure,12616,19.416
252.668,measure,12617,18.210
252.691,measure,12618,22.071
252.713,measure,12619,22.321
252.729,measure,12620,15.934
252.750,measure,12621,21.237
252.772,measure,12622,21.986
252.790,measure,12623,17.890
252.810,measure,12624,20.106
252.831,measure,12625,20.714
252.851,measure,12626,20.311
252.870,measure,12627,18.808
252.890,measure,12628,19.831
252.909,measure,12629,19.819
252.929,measure,12630,19.515
252.949,measure,12631,19.674
252.970,measure,12632,20.858
252.994,measure,12633,24.307
253.010,measure,12634,15.693
253.031,measure,12635,21.154
253.051,measure,12636,20.201
253.070,measure,12637,18.788
253.090,measure,12638,20.264
253.111,measure,12639,20.693
253.130,measure,12640,19.143
253.151,measure,12641,21.138
253.169,measure,12642,18.095
253.190,measure,12643,21.309
253.209,measure,12644,18.972
253.229,measure,12645,20.070
253.248,measure,12646,18.943
253.272,measure,12647,24.154
253.290,measure,12648,17.396
253.310,measure,12649,19.713
253.331,measure,12650,21.328
253.350,measure,12651,19.547
253.370,measure,12652,19.053
253.391,measure,12653,21.153
253.410,measure,12654,18.852
253.429,measure,12655,19.661
253.450,measure,12656,20.647
253.470,measure,12657,19.853
253.489,measure,12658,18.889
253.510,measure,12659,21.069
253.531,measure,12660,21.165
253.554,measure,12661,23.485
253.570,measure,12662,15.255
253.590,measure,12663,20.102
253.612,measure,12664,22.089
253.630,measure,12665,17.838
253.650,measure,12666,20.261
253.670,measure,12667,20.485
253.690,measure,12668,19.371
253.710,measure,12669,20.122
253.730,measure,12670,20.367
253.748,measure,12671,17.904
253.770,measure,12672,21.660
253.790,measure,12673,20.110
253.810,measure,12674,20.040
253.833,measure,12675,23.086
253.850,measure,12676,16.967
253.870,measure,12677,19.784
253.891,measure,12678,21.366
253.910,measure,12679,18.705
253.931,measure,12680,21.059
253.952,measure,12681,21.486
253.971,measure,12682,18.303
253.990,measure,12683,19.059
254.011,measure,12684,20.844
254.029,measure,12685,18.785
254.050,measure,12686,20.991
254.068,measure,12687,17.619
254.090,measure,12688,21.922
254.113,measure,12689,22.837
254.130,measure,12690,17.200
254.149,measure,12691,18.843
254.171,measure,12692,22.493
254.189,measure,12693,18.247
254.209,measure,12694,19.950
254.230,measure,12695,21.023
254.250,measure,12696,19.099
254.269,measure,12697,19.913
254.291,measure,12698,21.927
254.310,measure,12699,18.610
254.330,measure,12700,20.184
254.350,measure,12701,19.359
254.370,measure,12702,20.030
254.393,measure,12703,23.328
254.409,measure,12704,15.720
254.429,measure,12705,20.865
254.452,measure,12706,22.488
254.470,measure,12707,17.583
254.491,measure,12708,21.042
254.511,measure,12709,20.296
254.530,measure,12710,18.797
254.550,measure,12711,20.033
254.569,measure,12712,19.639
254.588,measure,12713,18.639
254.609,measure,12714,21.444
254.628,measure,12715,18.747
254.649,measure,12716,21.034
254.672,measure,12717,22.965
254.688,measure,12718,15.888
254.708,measure,12719,20.198
254.730,measure,12720,21.648
254.750,measure,12721,19.810
254.772,measure,12722,21.900
254.791,measure,12723,19.813
254.809,measure,12724,17.713
254.830,measure,12725,20.901
254.850,measure,12726,20.212
254.870,measure,12727,19.275
254.890,measure,12728,20.055
254.908,measure,12729,18.251
254.929,measure,12730,21.352
254.953,measure,12731,24.201
254.969,measure,12732,15.787
254.989,measure,12733,20.114
255.010,measure,12734,20.673
255.030,measure,12735,19.517
255.048,measure,12736,18.967
255.071,measure,12737,22.551
255.091,measure,12738,19.783
255.110,measure,12739,18.925
255.131,measure,12740,21.037
255.150,measure,12741,18.773
255.169,measure,12742,19.889
255.188,measure,12743,18.999
255.210,measure,12744,21.613
255.235,measure,12745,24.476
255.250,measure,12746,15.340
255.270,measure,12747,20.017
255.290,measure,12748,20.376
255.310,measure,12749,19.299
255.329,measure,12750,19.942
255.352,measure,12751,22.071
255.370,measure,12752,17.979
255.389,measure,12753,19.889
255.410,measure,12754,20.116
255.430,measure,12755,19.998
255.450,measure,12756,20.160
255.469,measure,12757,18.805
255.488,measure,12758,19.875
255.513,measure,12759,24.718
255.530,measure,12760,16.549
255.550,measure,12761,19.972
255.571,measure,12762,21.187
255.589,measure,12763,18.603
255.609,measure,12764,19.306
255.630,measure,12765,21.701
255.650,measure,12766,19.304
255.669,measure,12767,19.772
255.689,measure,12768,19.957
255.710,measure,12769,20.265
255.729,measure,12770,19.437
255.748,measure,12771,19.216
255.769,measure,12772,20.915
255.793,measure,12773,23.517
255.809,measure,12774,16.670
255.829,measure,12775,19.964
255.851,measure,12776,21.398
255.869,measure,12777,18.238
255.890,measure,12778,21.060
255.911,measure,12779,20.523
255.930,measure,12780,19.232
255.951,measure,12781,20.666
255.970,measure,12782,18.964
255.990,measure,12783,20.367
256.010,measure,12784,19.801
256.029,measure,12785,19.311
256.050,measure,12786,20.545
256.073,measure,12787,23.057
256.089,measure,12788,16.792
256.108,measure,12789,18.816
256.130,measure,12790,22.101
256.149,measure,12791,18.721
256.170,measure,12792,20.497
256.191,measure,12793,21.098
256.210,measure,12794,19.730
256.229,measure,12795,19.018
256.250,measure,12796,20.990
256.269,measure,12797,18.950
256.290,measure,12798,20.949
256.308,measure,12799,18.231
256.329,measure,12800,20.856
256.353,measure,12801,23.948
256.368,measure,12802,15.145
256.391,measure,12803,22.195
256.410,measure,12804,19.737
256.430,measure,12805,20.007
256.450,measure,12806,19.566
256.470,measure,12807,19.636
256.489,measure,12808,19.822
256.510,measure,12809,20.184
256.531,measure,12810,20.989
256.550,measure,12811,19.024
256.569,measure,12812,19.683
256.588,measure,12813,18.773
256.609,measure,12814,21.363
256.632,measure,12815,22.779
256.648,measure,12816,16.072
256.669,measure,12817,20.463
256.690,measure,12818,21.441
256.710,measure,12819,19.712
256.730,measure,12820,19.779
256.750,measure,12821,19.986
256.768,measure,12822,18.499
256.790,measure,12823,22.353
256.810,measure,12824,19.021
256.829,measure,12825,19.967
256.851,measure,12826,21.076
256.869,measure,12827,18.796
256.890,measure,12828,20.403
256.912,measure,12829,22.393
256.929,measure,12830,16.714
256.950,measure,12831,21.068
256.971,measure,12832,21.156
256.989,measure,12833,17.933
257.010,measure,12834,20.724
257.030,measure,12835,20.552
257.049,measure,12836,18.742
257.070,measure,12837,20.812
257.089,measure,12838,19.085
257.110,measure,12839,20.913
257.131,measure,12840,21.096
257.149,measure,12841,17.941
257.170,measure,12842,20.836
257.192,measure,12843,22.515
257.209,measure,12844,16.973
257.229,measure,12845,20.174
257.250,measure,12846,21.044
257.269,measure,12847,18.246
257.289,measure,12848,20.532
257.310,measure,12849,21.166
257.330,measure,12850,19.574
257.350,measure,12851,20.090
257.369,measure,12852,18.732
257.390,measure,12853,21.038
257.411,measure,12854,21.336
257.430,measure,12855,18.690
257.450,measure,12856,20.475
257.473,measure,12857,22.506
257.489,measure,12858,16.385
257.510,measure,12859,20.885
257.532,measure,12860,21.754
257.549,measure,12861,17.219
257.570,measure,12862,20.778
257.592,measure,12863,21.870
257.611,measure,12864,19.344
257.630,measure,12865,18.911
257.649,measure,12866,19.035
257.671,measure,12867,21.992
257.689,measure,12868,18.366
257.708,measure,12869,18.938
257.729,measure,12870,20.582
257.752,measure,12871,23.380
257.768,measure,12872,15.553
257.789,measure,12873,21.621
257.810,measure,12874,21.017
257.829,measure,12875,18.087
257.850,measure,12876,21.902
257.871,measure,12877,20.109
257.889,measure,12878,18.914
257.908,measure,12879,18.982
257.933,measure,12880,24.947
257.950,measure,12881,16.533
257.969,measure,12882,18.774
257.989,measure,12883,20.721
258.011,measure,12884,21.228
258.033,measure,12885,22.316
258.050,measure,12886,16.602
258.071,measure,12887,21.203
258.092,measure,12888,20.882
258.110,measure,12889,18.299
258.131,measure,12890,20.586
258.150,measure,12891,19.652
258.168,measure,12892,18.236
258.189,measure,12893,20.752
258.210,measure,12894,20.566
258.237,measure,12895,26.995
258.249,measure,12896,12.265
258.270,measure,12897,20.809
258.290,measure,12898,19.955
258.313,measure,12899,22.778
258.328,measure,12900,15.774
258.350,measure,12901,22.071
258.370,measure,12902,20.005
258.388,measure,12903,17.291
258.410,measure,12904,21.923
258.431,measure,12905,21.054
258.450,measure,12906,19.359
258.471,measure,12907,20.621
258.490,measure,12908,18.945
258.510,measure,12909,20.202
258.529,measure,12910,19.678
258.549,measure,12911,19.108
258.568,measure,12912,19.589
258.594,measure,12913,25.417
258.610,measure,12914,16.496
258.630,measure,12915,19.703
258.650,measure,12916,20.376
258.670,measure,12917,19.670
258.689,measure,12918,19.102
258.711,measure,12919,21.724
258.730,measure,12920,19.049
258.750,measure,12921,20.323
258.769,measure,12922,18.925
258.790,measure,12923,20.561
258.810,measure,12924,20.101
258.830,measure,12925,19.989
258.851,measure,12926,21.162
258.873,measure,12927,21.763
258.890,measure,12928,17.123
258.910,measure,12929,20.162
258.930,measure,12930,20.535
258.949,measure,12931,19.065
258.968,measure,12932,19.065
258.990,measure,12933,21.899
259.008,measure,12934,18.034
259.030,measure,12935,21.166
259.051,measure,12936,21.023
259.069,measure,12937,18.778
259.089,measure,12938,20.017
259.109,measure,12939,20.099
259.131,measure,12940,21.082
259.153,measure,12941,22.704
259.170,measure,12942,16.530
259.189,measure,12943,18.889
259.210,measure,12944,21.782
259.230,measure,12945,19.571
259.250,measure,12946,20.389
259.271,measure,12947,20.286
259.289,measure,12948,18.253
259.311,measure,12949,21.772
259.330,measure,12950,18.772
259.350,measure,12951,20.100
259.371,measure,12952,21.198
259.389,measure,12953,17.915
259.410,measure,12954,20.862
259.433,measure,12955,23.227
259.449,measure,12956,15.781
259.469,measure,12957,20.890
259.490,measure,12958,21.002
259.510,measure,12959,19.424
259.530,measure,12960,19.839
259.551,measure,12961,21.079
259.570,measure,12962,18.668
259.590,measure,12963,20.259
259.610,measure,12964,20.110
259.629,measure,12965,19.538
259.650,measure,12966,20.191
259.669,measure,12967,18.936
259.689,measure,12968,19.967
259.713,measure,12969,24.096
259.728,measure,12970,15.881
259.750,measure,12971,21.237
259.770,measure,12972,20.017
259.789,measure,12973,19.090
259.810,measure,12974,21.465
259.830,measure,12975,19.924
259.850,measure,12976,19.723
259.870,measure,12977,20.033
259.888,measure,12978,18.275
259.909,measure,12979,20.754
259.929,measure,12980,19.715
259.951,measure,12981,22.005
259.969,measure,12982,18.074
259.992,measure,12983,23.703
260.010,measure,12984,17.157
260.030,measure,12985,20.344
260.051,measure,12986,20.588
260.070,measure,12987,19.138
260.090,measure,12988,20.048
260.111,measure,12989,21.152
260.130,measure,12990,18.899
260.150,measure,12991,19.861
260.170,measure,12992,20.399
260.189,measure,12993,18.844
260.211,measure,12994,21.906
260.231,measure,12995,20.133
260.250,measure,12996,18.873
260.272,measure,12997,22.374
260.288,measure,12998,16.155
260.310,measure,12999,21.719
260.330,measure,13000,20.202
260.349,measure,13001,18.815
260.370,measure,13002,20.960
260.390,measure,13003,19.601
260.411,measure,13004,20.978
260.429,measure,13005,18.790
260.451,measure,13006,21.121
260.469,measure,13007,18.710
260.488,measure,13008,19.210
260.509,measure,13009,20.428
260.529,measure,13010,20.347
260.552,measure,13011,23.118
260.568,measure,13012,15.550
260.589,measure,13013,21.546
260.611,measure,13014,21.786
260.630,measure,13015,18.275
260.649,measure,13016,19.149
260.670,measure,13017,21.449
260.691,measure,13018,20.603
260.710,measure,13019,18.962
260.732,measure,13020,21.963
260.750,measure,13021,18.122
260.769,measure,13022,18.768
260.789,measure,13023,20.231
260.809,measure,13024,20.650
260.833,measure,13025,23.217
260.850,measure,13026,17.622
260.869,measure,13027,19.122
260.890,measure,13028,20.776
260.911,measure,13029,20.631
260.930,measure,13030,19.180
260.952,measure,13031,21.707
260.969,measure,13032,16.970
260.989,measure,13033,20.079
261.010,measure,13034,21.279
261.030,measure,13035,20.214
261.050,measure,13036,19.612
261.070,measure,13037,20.101
261.090,measure,13038,20.090
261.112,measure,13039,21.797
261.130,measure,13040,17.920
261.151,measure,13041,20.909
261.170,measure,13042,19.607
261.189,measure,13043,18.612
261.210,measure,13044,20.788
261.230,measure,13045,20.550
261.250,measure,13046,19.606
261.271,measure,13047,20.982
261.290,measure,13048,18.819
261.309,measure,13049,19.710
261.330,measure,13050,21.035
261.349,measure,13051,18.905
261.369,measure,13052,20.041
261.392,measure,13053,22.942
261.410,measure,13054,17.404
261.430,measure,13055,19.952
261.451,measure,13056,21.035
261.469,measure,13057,17.913
261.489,measure,13058,20.195
261.511,measure,13059,21.913
261.530,measure,13060,19.055
261.550,measure,13061,20.045
261.570,measure,13062,19.756
261.589,measure,13063,19.028
261.609,measure,13064,20.416
261.629,measure,13065,20.465
261.650,measure,13066,20.254
261.673,measure,13067,22.845
261.689,measure,13068,16.934
261.710,measure,13069,20.298
261.731,measure,13070,20.924
261.750,measure,13071,19.088
261.769,measure,13072,18.913
261.791,measure,13073,22.723
261.810,measure,13074,18.474
261.830,measure,13075,20.042
261.851,measure,13076,21.439
261.869,measure,13077,17.813
261.889,measure,13078,20.283
261.909,measure,13079,19.107
261.930,measure,13080,21.329
261.953,measure,13081,23.442
261.970,measure,13082,16.633
261.990,measure,13083,19.634
262.012,measure,13084,21.982
262.029,measure,13085,17.399
262.049,measure,13086,19.570
262.070,measure,13087,21.720
262.089,measure,13088,19.144
262.110,measure,13089,20.422
262.131,measure,13090,20.885
262.150,measure,13091,18.845
262.169,measure,13092,19.937
262.188,measure,13093,18.286
262.210,measure,13094,22.056
262.234,measure,13095,24.251
262.250,measure,13096,15.779
262.269,measure,13097,18.976
262.290,measure,13098,21.640
262.310,measure,13099,19.060
262.330,measure,13100,20.864
262.351,measure,13101,20.926
262.369,measure,13102,18.148
262.390,measure,13103,20.067
262.410,measure,13104,20.905
262.430,measure,13105,19.066
262.451,measure,13106,21.011
262.469,measure,13107,18.017
262.489,measure,13108,20.873
262.513,measure,13109,23.736
262.530,measure,13110,16.684
262.550,measure,13111,19.830
262.570,measure,13112,20.529
262.589,measure,13113,19.236
262.610,measure,13114,20.270
262.630,measure,13115,20.123
262.650,measure,13116,19.742
262.670,measure,13117,20.017
262.690,measure,13118,20.850
262.709,measure,13119,18.697
262.730,measure,13120,20.527
262.749,measure,13121,19.126
262.769,measure,13122,19.780
262.792,measure,13123,23.317
262.808,measure,13124,16.019
262.829,measure,13125,21.285
262.851,measure,13126,21.683
262.871,measure,13127,20.209
262.889,measure,13128,18.291
262.909,measure,13129,20.095
262.929,measure,13130,19.497
262.950,measure,13131,21.156
262.970,measure,13132,20.235
262.990,measure,13133,20.138
263.009,measure,13134,18.671
263.029,measure,13135,19.349
263.048,measure,13136,19.806
263.072,measure,13137,24.148
263.089,measure,13138,16.740
263.108,measure,13139,19.271
263.130,measure,13140,22.022
263.149,measure,13141,18.669
263.170,measure,13142,20.744
263.191,measure,13143,20.591
263.210,measure,13144,19.372
263.230,measure,13145,20.028
263.250,measure,13146,20.500
263.270,measure,13147,19.118
263.289,measure,13148,19.070
263.309,measure,13149,20.210
263.330,measure,13150,20.798
263.353,measure,13151,23.684
263.369,measure,13152,15.258
263.389,measure,13153,20.706
263.411,measure,13154,21.362
263.428,measure,13155,17.494
263.449,measure,13156,20.725
263.470,measure,13157,21.509
263.489,measure,13158,18.799
263.509,measure,13159,19.414
263.531,measure,13160,22.129
263.550,measure,13161,19.072
263.569,measure,13162,19.222
263.588,measure,13163,19.003
263.610,measure,13164,21.564
263.632,measure,13165,22.649
263.649,measure,13166,17.145
263.669,measure,13167,19.976
263.691,measure,13168,21.768
263.709,measure,13169,18.310
263.729,measure,13170,19.747
263.750,measure,13171,20.750
263.769,measure,13172,19.434
263.789,measure,13173,19.551
263.809,measure,13174,20.475
263.828,measure,13175,19.059
263.851,measure,13176,22.561
263.869,measure,13177,17.738
263.890,measure,13178,21.618
263.913,measure,13179,22.729
263.931,measure,13180,17.836
263.950,measure,13181,19.019
263.971,measure,13182,21.511
263.990,measure,13183,19.008
264.010,measure,13184,19.815
264.032,measure,13185,22.015
264.050,measure,13186,17.279
264.069,measure,13187,19.897
264.092,measure,13188,22.859
264.109,measure,13189,17.150
264.130,measure,13190,20.159
264.149,measure,13191,19.340
264.170,measure,13192,21.135
264.192,measure,13193,22.227
264.209,measure,13194,16.471
264.231,measure,13195,22.424
264.251,measure,13196,19.899
264.269,measure,13197,18.186
264.290,measure,13198,20.605
264.311,measure,13199,21.248
264.331,measure,13200,19.931
264.351,measure,13201,20.055
264.369,measure,13202,17.913
264.391,measure,13203,21.919
264.409,measure,13204,18.059
264.430,measure,13205,21.326
264.451,measure,13206,20.771
264.475,measure,13207,24.219
264.491,measure,13208,15.312
264.509,measure,13209,18.797
264.532,measure,13210,22.219
264.549,measure,13211,17.761
264.571,measure,13212,21.380
264.592,measure,13213,20.779
264.610,measure,13214,18.319
264.630,measure,13215,19.848
264.650,measure,13216,20.720
264.670,measure,13217,19.140
264.689,measure,13218,19.751
264.709,measure,13219,19.152
264.729,measure,13220,20.989
264.754,measure,13221,24.439
264.769,measure,13222,15.210
264.789,measure,13223,20.003
264.812,measure,13224,22.649
264.828,measure,13225,16.310
264.851,measure,13226,22.619
264.871,measure,13227,20.101
264.890,measure,13228,18.979
264.910,measure,13229,19.896
264.931,measure,13230,21.072
264.949,measure,13231,18.625
264.970,measure,13232,20.679
264.991,measure,13233,20.846
265.012,measure,13234,21.108
265.034,measure,13235,21.882
265.049,measure,13236,15.020
265.071,measure,13237,21.869
265.093,measure,13238,21.961
265.111,measure,13239,18.226
265.131,measure,13240,20.012
265.152,measure,13241,21.156
265.170,measure,13242,17.624
265.189,measure,13243,19.012
265.210,measure,13244,20.969
265.230,measure,13245,20.075
265.250,measure,13246,20.254
265.270,measure,13247,19.688
265.291,measure,13248,20.889
265.314,measure,13249,22.929
265.328,measure,13250,14.702
265.350,measure,13251,22.053
265.370,measure,13252,20.013
265.389,measure,13253,18.928
265.409,measure,13254,19.943
265.430,measure,13255,21.112
265.449,measure,13256,18.913
265.468,measure,13257,18.917
265.490,measure,13258,22.290
265.511,measure,13259,20.058
265.531,measure,13260,20.226
265.550,measure,13261,19.719
265.569,measure,13262,18.898
265.594,measure,13263,24.471
265.610,measure,13264,15.727
265.630,measure,13265,20.099
265.651,measure,13266,20.998
265.670,measure,13267,18.842
265.689,measure,13268,19.180
265.710,measure,13269,21.658
265.730,measure,13270,19.202
265.750,measure,13271,20.495
265.771,measure,13272,20.567
265.791,measure,13273,19.950
265.809,measure,13274,18.278
265.830,measure,13275,21.065
265.851,measure,13276,21.049
265.873,measure,13277,22.026
265.890,measure,13278,17.149
265.910,measure,13279,19.849
265.932,measure,13280,21.613
265.950,measure,13281,17.991
265.969,measure,13282,19.094
265.991,measure,13283,22.636
266.009,measure,13284,18.174
266.031,measure,13285,21.266
266.053,measure,13286,21.948
266.069,measure,13287,16.645
266.092,measure,13288,22.849
266.109,measure,13289,17.073
266.129,measure,13290,19.978
266.153,measure,13291,23.756
266.168,measure,13292,15.077
266.189,measure,13293,21.061
266.211,measure,13294,21.904
266.230,measure,13295,18.917
266.251,measure,13296,21.058
266.271,measure,13297,20.104
266.291,measure,13298,19.942
266.310,measure,13299,18.928
266.330,measure,13300,20.267
266.350,measure,13301,19.965
266.369,measure,13302,18.857
266.389,measure,13303,20.089
266.409,measure,13304,20.013
266.434,measure,13305,24.372
266.449,measure,13306,15.636
266.469,measure,13307,19.924
266.490,measure,13308,20.941
266.510,measure,13309,20.281
266.529,measure,13310,18.983
266.550,measure,13311,21.110
266.568,measure,13312,17.657
266.589,measure,13313,20.674
266.610,measure,13314,21.046
266.633,measure,13315,22.874
266.650,measure,13316,16.948
266.669,measure,13317,19.309
266.690,measure,13318,20.661
266.713,measure,13319,23.062
266.730,measure,13320,17.318
266.750,measure,13321,20.015
266.771,measure,13322,21.087
266.789,measure,13323,17.793
266.809,measure,13324,20.417
266.832,measure,13325,22.238
266.849,measure,13326,17.489
266.869,measure,13327,20.281
266.890,measure,13328,20.978
266.910,measure,13329,19.995
266.929,measure,13330,18.988
266.947,measure,13331,17.768
266.971,measure,13332,24.200
266.993,measure,13333,21.997
267.010,measure,13334,16.858
267.030,measure,13335,20.048
267.051,measure,13336,21.049
267.068,measure,13337,17.141
267.090,measure,13338,22.118
267.110,measure,13339,19.967
267.130,measure,13340,19.114
267.149,measure,13341,19.751
267.171,measure,13342,22.157
267.189,measure,13343,17.413
267.210,measure,13344,21.024
267.230,measure,13345,19.945
267.250,measure,13346,20.043
267.272,measure,13347,22.312
267.289,measure,13348,16.351
267.309,measure,13349,20.844
267.331,measure,13350,22.067
267.349,measure,13351,18.020
267.368,measure,13352,18.943
267.390,measure,13353,21.936
267.410,measure,13354,19.176
267.429,measure,13355,19.889
267.451,measure,13356,21.184
267.469,measure,13357,18.755
267.489,measure,13358,20.025
267.510,measure,13359,20.555
267.531,measure,13360,21.279
267.553,measure,13361,21.504
267.570,measure,13362,17.259
267.591,measure,13363,20.840
267.613,measure,13364,21.711
267.629,measure,13365,16.227
267.650,measure,13366,21.067
267.671,measure,13367,20.807
267.689,measure,13368,18.040
267.711,measure,13369,22.223
267.729,measure,13370,17.952
267.750,measure,13371,21.070
267.770,measure,13372,19.868
267.789,measure,13373,19.064
267.809,measure,13374,20.293
267.832,measure,13375,22.754
267.850,measure,13376,17.838
267.869,measure,13377,18.909
267.891,measure,13378,22.141
267.910,measure,13379,18.968
267.929,measure,13380,19.426
267.950,measure,13381,20.945
267.968,measure,13382,18.191
267.990,measure,13383,21.766
268.010,measure,13384,20.174
268.029,measure,13385,18.983
268.049,measure,13386,19.898
268.069,measure,13387,19.978
268.090,measure,13388,21.153
268.113,measure,13389,22.287
268.129,measure,13390,16.170
268.149,measure,13391,20.648
268.171,measure,13392,21.167
268.189,measure,13393,18.500
268.209,measure,13394,20.341
268.230,measure,13395,20.991
268.250,measure,13396,19.186
268.269,measure,13397,19.798
268.291,measure,13398,21.335
268.310,measure,13399,18.895
268.329,measure,13400,19.657
268.350,measure,13401,21.041
268.369,measure,13402,18.971
268.392,measure,13403,23.234
268.408,measure,13404,15.829
268.429,measure,13405,20.922
268.450,measure,13406,20.907
268.469,measure,13407,19.183
268.489,measure,13408,19.903
268.510,measure,13409,20.745
268.529,measure,13410,19.551
268.549,measure,13411,19.525
268.569,measure,13412,20.110
268.590,measure,13413,20.651
268.610,measure,13414,19.745
268.629,measure,13415,19.788
268.650,measure,13416,20.253
268.673,measure,13417,23.114
268.688,measure,13418,15.112
268.709,measure,13419,21.008
268.730,measure,13420,21.095
268.752,measure,13421,21.813
268.770,measure,13422,18.089
268.790,measure,13423,20.311
268.809,measure,13424,19.172
268.829,measure,13425,19.855
268.848,measure,13426,19.172
268.868,measure,13427,20.024
268.890,measure,13428,21.798
268.909,measure,13429,18.397
268.929,measure,13430,20.702
268.964,measure,13431,34.873
268.969,measure,13432,5.303
268.989,measure,13433,20.023
269.011,measure,13434,21.372
269.029,measure,13435,17.877
269.049,measure,13436,20.459
269.069,measure,13437,20.348
269.090,measure,13438,20.018
269.109,measure,13439,19.083
269.130,measure,13440,21.640
269.149,measure,13441,18.902
269.169,measure,13442,19.824
269.187,measure,13443,18.399
269.209,measure,13444,21.864
269.232,measure,13445,23.208
269.249,measure,13446,16.963
269.268,measure,13447,18.939
269.290,measure,13448,21.714
269.311,measure,13449,20.992
269.330,measure,13450,18.979
269.351,measure,13451,21.423
269.370,measure,13452,18.544
269.390,measure,13453,20.342
269.410,measure,13454,19.746
269.429,measure,13455,19.100
269.449,measure,13456,20.067
269.468,measure,13457,19.166
269.489,measure,13458,20.869
269.512,measure,13459,23.070
269.528,measure,13460,16.032
269.549,measure,13461,20.731
269.570,measure,13462,21.325
269.588,measure,13463,17.469
269.610,measure,13464,21.727
269.630,measure,13465,20.579
269.650,measure,13466,19.610
269.670,measure,13467,19.881
269.690,measure,13468,20.064
269.710,measure,13469,20.028
269.730,measure,13470,19.872
269.750,measure,13471,20.163
269.769,measure,13472,19.572
269.793,measure,13473,23.322
269.809,measure,13474,16.392
269.828,measure,13475,19.379
269.851,measure,13476,22.874
269.869,measure,13477,17.722
269.889,measure,13478,20.145
269.910,measure,13479,20.692
269.928,measure,13480,18.504
269.949,measure,13481,20.871
269.970,measure,13482,20.495
269.991,measure,13483,21.331
270.010,measure,13484,18.547
270.031,measure,13485,21.185
270.049,measure,13486,18.047
270.075,measure,13487,26.189
270.089,measure,13488,13.620
270.109,measure,13489,20.093
270.131,measure,13490,21.974
270.150,measure,13491,19.138
270.169,measure,13492,18.973
270.190,measure,13493,20.983
270.209,measure,13494,19.230
270.230,measure,13495,20.961
270.250,measure,13496,20.204
270.268,measure,13497,18.056
270.288,measure,13498,19.993
270.309,measure,13499,20.804
270.329,measure,13500,19.708
270.354,measure,13501,25.050
270.370,measure,13502,15.967
270.391,measure,13503,20.938
270.410,measure,13504,19.673
270.430,measure,13505,19.130
270.450,measure,13506,20.356
270.470,measure,13507,20.463
270.490,measure,13508,19.156
270.511,measure,13509,21.123
270.531,measure,13510,20.097
270.550,measure,13511,18.903
270.569,measure,13512,18.943
270.589,measure,13513,20.772
270.610,measure,13514,20.341
270.633,measure,13515,23.121
270.649,measure,13516,16.636
270.670,measure,13517,20.160
270.690,measure,13518,20.626
270.709,measure,13519,18.620
270.731,measure,13520,22.082
270.751,measure,13521,19.831
270.769,measure,13522,18.305
270.791,measure,13523,22.154
270.811,measure,13524,20.057
270.829,measure,13525,18.000
270.851,measure,13526,21.847
270.869,measure,13527,18.162
270.889,measure,13528,19.996
270.918,measure,13529,28.738
270.930,measure,13530,11.952
270.950,measure,13531,20.188
270.971,measure,13532,20.567
270.991,measure,13533,20.183
271.010,measure,13534,19.120
271.031,measure,13535,20.707
271.049,measure,13536,18.521
271.071,measure,13537,21.937
271.092,measure,13538,20.342
271.110,measure,13539,18.847
271.129,measure,13540,18.969
271.150,measure,13541,20.661
271.171,measure,13542,20.575
271.195,measure,13543,24.117
271.210,measure,13544,15.324
271.230,measure,13545,20.257
271.250,measure,13546,19.993
271.269,measure,13547,18.580
271.290,measure,13548,21.158
271.310,measure,13549,20.150
271.330,measure,13550,19.723
271.351,measure,13551,21.071
271.369,measure,13552,17.931
271.390,measure,13553,21.059
271.410,measure,13554,19.877
271.429,measure,13555,19.094
271.451,measure,13556,22.038
271.473,measure,13557,21.860
271.490,measure,13558,17.220
271.510,measure,13559,19.895
271.531,measure,13560,20.734
271.549,measure,13561,18.349
271.570,measure,13562,20.796
271.590,measure,13563,20.478
271.610,measure,13564,19.665
271.630,measure,13565,19.917
271.650,measure,13566,19.941
271.670,measure,13567,20.173
271.689,measure,13568,18.765
271.709,measure,13569,20.346
271.730,measure,13570,20.912
271.753,measure,13571,23.267
271.771,measure,13572,17.353
271.791,measure,13573,20.220
271.812,measure,13574,21.094
271.832,measure,13575,20.036
271.849,measure,13576,17.352
271.871,measure,13577,21.670
271.890,measure,13578,18.507
271.910,measure,13579,20.098
271.931,measure,13580,21.004
271.949,measure,13581,18.542
271.969,measure,13582,19.483
271.989,measure,13583,19.925
272.011,measure,13584,21.993
272.033,measure,13585,22.216
272.050,measure,13586,17.233
272.069,measure,13587,19.398
272.090,measure,13588,20.778
272.109,measure,13589,18.643
272.130,measure,13590,20.768
272.152,measure,13591,21.965
272.170,measure,13592,18.194
272.191,measure,13593,21.470
272.209,measure,13594,17.775
272.231,measure,13595,22.284
272.250,measure,13596,18.972
272.271,measure,13597,21.173
272.291,measure,13598,19.833
272.314,measure,13599,22.375
272.330,measure,13600,15.854
272.351,measure,13601,21.100
272.371,measure,13602,20.006
272.390,measure,13603,19.263
272.410,measure,13604,19.645
272.431,measure,13605,21.101
272.449,measure,13606,18.151
272.469,measure,13607,20.595
272.490,measure,13608,21.021
272.511,measure,13609,20.102
272.531,measure,13610,20.049
272.549,measure,13611,18.625
272.569,measure,13612,20.118
272.592,measure,13613,22.901
272.609,measure,13614,16.801
272.630,measure,13615,20.796
272.651,measure,13616,21.102
272.670,measure,13617,18.959
272.690,measure,13618,19.965
272.711,measure,13619,20.930
272.729,measure,13620,18.699
272.750,measure,13621,20.089
272.771,measure,13622,21.074
272.789,measure,13623,18.800
272.810,measure,13624,20.903
272.830,measure,13625,19.499
272.851,measure,13626,21.419
272.873,measure,13627,21.863
272.889,measure,13628,16.181
272.911,measure,13629,21.489
272.932,measure,13630,21.267
272.951,measure,13631,18.901
272.970,measure,13632,19.515
272.991,measure,13633,20.746
273.010,measure,13634,18.485
273.030,measure,13635,20.168
273.053,measure,13636,22.721
273.069,measure,13637,16.860
273.089,measure,13638,19.960
273.109,measure,13639,19.290
273.130,measure,13640,21.126
273.153,measure,13641,23.677
273.169,measure,13642,15.993
273.189,measure,13643,19.720
273.211,measure,13644,21.478
273.229,measure,13645,18.264
273.249,measure,13646,20.194
273.272,measure,13647,22.710
273.290,measure,13648,18.113
273.311,measure,13649,20.668
273.332,measure,13650,21.039
273.351,measure,13651,18.891
273.371,measure,13652,20.017
273.390,measure,13653,19.745
273.411,measure,13654,20.266
273.434,measure,13655,23.615
273.449,measure,13656,14.972
273.470,measure,13657,21.025
273.491,measure,13658,20.592
273.509,measure,13659,18.609
273.531,measure,13660,21.256
273.552,measure,13661,20.838
273.570,measure,13662,18.716
273.589,measure,13663,19.135
273.610,measure,13664,20.422
273.631,measure,13665,20.744
273.651,measure,13666,20.339
273.669,measure,13667,18.549
273.691,measure,13668,21.580
273.715,measure,13669,23.774
273.730,measure,13670,14.980
273.751,measure,13671,21.042
273.772,measure,13672,20.904
273.789,measure,13673,17.340
273.809,measure,13674,20.159
273.832,measure,13675,23.122
273.850,measure,13676,18.154
273.870,measure,13677,19.446
273.893,measure,13678,22.969
273.911,measure,13679,18.131
273.931,measure,13680,20.118
273.951,measure,13681,19.943
273.970,measure,13682,18.789
273.994,measure,13683,24.241
274.010,measure,13684,15.489
274.030,measure,13685,20.420
274.052,measure,13686,22.122
274.071,measure,13687,18.554
274.090,measure,13688,18.888
274.113,measure,13689,23.304
274.130,measure,13690,17.077
274.150,measure,13691,20.342
274.172,measure,13692,21.510
274.189,measure,13693,17.209
274.211,measure,13694,22.154
274.231,measure,13695,20.023
274.250,measure,13696,18.831
274.275,measure,13697,24.802
274.291,measure,13698,16.188
274.311,measure,13699,19.911
274.333,measure,13700,21.583
274.350,measure,13701,17.963
274.371,measure,13702,20.041
274.391,measure,13703,20.866
274.409,measure,13704,18.093
274.431,measure,13705,21.056
274.452,measure,13706,21.120
274.471,measure,13707,18.942
274.491,measure,13708,19.965
274.510,measure,13709,19.113
274.531,measure,13710,21.045
274.554,measure,13711,22.818
274.569,measure,13712,15.870
274.590,measure,13713,20.635
274.611,measure,13714,20.881
274.629,measure,13715,18.186
274.651,measure,13716,21.898
274.671,measure,13717,19.701
274.690,measure,13718,19.517
274.710,measure,13719,19.786
274.731,measure,13720,20.779
274.749,measure,13721,18.485
274.770,measure,13722,21.024
274.789,measure,13723,19.125
274.810,measure,13724,20.904
274.834,measure,13725,23.364
274.849,measure,13726,15.072
274.870,measure,13727,21.369
274.891,measure,13728,20.613
274.909,measure,13729,18.729
274.931,measure,13730,21.176
274.952,measure,13731,21.189
274.971,measure,13732,18.727
274.990,measure,13733,19.592
275.013,measure,13734,23.216
275.032,measure,13735,18.357
275.050,measure,13736,18.590
275.071,measure,13737,21.017
275.091,measure,13738,19.882
275.115,measure,13739,24.213
275.132,measure,13740,16.411
275.151,measure,13741,19.043
275.173,measure,13742,22.029
275.191,measure,13743,17.951
275.211,measure,13744,19.871
275.232,measure,13745,21.418
275.251,measure,13746,19.029
275.271,measure,13747,19.908
275.291,measure,13748,19.730
275.310,measure,13749,19.487
275.330,measure,13750,20.009
275.350,measure,13751,20.122
275.371,measure,13752,20.167
275.395,measure,13753,24.166
275.410,measure,13754,14.973
275.431,measure,13755,20.921
275.452,measure,13756,20.882
275.471,measure,13757,19.231
275.490,measure,13758,19.047
275.513,measure,13759,22.720
275.531,measure,13760,18.390
275.551,measure,13761,19.706
275.570,measure,13762,19.064
275.591,measure,13763,21.370
275.610,measure,13764,18.545
275.630,measure,13765,20.336
275.650,measure,13766,20.103
275.673,measure,13767,23.146
275.690,measure,13768,16.634
275.711,measure,13769,21.542
275.731,measure,13770,19.317
275.748,measure,13771,17.551
275.770,measure,13772,21.355
275.792,measure,13773,22.037
275.810,measure,13774,18.740
275.830,measure,13775,19.492
275.850,measure,13776,20.346
275.871,measure,13777,20.550
275.890,measure,13778,18.822
275.910,measure,13779,19.938
275.930,measure,13780,20.482
275.953,measure,13781,23.365
275.970,measure,13782,16.479
275.991,measure,13783,21.016
276.012,measure,13784,21.004
276.031,measure,13785,18.973
276.051,measure,13786,20.050
276.072,measure,13787,20.858
276.091,measure,13788,19.280
276.110,measure,13789,18.791
276.132,measure,13790,21.953
276.150,measure,13791,18.017
276.171,measure,13792,21.561
276.189,measure,13793,17.210
276.210,measure,13794,21.882
276.235,measure,13795,24.786
276.250,measure,13796,15.190
276.270,measure,13797,19.104
276.292,measure,13798,22.058
276.310,measure,13799,18.367
276.331,measure,13800,21.024
276.353,measure,13801,21.548
276.370,measure,13802,17.941
276.390,measure,13803,19.805
276.411,measure,13804,21.023
276.430,measure,13805,18.991
276.450,measure,13806,19.275
276.470,measure,13807,20.474
276.489,measure,13808,19.249
276.515,measure,13809,26.122
276.530,measure,13810,15.079
276.549,measure,13811,18.865
276.571,measure,13812,21.721
276.589,measure,13813,18.244
276.610,measure,13814,20.203
276.632,measure,13815,22.099
276.649,measure,13816,17.549
276.670,measure,13817,21.032
276.691,measure,13818,20.449
276.710,measure,13819,19.426
276.730,measure,13820,19.997
276.748,measure,13821,18.381
276.770,measure,13822,21.124
276.795,measure,13823,25.280
276.810,measure,13824,15.229
276.831,measure,13825,20.804
276.852,measure,13826,21.453
276.870,measure,13827,17.273
276.891,measure,13828,21.415
276.911,measure,13829,19.723
276.930,measure,13830,19.117
276.951,measure,13831,21.220
276.971,measure,13832,19.845
276.991,measure,13833,19.920
277.010,measure,13834,19.101
277.030,measure,13835,20.453
277.050,measure,13836,19.643
277.075,measure,13837,24.855
277.092,measure,13838,16.649
277.111,measure,13839,19.526
277.133,measure,13840,21.543
277.151,measure,13841,18.513
277.170,measure,13842,18.457
277.191,measure,13843,21.593
277.210,measure,13844,19.195
277.229,measure,13845,19.016
277.250,measure,13846,21.080
277.270,measure,13847,20.013
277.290,measure,13848,19.925
277.310,measure,13849,19.208
277.332,measure,13850,21.939
277.354,measure,13851,22.306
277.370,measure,13852,15.837
277.390,measure,13853,20.489
277.412,measure,13854,21.376
277.431,measure,13855,19.259
277.450,measure,13856,19.452
277.472,measure,13857,21.680
277.490,measure,13858,17.919
277.511,measure,13859,20.868
277.532,measure,13860,21.332
277.550,measure,13861,18.341
277.569,measure,13862,18.096
277.590,measure,13863,21.374
277.611,measure,13864,20.632
277.634,measure,13865,23.340
277.650,measure,13866,15.866
277.671,measure,13867,20.816
277.691,measure,13868,20.776
277.710,measure,13869,18.411
277.730,measure,13870,19.832
277.752,measure,13871,22.040
277.769,measure,13872,17.392
277.789,measure,13873,19.960
277.811,measure,13874,22.266
277.831,measure,13875,19.833
277.852,measure,13876,20.551
277.869,measure,13877,17.585
277.888,measure,13878,19.119
277.914,measure,13879,25.340
277.930,measure,13880,16.675
277.949,measure,13881,19.019
277.971,measure,13882,21.709
277.990,measure,13883,19.129
278.010,measure,13884,19.844
278.031,measure,13885,20.977
278.050,measure,13886,19.159
278.070,measure,13887,19.904
278.091,measure,13888,20.513
278.109,measure,13889,18.631
278.130,measure,13890,20.812
278.149,measure,13891,19.135
278.169,measure,13892,20.278
278.193,measure,13893,23.825
278.211,measure,13894,17.906
278.231,measure,13895,20.068
278.252,measure,13896,21.117
278.271,measure,13897,18.778
278.291,measure,13898,19.617
278.311,measure,13899,20.486
278.330,measure,13900,18.826
278.350,measure,13901,19.991
278.371,measure,13902,21.286
278.389,measure,13903,17.706
278.410,measure,13904,21.006
278.429,measure,13905,19.113
278.449,measure,13906,20.220
278.474,measure,13907,24.273
278.489,measure,13908,15.591
278.510,measure,13909,20.636
278.532,measure,13910,22.502
278.551,measure,13911,18.474
278.570,measure,13912,18.841
278.591,measure,13913,20.934
278.611,measure,13914,20.317
278.631,measure,13915,20.038
278.650,measure,13916,18.944
278.669,measure,13917,19.347
278.690,measure,13918,20.457
278.710,measure,13919,20.474
278.731,measure,13920,20.626
278.753,measure,13921,22.403
278.769,measure,13922,15.911
278.791,measure,13923,21.575
278.811,measure,13924,20.771
278.830,measure,13925,18.124
278.850,measure,13926,19.925
278.872,measure,13927,22.325
278.890,measure,13928,18.260
278.909,measure,13929,19.074
278.930,measure,13930,20.866
278.951,measure,13931,20.486
278.970,measure,13932,19.439
278.991,measure,13933,20.749
279.011,measure,13934,20.270
279.035,measure,13935,23.888
279.049,measure,13936,14.549
279.071,measure,13937,21.469
279.093,measure,13938,21.705
279.110,measure,13939,17.116
279.130,measure,13940,19.937
279.152,measure,13941,22.268
279.170,measure,13942,18.469
279.189,measure,13943,19.033
279.210,measure,13944,20.330
279.231,measure,13945,21.093
279.250,measure,13946,19.562
279.271,measure,13947,20.288
279.291,measure,13948,19.898
279.314,measure,13949,22.886
279.330,measure,13950,16.110
279.351,measure,13951,21.114
279.371,measure,13952,20.766
279.390,measure,13953,18.330
279.410,measure,13954,19.980
279.432,measure,13955,22.565
279.451,measure,13956,18.417
279.472,measure,13957,21.013
279.490,measure,13958,18.141
279.512,measure,13959,21.951
279.531,measure,13960,19.065
279.551,measure,13961,20.030
279.571,measure,13962,19.677
279.595,measure,13963,23.846
279.611,measure,13964,16.496
279.631,measure,13965,19.798
279.652,measure,13966,20.842
279.670,measure,13967,18.022
279.691,measure,13968,20.979
279.712,measure,13969,21.000
279.731,measure,13970,19.027
279.751,measure,13971,20.199
279.772,measure,13972,21.046
279.791,measure,13973,18.842
279.811,measure,13974,19.756
279.829,measure,13975,18.801
279.851,measure,13976,21.397
279.875,measure,13977,23.842
279.891,measure,13978,16.234
279.911,measure,13979,20.206
279.931,measure,13980,19.635
279.950,measure,13981,19.528
279.970,measure,13982,19.641
279.992,measure,13983,22.489
280.012,measure,13984,19.665
280.032,measure,13985,19.721
280.050,measure,13986,18.285
280.070,measure,13987,20.364
280.090,measure,13988,20.002
280.110,measure,13989,19.611
280.131,measure,13990,20.681
280.154,measure,13991,23.057
280.170,measure,13992,16.774
280.190,measure,13993,19.754
280.211,measure,13994,21.011
280.231,measure,13995,19.785
280.251,measure,13996,19.995
280.272,measure,13997,21.153
280.291,measure,13998,19.125
280.310,measure,13999,18.573
280.330,measure,14000,19.857
280.351,measure,14001,21.120
280.371,measure,14002,20.062
280.390,measure,14003,18.871
280.411,measure,14004,21.040
280.435,measure,14005,24.357
280.451,measure,14006,15.741
280.471,measure,14007,19.919
280.491,measure,14008,20.513
280.510,measure,14009,19.129
280.531,measure,14010,20.929
280.553,measure,14011,21.944
280.571,measure,14012,17.664
280.590,measure,14013,18.776
280.612,measure,14014,21.824
280.631,measure,14015,19.016
280.651,measure,14016,20.343
280.669,measure,14017,17.771
280.691,measure,14018,22.072
280.714,measure,14019,23.195
280.730,measure,14020,15.674
280.750,measure,14021,19.931
280.771,measure,14022,21.824
280.790,measure,14023,18.318
280.809,measure,14024,18.799
280.831,measure,14025,22.798
280.850,measure,14026,18.848
280.870,measure,14027,20.031
280.891,measure,14028,20.850
280.909,measure,14029,17.807
280.930,measure,14030,21.577
280.949,measure,14031,18.880
280.970,measure,14032,20.218
280.994,measure,14033,24.130
281.011,measure,14034,16.837
281.029,measure,14035,18.937
281.051,measure,14036,21.841
281.070,measure,14037,18.904
281.091,measure,14038,20.711
281.112,measure,14039,20.928
281.130,measure,14040,18.034
281.149,measure,14041,19.265
281.172,measure,14042,22.580
281.190,measure,14043,18.539
281.211,measure,14044,21.123
281.229,measure,14045,17.984
281.251,measure,14046,21.358
281.273,measure,14047,22.471
281.289,measure,14048,16.159
281.311,measure,14049,21.359
281.333,measure,14050,21.913
281.350,measure,14051,17.041
281.370,measure,14052,20.654
281.391,measure,14053,20.464
281.410,measure,14054,19.547
281.430,measure,14055,19.930
281.450,measure,14056,20.025
281.469,measure,14057,18.962
281.489,measure,14058,19.942
281.509,measure,14059,20.293
281.531,measure,14060,21.242
281.553,measure,14061,22.535
281.569,measure,14062,15.932
281.589,measure,14063,20.262
281.612,measure,14064,22.355
281.629,measure,14065,17.689
281.650,measure,14066,20.831
281.671,measure,14067,20.563
281.690,measure,14068,18.940
281.710,measure,14069,20.500
281.731,measure,14070,20.215
281.750,measure,14071,19.241
281.771,measure,14072,20.882
281.790,measure,14073,19.182
281.811,measure,14074,20.782
281.835,measure,14075,24.197
281.850,measure,14076,15.059
281.869,measure,14077,18.659
281.891,measure,14078,22.954
281.909,measure,14079,17.557
281.930,measure,14080,21.207
281.951,measure,14081,20.467
281.969,measure,14082,18.688
281.990,measure,14083,20.854
282.013,measure,14084,22.992
282.029,measure,14085,16.074
282.049,measure,14086,20.162
282.071,measure,14087,21.398
282.091,measure,14088,20.064
282.114,measure,14089,23.375
282.130,measure,14090,15.274
282.151,measure,14091,21.801
282.173,measure,14092,21.250
282.190,measure,14093,17.195
282.210,measure,14094,19.831
282.232,measure,14095,22.802
282.249,measure,14096,16.808
282.270,measure,14097,20.599
282.292,measure,14098,22.382
282.310,measure,14099,17.885
282.331,measure,14100,20.601
282.350,measure,14101,19.124
282.370,measure,14102,20.005
282.395,measure,14103,24.716
282.411,measure,14104,16.239
282.431,measure,14105,20.000
282.452,measure,14106,21.443
282.470,measure,14107,17.890
282.489,measure,14108,18.802
282.513,measure,14109,23.655
282.531,measure,14110,18.440
282.551,measure,14111,20.058
282.571,measure,14112,19.880
282.591,measure,14113,19.842
282.610,measure,14114,18.708
282.629,measure,14115,19.069
282.651,measure,14116,22.200
282.674,measure,14117,23.206
282.691,measure,14118,16.809
282.709,measure,14119,18.532
282.731,measure,14120,21.920
282.749,measure,14121,18.056
282.769,measure,14122,19.907
282.792,measure,14123,22.252
282.809,measure,14124,17.766
282.830,measure,14125,20.228
282.852,measure,14126,22.759
282.870,measure,14127,17.962
282.890,measure,14128,20.054
282.908,measure,14129,17.744
282.930,measure,14130,21.777
282.954,measure,14131,24.060
282.969,measure,14132,15.457
282.990,measure,14133,20.947
283.012,measure,14134,21.510
283.030,measure,14135,18.642
283.050,measure,14136,19.759
283.071,measure,14137,20.771
283.090,measure,14138,18.963
283.112,measure,14139,21.675
283.132,measure,14140,19.993
283.149,measure,14141,17.800
283.170,measure,14142,20.564
283.190,measure,14143,19.606
283.211,measure,14144,20.955
283.234,measure,14145,23.665
283.249,measure,14146,14.770
283.269,measure,14147,20.523
283.291,measure,14148,21.490
283.311,measure,14149,20.257
283.330,measure,14150,18.507
283.353,measure,14151,22.841
283.369,measure,14152,16.863
283.390,measure,14153,20.303
283.410,measure,14154,20.710
283.430,measure,14155,19.901
283.449,measure,14156,19.106
283.469,measure,14157,19.973
283.490,measure,14158,20.353
283.513,measure,14159,23.701
283.530,measure,14160,17.008
283.550,measure,14161,19.947
283.571,measure,14162,20.379
283.591,measure,14163,19.782
283.609,measure,14164,18.608
283.632,measure,14165,23.146
283.650,measure,14166,17.558
283.670,measure,14167,20.044
283.691,measure,14168,21.065
283.710,measure,14169,18.696
283.729,measure,14170,19.299
283.750,measure,14171,20.597
283.770,measure,14172,20.541
283.794,measure,14173,23.659
283.809,measure,14174,15.350
283.829,measure,14175,20.317
283.852,measure,14176,22.328
283.871,measure,14177,19.108
283.890,measure,14178,19.208
283.911,measure,14179,21.342
283.929,measure,14180,17.954
283.950,measure,14181,20.831
283.970,measure,14182,19.703
283.991,measure,14183,20.941
284.011,measure,14184,19.755
284.030,measure,14185,18.924
284.049,measure,14186,19.753
284.074,measure,14187,24.732
284.090,measure,14188,15.566
284.109,measure,14189,19.466
284.132,measure,14190,22.915
284.151,measure,14191,18.562
284.170,measure,14192,19.877
284.192,measure,14193,21.751
284.209,measure,14194,16.922
284.231,measure,14195,21.661
284.252,measure,14196,21.089
284.270,measure,14197,18.282
284.290,measure,14198,20.022
284.311,measure,14199,20.429
284.330,measure,14200,19.404
284.355,measure,14201,24.913
284.370,measure,14202,15.390
284.389,measure,14203,19.010
284.411,measure,14204,21.740
284.430,measure,14205,19.109
284.449,measure,14206,19.166
284.471,measure,14207,21.816
284.490,measure,14208,19.323
284.512,measure,14209,21.044
284.533,measure,14210,21.256
284.551,measure,14211,18.009
284.572,measure,14212,20.805
284.592,measure,14213,20.469
284.611,measure,14214,19.309
284.635,measure,14215,23.688
284.651,measure,14216,16.128
284.669,measure,14217,18.041
284.692,measure,14218,22.788
284.711,measure,14219,19.024
284.728,measure,14220,17.125
284.751,measure,14221,22.884
284.768,measure,14222,17.276
284.790,measure,14223,22.008
284.811,measure,14224,20.190
284.830,measure,14225,19.657
284.851,measure,14226,20.524
284.870,measure,14227,19.184
284.889,measure,14228,19.214
284.913,measure,14229,24.266
284.929,measure,14230,15.630
284.949,measure,14231,20.196
284.971,measure,14232,21.806
284.991,measure,14233,20.165
285.011,measure,14234,20.235
285.032,measure,14235,20.221
285.049,measure,14236,17.772
285.071,measure,14237,21.314
285.091,measure,14238,20.607
285.111,measure,14239,19.339
285.130,measure,14240,19.866
285.150,measure,14241,19.725
285.170,measure,14242,20.162
285.194,measure,14243,24.065
285.209,measure,14244,14.983
285.231,measure,14245,21.859
285.252,measure,14246,21.200
285.270,measure,14247,17.527
285.292,measure,14248,22.369
285.312,measure,14249,20.092
285.331,measure,14250,18.206
285.352,measure,14251,20.964
285.372,measure,14252,20.172
285.391,measure,14253,19.029
285.411,measure,14254,19.778
285.431,measure,14255,20.030
285.451,measure,14256,20.127
285.474,measure,14257,22.719
285.490,measure,14258,16.498
285.510,measure,14259,20.330
285.532,measure,14260,22.007
285.550,measure,14261,17.402
285.570,measure,14262,20.590
285.592,measure,14263,21.869
285.609,measure,14264,16.349
285.629,measure,14265,20.687
285.651,measure,14266,22.239
285.670,measure,14267,18.379
285.690,measure,14268,20.443
285.710,measure,14269,19.276
285.729,measure,14270,19.222
285.754,measure,14271,24.820
285.769,measure,14272,15.832
285.790,measure,14273,20.943
285.811,measure,14274,20.484
285.829,measure,14275,18.500
285.852,measure,14276,22.237
285.872,measure,14277,20.597
285.890,measure,14278,17.439
285.910,measure,14279,19.940
285.931,measure,14280,21.781
285.951,measure,14281,19.417
285.970,measure,14282,19.685
285.989,measure,14283,18.913
286.010,measure,14284,20.957
286.033,measure,14285,22.800
286.049,measure,14286,16.267
286.070,measure,14287,20.840
286.092,measure,14288,21.554
286.111,measure,14289,19.089
286.131,measure,14290,20.391
286.152,measure,14291,21.004
286.170,measure,14292,17.759
286.191,measure,14293,20.709
286.211,measure,14294,20.074
286.229,measure,14295,18.440
286.250,measure,14296,20.401
286.270,measure,14297,20.353
286.290,measure,14298,19.694
286.313,measure,14299,23.131
286.330,measure,14300,16.689
286.350,measure,14301,20.862
286.372,measure,14302,21.422
286.389,measure,14303,17.662
286.411,measure,14304,21.105
286.431,measure,14305,20.709
286.451,measure,14306,19.221
286.471,measure,14307,20.002
286.491,measure,14308,20.052
286.510,measure,14309,19.100
286.531,measure,14310,20.946
286.550,measure,14311,19.048
286.571,measure,14312,20.842
286.593,measure,14313,22.903
286.610,measure,14314,16.313
286.630,measure,14315,19.898
286.652,measure,14316,21.932
286.670,measure,14317,18.857
286.690,measure,14318,19.262
286.712,measure,14319,22.120
286.730,measure,14320,18.608
286.749,measure,14321,18.840
286.770,measure,14322,20.617
286.791,measure,14323,21.154
286.810,measure,14324,18.756
286.830,measure,14325,20.341
286.851,measure,14326,20.702
286.873,measure,14327,22.323
286.890,measure,14328,16.783
286.909,measure,14329,19.157
286.932,measure,14330,22.542
286.950,measure,14331,18.618
286.969,measure,14332,19.081
286.993,measure,14333,23.669
287.010,measure,14334,17.040
287.031,measure,14335,20.637
287.049,measure,14336,18.784
287.071,measure,14337,21.258
287.090,measure,14338,18.839
287.110,measure,14339,20.038
287.131,measure,14340,20.960
287.154,measure,14341,23.231
287.169,measure,14342,15.203
287.191,measure,14343,21.675
287.211,measure,14344,20.811
287.231,measure,14345,19.415
287.250,measure,14346,18.900
287.271,measure,14347,21.618
287.291,measure,14348,19.137
287.310,measure,14349,19.041
287.331,measure,14350,21.919
287.351,measure,14351,19.037
287.370,measure,14352,19.171
287.389,measure,14353,19.765
287.410,measure,14354,20.104
287.434,measure,14355,24.214
287.450,measure,14356,15.826
287.470,measure,14357,20.881
287.491,measure,14358,20.421
287.511,measure,14359,19.817
287.532,measure,14360,21.119
287.552,measure,14361,19.906
287.569,measure,14362,17.629
287.589,measure,14363,20.113
287.611,measure,14364,21.209
287.630,measure,14365,19.771
287.649,measure,14366,19.005
287.669,measure,14367,19.886
287.691,measure,14368,21.246
287.713,measure,14369,22.583
287.731,measure,14370,17.365
287.749,measure,14371,18.664
287.771,measure,14372,22.007
287.791,measure,14373,20.073
287.810,measure,14374,18.232
287.831,measure,14375,21.808
287.850,measure,14376,19.106
287.871,measure,14377,20.418
287.892,measure,14378,20.719
287.910,measure,14379,18.527
287.929,measure,14380,19.085
287.949,measure,14381,19.898
287.971,measure,14382,21.654
287.994,measure,14383,23.011
288.009,measure,14384,15.662
288.031,measure,14385,21.678
288.053,measure,14386,21.607
288.072,measure,14387,18.900
288.091,measure,14388,19.121
288.112,measure,14389,20.926
288.131,measure,14390,19.477
288.150,measure,14391,19.093
288.171,measure,14392,21.274
288.189,measure,14393,17.431
288.211,measure,14394,21.962
288.229,measure,14395,18.467
288.250,measure,14396,20.351
288.274,measure,14397,24.055
288.290,measure,14398,16.366
288.311,measure,14399,20.924
288.331,measure,14400,20.421
288.351,measure,14401,19.139
288.370,measure,14402,19.032
288.391,measure,14403,21.399
288.411,measure,14404,19.559
288.431,measure,14405,20.059
288.452,measure,14406,21.064
288.471,measure,14407,18.868
288.491,measure,14408,20.069
288.510,measure,14409,19.117
288.531,measure,14410,20.963
288.554,measure,14411,23.691
288.569,measure,14412,15.030
288.590,measure,14413,20.644
288.612,measure,14414,21.586
288.629,measure,14415,17.384
288.650,measure,14416,21.152
288.671,measure,14417,20.393
288.690,measure,14418,19.489
288.710,measure,14419,19.429
288.731,measure,14420,21.239
288.749,measure,14421,18.503
288.769,measure,14422,20.008
288.788,measure,14423,19.157
288.809,measure,14424,20.823
288.834,measure,14425,24.639
288.849,measure,14426,15.398
288.869,measure,14427,20.141
288.891,measure,14428,21.679
288.908,measure,14429,17.296
288.930,measure,14430,22.007
288.951,measure,14431,20.204
288.970,measure,14432,18.910
288.990,measure,14433,20.572
289.010,measure,14434,20.168
289.029,measure,14435,19.067
289.049,measure,14436,20.009
289.069,measure,14437,19.926
289.089,measure,14438,19.826
289.113,measure,14439,23.439
289.131,measure,14440,18.461
289.151,measure,14441,20.052
289.171,measure,14442,20.162
289.190,measure,14443,18.993
289.210,measure,14444,19.925
289.231,measure,14445,21.320
289.250,measure,14446,18.900
289.269,measure,14447,19.083
289.291,measure,14448,21.994
289.309,measure,14449,17.602
289.330,measure,14450,20.791
289.350,measure,14451,20.143
289.370,measure,14452,19.968
289.393,measure,14453,23.364
289.410,measure,14454,16.621
289.431,measure,14455,20.953
289.451,measure,14456,20.318
289.471,measure,14457,19.691
289.491,measure,14458,20.186
289.512,measure,14459,20.816
289.531,measure,14460,19.277
289.551,measure,14461,19.992
289.571,measure,14462,19.672
289.591,measure,14463,19.984
289.611,measure,14464,20.486
289.629,measure,14465,17.532
289.650,measure,14466,21.163
289.674,measure,14467,24.426
289.690,measure,14468,15.890
289.709,measure,14469,19.005
289.731,measure,14470,21.865
289.749,measure,14471,17.920
289.770,measure,14472,20.549
289.792,measure,14473,22.084
289.810,measure,14474,17.845
289.831,measure,14475,21.140
289.852,measure,14476,21.353
289.870,measure,14477,18.193
289.889,measure,14478,19.094
289.909,measure,14479,19.392
289.931,measure,14480,22.090
289.954,measure,14481,23.452
289.971,measure,14482,16.643
289.990,measure,14483,19.553
290.012,measure,14484,21.405
290.030,measure,14485,18.397
290.049,measure,14486,18.846
290.072,measure,14487,22.527
290.089,measure,14488,17.406
290.108,measure,14489,19.232
290.131,measure,14490,23.053
290.150,measure,14491,18.261
290.171,measure,14492,21.309
290.189,measure,14493,18.085
290.212,measure,14494,22.943
290.234,measure,14495,22.155
290.250,measure,14496,15.733
290.270,measure,14497,20.363
290.292,measure,14498,21.338
290.310,measure,14499,18.351
290.330,measure,14500,20.545
290.352,measure,14501,21.323
290.370,measure,14502,17.752
290.391,measure,14503,21.090
290.410,measure,14504,19.865
290.430,measure,14505,20.016
290.451,measure,14506,20.072
290.468,measure,14507,17.907
290.491,measure,14508,22.079
290.514,measure,14509,23.196
290.530,measure,14510,16.102
290.551,measure,14511,20.816
290.571,measure,14512,20.592
290.589,measure,14513,17.903
290.610,measure,14514,21.184
290.631,measure,14515,20.689
290.650,measure,14516,19.273
290.670,measure,14517,19.636
290.690,measure,14518,20.275
290.710,measure,14519,19.658
290.731,measure,14520,20.643
290.749,measure,14521,18.849
290.771,measure,14522,21.331
290.794,measure,14523,23.788
290.810,measure,14524,15.329
290.831,measure,14525,21.027
290.852,measure,14526,20.979
290.870,measure,14527,18.051
290.890,measure,14528,19.877
290.918,measure,14529,27.957
290.929,measure,14530,11.719
290.951,measure,14531,21.306
290.971,measure,14532,19.809
290.990,measure,14533,19.771
291.010,measure,14534,19.392
291.030,measure,14535,19.938
291.051,measure,14536,21.079
291.074,measure,14537,23.574
291.090,measure,14538,15.429
291.111,measure,14539,20.910
291.131,measure,14540,20.197
291.149,measure,14541,18.502
291.170,measure,14542,21.097
291.191,measure,14543,20.776
291.210,measure,14544,18.786
291.232,measure,14545,21.514
291.251,measure,14546,19.473
291.271,measure,14547,20.006
291.289,measure,14548,18.271
291.311,measure,14549,21.606
291.331,measure,14550,19.925
291.354,measure,14551,23.546
291.370,measure,14552,15.961
291.390,measure,14553,19.849
291.411,measure,14554,21.204
291.430,measure,14555,18.747
291.450,measure,14556,20.031
291.472,measure,14557,21.830
291.491,measure,14558,19.044
291.510,measure,14559,19.271
291.531,measure,14560,21.200
291.551,measure,14561,19.652
291.571,measure,14562,19.777
291.589,measure,14563,18.016
291.610,measure,14564,21.332
291.634,measure,14565,24.129
291.651,measure,14566,16.740
291.671,measure,14567,19.931
291.692,measure,14568,20.889
291.711,measure,14569,18.907
291.730,measure,14570,19.530
291.752,measure,14571,21.675
291.769,measure,14572,17.076
291.789,measure,14573,20.090
291.812,measure,14574,22.940
291.829,measure,14575,17.331
291.850,measure,14576,20.597
291.870,measure,14577,19.607
291.891,measure,14578,21.330
291.914,measure,14579,22.615
291.930,measure,14580,16.454
291.950,measure,14581,19.776
291.972,measure,14582,22.259
291.991,measure,14583,18.665
292.011,measure,14584,20.074
292.032,measure,14585,20.789
292.050,measure,14586,18.407
292.071,measure,14587,20.834
292.092,measure,14588,21.068
292.110,measure,14589,18.326
292.131,measure,14590,20.552
292.150,measure,14591,19.001
292.170,measure,14592,20.519
292.193,measure,14593,22.778
292.210,measure,14594,16.720
292.231,measure,14595,21.339
292.252,measure,14596,20.420
292.270,measure,14597,18.105
292.290,measure,14598,20.411
292.311,measure,14599,21.282
292.330,measure,14600,18.777
292.351,measure,14601,21.127
292.372,measure,14602,20.877
292.389,measure,14603,17.118
292.410,measure,14604,20.915
292.429,measure,14605,18.910
292.450,measure,14606,21.132
292.473,measure,14607,23.205
292.489,measure,14608,15.770
292.510,measure,14609,21.250
292.531,measure,14610,20.944
292.549,measure,14611,18.008
292.571,measure,14612,21.757
292.592,measure,14613,21.061
292.611,measure,14614,19.046
292.631,measure,14615,19.649
292.651,measure,14616,20.149
292.671,measure,14617,19.885
292.691,measure,14618,20.230
292.710,measure,14619,18.628
292.731,measure,14620,21.311
292.755,measure,14621,23.509
292.769,measure,14622,14.067
292.790,measure,14623,21.630
292.811,measure,14624,20.515
292.829,measure,14625,18.473
292.849,measure,14626,19.856
292.872,measure,14627,22.548
292.889,measure,14628,17.542
292.910,measure,14629,20.936
292.931,measure,14630,21.132
292.950,measure,14631,18.830
292.971,measure,14632,20.808
292.989,measure,14633,18.246
293.010,measure,14634,21.178
293.033,measure,14635,22.665
293.049,measure,14636,16.171
293.070,measure,14637,20.284
293.091,measure,14638,21.712
293.110,measure,14639,19.147
293.130,measure,14640,19.927
293.152,measure,14641,21.782
293.170,measure,14642,17.532
293.189,measure,14643,19.298
293.211,measure,14644,21.766
293.231,measure,14645,20.251
293.250,measure,14646,19.141
293.269,measure,14647,18.659
293.290,measure,14648,21.289
293.313,measure,14649,23.278
293.329,measure,14650,15.697
293.351,measure,14651,21.909
293.371,measure,14652,20.533
293.390,measure,14653,18.475
293.411,measure,14654,20.871
293.431,measure,14655,20.369
293.451,measure,14656,19.603
293.471,measure,14657,19.915
293.491,measure,14658,20.034
293.510,measure,14659,19.148
293.531,measure,14660,20.645
293.549,measure,14661,18.896
293.569,measure,14662,19.782
293.593,measure,14663,23.984
293.610,measure,14664,17.265
293.630,measure,14665,19.753
293.651,measure,14666,21.275
293.670,measure,14667,18.809
293.690,measure,14668,20.131
293.711,measure,14669,20.334
293.729,measure,14670,18.628
293.750,measure,14671,20.880
293.770,measure,14672,19.990
293.789,measure,14673,19.212
293.809,measure,14674,19.804
293.829,measure,14675,20.112
293.850,measure,14676,20.818
293.874,measure,14677,23.633
293.889,measure,14678,14.739
293.910,measure,14679,21.709
293.931,measure,14680,20.379
293.950,measure,14681,19.321
293.970,measure,14682,20.201
293.991,measure,14683,20.486
294.010,measure,14684,19.352
294.030,measure,14685,20.221
294.052,measure,14686,21.759
294.071,measure,14687,18.618
294.091,measure,14688,20.579
294.110,measure,14689,19.017
294.131,measure,14690,20.301
294.154,measure,14691,23.217
294.169,measure,14692,15.742
294.189,measure,14693,19.897
294.212,measure,14694,22.245
294.231,measure,14695,18.901
294.250,measure,14696,19.614
294.271,measure,14697,21.105
294.290,measure,14698,18.947
294.310,measure,14699,19.698
294.332,measure,14700,21.899
294.351,measure,14701,19.379
294.370,measure,14702,18.665
294.390,measure,14703,20.248
294.411,measure,14704,20.696
294.434,measure,14705,23.659
294.450,measure,14706,15.468
294.472,measure,14707,22.053
294.491,measure,14708,19.343
294.511,measure,14709,19.777
294.531,measure,14710,19.960
294.552,measure,14711,20.859
294.571,measure,14712,18.783
294.590,measure,14713,19.746
294.611,measure,14714,20.364
294.631,measure,14715,19.971
294.651,measure,14716,20.494
294.670,measure,14717,18.942
294.691,measure,14718,20.643
294.714,measure,14719,23.586
294.730,measure,14720,15.167
294.748,measure,14721,18.725
294.771,measure,14722,23.091
294.789,measure,14723,17.655
294.810,measure,14724,21.014
294.831,measure,14725,20.894
294.850,measure,14726,19.216
294.870,measure,14727,20.240
294.889,measure,14728,18.674
294.910,measure,14729,21.110
294.930,measure,14730,19.987
294.949,measure,14731,18.937
294.969,measure,14732,20.288
294.994,measure,14733,24.183
295.010,measure,14734,16.694
295.030,measure,14735,19.947
295.052,measure,14736,21.327
295.070,measure,14737,18.682
295.090,measure,14738,20.201
295.111,measure,14739,20.880
295.130,measure,14740,18.767
295.150,measure,14741,20.164
295.172,measure,14742,21.305
295.189,measure,14743,17.672
295.210,measure,14744,20.410
295.230,measure,14745,20.767
295.251,measure,14746,20.148
295.274,measure,14747,23.466
295.289,measure,14748,15.411
295.312,measure,14749,22.919
295.332,measure,14750,19.235
295.350,measure,14751,18.885
295.371,measure,14752,20.213
295.391,measure,14753,20.175
295.409,measure,14754,18.515
295.431,measure,14755,21.142
295.451,measure,14756,20.054
295.471,measure,14757,19.958
295.491,measure,14758,20.010
295.510,measure,14759,19.002
295.532,measure,14760,22.595
295.554,measure,14761,21.465
295.570,measure,14762,16.254
295.590,measure,14763,19.986
295.611,measure,14764,21.562
295.631,measure,14765,19.450
295.651,measure,14766,20.434
295.671,measure,14767,19.824
295.691,measure,14768,20.237
295.710,measure,14769,18.515
295.731,measure,14770,21.235
295.750,measure,14771,19.289
295.770,measure,14772,19.416
295.789,measure,14773,18.935
295.810,measure,14774,21.029
295.833,measure,14775,23.201
295.850,measure,14776,16.769
295.870,measure,14777,20.472
295.891,measure,14778,20.433
295.910,measure,14779,19.183
295.930,measure,14780,20.130
295.951,measure,14781,20.721
295.970,measure,14782,19.540
295.990,measure,14783,19.686
296.010,measure,14784,19.603
296.030,measure,14785,20.881
296.049,measure,14786,19.052
296.070,measure,14787,20.959
296.090,measure,14788,19.421
296.113,measure,14789,22.834
296.130,measure,14790,17.188
296.149,measure,14791,19.379
296.170,measure,14792,21.120
296.190,measure,14793,19.386
296.210,measure,14794,19.866
296.230,measure,14795,20.227
296.250,measure,14796,19.779
296.270,measure,14797,20.441
296.290,measure,14798,20.169
296.310,measure,14799,19.440
296.329,measure,14800,19.791
296.350,measure,14801,20.099
296.370,measure,14802,20.087
296.393,measure,14803,23.178
296.409,measure,14804,15.876
296.430,measure,14805,21.063
296.452,measure,14806,22.066
296.470,measure,14807,18.106
296.491,measure,14808,21.200
296.512,measure,14809,21.048
296.530,measure,14810,18.078
296.552,measure,14811,21.905
296.572,measure,14812,19.578
296.590,measure,14813,18.758
296.610,measure,14814,19.301
296.629,measure,14815,19.514
296.649,measure,14816,19.707
296.673,measure,14817,23.718
296.690,measure,14818,17.703
296.710,measure,14819,19.413
296.732,measure,14820,22.225
296.748,measure,14821,16.387
296.771,measure,14822,22.243
296.791,measure,14823,20.231
296.811,measure,14824,20.478
296.830,measure,14825,18.884
296.852,measure,14826,21.594
296.871,measure,14827,18.737
296.890,measure,14828,19.351
296.910,measure,14829,19.971
296.930,measure,14830,20.314
296.953,measure,14831,22.742
296.969,measure,14832,16.303
296.990,measure,14833,20.649
297.011,measure,14834,21.302
297.028,measure,14835,17.205
297.050,measure,14836,21.114
297.071,measure,14837,21.497
297.091,measure,14838,19.620
297.110,measure,14839,19.088
297.133,measure,14840,23.358
297.151,measure,14841,18.251
297.171,measure,14842,20.103
297.192,measure,14843,20.020
297.212,measure,14844,20.015
297.233,measure,14845,21.757
297.250,measure,14846,16.239
297.269,measure,14847,19.925
297.290,measure,14848,20.835
297.310,measure,14849,19.981
297.330,measure,14850,19.755
297.351,measure,14851,21.227
297.370,measure,14852,19.044
297.390,measure,14853,19.365
297.411,measure,14854,20.867
297.430,measure,14855,19.118
297.451,measure,14856,21.192
297.469,measure,14857,18.572
297.489,measure,14858,20.098
297.513,measure,14859,23.602
297.530,measure,14860,17.185
297.551,measure,14861,21.095
297.571,measure,14862,19.912
297.591,measure,14863,19.461
297.610,measure,14864,19.018
297.632,measure,14865,22.410
297.650,measure,14866,17.738
297.671,measure,14867,20.854
297.692,measure,14868,20.981
297.711,measure,14869,19.172
297.731,measure,14870,19.980
297.749,measure,14871,17.915
297.769,measure,14872,19.893
297.793,measure,14873,24.448
297.809,measure,14874,15.720
297.830,measure,14875,21.077
297.851,measure,14876,20.949
297.870,measure,14877,19.226
297.889,measure,14878,19.125
297.910,measure,14879,20.713
297.930,measure,14880,19.762
297.950,measure,14881,20.189
297.969,measure,14882,18.834
297.990,measure,14883,21.016
298.009,measure,14884,19.440
298.030,measure,14885,20.875
298.049,measure,14886,18.552
298.073,measure,14887,24.423
298.090,measure,14888,16.849
298.110,measure,14889,19.951
298.131,measure,14890,21.467
298.150,measure,14891,18.544
298.169,measure,14892,19.442
298.190,measure,14893,20.769
298.210,measure,14894,20.019
298.230,measure,14895,20.331
298.250,measure,14896,19.569
298.269,measure,14897,19.393
298.289,measure,14898,19.765
298.309,measure,14899,19.987
298.330,measure,14900,20.750
298.353,measure,14901,23.232
298.369,measure,14902,15.543
298.391,measure,14903,22.540
298.411,measure,14904,19.402
298.428,measure,14905,17.252
298.450,measure,14906,22.209
298.470,measure,14907,20.092
298.489,measure,14908,19.154
298.509,measure,14909,19.350
298.531,measure,14910,22.042
298.550,measure,14911,18.819
298.570,measure,14912,20.349
298.589,measure,14913,18.634
298.609,measure,14914,20.649
298.634,measure,14915,24.561
298.650,measure,14916,16.079
298.670,measure,14917,19.836
298.690,measure,14918,20.806
298.709,measure,14919,18.102
298.729,measure,14920,20.851
298.751,measure,14921,21.120
298.769,measure,14922,18.616
298.789,measure,14923,20.192
298.809,measure,14924,19.611
298.829,measure,14925,19.910
298.849,measure,14926,20.577
298.868,measure,14927,19.046
298.889,measure,14928,20.967
298.913,measure,14929,23.153
298.928,measure,14930,15.898
298.949,measure,14931,20.162
298.970,measure,14932,21.780
298.989,measure,14933,18.924
299.011,measure,14934,21.195
299.031,measure,14935,20.044
299.049,measure,14936,18.832
299.071,measure,14937,21.196
299.091,measure,14938,19.900
299.110,measure,14939,19.243
299.129,measure,14940,19.343
299.150,measure,14941,20.638
299.171,measure,14942,21.610
299.193,measure,14943,21.491
299.210,measure,14944,16.878
299.231,measure,14945,21.421
299.250,measure,14946,19.268
299.271,measure,14947,20.672
299.291,measure,14948,20.127
299.311,measure,14949,19.617
299.329,measure,14950,17.815
299.349,measure,14951,20.662
299.370,measure,14952,20.994
299.389,measure,14953,19.069
299.409,measure,14954,19.936
299.429,measure,14955,20.058
299.450,measure,14956,20.298
299.472,measure,14957,22.711
299.488,measure,14958,15.857
299.510,measure,14959,21.292
299.531,measure,14960,21.358
299.549,measure,14961,18.597
299.574,measure,14962,24.733
299.590,measure,14963,15.441
299.610,measure,14964,20.239
299.629,measure,14965,19.346
299.649,measure,14966,20.177
299.670,measure,14967,20.880
299.689,measure,14968,19.114
299.708,measure,14969,18.973
299.730,measure,14970,21.242
299.752,measure,14971,22.567
299.768,measure,14972,16.198
299.788,measure,14973,20.017
299.811,measure,14974,22.201
299.829,measure,14975,17.902
299.849,measure,14976,20.807
299.870,measure,14977,21.142
299.889,measure,14978,18.842
299.910,measure,14979,20.628
299.930,measure,14980,19.813
299.949,measure,14981,19.532
299.969,measure,14982,19.402
299.988,measure,14983,19.658
