t_s,phase,frame_number,interval_ms
0.027,warmup,0,0.000
0.041,warmup,2,14.210
0.055,warmup,3,13.640
0.076,warmup,4,20.945
0.095,warmup,5,19.254
0.100,warmup,5,4.899
0.137,warmup,7,37.297
0.156,warmup,8,18.946
0.176,warmup,9,20.086
0.183,warmup,9,6.967
0.201,warmup,10,17.440
0.238,warmup,12,37.455
0.256,warmup,13,17.945
0.276,warmup,14,19.836
0.319,warmup,16,43.346
0.320,warmup,16,0.674
0.341,warmup,17,21.304
0.356,warmup,18,14.148
0.377,warmup,19,21.380
0.401,warmup,20,23.704
0.401,warmup,20,0.118
0.436,warmup,22,35.591
0.456,warmup,23,20.001
0.476,warmup,24,20.021
0.502,warmup,24,25.762
0.519,warmup,26,17.245
0.537,warmup,27,17.383
0.556,warmup,28,18.852
0.577,warmup,29,21.608
0.623,warmup,31,45.401
0.640,warmup,32,17.695
0.641,warmup,32,0.787
0.656,warmup,33,14.957
0.677,warmup,34,20.626
0.682,warmup,34,5.678
0.720,warmup,36,37.755
0.736,warmup,37,15.892
0.756,warmup,38,19.779
0.776,warmup,39,20.260
0.796,warmup,40,19.724
0.800,warmup,40,4.258
0.837,warmup,42,36.755
0.856,warmup,43,18.878
0.877,warmup,44,21.300
0.896,warmup,45,18.684
0.900,warmup,45,4.440
0.937,warmup,47,36.719
0.956,warmup,48,18.771
0.976,warmup,49,20.702
1.006,warmup,49,30.002
1.037,warmup,52,30.793
1.038,warmup,52,0.695
1.108,warmup,53,69.963
1.122,warmup,53,13.877
1.144,warmup,55,21.919
1.166,warmup,56,22.710
1.167,warmup,56,0.585
1.203,warmup,58,36.073
1.222,warmup,59,18.762
1.242,warmup,60,20.088
1.287,warmup,62,45.122
1.288,warmup,62,0.691
1.305,warmup,63,17.481
1.323,warmup,64,17.717
1.342,warmup,65,19.689
1.368,warmup,66,25.781
1.403,warmup,68,35.014
1.404,warmup,68,0.712
1.420,warmup,69,16.137
1.468,warmup,70,47.648
1.484,warmup,71,16.506
1.522,warmup,73,37.880
1.546,warmup,74,23.470
1.566,warmup,75,20.126
1.567,warmup,75,1.012
1.606,warmup,77,39.009
1.623,warmup,78,16.727
1.653,warmup,79,30.259
1.689,warmup,81,35.928
1.710,warmup,82,21.083
1.712,warmup,82,2.490
1.742,warmup,83,30.196
1.771,warmup,85,28.734
1.787,warmup,86,16.251
1.788,warmup,86,0.777
1.805,warmup,87,17.081
1.824,warmup,88,18.598
1.859,warmup,89,35.480
1.888,warmup,91,28.570
1.905,warmup,92,17.082
1.906,warmup,92,0.668
1.923,warmup,93,17.049
1.943,warmup,94,20.067
1.962,warmup,94,19.161
1.968,warmup,95,5.590
2.007,warmup,97,39.767
2.023,warmup,98,15.499
2.043,warmup,99,20.406
2.063,warmup,100,19.425
2.067,warmup,100,4.127
2.103,warmup,102,36.151
2.124,warmup,103,20.637
2.143,warmup,104,19.213
2.186,warmup,106,43.233
2.187,warmup,106,0.790
2.204,warmup,107,17.027
2.224,warmup,108,19.748
2.244,warmup,109,20.743
2.287,warmup,111,42.484
2.288,warmup,111,0.740
2.305,warmup,112,17.718
2.357,warmup,114,52.054
2.373,warmup,115,15.282
2.392,warmup,116,19.234
2.409,warmup,117,17.169
2.426,warmup,118,16.502
2.426,warmup,118,0.914
2.444,warmup,119,17.619
2.473,warmup,119,29.237
2.507,warmup,122,34.190
2.508,warmup,122,0.832
2.524,warmup,123,15.364
2.544,warmup,124,20.072
2.586,warmup,126,42.255
2.587,warmup,126,0.725
2.605,warmup,127,18.035
2.626,warmup,128,20.786
2.645,warmup,129,19.279
2.687,warmup,131,42.409
2.688,warmup,131,0.851
2.706,warmup,132,17.921
2.724,warmup,133,17.838
2.744,warmup,134,20.270
2.790,warmup,136,46.191
2.806,warmup,137,15.451
2.807,warmup,137,0.933
2.827,warmup,138,20.228
2.844,warmup,139,17.439
2.875,warmup,139,30.462
2.906,warmup,142,30.698
2.906,warmup,142,0.900
2.924,warmup,143,17.867
2.946,warmup,144,21.854
2.986,warmup,146,40.238
2.987,warmup,146,0.739
3.005,warmup,147,17.609
3.025,warmup,148,20.743
3.045,warmup,149,19.966
3.085,warmup,151,39.611
3.086,warmup,151,0.736
3.106,warmup,152,20.131
3.125,warmup,153,19.552
3.145,warmup,154,19.972
3.188,warmup,156,43.032
3.209,warmup,157,20.203
3.227,warmup,158,18.016
3.228,warmup,158,0.819
3.246,warmup,159,18.089
3.290,warmup,161,44.361
3.305,warmup,162,15.205
3.306,warmup,162,0.906
3.326,warmup,163,19.607
3.346,warmup,164,19.826
3.387,warmup,166,41.730
3.388,warmup,166,0.837
3.406,warmup,167,17.793
3.425,warmup,168,19.363
3.445,warmup,169,19.518
3.489,warmup,171,44.287
3.506,warmup,172,16.522
3.506,warmup,172,0.764
3.525,warmup,173,18.362
3.547,warmup,174,22.121
3.590,warmup,176,43.432
3.605,warmup,177,15.228
3.606,warmup,177,0.787
3.626,warmup,178,20.132
3.645,warmup,179,18.947
3.691,warmup,181,45.741
3.713,warmup,182,22.368
3.734,warmup,183,20.451
3.754,warmup,184,20.323
3.771,warmup,185,16.568
3.788,warmup,186,17.144
3.804,warmup,187,16.524
3.805,warmup,187,0.772
3.825,warmup,188,19.328
3.846,warmup,189,21.190
3.888,warmup,191,42.245
3.889,warmup,191,0.784
3.906,warmup,192,16.972
3.925,warmup,193,19.375
3.945,warmup,194,20.085
3.970,warmup,194,24.576
4.006,warmup,197,35.834
4.006,warmup,197,0.709
4.025,warmup,198,18.235
4.046,warmup,199,21.314
4.090,warmup,201,43.686
4.110,warmup,202,20.844
4.128,warmup,203,17.723
4.144,warmup,204,16.248
4.145,warmup,204,0.846
4.187,warmup,206,42.083
4.188,warmup,206,0.753
4.209,warmup,207,20.700
4.227,warmup,208,18.099
4.244,warmup,209,17.337
4.290,warmup,211,46.159
4.310,warmup,212,19.713
4.325,warmup,213,15.030
4.326,warmup,213,0.880
4.344,warmup,214,18.207
4.386,warmup,216,41.970
4.387,warmup,216,0.752
4.405,warmup,217,18.055
4.425,warmup,218,19.734
4.445,warmup,219,20.076
4.487,warmup,221,42.385
4.488,warmup,221,0.721
4.505,warmup,222,17.207
4.524,warmup,223,18.469
4.545,warmup,224,21.744
4.589,warmup,226,43.256
4.606,warmup,227,17.286
4.606,warmup,227,0.662
4.624,warmup,228,17.484
4.644,warmup,229,20.180
4.689,warmup,231,44.834
4.710,warmup,232,20.998
4.727,warmup,233,16.803
4.728,warmup,233,0.761
4.744,warmup,234,16.573
4.786,warmup,236,41.706
4.786,warmup,236,0.655
4.804,warmup,237,17.703
4.824,warmup,238,19.692
4.844,warmup,239,20.304
4.887,warmup,241,42.641
4.887,warmup,241,0.644
4.905,warmup,242,17.104
4.924,warmup,243,19.290
4.944,warmup,244,20.299
4.988,warmup,246,43.712
4.989,warmup,246,0.638
5.006,warmup,247,17.494
5.024,warmup,248,17.547
5.045,warmup,249,21.290
5.087,warmup,251,42.153
5.088,warmup,251,0.734
5.127,warmup,253,39.608
5.128,warmup,253,0.803
5.144,warmup,254,15.937
5.186,warmup,256,41.976
5.187,warmup,256,0.712
5.205,warmup,257,17.932
5.225,warmup,258,19.834
5.245,warmup,259,20.084
5.269,warmup,260,24.306
5.287,warmup,261,18.253
5.304,warmup,262,17.041
5.324,warmup,263,19.668
5.344,warmup,264,19.974
5.387,warmup,266,43.480
5.388,warmup,266,0.669
5.406,warmup,267,17.563
5.424,warmup,268,18.083
5.444,warmup,269,20.130
5.488,warmup,271,43.859
5.488,warmup,271,0.730
5.524,warmup,273,35.605
5.525,warmup,273,0.781
5.544,warmup,274,18.756
5.569,warmup,275,25.271
5.587,warmup,276,17.895
5.604,warmup,277,17.500
5.624,warmup,278,19.713
5.644,warmup,279,20.227
5.687,warmup,281,43.191
5.688,warmup,281,0.674
5.705,warmup,282,16.825
5.724,warmup,283,19.249
5.744,warmup,284,20.118
5.789,warmup,286,44.780
5.806,warmup,287,17.427
5.807,warmup,287,0.780
5.823,warmup,288,15.925
5.846,warmup,289,22.453
5.874,warmup,289,28.260
5.889,warmup,291,14.970
5.904,warmup,292,15.338
5.923,warmup,293,19.291
5.944,warmup,294,20.873
5.986,warmup,296,41.675
5.987,warmup,296,0.707
6.004,warmup,297,17.807
6.024,warmup,298,19.727
6.044,warmup,299,19.961
6.087,warmup,301,43.162
6.088,warmup,301,0.666
6.105,warmup,302,16.793
6.124,warmup,303,19.407
6.144,warmup,304,20.235
6.172,warmup,304,27.599
6.206,warmup,307,33.828
6.207,warmup,307,0.682
6.227,warmup,308,20.302
6.245,warmup,309,18.078
6.288,warmup,311,43.304
6.303,warmup,312,14.661
6.304,warmup,312,0.739
6.324,warmup,313,20.423
6.343,warmup,314,19.278
6.369,warmup,315,25.453
6.387,warmup,316,17.911
6.404,warmup,317,17.527
6.424,warmup,318,19.526
6.444,warmup,319,19.981
6.487,warmup,321,43.663
6.488,warmup,321,0.685
6.505,warmup,322,16.722
6.524,warmup,323,19.169
6.543,warmup,324,19.438
6.571,warmup,324,28.093
6.605,warmup,327,33.268
6.605,warmup,327,0.706
6.626,warmup,328,20.894
6.644,warmup,329,17.706
6.689,warmup,331,44.485
6.703,warmup,332,14.515
6.704,warmup,332,0.747
6.724,warmup,333,20.401
6.744,warmup,334,19.962
6.768,warmup,334,23.799
6.787,warmup,336,18.767
6.804,warmup,337,17.675
6.824,warmup,338,19.275
6.844,warmup,339,20.065
6.887,warmup,341,43.547
6.888,warmup,341,0.651
6.905,warmup,342,16.696
6.924,warmup,343,19.300
6.944,warmup,344,20.159
6.990,warmup,346,46.250
7.005,warmup,347,14.674
7.006,warmup,347,0.702
7.026,warmup,348,20.706
7.044,warmup,349,17.959
7.074,warmup,349,29.388
7.089,warmup,351,14.914
7.104,warmup,352,15.300
7.124,warmup,353,19.527
7.144,warmup,354,20.045
7.169,warmup,355,25.021
7.187,warmup,356,17.921
7.204,warmup,357,17.857
7.224,warmup,358,19.749
7.244,warmup,359,20.070
7.287,warmup,361,43.062
7.288,warmup,361,0.637
7.305,warmup,362,16.909
7.324,warmup,363,19.507
7.344,warmup,364,20.174
7.372,warmup,364,27.170
7.405,warmup,367,33.529
7.406,warmup,367,0.728
7.427,warmup,368,20.744
7.445,warmup,369,18.316
7.466,warmup,370,20.811
7.467,warmup,370,0.931
7.505,warmup,372,37.839
7.524,warmup,373,19.599
7.544,warmup,374,20.001
7.569,warmup,375,24.642
7.587,warmup,376,17.859
7.604,warmup,377,17.655
7.623,warmup,378,19.044
7.644,warmup,379,20.982
7.687,warmup,381,43.009
7.688,warmup,381,0.658
7.705,warmup,382,16.837
7.724,warmup,383,18.924
7.743,warmup,384,19.677
7.791,warmup,386,47.224
7.805,warmup,387,14.547
7.806,warmup,387,0.730
7.827,warmup,388,20.685
7.845,warmup,389,18.410
7.888,warmup,391,43.058
7.889,warmup,391,0.724
7.904,warmup,392,15.359
7.924,warmup,393,19.398
7.945,warmup,394,21.261
7.986,warmup,396,41.045
7.987,warmup,396,0.667
8.004,warmup,397,17.620
8.023,warmup,398,19.262
8.044,warmup,399,20.948
8.087,warmup,401,42.907
8.088,warmup,401,0.681
8.105,warmup,402,16.695
8.124,warmup,403,19.245
8.144,warmup,404,20.255
8.191,warmup,406,46.468
8.205,warmup,407,14.754
8.206,warmup,407,0.720
8.227,warmup,408,20.425
8.245,warmup,409,18.466
8.288,warmup,411,43.029
8.289,warmup,411,0.690
8.304,warmup,412,15.280
8.324,warmup,413,19.566
8.345,warmup,414,21.479
8.369,warmup,415,23.707
8.386,warmup,416,17.766
8.404,warmup,417,17.860
8.424,warmup,418,19.382
8.444,warmup,419,19.931
8.487,warmup,421,43.605
8.488,warmup,421,0.646
8.505,warmup,422,16.684
8.524,warmup,423,19.498
8.543,warmup,424,19.277
8.590,warmup,426,46.964
8.605,warmup,427,14.438
8.606,warmup,427,0.719
8.626,warmup,428,20.805
8.644,warmup,429,17.983
8.688,warmup,431,44.068
8.703,warmup,432,14.493
8.704,warmup,432,0.733
8.724,warmup,433,20.559
8.744,warmup,434,19.987
8.769,warmup,435,24.684
8.786,warmup,436,17.665
8.804,warmup,437,17.968
8.824,warmup,438,19.989
8.846,warmup,439,21.566
8.889,warmup,441,42.535
8.910,warmup,442,21.114
8.924,warmup,443,14.157
8.925,warmup,443,0.758
8.945,warmup,444,19.944
8.971,warmup,444,26.921
9.005,warmup,447,33.809
9.006,warmup,447,0.655
9.027,warmup,448,21.285
9.047,warmup,449,19.792
9.065,warmup,450,18.181
9.067,warmup,450,1.604
9.107,warmup,452,40.194
9.123,warmup,453,15.966
9.144,warmup,454,20.983
9.164,warmup,455,20.336
9.167,warmup,455,2.559
9.205,warmup,457,38.317
9.224,warmup,458,18.637
9.244,warmup,459,20.044
9.270,warmup,459,25.904
9.305,warmup,462,35.508
9.306,warmup,462,0.660
9.324,warmup,463,18.425
9.344,warmup,464,20.032
9.387,warmup,466,43.082
9.388,warmup,466,0.714
9.428,warmup,468,39.486
9.428,warmup,468,0.751
9.444,warmup,469,15.430
9.463,warmup,470,19.662
9.467,warmup,470,3.356
9.507,warmup,472,40.272
9.523,warmup,473,15.851
9.544,warmup,474,20.741
9.588,warmup,476,44.171
9.589,warmup,476,0.664
9.606,warmup,477,17.140
9.624,warmup,478,18.396
9.644,warmup,479,20.062
9.689,warmup,481,44.894
9.707,warmup,482,17.537
9.707,warmup,482,0.707
9.723,warmup,483,15.851
9.744,warmup,484,21.003
9.789,warmup,486,44.476
9.811,warmup,487,22.780
9.828,warmup,488,16.162
9.828,warmup,488,0.770
9.844,warmup,489,15.547
9.863,warmup,490,19.667
9.867,warmup,490,3.265
9.923,warmup,493,55.911
9.923,warmup,493,0.677
9.944,warmup,494,20.276
9.987,warmup,496,43.225
9.987,warmup,496,0.647
10.005,warmup,497,17.167
10.024,warmup,498,19.779
10.044,warmup,499,19.923
10.088,warmup,501,43.773
10.089,warmup,501,0.685
10.106,warmup,502,17.519
10.124,warmup,503,17.424
10.144,warmup,504,19.938
10.188,warmup,506,44.583
10.210,warmup,507,21.588
10.228,warmup,508,17.771
10.228,warmup,508,0.772
10.244,warmup,509,15.635
10.269,warmup,510,24.626
10.286,warmup,511,17.759
10.304,warmup,512,17.477
10.323,warmup,513,19.264
10.344,warmup,514,21.050
10.386,warmup,516,42.238
10.387,warmup,516,0.663
10.404,warmup,517,17.077
10.424,warmup,518,19.359
10.445,warmup,519,21.009
10.488,warmup,521,43.236
10.488,warmup,521,0.681
10.506,warmup,522,17.338
10.524,warmup,523,18.405
10.544,warmup,524,19.924
10.588,warmup,526,44.017
10.589,warmup,526,0.707
10.628,warmup,528,38.635
10.628,warmup,528,0.781
10.644,warmup,529,15.772
10.669,warmup,530,24.833
10.687,warmup,531,17.622
10.704,warmup,532,17.229
10.724,warmup,533,20.704
10.744,warmup,534,19.963
10.769,warmup,535,24.262
10.787,warmup,536,18.287
10.804,warmup,537,17.205
10.823,warmup,538,19.327
10.845,warmup,539,21.230
10.887,warmup,541,42.590
10.888,warmup,541,0.655
10.905,warmup,542,17.441
10.924,warmup,543,18.338
10.944,warmup,544,20.145
10.992,warmup,546,48.243
11.007,warmup,547,14.600
11.007,warmup,547,0.750
11.027,warmup,548,19.925
11.045,warmup,549,17.991
11.088,warmup,551,42.627
11.089,warmup,551,0.714
11.104,warmup,552,15.113
11.124,warmup,553,20.525
11.144,warmup,554,19.632
11.169,warmup,555,24.757
11.187,warmup,556,17.768
11.204,warmup,557,17.760
11.224,warmup,558,19.590
11.244,warmup,559,19.696
11.287,warmup,561,43.810
11.288,warmup,561,0.651
11.305,warmup,562,16.744
11.324,warmup,563,19.142
11.344,warmup,564,20.004
11.390,warmup,566,46.530
11.405,warmup,567,14.431
11.406,warmup,567,0.738
11.427,warmup,568,20.947
11.445,warmup,569,18.420
11.465,warmup,570,19.503
11.467,warmup,570,2.252
11.504,warmup,572,37.574
11.524,warmup,573,19.332
11.543,warmup,574,19.518
11.563,warmup,575,19.904
11.567,warmup,575,3.613
11.606,warmup,577,38.900
11.624,warmup,578,17.990
11.643,warmup,579,19.544
11.663,warmup,580,19.944
11.667,warmup,580,3.674
11.705,warmup,582,38.079
11.724,warmup,583,19.169
11.744,warmup,584,19.834
11.765,warmup,585,21.565
11.767,warmup,585,1.407
11.824,warmup,588,57.598
11.825,warmup,588,0.652
11.848,warmup,589,22.584
11.864,warmup,590,16.543
11.867,warmup,590,2.566
11.905,warmup,592,38.520
11.924,warmup,593,18.337
11.943,warmup,594,19.496
11.963,warmup,595,20.069
11.967,warmup,595,3.578
12.005,warmup,597,38.747
12.024,warmup,598,18.399
12.044,warmup,599,19.678
12.064,warmup,600,20.075
12.067,warmup,600,3.102
12.107,warmup,602,40.174
12.123,warmup,603,15.726
12.144,warmup,604,20.872
12.188,warmup,606,44.175
12.188,warmup,606,0.760
12.224,warmup,608,35.291
12.224,warmup,608,0.734
12.244,warmup,609,19.857
12.286,warmup,611,41.407
12.286,warmup,611,0.624
12.304,warmup,612,17.395
12.324,warmup,613,20.245
12.344,warmup,614,19.786
12.387,warmup,616,43.499
12.388,warmup,616,0.679
12.405,warmup,617,16.709
12.424,warmup,618,19.217
12.444,warmup,619,19.932
12.489,warmup,621,45.165
12.506,warmup,622,17.367
12.507,warmup,622,0.722
12.523,warmup,623,15.892
12.544,warmup,624,21.082
12.588,warmup,626,43.659
12.588,warmup,626,0.738
12.603,warmup,627,15.045
12.624,warmup,628,20.392
12.644,warmup,629,20.019
12.669,warmup,630,25.030
12.687,warmup,631,17.628
12.704,warmup,632,17.265
12.724,warmup,633,20.253
12.744,warmup,634,19.816
12.787,warmup,636,43.333
12.788,warmup,636,0.731
12.805,warmup,637,16.714
12.824,warmup,638,19.122
12.844,warmup,639,20.035
12.890,warmup,641,46.577
12.905,warmup,642,14.410
12.906,warmup,642,0.729
12.926,warmup,643,20.790
12.945,warmup,644,18.318
12.988,warmup,646,43.040
12.988,warmup,646,0.728
13.003,warmup,647,15.048
13.023,warmup,648,19.811
13.045,warmup,649,21.215
13.068,warmup,649,23.514
13.086,warmup,651,18.367
13.104,warmup,652,17.251
13.124,warmup,653,20.239
13.144,warmup,654,19.883
13.187,warmup,656,43.580
13.188,warmup,656,0.675
13.205,warmup,657,16.630
13.224,warmup,658,19.199
13.244,warmup,659,19.909
13.290,warmup,661,46.623
13.305,warmup,662,14.582
13.306,warmup,662,0.710
13.326,warmup,663,20.720
13.344,warmup,664,17.897
13.388,warmup,666,43.530
13.389,warmup,666,0.732
13.404,warmup,667,15.202
13.424,warmup,668,20.487
13.444,warmup,669,20.018
13.464,warmup,670,19.968
13.467,warmup,670,2.537
13.504,warmup,672,37.106
13.524,warmup,673,20.417
13.544,warmup,674,19.479
13.587,warmup,676,43.510
13.588,warmup,676,0.682
13.605,warmup,677,16.774
13.624,warmup,678,19.124
13.644,warmup,679,19.925
13.690,warmup,681,46.637
13.705,warmup,682,14.444
13.706,warmup,682,0.710
13.726,warmup,683,20.692
13.744,warmup,684,18.193
13.788,warmup,686,43.344
13.789,warmup,686,0.725
13.804,warmup,687,15.215
13.823,warmup,688,19.625
13.844,warmup,689,20.982
13.869,warmup,690,24.497
13.886,warmup,691,17.570
13.904,warmup,692,17.504
13.924,warmup,693,20.324
13.944,warmup,694,19.853
13.969,warmup,694,24.709
13.988,warmup,696,19.001
14.005,warmup,697,16.884
14.024,warmup,698,19.152
14.043,warmup,699,19.649
14.090,warmup,701,46.598
14.105,warmup,702,14.502
14.105,warmup,702,0.706
14.126,warmup,703,20.816
14.144,warmup,704,18.079
14.174,warmup,704,29.525
14.188,warmup,706,14.289
14.203,warmup,707,15.291
14.223,warmup,708,19.434
14.242,warmup,709,19.699
14.268,warmup,710,25.909
14.286,warmup,711,17.878
14.303,warmup,712,16.949
14.323,warmup,713,19.823
14.343,warmup,714,20.431
14.369,warmup,714,25.143
14.388,warmup,716,18.943
14.404,warmup,717,16.952
14.423,warmup,718,19.042
14.444,warmup,719,20.614
14.487,warmup,721,42.682
14.488,warmup,721,0.710
14.523,warmup,723,35.595
14.524,warmup,723,0.660
14.543,warmup,724,19.423
14.568,warmup,725,25.210
14.586,warmup,726,17.617
14.603,warmup,727,17.177
14.623,warmup,728,19.695
14.643,warmup,729,20.442
14.669,warmup,729,25.523
14.687,warmup,731,18.654
14.704,warmup,732,16.909
14.723,warmup,733,18.905
14.744,warmup,734,20.565
14.789,warmup,736,45.320
14.807,warmup,737,17.529
14.807,warmup,737,0.717
14.823,warmup,738,15.846
14.844,warmup,739,20.775
14.887,warmup,741,43.063
14.888,warmup,741,0.727
14.904,warmup,742,15.721
14.923,warmup,743,19.807
14.944,warmup,744,20.218
14.968,warmup,745,24.725
14.986,warmup,746,17.689
15.003,warmup,747,16.955
15.023,warmup,748,19.919
15.043,warmup,749,20.151
15.087,warmup,751,43.787
15.088,warmup,751,0.697
15.104,warmup,752,16.692
15.123,warmup,753,18.736
15.143,warmup,754,19.764
15.191,warmup,756,48.458
15.206,warmup,757,14.570
15.206,warmup,757,0.678
15.227,warmup,758,20.545
15.244,warmup,759,17.135
15.287,warmup,761,43.248
15.288,warmup,761,0.748
15.303,warmup,762,14.764
15.324,warmup,763,21.017
15.343,warmup,764,19.171
15.368,warmup,765,25.317
15.386,warmup,766,17.654
15.403,warmup,767,16.906
15.423,warmup,768,19.602
15.444,warmup,769,21.138
15.487,warmup,771,43.137
15.487,warmup,771,0.677
15.504,warmup,772,16.822
15.523,warmup,773,18.908
15.544,warmup,774,20.491
15.571,warmup,774,27.787
15.605,warmup,777,33.758
15.606,warmup,777,0.716
15.627,warmup,778,20.992
15.643,warmup,779,16.275
15.669,warmup,780,25.564
15.687,warmup,781,17.728
15.704,warmup,782,17.327
15.724,warmup,783,20.398
15.744,warmup,784,19.547
15.787,warmup,786,43.121
15.788,warmup,786,0.669
15.805,warmup,787,17.155
15.824,warmup,788,19.066
15.844,warmup,789,20.076
15.888,warmup,791,44.139
15.889,warmup,791,0.685
15.906,warmup,792,17.495
15.924,warmup,793,17.471
15.943,warmup,794,19.686
15.974,warmup,794,30.213
16.007,warmup,797,33.164
16.007,warmup,797,0.704
16.023,warmup,798,15.887
16.045,warmup,799,21.190
16.069,warmup,800,24.369
16.086,warmup,801,17.581
16.104,warmup,802,17.513
16.123,warmup,803,19.176
16.144,warmup,804,20.540
16.187,warmup,806,43.505
16.188,warmup,806,0.657
16.205,warmup,807,16.870
16.224,warmup,808,19.127
16.244,warmup,809,19.871
16.290,warmup,811,46.045
16.304,warmup,812,14.627
16.305,warmup,812,0.728
16.326,warmup,813,20.574
16.344,warmup,814,17.872
16.389,warmup,816,44.994
16.403,warmup,817,14.350
16.404,warmup,817,0.702
16.424,warmup,818,20.397
16.443,warmup,819,19.262
16.469,warmup,820,25.475
16.486,warmup,821,17.571
16.504,warmup,822,17.396
16.524,warmup,823,20.305
16.544,warmup,824,19.704
16.587,warmup,826,43.552
16.588,warmup,826,0.642
16.605,warmup,827,16.708
16.624,warmup,828,19.169
16.644,warmup,829,20.076
16.690,warmup,831,46.489
16.705,warmup,832,14.553
16.706,warmup,832,0.715
16.727,warmup,833,20.905
16.744,warmup,834,17.843
16.788,warmup,836,43.462
16.789,warmup,836,0.731
16.804,warmup,837,15.168
16.824,warmup,838,20.341
16.844,warmup,839,19.737
16.868,warmup,840,24.599
16.886,warmup,841,18.029
16.904,warmup,842,17.820
16.923,warmup,843,18.909
16.944,warmup,844,20.863
16.987,warmup,846,43.148
16.988,warmup,846,0.642
17.005,warmup,847,16.743
17.024,warmup,848,19.131
17.044,warmup,849,20.120
17.091,warmup,851,46.787
17.105,warmup,852,14.689
17.106,warmup,852,0.723
17.127,warmup,853,20.695
17.145,warmup,854,18.046
17.188,warmup,856,42.995
17.188,warmup,856,0.737
17.204,warmup,857,15.670
17.224,warmup,858,19.481
17.243,warmup,859,19.835
17.269,warmup,860,25.406
17.287,warmup,861,17.643
17.304,warmup,862,17.349
17.324,warmup,863,20.409
17.344,warmup,864,19.710
17.387,warmup,866,43.192
17.388,warmup,866,0.672
17.405,warmup,867,16.878
17.424,warmup,868,19.060
17.444,warmup,869,20.007
17.490,warmup,871,46.532
17.505,warmup,872,14.350
17.505,warmup,872,0.718
17.526,warmup,873,20.869
17.544,warmup,874,18.002
17.588,warmup,876,43.804
17.589,warmup,876,0.723
17.604,warmup,877,15.232
17.623,warmup,878,19.189
17.644,warmup,879,21.069
17.669,warmup,880,24.521
17.687,warmup,881,17.744
17.704,warmup,882,17.564
17.723,warmup,883,19.167
17.744,warmup,884,20.792
17.787,warmup,886,43.133
17.788,warmup,886,0.707
17.805,warmup,887,16.861
17.824,warmup,888,18.722
17.845,warmup,889,21.148
17.891,warmup,891,45.901
17.905,warmup,892,14.486
17.906,warmup,892,0.738
17.927,warmup,893,20.766
17.945,warmup,894,18.313
17.988,warmup,896,42.808
17.988,warmup,896,0.724
18.003,warmup,897,15.039
18.024,warmup,898,20.411
18.044,warmup,899,19.772
18.086,warmup,901,42.062
18.086,warmup,901,0.638
18.104,warmup,902,17.213
18.124,warmup,903,20.285
18.143,warmup,904,19.428
18.169,warmup,904,25.693
18.188,warmup,906,18.844
18.205,warmup,907,16.917
18.225,warmup,908,19.826
18.244,warmup,909,19.920
18.290,warmup,911,45.840
18.305,warmup,912,14.583
18.306,warmup,912,0.695
18.326,warmup,913,20.869
18.345,warmup,914,18.340
18.374,warmup,914,28.979
18.388,warmup,916,14.675
18.404,warmup,917,15.220
18.424,warmup,918,20.340
18.444,warmup,919,19.819
18.469,warmup,920,25.027
18.486,warmup,921,17.535
18.504,warmup,922,17.655
18.523,warmup,923,19.034
18.544,warmup,924,20.714
18.587,warmup,926,43.508
18.588,warmup,926,0.668
18.605,warmup,927,16.668
18.624,warmup,928,19.044
18.644,warmup,929,20.245
18.691,warmup,931,46.966
18.705,warmup,932,14.562
18.706,warmup,932,0.748
18.727,warmup,933,20.679
18.745,warmup,934,17.962
18.789,warmup,936,44.429
18.804,warmup,937,14.863
18.805,warmup,937,0.716
18.824,warmup,938,19.341
18.844,warmup,939,19.495
18.886,warmup,941,42.253
18.887,warmup,941,0.717
18.904,warmup,942,17.308
18.923,warmup,943,19.101
18.944,warmup,944,20.501
18.987,warmup,946,43.647
18.988,warmup,946,0.689
19.005,warmup,947,17.015
19.024,warmup,948,19.294
19.043,warmup,949,19.221
19.091,warmup,951,47.172
19.105,warmup,952,14.419
19.106,warmup,952,0.761
19.127,warmup,953,20.758
19.145,warmup,954,18.264
19.188,warmup,956,42.729
19.188,warmup,956,0.714
19.204,warmup,957,15.373
19.224,warmup,958,20.338
19.244,warmup,959,19.667
19.269,warmup,960,25.210
19.286,warmup,961,17.565
19.304,warmup,962,17.193
19.324,warmup,963,20.234
19.344,warmup,964,19.816
19.369,warmup,964,25.270
19.388,warmup,966,18.951
19.405,warmup,967,16.713
19.424,warmup,968,19.010
19.445,warmup,969,21.154
19.490,warmup,971,45.700
19.505,warmup,972,14.551
19.506,warmup,972,0.722
19.527,warmup,973,20.868
19.545,warmup,974,18.299
19.588,warmup,976,43.104
19.589,warmup,976,0.734
19.604,warmup,977,15.040
19.624,warmup,978,20.416
19.644,warmup,979,19.870
19.669,warmup,980,24.809
19.687,warmup,981,17.766
19.704,warmup,982,17.313
19.723,warmup,983,19.244
19.744,warmup,984,20.640
19.787,warmup,986,43.501
19.788,warmup,986,0.661
19.805,warmup,987,16.616
19.823,warmup,988,18.784
19.844,warmup,989,21.000
19.891,warmup,991,46.600
19.906,warmup,992,14.632
19.906,warmup,992,0.726
19.927,warmup,993,20.626
19.945,warmup,994,17.949
19.988,warmup,996,42.948
19.989,warmup,996,0.714
20.004,warmup,997,15.179
20.024,warmup,998,19.991
20.044,warmup,999,19.926
20.086,warmup,1001,42.226
20.087,warmup,1001,0.657
20.104,warmup,1002,17.490
20.123,warmup,1003,19.145
20.144,warmup,1004,20.997
20.187,warmup,1006,43.101
20.188,warmup,1006,0.657
20.205,warmup,1007,16.839
20.224,warmup,1008,19.478
20.244,warmup,1009,20.026
20.292,warmup,1011,47.657
20.306,warmup,1012,14.157
20.307,warmup,1012,0.661
20.324,warmup,1013,17.014
20.343,warmup,1014,19.701
20.372,warmup,1014,28.615
20.405,warmup,1017,33.173
20.406,warmup,1017,0.721
20.426,warmup,1018,20.123
20.444,warmup,1019,17.663
20.474,warmup,1019,29.912
20.488,warmup,1021,14.809
20.504,warmup,1022,15.049
20.524,warmup,1023,20.344
20.544,warmup,1024,19.934
20.569,warmup,1025,25.028
20.586,warmup,1026,17.670
20.604,warmup,1027,17.415
20.623,warmup,1028,19.260
20.644,warmup,1029,21.136
20.669,warmup,1029,24.721
20.688,warmup,1031,18.913
20.705,warmup,1032,16.830
20.724,warmup,1033,19.243
20.743,warmup,1034,19.393
20.772,warmup,1034,28.390
20.806,warmup,1037,33.769
20.806,warmup,1037,0.720
20.827,warmup,1038,20.596
20.845,warmup,1039,18.166
20.888,warmup,1041,42.901
20.889,warmup,1041,0.724
20.904,warmup,1042,15.155
20.924,warmup,1043,20.567
20.944,warmup,1044,19.882
20.969,warmup,1045,24.480
20.986,warmup,1046,17.577
21.004,warmup,1047,17.644
21.023,warmup,1048,19.205
21.045,warmup,1049,21.677
21.087,warmup,1051,42.384
21.088,warmup,1051,0.692
21.105,warmup,1052,16.729
21.124,warmup,1053,19.256
21.144,warmup,1054,20.183
21.190,warmup,1056,46.274
21.205,warmup,1057,14.865
21.206,warmup,1057,0.748
21.226,warmup,1058,20.421
21.244,warmup,1059,17.861
21.288,warmup,1061,43.618
21.289,warmup,1061,0.711
21.304,warmup,1062,15.342
21.323,warmup,1063,19.281
21.344,warmup,1064,21.088
21.369,warmup,1065,24.362
21.386,warmup,1066,17.740
21.404,warmup,1067,17.413
21.424,warmup,1068,20.275
21.444,warmup,1069,20.051
21.487,warmup,1071,43.049
21.488,warmup,1071,0.657
21.505,warmup,1072,16.847
21.524,warmup,1073,19.249
21.544,warmup,1074,20.153
21.590,warmup,1076,46.173
21.605,warmup,1077,14.417
21.605,warmup,1077,0.681
21.626,warmup,1078,20.798
21.644,warmup,1079,17.532
21.688,warmup,1081,44.203
21.689,warmup,1081,0.722
21.704,warmup,1082,15.255
21.724,warmup,1083,20.453
21.744,warmup,1084,19.952
21.769,warmup,1085,24.605
21.787,warmup,1086,17.668
21.804,warmup,1087,17.775
21.823,warmup,1088,18.808
21.844,warmup,1089,20.973
21.887,warmup,1091,43.181
21.888,warmup,1091,0.670
21.905,warmup,1092,16.556
21.924,warmup,1093,19.333
21.944,warmup,1094,20.029
21.987,warmup,1096,42.886
21.988,warmup,1096,0.740
22.026,warmup,1098,38.830
22.027,warmup,1098,0.747
22.044,warmup,1099,17.178
22.069,warmup,1100,24.745
22.087,warmup,1101,17.510
22.104,warmup,1102,17.194
22.124,warmup,1103,20.546
22.144,warmup,1104,20.140
22.169,warmup,1105,24.174
22.187,warmup,1106,18.513
22.204,warmup,1107,17.334
22.223,warmup,1108,18.923
22.245,warmup,1109,21.154
22.287,warmup,1111,42.951
22.288,warmup,1111,0.655
22.306,warmup,1112,17.513
22.324,warmup,1113,18.287
22.344,warmup,1114,20.096
22.373,warmup,1114,29.227
22.407,warmup,1117,34.023
22.408,warmup,1117,0.782
22.427,warmup,1118,19.141
22.444,warmup,1119,16.490
22.469,warmup,1120,25.068
22.486,warmup,1121,17.755
22.504,warmup,1122,17.723
22.524,warmup,1123,19.552
22.544,warmup,1124,20.032
22.587,warmup,1126,43.121
22.588,warmup,1126,0.659
22.605,warmup,1127,17.143
22.624,warmup,1128,19.679
22.645,warmup,1129,20.260
22.649,warmup,1129,4.500
22.689,warmup,1131,39.625
22.706,warmup,1132,17.589
22.723,warmup,1133,17.082
22.745,warmup,1134,21.350
22.774,warmup,1134,28.934
22.808,warmup,1137,33.778
22.808,warmup,1137,0.731
22.823,warmup,1138,15.201
22.845,warmup,1139,21.327
22.869,warmup,1140,24.070
22.887,warmup,1141,17.737
22.904,warmup,1142,17.719
22.924,warmup,1143,19.560
22.944,warmup,1144,20.467
22.987,warmup,1146,43.057
22.988,warmup,1146,0.680
23.005,warmup,1147,16.899
23.023,warmup,1148,17.979
23.044,warmup,1149,20.672
23.090,warmup,1151,45.985
23.107,warmup,1152,17.792
23.108,warmup,1152,0.759
23.124,warmup,1153,15.530
23.144,warmup,1154,20.326
23.189,warmup,1156,45.478
23.210,warmup,1157,20.566
23.224,warmup,1158,14.326
23.225,warmup,1158,0.801
23.244,warmup,1159,19.241
23.289,warmup,1161,44.717
23.304,warmup,1162,15.078
23.305,warmup,1162,0.706
23.324,warmup,1163,18.807
23.344,warmup,1164,20.350
23.387,warmup,1166,42.812
23.388,warmup,1166,0.644
23.404,warmup,1167,16.816
23.425,warmup,1168,20.161
23.445,warmup,1169,20.626
23.487,warmup,1171,42.301
23.488,warmup,1171,0.693
23.505,warmup,1172,16.794
23.524,warmup,1173,19.150
23.545,warmup,1174,20.582
23.586,warmup,1176,41.145
23.586,warmup,1176,0.691
23.605,warmup,1177,18.177
23.625,warmup,1178,20.440
23.645,warmup,1179,19.615
23.689,warmup,1181,43.877
23.704,warmup,1182,15.159
23.705,warmup,1182,0.756
23.727,warmup,1183,22.289
23.744,warmup,1184,17.515
23.768,warmup,1184,23.536
23.811,warmup,1187,42.862
23.826,warmup,1188,15.301
23.827,warmup,1188,0.783
23.845,warmup,1189,17.722
23.890,warmup,1191,45.446
23.905,warmup,1192,14.812
23.906,warmup,1192,0.721
23.924,warmup,1193,18.939
23.945,warmup,1194,20.658
23.986,warmup,1196,40.778
23.987,warmup,1196,0.667
24.005,warmup,1197,18.410
24.024,warmup,1198,18.987
24.044,warmup,1199,20.379
24.089,warmup,1201,44.315
24.104,warmup,1202,15.365
24.105,warmup,1202,0.704
24.125,warmup,1203,20.495
24.145,warmup,1204,19.757
24.186,warmup,1206,41.497
24.187,warmup,1206,0.654
24.205,warmup,1207,18.212
24.225,warmup,1208,19.910
24.245,warmup,1209,19.448
24.286,warmup,1211,41.646
24.287,warmup,1211,0.671
24.306,warmup,1212,19.172
24.325,warmup,1213,18.534
24.344,warmup,1214,19.460
24.389,warmup,1216,44.488
24.404,warmup,1217,14.950
24.404,warmup,1217,0.703
24.427,warmup,1218,23.014
24.445,warmup,1219,18.068
24.486,warmup,1221,40.707
24.487,warmup,1221,0.648
24.505,warmup,1222,18.393
24.528,warmup,1223,22.627
24.545,warmup,1224,16.750
24.568,warmup,1225,23.930
24.587,warmup,1226,18.174
24.605,warmup,1227,18.747
24.651,warmup,1229,45.179
24.671,warmup,1230,20.486
24.688,warmup,1231,16.711
24.688,warmup,1231,0.683
24.706,warmup,1232,17.117
24.724,warmup,1233,18.795
24.745,warmup,1234,20.504
24.785,warmup,1236,40.629
24.786,warmup,1236,0.634
24.804,warmup,1237,18.012
24.824,warmup,1238,20.031
24.845,warmup,1239,20.369
24.886,warmup,1241,41.378
24.887,warmup,1241,0.665
24.905,warmup,1242,18.710
24.924,warmup,1243,18.945
24.945,warmup,1244,20.926
24.986,warmup,1246,41.077
24.987,warmup,1246,0.690
25.005,warmup,1247,17.914
25.025,warmup,1248,20.253
25.045,warmup,1249,19.454
25.085,warmup,1251,40.740
25.086,warmup,1251,0.637
25.104,warmup,1252,18.125
25.126,warmup,1253,21.648
25.144,warmup,1254,17.991
25.167,warmup,1255,23.648
25.167,warmup,1255,0.120
25.208,warmup,1257,40.833
25.223,warmup,1258,14.990
25.244,warmup,1259,20.812
25.287,warmup,1261,43.111
25.288,warmup,1261,0.717
25.303,warmup,1262,14.784
25.325,warmup,1263,22.458
25.343,warmup,1264,18.236
25.368,warmup,1265,25.114
25.385,warmup,1266,16.182
25.404,warmup,1267,19.056
25.424,warmup,1268,19.949
25.443,warmup,1269,19.173
25.468,warmup,1270,25.634
25.486,warmup,1271,17.544
25.503,warmup,1272,17.317
25.523,warmup,1273,19.750
25.542,warmup,1274,19.315
25.586,warmup,1276,43.838
25.587,warmup,1276,0.774
25.605,warmup,1277,17.513
25.623,warmup,1278,18.625
25.643,warmup,1279,20.175
25.691,warmup,1281,47.538
25.704,warmup,1282,13.478
25.705,warmup,1282,0.733
25.725,warmup,1283,20.342
25.743,warmup,1284,17.824
25.768,warmup,1285,25.031
25.786,warmup,1286,17.273
25.803,warmup,1287,17.631
25.822,warmup,1288,19.283
25.844,warmup,1289,21.053
25.886,warmup,1291,42.659
25.889,warmup,1291,2.423
25.904,warmup,1292,15.092
25.923,warmup,1293,19.661
25.943,warmup,1294,20.012
25.988,warmup,1296,44.692
25.989,warmup,1296,0.648
26.006,warmup,1297,17.755
26.022,warmup,1298,15.890
26.044,warmup,1299,21.248
26.064,warmup,1300,20.347
26.066,warmup,1300,1.763
26.104,warmup,1302,38.544
26.123,warmup,1303,18.296
26.143,warmup,1304,20.889
26.168,warmup,1305,25.000
26.186,warmup,1306,17.168
26.203,warmup,1307,17.322
26.222,warmup,1308,19.207
26.243,warmup,1309,20.601
26.262,warmup,1310,19.476
26.267,warmup,1310,4.516
26.303,warmup,1312,36.220
26.322,warmup,1313,18.995
26.341,warmup,1314,19.468
26.363,warmup,1314,21.813
26.367,warmup,1315,4.215
26.408,warmup,1317,40.353
26.422,warmup,1318,14.238
26.442,warmup,1319,20.388
26.462,warmup,1320,20.029
26.467,warmup,1320,4.250
26.503,warmup,1322,36.170
26.523,warmup,1323,19.980
26.542,warmup,1324,18.734
26.569,warmup,1324,27.134
26.586,warmup,1326,17.265
26.603,warmup,1327,16.814
26.623,warmup,1328,19.879
26.641,warmup,1329,18.724
26.664,warmup,1330,22.666
26.667,warmup,1330,2.602
26.708,warmup,1332,41.022
26.722,warmup,1333,14.627
26.743,warmup,1334,20.835
26.768,warmup,1335,24.987
26.803,warmup,1337,34.752
26.804,warmup,1337,0.738
26.822,warmup,1338,18.767
26.842,warmup,1339,19.730
26.862,warmup,1340,20.256
26.867,warmup,1340,4.263
26.903,warmup,1342,36.087
26.923,warmup,1343,19.933
26.941,warmup,1344,18.733
26.962,warmup,1345,20.630
26.967,warmup,1345,4.697
27.003,warmup,1347,36.144
27.022,warmup,1348,19.279
27.043,warmup,1349,20.745
27.064,warmup,1350,21.034
27.066,warmup,1350,1.789
27.108,warmup,1352,42.052
27.122,warmup,1353,14.637
27.143,warmup,1354,20.940
27.184,warmup,1356,41.112
27.185,warmup,1356,0.700
27.202,warmup,1357,17.172
27.222,warmup,1358,19.888
27.243,warmup,1359,20.584
27.262,warmup,1360,19.464
27.267,warmup,1360,4.378
27.303,warmup,1362,36.430
27.322,warmup,1363,19.044
27.343,warmup,1364,20.418
27.362,warmup,1365,19.704
27.367,warmup,1365,4.465
27.403,warmup,1367,36.712
27.423,warmup,1368,19.106
27.443,warmup,1369,20.608
27.463,warmup,1370,19.712
27.467,warmup,1370,3.878
27.508,warmup,1372,41.107
27.522,warmup,1373,14.217
27.543,warmup,1374,20.596
27.567,warmup,1375,24.659
27.567,warmup,1375,0.116
27.603,warmup,1377,35.498
27.622,warmup,1378,18.889
27.642,warmup,1379,20.315
27.662,warmup,1380,19.948
27.667,warmup,1380,4.663
27.703,warmup,1382,36.094
27.723,warmup,1383,19.935
27.741,warmup,1384,18.516
27.764,warmup,1384,22.248
27.767,warmup,1385,3.957
27.808,warmup,1387,40.223
27.822,warmup,1388,14.647
27.843,warmup,1389,20.415
27.863,warmup,1390,19.890
27.867,warmup,1390,4.023
27.903,warmup,1392,36.216
27.923,warmup,1393,20.057
27.942,warmup,1394,18.564
27.962,warmup,1395,20.593
27.967,warmup,1395,4.583
28.003,warmup,1397,35.971
28.023,warmup,1398,19.977
28.042,warmup,1399,19.173
28.063,warmup,1400,21.649
28.067,warmup,1400,3.258
28.106,warmup,1402,38.995
28.123,warmup,1403,17.543
28.143,warmup,1404,19.453
28.163,warmup,1405,20.497
28.167,warmup,1405,3.481
28.203,warmup,1407,36.457
28.222,warmup,1408,18.857
28.241,warmup,1409,19.498
28.262,warmup,1410,20.709
28.267,warmup,1410,4.444
28.302,warmup,1412,35.543
28.322,warmup,1413,19.982
28.343,warmup,1414,20.530
28.369,warmup,1414,25.881
28.386,warmup,1416,17.653
28.404,warmup,1417,17.736
28.422,warmup,1418,17.923
28.441,warmup,1419,19.591
28.463,warmup,1419,21.310
28.466,warmup,1420,3.656
28.503,warmup,1422,36.704
28.522,warmup,1423,18.910
28.542,warmup,1424,20.415
28.562,warmup,1425,19.936
28.567,warmup,1425,4.210
28.603,warmup,1427,35.972
28.623,warmup,1428,20.083
28.641,warmup,1429,18.762
28.662,warmup,1430,20.781
28.667,warmup,1430,4.485
28.703,warmup,1432,36.436
28.722,warmup,1433,19.023
28.743,warmup,1434,20.419
28.764,warmup,1435,21.633
28.767,warmup,1435,2.505
28.808,warmup,1437,40.908
28.822,warmup,1438,14.062
28.842,warmup,1439,20.436
28.867,warmup,1439,24.678
28.885,warmup,1441,17.925
28.903,warmup,1442,18.282
28.922,warmup,1443,18.809
28.942,warmup,1444,20.545
28.962,warmup,1445,19.811
28.967,warmup,1445,4.525
29.003,warmup,1447,36.135
29.023,warmup,1448,20.054
29.042,warmup,1449,18.726
29.072,warmup,1449,30.277
29.107,warmup,1452,34.967
29.108,warmup,1452,0.753
29.123,warmup,1453,14.968
29.142,warmup,1454,19.633
29.162,warmup,1455,20.060
29.167,warmup,1455,4.329
29.202,warmup,1457,35.551
29.222,warmup,1458,19.417
29.241,warmup,1459,19.849
29.261,warmup,1459,19.984
29.267,warmup,1460,5.229
29.303,warmup,1462,36.321
29.322,warmup,1463,18.886
29.342,warmup,1464,19.673
29.363,warmup,1465,21.947
29.367,warmup,1465,3.267
29.406,warmup,1467,38.934
29.423,warmup,1468,17.787
29.443,warmup,1469,19.703
29.472,warmup,1469,28.495
29.488,warmup,1471,16.692
29.503,warmup,1472,14.444
29.523,warmup,1473,20.066
29.543,warmup,1474,19.718
29.567,warmup,1474,24.744
29.585,warmup,1476,17.438
29.603,warmup,1477,17.971
29.623,warmup,1478,20.048
29.642,warmup,1479,18.838
29.662,warmup,1480,20.638
29.667,warmup,1480,4.513
29.703,warmup,1482,36.153
29.721,warmup,1483,18.550
29.743,warmup,1484,21.559
29.764,warmup,1485,21.091
29.767,warmup,1485,2.590
29.806,warmup,1487,39.110
29.823,warmup,1488,17.570
29.843,warmup,1489,19.479
29.863,warmup,1490,20.552
29.867,warmup,1490,3.281
29.903,warmup,1492,36.037
29.922,warmup,1493,19.736
29.943,warmup,1494,20.409
29.961,warmup,1495,18.433
29.967,warmup,1495,5.304
30.003,warmup,1497,36.370
30.022,warmup,1498,18.839
30.042,warmup,1499,19.833
30.062,warmup,1500,20.608
30.067,warmup,1500,4.490
30.104,warmup,1502,37.326
30.122,warmup,1503,17.998
30.142,warmup,1504,19.779
30.164,warmup,1505,22.123
30.167,warmup,1505,2.745
30.204,warmup,1507,36.787
30.222,warmup,1508,18.586
30.242,warmup,1509,19.590
30.262,warmup,1510,20.479
30.267,warmup,1510,4.472
30.303,warmup,1512,36.331
30.322,warmup,1513,18.951
30.342,warmup,1514,20.414
30.362,warmup,1515,19.782
30.366,warmup,1515,3.575
30.403,warmup,1517,37.430
30.422,warmup,1518,18.967
30.443,warmup,1519,20.437
30.486,warmup,1521,43.518
30.487,warmup,1521,0.772
30.508,warmup,1522,21.183
30.521,warmup,1523,13.486
30.543,warmup,1524,21.679
30.567,warmup,1525,24.078
30.585,warmup,1526,17.558
30.603,warmup,1527,17.903
30.623,warmup,1528,19.999
30.642,warmup,1529,19.194
30.662,warmup,1530,20.407
30.667,warmup,1530,4.408
30.703,warmup,1532,36.092
30.723,warmup,1533,20.029
30.741,warmup,1534,18.652
30.749,warmup,1534,7.600
30.807,warmup,1537,57.784
30.808,warmup,1537,0.778
30.823,warmup,1538,14.934
30.842,warmup,1539,19.671
30.867,warmup,1540,25.230
30.868,warmup,1540,0.120
30.903,warmup,1542,34.906
30.922,warmup,1543,19.952
30.943,warmup,1544,20.478
30.962,warmup,1545,19.071
30.967,warmup,1545,4.737
31.003,warmup,1547,36.022
31.023,warmup,1548,19.988
31.042,warmup,1549,19.183
31.067,warmup,1550,25.005
31.067,warmup,1550,0.142
31.106,warmup,1552,38.416
31.123,warmup,1553,17.581
31.143,warmup,1554,19.424
31.186,warmup,1556,43.501
31.187,warmup,1556,0.773
31.203,warmup,1557,16.161
31.222,warmup,1558,19.061
31.242,warmup,1559,20.456
31.268,warmup,1560,25.096
31.285,warmup,1561,17.242
31.303,warmup,1562,18.173
31.322,warmup,1563,18.906
31.342,warmup,1564,20.306
31.362,warmup,1565,19.973
31.367,warmup,1565,4.535
31.403,warmup,1567,36.690
31.422,warmup,1568,18.989
31.442,warmup,1569,19.817
31.468,warmup,1570,25.758
31.503,warmup,1572,35.281
31.504,warmup,1572,0.733
31.525,warmup,1573,20.582
31.543,warmup,1574,18.183
31.566,warmup,1575,23.037
31.567,warmup,1575,0.928
31.603,warmup,1577,36.246
31.622,warmup,1578,18.864
31.642,warmup,1579,20.653
31.662,warmup,1580,19.676
31.666,warmup,1580,4.193
31.703,warmup,1582,37.130
31.722,warmup,1583,18.740
31.743,warmup,1584,20.944
31.789,warmup,1586,45.471
31.806,warmup,1587,17.574
31.807,warmup,1587,0.677
31.822,warmup,1588,14.851
31.843,warmup,1589,20.821
31.868,warmup,1590,25.718
31.886,warmup,1591,17.356
31.903,warmup,1592,17.398
31.922,warmup,1593,19.163
31.943,warmup,1594,20.954
31.963,warmup,1595,19.828
31.967,warmup,1595,3.727
32.003,warmup,1597,36.772
32.023,warmup,1598,19.310
32.042,warmup,1599,19.477
32.063,warmup,1600,20.299
32.067,warmup,1600,4.182
32.106,warmup,1602,38.832
32.123,warmup,1603,17.625
32.143,warmup,1604,19.909
32.163,warmup,1605,20.044
32.167,warmup,1605,3.549
32.203,warmup,1607,36.789
32.223,warmup,1608,19.537
32.243,warmup,1609,19.683
32.267,warmup,1610,24.799
32.268,warmup,1610,0.119
32.303,warmup,1612,35.556
32.322,warmup,1613,18.889
32.342,warmup,1614,20.033
32.363,warmup,1615,20.555
32.367,warmup,1615,4.110
32.404,warmup,1617,37.282
32.422,warmup,1618,18.366
32.443,warmup,1619,20.603
32.485,warmup,1621,42.364
32.486,warmup,1621,0.768
32.509,warmup,1622,22.484
32.522,warmup,1623,13.748
32.543,warmup,1624,20.845
32.568,warmup,1625,24.885
32.586,warmup,1626,17.533
32.603,warmup,1627,17.722
32.623,warmup,1628,19.340
32.642,warmup,1629,19.311
32.663,warmup,1630,21.063
32.667,warmup,1630,3.965
32.703,warmup,1632,36.378
32.722,warmup,1633,18.421
32.742,warmup,1634,19.798
32.764,warmup,1635,22.424
32.767,warmup,1635,2.615
32.807,warmup,1637,40.479
32.822,warmup,1638,14.904
32.843,warmup,1639,20.975
32.868,warmup,1640,24.843
32.885,warmup,1641,17.017
32.903,warmup,1642,18.096
32.922,warmup,1643,18.878
32.941,warmup,1644,19.621
32.962,warmup,1645,20.781
32.967,warmup,1645,4.426
33.003,warmup,1647,36.184
33.023,warmup,1648,20.004
33.042,warmup,1649,19.273
33.064,warmup,1650,22.019
33.067,warmup,1650,2.554
33.106,warmup,1652,38.985
33.123,warmup,1653,17.607
33.143,warmup,1654,19.514
33.164,warmup,1655,21.268
33.167,warmup,1655,2.617
33.203,warmup,1657,36.724
33.222,warmup,1658,18.840
33.243,warmup,1659,20.524
33.268,warmup,1660,25.371
33.285,warmup,1661,16.842
33.302,warmup,1662,17.286
33.322,warmup,1663,19.751
33.342,warmup,1664,20.435
33.362,warmup,1665,19.504
33.367,warmup,1665,4.684
33.404,warmup,1667,37.285
33.422,warmup,1668,18.073
33.442,warmup,1669,19.704
33.468,warmup,1670,26.298
33.503,warmup,1672,35.033
33.504,warmup,1672,0.708
33.522,warmup,1673,18.173
33.542,warmup,1674,19.790
33.567,warmup,1675,25.753
33.585,warmup,1676,17.320
33.603,warmup,1677,17.920
33.622,warmup,1678,19.538
33.643,warmup,1679,20.381
33.662,warmup,1680,19.437
33.667,warmup,1680,4.650
33.703,warmup,1682,36.135
33.722,warmup,1683,19.410
33.743,warmup,1684,20.562
33.763,warmup,1684,20.270
33.767,warmup,1685,4.313
33.808,warmup,1687,40.322
33.822,warmup,1688,14.670
33.843,warmup,1689,20.613
33.862,warmup,1690,19.432
33.867,warmup,1690,4.262
33.902,warmup,1692,35.312
33.922,warmup,1693,19.974
33.942,warmup,1694,19.560
33.962,warmup,1695,20.602
33.967,warmup,1695,4.551
34.003,warmup,1697,35.944
34.023,warmup,1698,20.028
34.042,warmup,1699,19.295
34.064,warmup,1700,22.131
34.067,warmup,1700,2.620
34.108,warmup,1702,40.897
34.122,warmup,1703,14.559
34.143,warmup,1704,20.958
34.168,warmup,1705,24.785
34.203,warmup,1707,35.503
34.204,warmup,1707,0.682
34.222,warmup,1708,17.809
34.242,warmup,1709,20.459
34.267,warmup,1710,25.069
34.268,warmup,1710,0.134
34.303,warmup,1712,35.228
34.323,warmup,1713,19.978
34.342,warmup,1714,18.774
34.368,warmup,1714,26.911
34.386,warmup,1716,17.492
34.403,warmup,1717,16.887
34.423,warmup,1718,20.015
34.442,warmup,1719,18.631
34.464,warmup,1720,22.299
34.467,warmup,1720,2.930
34.508,warmup,1722,40.988
34.522,warmup,1723,14.195
34.542,warmup,1724,20.134
34.562,warmup,1725,20.233
34.567,warmup,1725,4.385
34.603,warmup,1727,36.241
34.621,warmup,1728,18.213
34.642,warmup,1729,20.911
34.662,warmup,1730,20.370
34.667,warmup,1730,4.294
34.703,warmup,1732,36.082
34.722,warmup,1733,19.630
34.743,warmup,1734,20.509
34.764,warmup,1735,20.921
34.767,warmup,1735,2.862
34.808,warmup,1737,40.997
34.822,warmup,1738,14.781
34.843,warmup,1739,20.880
34.890,warmup,1741,46.931
34.903,warmup,1742,12.620
34.904,warmup,1742,0.708
34.923,warmup,1743,18.884
34.943,warmup,1744,20.617
34.966,warmup,1745,22.459
34.967,warmup,1745,1.173
35.003,warmup,1747,36.007
35.022,warmup,1748,19.495
35.043,warmup,1749,20.362
35.062,warmup,1750,19.503
35.067,warmup,1750,4.625
35.103,warmup,1752,36.053
35.122,warmup,1753,19.539
35.143,warmup,1754,20.513
35.164,warmup,1755,21.191
35.167,warmup,1755,2.600
35.208,warmup,1757,41.050
35.222,warmup,1758,14.560
35.243,warmup,1759,20.464
35.267,warmup,1760,24.604
35.267,warmup,1760,0.120
35.303,warmup,1762,35.597
35.321,warmup,1763,18.286
35.343,warmup,1764,21.618
35.362,warmup,1765,19.251
35.367,warmup,1765,4.509
35.403,warmup,1767,35.985
35.423,warmup,1768,19.992
35.442,warmup,1769,19.426
35.471,warmup,1769,28.876
35.507,warmup,1772,35.640
35.507,warmup,1772,0.749
35.522,warmup,1773,14.699
35.543,warmup,1774,20.768
35.567,warmup,1775,24.551
35.568,warmup,1775,0.119
35.603,warmup,1777,35.239
35.623,warmup,1778,20.034
35.642,warmup,1779,19.200
35.662,warmup,1780,20.110
35.667,warmup,1780,4.632
35.703,warmup,1782,36.121
35.723,warmup,1783,20.170
35.742,warmup,1784,19.289
35.764,warmup,1785,21.866
35.767,warmup,1785,2.550
35.806,warmup,1787,38.956
35.823,warmup,1788,17.622
35.843,warmup,1789,19.460
35.864,warmup,1790,21.436
35.867,warmup,1790,2.491
35.903,warmup,1792,35.956
35.923,warmup,1793,19.954
35.942,warmup,1794,19.139
35.949,warmup,1794,7.291
35.985,warmup,1796,35.836
36.003,warmup,1797,18.158
36.022,warmup,1798,18.871
36.042,warmup,1799,19.661
36.062,warmup,1800,20.584
36.067,warmup,1800,4.581
36.104,warmup,1802,37.275
36.122,warmup,1803,18.141
36.143,warmup,1804,20.611
36.164,warmup,1805,21.235
36.167,warmup,1805,2.673
36.204,warmup,1807,37.004
36.223,warmup,1808,19.332
36.242,warmup,1809,19.436
36.268,warmup,1810,25.762
36.285,warmup,1811,16.715
36.303,warmup,1812,18.008
36.322,warmup,1813,18.940
36.342,warmup,1814,19.720
36.362,warmup,1815,20.532
36.367,warmup,1815,4.623
36.403,warmup,1817,36.504
36.422,warmup,1818,18.469
36.442,warmup,1819,20.242
36.464,warmup,1820,21.892
36.467,warmup,1820,2.851
36.508,warmup,1822,40.982
36.522,warmup,1823,14.128
36.541,warmup,1824,19.615
36.567,warmup,1825,25.730
36.585,warmup,1826,17.697
36.603,warmup,1827,18.054
36.622,warmup,1828,18.899
36.642,warmup,1829,20.556
36.662,warmup,1830,19.892
36.667,warmup,1830,4.465
36.703,warmup,1832,36.133
36.723,warmup,1833,19.852
36.742,warmup,1834,19.224
36.763,warmup,1835,21.577
36.767,warmup,1835,3.207
36.808,warmup,1837,41.012
36.823,warmup,1838,14.867
36.843,warmup,1839,20.927
36.885,warmup,1841,41.342
36.886,warmup,1841,0.691
36.902,warmup,1842,16.941
36.922,warmup,1843,19.264
36.942,warmup,1844,20.386
36.962,warmup,1845,19.936
36.967,warmup,1845,4.563
37.003,warmup,1847,36.406
37.022,warmup,1848,19.011
37.043,warmup,1849,20.489
37.085,warmup,1851,42.958
37.086,warmup,1851,0.631
37.104,warmup,1852,17.733
37.123,warmup,1853,18.965
37.142,warmup,1854,19.253
37.164,warmup,1855,22.030
37.167,warmup,1855,2.603
37.203,warmup,1857,36.787
37.222,warmup,1858,18.789
37.243,warmup,1859,20.429
37.262,warmup,1860,19.534
37.267,warmup,1860,4.408
37.303,warmup,1862,36.192
37.322,warmup,1863,19.186
37.342,warmup,1864,19.619
37.369,warmup,1864,27.049
37.386,warmup,1866,17.185
37.403,warmup,1867,17.300
37.422,warmup,1868,18.938
37.442,warmup,1869,19.681
37.468,warmup,1870,26.121
37.503,warmup,1872,35.409
37.504,warmup,1872,0.717
37.525,warmup,1873,20.566
37.543,warmup,1874,18.155
37.562,warmup,1875,19.601
37.567,warmup,1875,4.266
37.603,warmup,1877,36.404
37.622,warmup,1878,18.924
37.642,warmup,1879,20.400
37.662,warmup,1880,19.835
37.667,warmup,1880,4.516
37.703,warmup,1882,36.044
37.723,warmup,1883,19.966
37.741,warmup,1884,18.613
37.764,warmup,1885,22.607
37.767,warmup,1885,2.720
37.807,warmup,1887,39.947
37.822,warmup,1888,15.568
37.843,warmup,1889,20.935
37.864,warmup,1890,20.987
37.867,warmup,1890,2.601
37.903,warmup,1892,35.968
37.922,warmup,1893,19.605
37.943,warmup,1894,20.475
37.962,warmup,1895,19.641
37.967,warmup,1895,4.218
38.002,warmup,1897,35.613
38.022,warmup,1898,20.110
38.043,warmup,1899,20.506
38.069,warmup,1899,25.818
38.086,warmup,1901,17.426
38.104,warmup,1902,17.910
38.122,warmup,1903,18.123
38.143,warmup,1904,20.538
38.163,warmup,1905,20.346
38.167,warmup,1905,3.692
38.203,warmup,1907,36.717
38.222,warmup,1908,18.894
38.242,warmup,1909,19.603
38.262,warmup,1910,20.394
38.267,warmup,1910,4.357
38.303,warmup,1912,36.437
38.322,warmup,1913,18.875
38.342,warmup,1914,20.464
38.362,warmup,1915,19.630
38.367,warmup,1915,4.679
38.403,warmup,1917,36.365
38.422,warmup,1918,19.095
38.443,warmup,1919,20.442
38.464,warmup,1920,21.400
38.467,warmup,1920,2.642
38.508,warmup,1922,41.102
38.522,warmup,1923,14.065
38.541,warmup,1924,19.525
38.567,warmup,1925,26.010
38.568,warmup,1925,0.124
38.603,warmup,1927,35.147
38.623,warmup,1928,19.938
38.642,warmup,1929,18.955
38.669,warmup,1929,27.079
38.686,warmup,1931,17.375
38.703,warmup,1932,16.986
38.722,warmup,1933,18.996
38.741,warmup,1934,19.513
38.764,warmup,1935,22.364
38.767,warmup,1935,2.811
38.808,warmup,1937,41.239
38.823,warmup,1938,15.202
38.845,warmup,1939,21.973
38.889,warmup,1941,44.163
38.906,warmup,1942,16.687
38.907,warmup,1942,0.754
38.922,warmup,1943,15.766
38.943,warmup,1944,20.577
38.962,warmup,1945,19.389
38.967,warmup,1945,4.282
39.003,warmup,1947,36.186
39.023,warmup,1948,19.987
39.042,warmup,1949,19.407
39.062,warmup,1950,19.890
39.067,warmup,1950,4.496
39.104,warmup,1952,37.178
39.123,warmup,1953,19.095
39.142,warmup,1954,19.366
39.163,warmup,1955,20.287
39.167,warmup,1955,4.014
39.221,warmup,1958,54.740
39.222,warmup,1958,0.709
39.242,warmup,1959,19.626
39.262,warmup,1960,20.570
39.267,warmup,1960,4.428
39.303,warmup,1962,35.971
39.323,warmup,1963,20.045
39.341,warmup,1964,18.692
39.362,warmup,1965,20.405
39.367,warmup,1965,4.915
39.404,warmup,1967,37.077
39.423,warmup,1968,18.875
39.442,warmup,1969,19.334
39.462,warmup,1969,19.897
39.468,warmup,1970,5.636
39.508,warmup,1972,40.429
39.523,warmup,1973,14.624
39.543,warmup,1974,20.491
39.562,warmup,1975,19.222
39.567,warmup,1975,4.374
39.584,warmup,1976,17.505
39.622,warmup,1978,38.160
39.643,warmup,1979,20.427
39.662,warmup,1980,18.861
39.667,warmup,1980,5.026
39.704,warmup,1982,37.051
39.723,warmup,1983,18.959
39.742,warmup,1984,19.243
39.763,warmup,1985,20.603
39.767,warmup,1985,4.185
39.806,warmup,1987,39.566
39.824,warmup,1988,17.857
39.842,warmup,1989,18.332
39.863,warmup,1990,20.595
39.866,warmup,1990,2.694
39.908,warmup,1992,41.964
39.922,warmup,1993,14.056
39.941,warmup,1994,19.716
39.967,warmup,1995,25.844
39.967,warmup,1995,0.116
40.002,warmup,1997,34.810
40.022,warmup,1998,19.981
40.043,warmup,1999,20.515
40.062,warmup,2000,19.515
40.067,warmup,2000,4.423
40.104,warmup,2002,37.238
40.123,warmup,2003,18.939
40.142,warmup,2004,18.785
40.174,warmup,2004,31.905
40.204,warmup,2007,30.032
40.204,warmup,2007,0.654
40.222,warmup,2008,17.830
40.243,warmup,2009,20.541
40.267,warmup,2009,24.585
40.285,warmup,2011,17.493
40.303,warmup,2012,18.114
40.323,warmup,2013,19.969
40.342,warmup,2014,18.950
40.362,warmup,2015,20.455
40.367,warmup,2015,4.518
40.403,warmup,2017,36.172
40.423,warmup,2018,19.884
40.442,warmup,2019,18.910
40.490,warmup,2021,48.376
40.503,warmup,2022,13.163
40.504,warmup,2022,0.681
40.524,warmup,2023,20.513
40.543,warmup,2024,18.562
40.567,warmup,2024,24.313
40.585,warmup,2026,17.579
40.603,warmup,2027,17.938
40.622,warmup,2028,19.370
40.643,warmup,2029,20.540
40.662,warmup,2030,19.597
40.667,warmup,2030,4.425
40.703,warmup,2032,36.145
40.723,warmup,2033,20.073
40.742,warmup,2034,19.178
40.763,warmup,2035,21.008
40.767,warmup,2035,3.578
40.807,warmup,2037,39.948
40.822,warmup,2038,15.793
40.842,warmup,2039,20.031
40.868,warmup,2040,25.166
40.885,warmup,2041,17.185
40.902,warmup,2042,17.640
40.922,warmup,2043,19.302
40.942,warmup,2044,20.303
40.962,warmup,2045,20.015
40.966,warmup,2045,3.597
41.003,warmup,2047,37.081
41.023,warmup,2048,20.000
41.042,warmup,2049,18.841
41.049,warmup,2049,7.471
41.088,warmup,2051,38.999
41.106,warmup,2052,17.488
41.123,warmup,2053,17.719
41.143,warmup,2054,19.370
41.164,warmup,2055,21.257
41.167,warmup,2055,2.763
41.203,warmup,2057,36.578
41.222,warmup,2058,18.993
41.242,warmup,2059,20.070
41.262,warmup,2060,20.081
41.267,warmup,2060,4.232
41.302,warmup,2062,35.524
41.322,warmup,2063,20.027
41.343,warmup,2064,20.443
41.362,warmup,2065,19.477
41.367,warmup,2065,4.541
41.404,warmup,2067,37.317
41.422,warmup,2068,18.062
41.442,warmup,2069,20.056
41.468,warmup,2070,25.956
41.503,warmup,2072,34.797
41.504,warmup,2072,0.737
41.522,warmup,2073,18.669
41.543,warmup,2074,20.666
41.562,warmup,2075,19.425
41.567,warmup,2075,4.331
41.603,warmup,2077,36.150
41.622,warmup,2078,19.696
41.643,warmup,2079,20.406
41.662,warmup,2080,19.228
41.667,warmup,2080,4.560
41.703,warmup,2082,36.208
41.722,warmup,2083,19.430
41.743,warmup,2084,20.491
41.786,warmup,2086,43.172
41.787,warmup,2086,0.746
41.808,warmup,2087,21.291
41.821,warmup,2088,13.387
41.843,warmup,2089,21.980
41.863,warmup,2090,19.299
41.867,warmup,2090,4.026
41.903,warmup,2092,36.219
41.922,warmup,2093,18.910
41.942,warmup,2094,19.850
41.961,warmup,2094,19.590
41.967,warmup,2095,6.167
42.003,warmup,2097,35.530
42.022,warmup,2098,18.649
42.042,warmup,2099,20.683
42.064,warmup,2100,21.393
42.067,warmup,2100,2.987
42.107,warmup,2102,40.601
42.122,warmup,2103,14.597
42.143,warmup,2104,21.028
42.163,warmup,2105,19.668
42.167,warmup,2105,4.115
42.203,warmup,2107,36.526
42.222,warmup,2108,18.601
42.242,warmup,2109,20.489
42.262,warmup,2110,19.862
42.267,warmup,2110,4.572
42.303,warmup,2112,36.131
42.323,warmup,2113,19.768
42.342,warmup,2114,18.895
42.364,warmup,2115,22.246
42.367,warmup,2115,2.894
42.406,warmup,2117,38.877
42.423,warmup,2118,17.789
42.443,warmup,2119,19.291
42.464,warmup,2120,21.320
42.467,warmup,2120,2.717
42.503,warmup,2122,35.995
42.523,warmup,2123,20.000
42.542,warmup,2124,19.282
42.562,warmup,2125,20.385
42.567,warmup,2125,4.339
42.602,warmup,2127,35.485
42.622,warmup,2128,19.994
42.643,warmup,2129,20.582
42.662,warmup,2130,19.301
42.667,warmup,2130,4.664
42.704,warmup,2132,37.300
42.722,warmup,2133,18.132
42.743,warmup,2134,20.508
42.764,warmup,2135,21.301
42.767,warmup,2135,2.720
42.803,warmup,2137,36.462
42.822,warmup,2138,18.991
42.842,warmup,2139,19.657
42.862,warmup,2140,20.600
42.867,warmup,2140,4.253
42.903,warmup,2142,36.412
42.922,warmup,2143,18.760
42.942,warmup,2144,19.756
42.961,warmup,2144,19.532
42.967,warmup,2145,6.374
43.003,warmup,2147,35.560
43.021,warmup,2148,18.348
43.043,warmup,2149,21.660
43.064,warmup,2150,20.904
43.067,warmup,2150,2.758
43.108,warmup,2152,41.015
43.122,warmup,2153,14.135
43.142,warmup,2154,20.481
43.162,warmup,2155,19.917
43.167,warmup,2155,4.356
43.203,warmup,2157,36.443
43.222,warmup,2158,18.760
43.242,warmup,2159,20.310
43.262,warmup,2160,19.888
43.267,warmup,2160,4.670
43.303,warmup,2162,36.061
43.323,warmup,2163,19.941
43.342,warmup,2164,18.883
43.349,warmup,2164,7.503
43.407,warmup,2167,57.735
43.408,warmup,2167,0.793
43.422,warmup,2168,14.685
43.443,warmup,2169,20.345
43.449,warmup,2169,6.593
43.468,warmup,2170,18.302
43.503,warmup,2172,35.257
43.523,warmup,2173,19.957
43.542,warmup,2174,19.184
43.562,warmup,2175,20.070
43.566,warmup,2175,3.677
43.603,warmup,2177,37.067
43.623,warmup,2178,20.068
43.642,warmup,2179,19.214
43.664,warmup,2180,22.084
43.667,warmup,2180,2.594
43.706,warmup,2182,39.060
43.723,warmup,2183,17.634
43.743,warmup,2184,19.446
43.774,warmup,2184,30.720
43.787,warmup,2186,13.225
43.803,warmup,2187,15.998
43.823,warmup,2188,19.941
43.841,warmup,2189,18.746
43.867,warmup,2189,26.026
43.885,warmup,2191,17.415
43.903,warmup,2192,18.269
43.922,warmup,2193,18.947
43.943,warmup,2194,20.543
43.962,warmup,2195,19.622
43.967,warmup,2195,4.415
44.004,warmup,2197,37.194
44.023,warmup,2198,19.081
44.042,warmup,2199,18.642
44.064,warmup,2200,22.309
44.067,warmup,2200,2.740
44.103,warmup,2202,36.524
44.122,warmup,2203,18.529
44.142,warmup,2204,20.344
44.162,warmup,2205,19.928
44.167,warmup,2205,4.628
44.203,warmup,2207,36.527
44.222,warmup,2208,18.880
44.242,warmup,2209,20.376
44.285,warmup,2211,43.049
44.286,warmup,2211,0.666
44.303,warmup,2212,16.962
44.322,warmup,2213,19.055
44.342,warmup,2214,19.846
44.364,warmup,2215,21.755
44.367,warmup,2215,2.927
44.408,warmup,2217,41.229
44.422,warmup,2218,14.105
44.442,warmup,2219,20.466
44.462,warmup,2220,19.844
44.467,warmup,2220,4.347
44.502,warmup,2222,35.334
44.522,warmup,2223,19.613
44.543,warmup,2224,21.592
44.561,warmup,2224,18.157
44.567,warmup,2225,6.107
44.603,warmup,2227,35.301
44.622,warmup,2228,19.536
44.643,warmup,2229,20.336
44.664,warmup,2230,21.386
44.667,warmup,2230,2.682
44.708,warmup,2232,40.922
44.722,warmup,2233,14.733
44.743,warmup,2234,20.921
44.790,warmup,2236,47.008
44.803,warmup,2237,12.846
44.804,warmup,2237,0.763
44.823,warmup,2238,19.497
44.843,warmup,2239,19.388
44.868,warmup,2240,25.491
44.885,warmup,2241,17.234
44.903,warmup,2242,17.428
44.922,warmup,2243,19.481
44.943,warmup,2244,20.737
44.964,warmup,2245,20.487
44.967,warmup,2245,3.154
45.003,warmup,2247,36.620
45.023,warmup,2248,19.389
45.043,warmup,2249,19.928
45.071,warmup,2249,28.647
45.103,warmup,2252,31.460
45.104,warmup,2252,0.721
45.125,warmup,2253,21.825
45.143,warmup,2254,18.010
45.167,warmup,2254,23.938
45.186,warmup,2256,18.274
45.203,warmup,2257,17.657
45.223,warmup,2258,19.432
45.242,warmup,2259,19.103
45.268,warmup,2259,26.405
45.286,warmup,2261,18.243
45.303,warmup,2262,17.032
45.323,warmup,2263,19.331
45.342,warmup,2264,19.207
45.363,warmup,2265,21.293
45.367,warmup,2265,3.393
45.406,warmup,2267,38.831
45.423,warmup,2268,17.759
45.443,warmup,2269,19.942
45.485,warmup,2271,41.846
45.486,warmup,2271,0.678
45.509,warmup,2272,22.913
45.522,warmup,2273,13.540
45.544,warmup,2274,21.324
45.568,warmup,2275,24.091
45.586,warmup,2276,17.910
45.603,warmup,2277,17.377
45.622,warmup,2278,18.840
45.642,warmup,2279,20.248
45.663,warmup,2280,20.653
45.667,warmup,2280,4.088
45.704,warmup,2282,36.803
45.723,warmup,2283,19.299
45.743,warmup,2284,19.754
45.771,warmup,2284,28.282
45.806,warmup,2287,35.312
45.807,warmup,2287,0.691
45.823,warmup,2288,16.161
45.843,warmup,2289,19.478
45.886,warmup,2291,43.545
45.887,warmup,2291,0.738
45.903,warmup,2292,15.902
45.923,warmup,2293,19.930
45.942,warmup,2294,19.340
45.967,warmup,2294,25.203
45.985,warmup,2296,17.632
46.003,warmup,2297,18.012
46.023,warmup,2298,20.030
46.042,warmup,2299,19.036
46.069,warmup,2300,26.878
46.086,warmup,2301,17.130
46.103,warmup,2302,17.261
46.122,warmup,2303,18.975
46.142,warmup,2304,19.640
46.164,warmup,2305,22.362
46.166,warmup,2305,1.548
46.208,warmup,2307,42.104
46.222,warmup,2308,14.307
46.243,warmup,2309,20.644
46.267,warmup,2310,24.576
46.267,warmup,2310,0.120
46.303,warmup,2312,35.152
46.322,warmup,2313,19.321
46.342,warmup,2314,19.825
46.369,warmup,2314,26.831
46.386,warmup,2316,17.468
46.403,warmup,2317,16.807
46.423,warmup,2318,19.859
46.442,warmup,2319,19.207
46.463,warmup,2320,21.527
46.466,warmup,2320,2.272
46.508,warmup,2322,41.933
46.522,warmup,2323,14.640
46.543,warmup,2324,20.315
46.567,warmup,2325,24.727
46.567,warmup,2325,0.112
46.603,warmup,2327,35.511
46.622,warmup,2328,19.103
46.642,warmup,2329,19.631
46.662,warmup,2330,20.521
46.667,warmup,2330,4.484
46.703,warmup,2332,36.249
46.722,warmup,2333,18.903
46.742,warmup,2334,19.785
46.763,warmup,2334,21.486
46.768,warmup,2335,4.432
46.806,warmup,2337,38.186
46.823,warmup,2338,17.569
46.843,warmup,2339,19.266
46.864,warmup,2339,21.240
46.866,warmup,2340,2.672
46.903,warmup,2342,36.730
46.922,warmup,2343,18.760
46.942,warmup,2344,20.455
46.962,warmup,2345,19.827
46.967,warmup,2345,4.378
47.003,warmup,2347,36.277
47.023,warmup,2348,20.083
47.042,warmup,2349,19.301
47.062,warmup,2350,19.888
47.066,warmup,2350,3.494
47.103,warmup,2352,37.436
47.122,warmup,2353,18.994
47.143,warmup,2354,20.606
47.164,warmup,2355,21.685
47.167,warmup,2355,2.270
47.208,warmup,2357,41.096
47.222,warmup,2358,14.352
47.243,warmup,2359,20.599
47.267,warmup,2359,24.581
47.285,warmup,2361,17.575
47.302,warmup,2362,17.529
47.322,warmup,2363,19.668
47.342,warmup,2364,20.417
47.362,warmup,2365,19.574
47.367,warmup,2365,4.651
47.403,warmup,2367,36.191
47.423,warmup,2368,20.054
47.442,warmup,2369,18.811
47.449,warmup,2369,7.428
47.507,warmup,2372,57.422
47.507,warmup,2372,0.740
47.522,warmup,2373,14.608
47.542,warmup,2374,20.555
47.567,warmup,2374,24.689
47.585,warmup,2376,17.653
47.603,warmup,2377,18.152
47.622,warmup,2378,18.891
47.642,warmup,2379,20.421
47.662,warmup,2380,19.950
47.667,warmup,2380,4.423
47.703,warmup,2382,36.277
47.722,warmup,2383,18.928
47.742,warmup,2384,20.497
47.767,warmup,2385,24.862
47.767,warmup,2385,0.148
47.806,warmup,2387,38.504
47.823,warmup,2388,17.537
47.843,warmup,2389,19.600
47.860,warmup,2389,17.026
47.867,warmup,2390,7.359
47.903,warmup,2392,35.846
47.922,warmup,2393,18.634
47.942,warmup,2394,20.602
47.962,warmup,2395,19.541
47.967,warmup,2395,4.544
48.003,warmup,2397,36.156
48.023,warmup,2398,19.869
48.042,warmup,2399,19.142
48.062,warmup,2400,20.744
48.067,warmup,2400,4.213
48.103,warmup,2402,36.253
48.123,warmup,2403,19.924
48.141,warmup,2404,18.617
48.149,warmup,2404,7.552
48.204,warmup,2407,54.624
48.204,warmup,2407,0.776
48.225,warmup,2408,20.105
48.243,warmup,2409,18.549
48.267,warmup,2410,24.291
48.268,warmup,2410,0.121
48.303,warmup,2412,35.214
48.323,warmup,2413,20.014
48.341,warmup,2414,18.744
48.362,warmup,2415,20.577
48.366,warmup,2415,3.606
48.403,warmup,2417,37.032
48.423,warmup,2418,19.962
48.441,warmup,2419,18.782
48.471,warmup,2419,29.291
48.489,warmup,2421,18.168
48.507,warmup,2422,17.728
48.522,warmup,2423,15.791
48.543,warmup,2424,20.946
48.586,warmup,2426,42.191
48.586,warmup,2426,0.712
48.608,warmup,2427,21.634
48.622,warmup,2428,14.329
48.643,warmup,2429,20.567
48.668,warmup,2430,24.905
48.685,warmup,2431,17.143
48.703,warmup,2432,17.971
48.723,warmup,2433,20.031
48.742,warmup,2434,18.836
48.762,warmup,2435,20.680
48.767,warmup,2435,4.317
48.803,warmup,2437,36.008
48.822,warmup,2438,19.239
48.842,warmup,2439,20.437
48.864,warmup,2440,21.480
48.867,warmup,2440,2.801
48.908,warmup,2442,40.894
48.922,warmup,2443,14.618
48.943,warmup,2444,20.956
48.968,warmup,2445,24.819
49.003,warmup,2447,34.867
49.004,warmup,2447,0.751
49.022,warmup,2448,18.440
49.042,warmup,2449,20.502
49.067,warmup,2450,24.825
49.067,warmup,2450,0.117
49.102,warmup,2452,35.041
49.122,warmup,2453,20.024
49.143,warmup,2454,20.367
49.162,warmup,2455,19.279
49.167,warmup,2455,4.537
49.203,warmup,2457,36.557
49.222,warmup,2458,19.248
49.243,warmup,2459,20.446
49.264,warmup,2460,21.183
49.267,warmup,2460,2.538
49.308,warmup,2462,41.073
49.322,warmup,2463,14.067
49.342,warmup,2464,19.817
49.367,warmup,2464,25.518
49.385,warmup,2466,17.529
49.403,warmup,2467,17.968
49.423,warmup,2468,20.025
49.442,warmup,2469,19.212
49.467,warmup,2470,25.292
49.467,warmup,2470,0.127
49.503,warmup,2472,35.409
49.522,warmup,2473,19.442
49.543,warmup,2474,20.513
49.564,warmup,2475,21.716
49.566,warmup,2475,1.239
49.607,warmup,2477,41.786
49.622,warmup,2478,14.813
49.643,warmup,2479,21.013
49.668,warmup,2480,24.836
49.703,warmup,2482,34.667
49.703,warmup,2482,0.752
49.722,warmup,2483,18.754
49.743,warmup,2484,20.516
49.768,warmup,2485,25.218
49.785,warmup,2486,16.740
49.803,warmup,2487,18.214
49.822,warmup,2488,18.875
49.842,warmup,2489,19.780
49.849,warmup,2489,7.443
49.886,warmup,2491,37.052
49.903,warmup,2492,16.886
49.923,warmup,2493,20.018
49.942,warmup,2494,18.631
49.949,warmup,2494,7.466
50.004,warmup,2497,54.524
50.004,warmup,2497,0.689
50.025,warmup,2498,20.350
50.043,warmup,2499,18.287
50.049,warmup,2499,6.091
50.085,warmup,2501,35.676
50.103,warmup,2502,18.241
50.122,warmup,2503,19.348
50.143,warmup,2504,20.454
50.162,warmup,2505,19.548
50.167,warmup,2505,4.394
50.203,warmup,2507,36.266
50.223,warmup,2508,20.327
50.242,warmup,2509,18.840
50.264,warmup,2510,21.843
50.267,warmup,2510,2.716
50.307,warmup,2512,39.947
50.322,warmup,2513,15.691
50.342,warmup,2514,20.180
50.365,warmup,2515,22.855
50.367,warmup,2515,1.284
50.403,warmup,2517,36.230
50.423,warmup,2518,19.890
50.442,warmup,2519,19.197
50.449,warmup,2519,7.370
50.486,warmup,2521,36.612
50.503,warmup,2522,17.047
50.522,warmup,2523,18.897
50.542,warmup,2524,19.777
50.570,warmup,2524,28.056
50.588,warmup,2526,18.270
50.606,warmup,2527,17.695
50.623,warmup,2528,17.698
50.643,warmup,2529,19.530
50.663,warmup,2530,20.298
50.666,warmup,2530,2.424
50.703,warmup,2532,37.381
50.722,warmup,2533,18.901
50.742,warmup,2534,20.457
50.762,warmup,2535,19.717
50.767,warmup,2535,4.527
50.802,warmup,2537,35.625
50.821,warmup,2538,19.279
50.842,warmup,2539,20.665
50.862,warmup,2540,19.931
50.866,warmup,2540,3.733
50.904,warmup,2542,38.098
50.923,warmup,2543,19.008
50.942,warmup,2544,19.373
50.963,warmup,2545,21.132
50.967,warmup,2545,3.216
51.003,warmup,2547,36.701
51.022,warmup,2548,18.959
51.043,warmup,2549,20.639
51.062,warmup,2550,19.183
51.067,warmup,2550,4.458
51.103,warmup,2552,36.384
51.122,warmup,2553,18.956
51.142,warmup,2554,20.547
51.185,warmup,2556,42.762
51.186,warmup,2556,0.680
51.203,warmup,2557,17.146
51.222,warmup,2558,19.284
51.242,warmup,2559,19.737
51.264,warmup,2560,21.562
51.267,warmup,2560,2.998
51.308,warmup,2562,41.043
51.322,warmup,2563,14.186
51.342,warmup,2564,20.562
51.367,warmup,2565,25.068
51.385,warmup,2566,17.289
51.403,warmup,2567,17.942
51.423,warmup,2568,20.201
51.442,warmup,2569,19.536
51.486,warmup,2571,43.522
51.487,warmup,2571,0.632
51.503,warmup,2572,16.724
51.522,warmup,2573,18.963
51.543,warmup,2574,20.599
51.549,warmup,2574,6.085
51.607,warmup,2577,57.978
51.608,warmup,2577,0.761
51.622,warmup,2578,14.727
51.643,warmup,2579,20.944
51.668,warmup,2580,24.491
51.685,warmup,2581,17.593
51.703,warmup,2582,17.660
51.722,warmup,2583,18.746
51.742,warmup,2584,20.425
51.768,warmup,2585,25.808
51.786,warmup,2586,18.187
51.812,warmup,2587,26.042
51.827,warmup,2588,14.302
51.843,warmup,2589,16.820
51.887,warmup,2591,43.835
51.888,warmup,2591,0.682
51.906,warmup,2592,17.605
51.923,warmup,2593,17.622
51.943,warmup,2594,20.035
51.972,warmup,2594,28.909
52.004,warmup,2597,31.894
52.005,warmup,2597,0.723
52.023,warmup,2598,18.576
52.044,warmup,2599,20.366
52.062,warmup,2600,18.434
52.066,warmup,2600,3.851
52.104,warmup,2602,37.615
52.123,warmup,2603,19.369
52.143,warmup,2604,19.920
52.186,warmup,2606,43.197
52.187,warmup,2606,0.667
52.204,warmup,2607,17.014
52.224,warmup,2608,20.227
52.243,warmup,2609,19.243
52.290,warmup,2611,46.373
52.304,warmup,2612,14.230
52.305,warmup,2612,0.724
52.325,warmup,2613,20.783
52.344,warmup,2614,18.535
52.387,warmup,2616,43.294
52.388,warmup,2616,0.739
52.409,warmup,2617,20.752
52.423,warmup,2618,14.743
52.444,warmup,2619,20.731
52.469,warmup,2620,24.549
52.486,warmup,2621,17.131
52.504,warmup,2622,18.435
52.523,warmup,2623,19.074
52.544,warmup,2624,20.725
52.587,warmup,2626,43.354
52.588,warmup,2626,0.682
52.605,warmup,2627,16.828
52.623,warmup,2628,18.406
52.644,warmup,2629,20.838
52.691,warmup,2631,46.429
52.705,warmup,2632,14.707
52.706,warmup,2632,0.727
52.727,warmup,2633,21.068
52.745,warmup,2634,17.402
52.790,warmup,2636,45.033
52.805,warmup,2637,15.017
52.805,warmup,2637,0.788
52.825,warmup,2638,19.211
52.846,warmup,2639,21.266
52.887,warmup,2641,41.093
52.888,warmup,2641,0.665
52.905,warmup,2642,17.591
52.924,warmup,2643,18.973
52.945,warmup,2644,21.123
52.987,warmup,2646,41.689
52.988,warmup,2646,0.672
53.005,warmup,2647,17.059
53.025,warmup,2648,20.026
53.045,warmup,2649,20.025
53.069,warmup,2650,24.125
53.087,warmup,2651,17.913
53.106,warmup,2652,19.379
53.125,warmup,2653,18.381
53.146,warmup,2654,21.671
53.189,warmup,2656,42.350
53.204,warmup,2657,15.275
53.205,warmup,2657,0.750
53.227,warmup,2658,22.694
53.245,warmup,2659,18.067
53.288,warmup,2661,42.376
53.288,warmup,2661,0.680
53.306,warmup,2662,17.966
53.326,warmup,2663,19.168
53.372,warmup,2665,46.368
53.387,warmup,2666,15.582
53.388,warmup,2666,0.745
53.406,warmup,2667,17.752
53.428,warmup,2668,22.297
53.446,warmup,2669,17.320
53.486,warmup,2671,40.332
53.487,warmup,2671,0.658
53.505,warmup,2672,18.289
53.528,warmup,2673,23.582
53.545,warmup,2674,16.202
53.569,warmup,2675,23.873
53.586,warmup,2676,17.826
53.605,warmup,2677,18.433
53.625,warmup,2678,20.304
53.645,warmup,2679,20.087
53.687,warmup,2681,42.029
53.688,warmup,2681,0.729
53.706,warmup,2682,17.791
53.725,warmup,2683,19.111
53.744,warmup,2684,18.943
53.785,warmup,2686,41.670
53.786,warmup,2686,0.650
53.805,warmup,2687,18.492
53.825,warmup,2688,19.921
53.845,warmup,2689,20.767
53.886,warmup,2691,40.663
53.887,warmup,2691,0.714
53.905,warmup,2692,18.549
53.924,warmup,2693,19.027
53.945,warmup,2694,20.706
53.987,warmup,2696,41.811
53.987,warmup,2696,0.715
54.005,warmup,2697,17.068
54.025,warmup,2698,20.871
54.045,warmup,2699,19.570
54.088,warmup,2701,42.623
54.088,warmup,2701,0.659
54.104,warmup,2702,15.658
54.127,warmup,2703,22.858
54.144,warmup,2704,16.775
54.168,warmup,2705,24.367
54.186,warmup,2706,18.478
54.205,warmup,2707,18.340
54.225,warmup,2708,20.403
54.244,warmup,2709,19.328
54.285,warmup,2711,40.282
54.285,warmup,2711,0.659
54.304,warmup,2712,19.040
54.324,warmup,2713,19.597
54.344,warmup,2714,19.719
54.349,warmup,2714,5.219
54.386,warmup,2716,37.408
54.404,warmup,2717,17.768
54.424,warmup,2718,19.447
54.445,warmup,2719,21.665
54.487,warmup,2721,41.783
54.488,warmup,2721,0.675
54.505,warmup,2722,16.817
54.525,warmup,2723,20.078
54.545,warmup,2724,20.506
54.591,warmup,2726,45.396
54.605,warmup,2727,14.573
54.606,warmup,2727,0.737
54.624,warmup,2728,18.077
54.645,warmup,2729,20.812
54.687,warmup,2731,42.164
54.688,warmup,2731,0.735
54.727,warmup,2733,39.569
54.728,warmup,2733,0.818
54.744,warmup,2734,16.027
54.769,warmup,2735,24.612
54.787,warmup,2736,18.134
54.804,warmup,2737,17.609
54.824,warmup,2738,19.275
54.844,warmup,2739,20.019
54.869,warmup,2740,24.896
54.887,warmup,2741,18.351
54.904,warmup,2742,17.167
54.924,warmup,2743,19.408
54.945,warmup,2744,21.264
54.987,warmup,2746,42.313
54.988,warmup,2746,0.659
55.005,warmup,2747,17.385
55.023,warmup,2748,18.260
55.045,warmup,2749,21.482
55.087,warmup,2751,42.477
55.088,warmup,2751,0.722
55.124,warmup,2753,35.698
55.125,warmup,2753,0.745
55.145,warmup,2754,20.009
55.169,warmup,2755,24.093
55.186,warmup,2756,17.775
55.204,warmup,2757,17.809
55.224,warmup,2758,19.560
55.244,warmup,2759,19.956
55.287,warmup,2761,43.321
55.288,warmup,2761,0.647
55.305,warmup,2762,16.899
55.324,warmup,2763,19.351
55.344,warmup,2764,20.062
55.389,warmup,2766,44.870
55.406,warmup,2767,17.316
55.407,warmup,2767,0.760
55.423,warmup,2768,16.009
55.444,warmup,2769,21.042
55.488,warmup,2771,44.077
55.489,warmup,2771,0.705
55.504,warmup,2772,15.466
55.524,warmup,2773,19.387
55.545,warmup,2774,21.367
55.569,warmup,2775,23.810
55.586,warmup,2776,17.660
55.604,warmup,2777,17.905
55.624,warmup,2778,19.375
55.644,warmup,2779,20.142
55.687,warmup,2781,43.379
55.688,warmup,2781,0.691
55.705,warmup,2782,16.759
55.724,warmup,2783,19.545
55.744,warmup,2784,20.178
55.790,warmup,2786,45.746
55.805,warmup,2787,14.595
55.806,warmup,2787,0.715
55.826,warmup,2788,20.774
55.844,warmup,2789,17.759
55.888,warmup,2791,43.870
55.889,warmup,2791,0.751
55.904,warmup,2792,15.232
55.924,warmup,2793,19.910
55.944,warmup,2794,20.182
55.969,warmup,2795,24.839
55.986,warmup,2796,17.515
56.004,warmup,2797,17.621
56.024,warmup,2798,19.592
56.045,warmup,2799,21.413
56.087,warmup,2801,42.155
56.088,warmup,2801,0.674
56.105,warmup,2802,16.731
56.124,warmup,2803,19.518
56.144,warmup,2804,19.735
56.190,warmup,2806,46.510
56.205,warmup,2807,14.860
56.206,warmup,2807,0.733
56.226,warmup,2808,20.422
56.244,warmup,2809,18.075
56.288,warmup,2811,43.768
56.289,warmup,2811,0.751
56.304,warmup,2812,15.419
56.324,warmup,2813,19.617
56.344,warmup,2814,19.886
56.369,warmup,2815,24.907
56.387,warmup,2816,17.787
56.404,warmup,2817,17.610
56.423,warmup,2818,19.208
56.444,warmup,2819,20.990
56.487,warmup,2821,42.831
56.488,warmup,2821,0.661
56.505,warmup,2822,16.846
56.524,warmup,2823,19.338
56.544,warmup,2824,20.167
56.591,warmup,2826,46.431
56.605,warmup,2827,14.492
56.606,warmup,2827,0.715
56.627,warmup,2828,20.798
56.645,warmup,2829,18.196
56.688,warmup,2831,43.049
56.689,warmup,2831,0.729
56.704,warmup,2832,15.555
56.724,warmup,2833,19.436
56.745,warmup,2834,21.013
56.769,warmup,2835,24.040
56.786,warmup,2836,17.792
56.804,warmup,2837,17.911
56.824,warmup,2838,19.401
56.844,warmup,2839,20.060
56.869,warmup,2839,25.043
56.888,warmup,2841,18.971
56.905,warmup,2842,16.882
56.924,warmup,2843,19.305
56.944,warmup,2844,19.661
56.990,warmup,2846,46.561
57.005,warmup,2847,14.577
57.006,warmup,2847,0.727
57.026,warmup,2848,20.797
57.044,warmup,2849,17.785
57.088,warmup,2851,44.022
57.089,warmup,2851,0.755
57.104,warmup,2852,15.309
57.123,warmup,2853,19.167
57.145,warmup,2854,21.387
57.168,warmup,2855,23.713
57.186,warmup,2856,18.043
57.204,warmup,2857,17.849
57.224,warmup,2858,19.444
57.244,warmup,2859,20.108
57.249,warmup,2859,5.084
57.288,warmup,2861,38.936
57.305,warmup,2862,16.681
57.323,warmup,2863,18.802
57.345,warmup,2864,21.220
57.390,warmup,2866,45.692
57.405,warmup,2867,14.521
57.406,warmup,2867,0.739
57.426,warmup,2868,20.706
57.444,warmup,2869,18.142
57.473,warmup,2869,28.993
57.488,warmup,2871,14.997
57.504,warmup,2872,15.284
57.524,warmup,2873,20.677
57.544,warmup,2874,19.476
57.563,warmup,2875,19.601
57.567,warmup,2875,3.144
57.605,warmup,2877,38.831
57.624,warmup,2878,18.311
57.643,warmup,2879,19.678
57.664,warmup,2880,20.861
57.667,warmup,2880,2.372
57.705,warmup,2882,38.085
57.724,warmup,2883,19.291
57.744,warmup,2884,19.871
57.764,warmup,2885,20.344
57.767,warmup,2885,2.387
57.824,warmup,2888,57.456
57.825,warmup,2888,0.715
57.870,warmup,2890,45.309
57.888,warmup,2891,17.731
57.889,warmup,2891,0.693
57.905,warmup,2892,16.801
57.924,warmup,2893,18.465
57.943,warmup,2894,19.631
57.963,warmup,2895,19.841
57.967,warmup,2895,3.421
58.005,warmup,2897,38.701
58.024,warmup,2898,18.300
58.043,warmup,2899,19.547
58.063,warmup,2900,20.015
58.067,warmup,2900,3.425
58.106,warmup,2902,39.832
58.123,warmup,2903,16.946
58.144,warmup,2904,20.831
58.187,warmup,2906,43.078
58.188,warmup,2906,0.699
58.224,warmup,2908,36.078
58.225,warmup,2908,0.765
58.244,warmup,2909,18.691
58.269,warmup,2910,25.003
58.287,warmup,2911,17.943
58.304,warmup,2912,17.588
58.323,warmup,2913,19.135
58.344,warmup,2914,20.933
58.387,warmup,2916,43.086
58.388,warmup,2916,0.665
58.405,warmup,2917,16.614
58.424,warmup,2918,19.203
58.444,warmup,2919,20.052
58.489,warmup,2921,45.300
58.507,warmup,2922,17.436
58.507,warmup,2922,0.746
58.523,warmup,2923,15.983
58.544,warmup,2924,21.060
58.588,warmup,2926,43.863
58.603,warmup,2927,14.574
58.604,warmup,2927,0.777
58.624,warmup,2928,20.507
58.644,warmup,2929,20.028
58.669,warmup,2930,24.630
58.686,warmup,2931,17.787
58.704,warmup,2932,17.602
58.723,warmup,2933,19.292
58.744,warmup,2934,20.859
58.787,warmup,2936,42.852
58.788,warmup,2936,0.709
58.805,warmup,2937,16.813
58.824,warmup,2938,19.157
58.844,warmup,2939,19.991
58.887,warmup,2941,42.920
58.887,warmup,2941,0.707
58.926,warmup,2943,39.006
58.927,warmup,2943,0.744
58.945,warmup,2944,17.936
58.988,warmup,2946,42.871
58.989,warmup,2946,0.709
59.004,warmup,2947,15.338
59.023,warmup,2948,19.390
59.045,warmup,2949,21.297
59.069,warmup,2950,23.974
59.087,warmup,2951,17.876
59.104,warmup,2952,17.435
59.123,warmup,2953,19.275
59.144,warmup,2954,20.869
59.187,warmup,2956,42.989
59.188,warmup,2956,0.713
59.205,warmup,2957,16.771
59.224,warmup,2958,19.536
59.244,warmup,2959,20.123
59.291,warmup,2961,46.364
59.305,warmup,2962,14.662
59.306,warmup,2962,0.791
59.327,warmup,2963,20.433
59.345,warmup,2964,18.223
59.388,warmup,2966,43.311
59.389,warmup,2966,0.757
59.404,warmup,2967,15.424
59.424,warmup,2968,19.477
59.444,warmup,2969,20.017
59.465,warmup,2970,20.887
59.467,warmup,2970,2.001
59.504,warmup,2972,37.439
59.524,warmup,2973,19.570
59.545,warmup,2974,21.192
59.587,warmup,2976,42.348
59.588,warmup,2976,0.657
59.605,warmup,2977,16.769
59.624,warmup,2978,19.204
59.644,warmup,2979,20.170
59.671,warmup,2979,27.451
59.705,warmup,2982,33.417
59.706,warmup,2982,0.730
59.726,warmup,2983,20.771
59.744,warmup,2984,18.037
59.788,warmup,2986,43.464
59.789,warmup,2986,0.703
59.804,warmup,2987,15.501
59.823,warmup,2988,19.043
59.845,warmup,2989,21.450
59.869,warmup,2990,24.219
59.886,warmup,2991,17.634
59.904,warmup,2992,17.843
59.923,warmup,2993,19.135
59.944,warmup,2994,20.861
59.987,warmup,2996,42.965
59.988,warmup,2996,0.708
60.005,measure,2997,16.682
60.024,measure,2998,19.131
60.043,measure,2999,19.634
60.091,measure,3001,47.195
60.105,measure,3002,14.493
60.106,measure,3002,0.725
60.127,measure,3003,20.767
60.145,measure,3004,18.197
60.189,measure,3006,44.264
60.204,measure,3007,14.715
60.204,measure,3007,0.719
60.224,measure,3008,19.312
60.244,measure,3009,20.053
60.269,measure,3010,25.020
60.286,measure,3011,17.567
60.303,measure,3012,17.000
60.324,measure,3013,20.566
60.344,measure,3014,19.935
60.349,measure,3014,5.098
60.388,measure,3016,38.856
60.405,measure,3017,16.769
60.424,measure,3018,19.461
60.444,measure,3019,20.189
60.490,measure,3021,46.086
60.505,measure,3022,14.594
60.506,measure,3022,0.747
60.526,measure,3023,20.655
60.544,measure,3024,18.051
60.588,measure,3026,43.551
60.589,measure,3026,0.682
60.604,measure,3027,15.254
60.624,measure,3028,20.484
60.644,measure,3029,19.901
60.669,measure,3030,24.507
60.686,measure,3031,17.683
60.704,measure,3032,17.439
60.724,measure,3033,19.747
60.744,measure,3034,19.984
60.787,measure,3036,43.456
60.788,measure,3036,0.647
60.805,measure,3037,16.856
60.823,measure,3038,18.825
60.845,measure,3039,21.318
60.871,measure,3039,26.713
60.905,measure,3042,33.473
60.906,measure,3042,0.711
60.926,measure,3043,20.741
60.944,measure,3044,18.090
60.974,measure,3044,29.424
60.989,measure,3046,14.711
61.004,measure,3047,15.291
61.024,measure,3048,20.504
61.045,measure,3049,20.215
61.069,measure,3050,24.210
61.086,measure,3051,17.622
61.104,measure,3052,17.195
61.182,measure,3053,78.387
61.204,measure,3053,21.805
61.219,measure,3055,15.388
61.241,measure,3056,21.653
61.258,measure,3057,17.033
61.279,measure,3058,20.687
61.301,measure,3058,22.396
61.320,measure,3060,18.576
61.338,measure,3061,18.597
61.357,measure,3062,19.277
61.378,measure,3063,20.722
61.383,measure,3063,5.127
61.420,measure,3065,36.498
61.438,measure,3066,17.921
61.458,measure,3067,20.643
61.478,measure,3068,19.520
61.483,measure,3068,5.461
61.521,measure,3070,37.725
61.538,measure,3071,17.089
61.558,measure,3072,19.567
61.578,measure,3073,20.791
61.582,measure,3073,3.817
61.642,measure,3076,59.377
61.642,measure,3076,0.819
61.661,measure,3077,18.564
61.678,measure,3078,17.097
61.702,measure,3079,23.723
61.720,measure,3080,17.919
61.737,measure,3081,17.624
61.757,measure,3082,19.860
61.778,measure,3083,20.846
61.782,measure,3083,4.223
61.820,measure,3085,37.859
61.838,measure,3086,17.815
61.858,measure,3087,19.838
61.878,measure,3088,20.613
61.921,measure,3090,42.246
61.921,measure,3090,0.724
61.939,measure,3091,17.531
61.957,measure,3092,18.343
61.978,measure,3093,20.836
61.983,measure,3093,5.170
62.040,measure,3096,56.919
62.041,measure,3096,0.764
62.060,measure,3097,19.339
62.078,measure,3098,17.273
62.083,measure,3098,5.627
62.120,measure,3100,36.401
62.137,measure,3101,17.751
62.158,measure,3102,20.857
62.178,measure,3103,19.539
62.182,measure,3103,4.540
62.221,measure,3105,38.396
62.238,measure,3106,17.174
62.258,measure,3107,19.861
62.278,measure,3108,20.416
62.283,measure,3108,5.167
62.322,measure,3110,38.963
62.340,measure,3111,17.483
62.358,measure,3112,18.147
62.379,measure,3113,20.760
62.408,measure,3113,29.390
62.442,measure,3116,33.529
62.442,measure,3116,0.658
62.481,measure,3118,38.397
62.481,measure,3118,0.705
62.498,measure,3119,16.201
62.520,measure,3119,22.734
62.538,measure,3121,18.022
62.558,measure,3122,19.497
62.578,measure,3123,20.073
62.583,measure,3123,5.321
62.601,measure,3124,17.556
62.639,measure,3126,38.052
62.657,measure,3127,18.044
62.678,measure,3128,20.750
62.683,measure,3128,5.609
62.739,measure,3131,56.243
62.740,measure,3131,0.709
62.757,measure,3132,16.965
62.777,measure,3133,19.886
62.797,measure,3133,20.078
62.800,measure,3134,2.558
62.857,measure,3137,57.648
62.858,measure,3137,0.482
62.880,measure,3138,22.521
62.898,measure,3139,17.502
62.900,measure,3139,2.073
62.939,measure,3141,38.685
62.958,measure,3142,19.146
62.978,measure,3143,20.098
62.983,measure,3143,5.495
63.001,measure,3144,17.429
63.039,measure,3146,38.207
63.057,measure,3147,18.027
63.078,measure,3148,21.415
63.097,measure,3149,19.048
63.100,measure,3149,2.509
63.140,measure,3151,40.230
63.157,measure,3152,17.203
63.178,measure,3153,20.400
63.207,measure,3153,28.850
63.240,measure,3156,33.295
63.241,measure,3156,0.729
63.261,measure,3157,20.078
63.278,measure,3158,17.536
63.302,measure,3159,23.540
63.320,measure,3160,18.018
63.338,measure,3161,17.934
63.358,measure,3162,20.567
63.378,measure,3163,19.273
63.382,measure,3163,4.700
63.420,measure,3165,37.952
63.438,measure,3166,17.827
63.458,measure,3167,19.585
63.478,measure,3168,20.601
63.521,measure,3170,42.407
63.521,measure,3170,0.659
63.539,measure,3171,17.371
63.558,measure,3172,19.257
63.579,measure,3173,20.701
63.607,measure,3173,28.324
63.640,measure,3176,33.119
63.641,measure,3176,0.713
63.660,measure,3177,19.470
63.678,measure,3178,17.370
63.682,measure,3178,4.677
63.720,measure,3180,37.252
63.738,measure,3181,18.717
63.757,measure,3182,18.987
63.778,measure,3183,20.708
63.782,measure,3183,4.298
63.821,measure,3185,38.453
63.838,measure,3186,17.123
63.857,measure,3187,19.521
63.878,measure,3188,20.677
63.883,measure,3188,5.250
63.922,measure,3190,38.531
63.939,measure,3191,17.495
63.957,measure,3192,17.568
63.979,measure,3193,22.177
64.022,measure,3195,42.647
64.022,measure,3195,0.696
64.056,measure,3197,34.058
64.057,measure,3197,0.438
64.078,measure,3198,21.431
64.102,measure,3199,23.294
64.119,measure,3200,17.634
64.137,measure,3201,18.147
64.158,measure,3202,20.498
64.178,measure,3203,19.937
64.182,measure,3203,4.404
64.221,measure,3205,38.469
64.238,measure,3206,16.768
64.258,measure,3207,20.509
64.279,measure,3208,20.562
64.322,measure,3210,43.591
64.340,measure,3211,17.405
64.340,measure,3211,0.909
64.357,measure,3212,16.775
64.377,measure,3213,20.186
64.408,measure,3213,30.333
64.422,measure,3215,14.301
64.437,measure,3216,14.946
64.457,measure,3217,20.014
64.477,measure,3218,19.912
64.497,measure,3219,19.792
64.500,measure,3219,3.186
64.538,measure,3221,38.436
64.558,measure,3222,19.247
64.577,measure,3223,19.868
64.597,measure,3224,19.456
64.600,measure,3224,3.005
64.640,measure,3226,39.833
64.657,measure,3227,16.748
64.677,measure,3228,20.665
64.720,measure,3230,42.875
64.721,measure,3230,0.719
64.760,measure,3232,39.308
64.761,measure,3232,0.780
64.778,measure,3233,17.327
64.798,measure,3234,19.750
64.800,measure,3234,1.994
64.857,measure,3237,57.082
64.858,measure,3237,0.771
64.878,measure,3238,19.894
64.882,measure,3238,4.559
64.901,measure,3239,18.544
64.938,measure,3241,37.641
64.958,measure,3242,19.231
64.977,measure,3243,19.631
64.996,measure,3243,18.825
65.001,measure,3244,4.662
65.040,measure,3246,39.064
65.057,measure,3247,16.959
65.078,measure,3248,20.925
65.083,measure,3248,5.637
65.138,measure,3251,54.491
65.139,measure,3251,0.742
65.160,measure,3252,21.139
65.178,measure,3253,18.355
65.203,measure,3254,24.431
65.219,measure,3255,16.756
65.237,measure,3256,18.065
65.258,measure,3257,20.474
65.277,measure,3258,19.262
65.297,measure,3259,20.083
65.300,measure,3259,2.776
65.338,measure,3261,38.438
65.357,measure,3262,18.891
65.377,measure,3263,19.750
65.397,measure,3264,19.970
65.400,measure,3264,2.917
65.440,measure,3266,40.079
65.459,measure,3267,18.928
65.478,measure,3268,18.690
65.482,measure,3268,4.647
65.501,measure,3269,18.339
65.558,measure,3272,57.902
65.559,measure,3272,0.455
65.581,measure,3273,21.853
65.597,measure,3273,16.007
65.601,measure,3274,3.896
65.639,measure,3276,37.843
65.658,measure,3277,19.431
65.677,measure,3278,19.198
65.702,measure,3278,25.176
65.721,measure,3280,19.103
65.739,measure,3281,17.457
65.758,measure,3282,19.314
65.777,measure,3283,18.890
65.798,measure,3284,20.443
65.799,measure,3284,1.378
65.840,measure,3286,41.188
65.858,measure,3287,17.422
65.877,measure,3288,19.658
65.906,measure,3288,29.280
65.940,measure,3291,33.316
65.941,measure,3291,0.705
65.961,measure,3292,20.323
65.978,measure,3293,17.449
65.982,measure,3293,3.993
66.020,measure,3295,37.420
66.038,measure,3296,17.876
66.058,measure,3297,20.347
66.079,measure,3298,20.723
66.101,measure,3298,22.593
66.120,measure,3300,19.074
66.138,measure,3301,17.913
66.158,measure,3302,19.634
66.178,measure,3303,20.460
66.221,measure,3305,42.405
66.221,measure,3305,0.653
66.239,measure,3306,17.530
66.258,measure,3307,18.868
66.278,measure,3308,20.624
66.322,measure,3310,43.129
66.322,measure,3310,0.770
66.357,measure,3312,34.640
66.358,measure,3312,0.732
66.379,measure,3313,21.031
66.401,measure,3313,22.236
66.420,measure,3315,18.770
66.437,measure,3316,17.711
66.458,measure,3317,20.827
66.478,measure,3318,19.404
66.483,measure,3318,5.591
66.521,measure,3320,37.763
66.538,measure,3321,16.735
66.558,measure,3322,20.117
66.579,measure,3323,20.838
66.622,measure,3325,43.504
66.640,measure,3326,17.474
66.640,measure,3326,0.686
66.657,measure,3327,16.826
66.678,measure,3328,20.794
66.683,measure,3328,4.743
66.737,measure,3331,54.500
66.738,measure,3331,0.772
66.757,measure,3332,19.290
66.778,measure,3333,20.629
66.783,measure,3333,5.322
66.820,measure,3335,36.366
66.838,measure,3336,18.620
66.858,measure,3337,19.375
66.878,measure,3338,20.401
66.882,measure,3338,4.289
66.921,measure,3340,38.756
66.938,measure,3341,16.729
66.958,measure,3342,20.277
66.979,measure,3343,20.617
67.005,measure,3343,26.808
67.038,measure,3346,32.994
67.039,measure,3346,0.776
67.060,measure,3347,20.627
67.079,measure,3348,18.890
67.083,measure,3348,4.531
67.119,measure,3350,36.130
67.138,measure,3351,18.664
67.158,measure,3352,19.597
67.179,measure,3353,20.826
67.201,measure,3353,22.409
67.220,measure,3355,18.868
67.238,measure,3356,17.781
67.258,measure,3357,20.324
67.278,measure,3358,20.522
67.320,measure,3360,42.032
67.321,measure,3360,0.680
67.338,measure,3361,16.922
67.358,measure,3362,19.664
67.378,measure,3363,20.668
67.421,measure,3365,42.305
67.421,measure,3365,0.744
67.462,measure,3367,40.387
67.477,measure,3368,15.020
67.478,measure,3368,0.834
67.497,measure,3368,19.170
67.501,measure,3369,3.890
67.539,measure,3371,37.986
67.558,measure,3372,19.240
67.578,measure,3373,20.303
67.597,measure,3374,19.044
67.600,measure,3374,2.663
67.639,measure,3376,39.316
67.658,measure,3377,18.637
67.678,measure,3378,20.058
67.722,measure,3380,43.713
67.722,measure,3380,0.663
67.740,measure,3381,17.663
67.757,measure,3382,16.991
67.778,measure,3383,20.517
67.782,measure,3383,4.755
67.840,measure,3386,58.194
67.841,measure,3386,0.801
67.860,measure,3387,19.041
67.878,measure,3388,17.224
67.901,measure,3388,23.450
67.920,measure,3390,18.671
67.938,measure,3391,17.892
67.958,measure,3392,20.665
67.978,measure,3393,19.297
68.003,measure,3394,25.209
68.021,measure,3395,17.918
68.038,measure,3396,17.522
68.057,measure,3397,19.229
68.078,measure,3398,20.174
68.082,measure,3398,4.705
68.122,measure,3400,39.859
68.140,measure,3401,17.505
68.158,measure,3402,18.312
68.179,measure,3403,20.880
68.182,measure,3403,3.440
68.241,measure,3406,58.820
68.242,measure,3406,0.693
68.280,measure,3408,38.552
68.281,measure,3408,0.641
68.297,measure,3409,15.980
68.321,measure,3409,23.928
68.339,measure,3411,17.737
68.358,measure,3412,19.298
68.378,measure,3413,19.597
68.397,measure,3414,19.612
68.400,measure,3414,2.831
68.439,measure,3416,38.805
68.458,measure,3417,19.124
68.478,measure,3418,20.026
68.483,measure,3418,5.371
68.539,measure,3421,55.755
68.540,measure,3421,0.735
68.557,measure,3422,17.100
68.578,measure,3423,21.479
68.606,measure,3423,27.929
68.640,measure,3426,33.455
68.640,measure,3426,0.713
68.661,measure,3427,20.508
68.678,measure,3428,16.992
68.683,measure,3428,5.324
68.720,measure,3430,36.371
68.738,measure,3431,18.416
68.758,measure,3432,19.546
68.778,measure,3433,20.891
68.802,measure,3434,23.824
68.821,measure,3435,18.300
68.839,measure,3436,18.495
68.861,measure,3437,21.871
68.878,measure,3438,17.185
68.883,measure,3438,5.205
68.922,measure,3440,38.957
68.939,measure,3441,17.024
68.957,measure,3442,17.990
68.978,measure,3443,20.434
68.982,measure,3443,4.484
69.041,measure,3446,58.363
69.041,measure,3446,0.750
69.084,measure,3448,42.594
69.098,measure,3448,13.776
69.101,measure,3449,3.042
69.140,measure,3451,39.181
69.157,measure,3452,17.046
69.177,measure,3453,20.367
69.202,measure,3453,24.621
69.221,measure,3455,19.133
69.238,measure,3456,17.013
69.257,measure,3457,19.319
69.278,measure,3458,20.892
69.321,measure,3460,43.113
69.322,measure,3460,0.665
69.339,measure,3461,16.957
69.357,measure,3462,18.276
69.378,measure,3463,20.442
69.383,measure,3463,5.497
69.440,measure,3466,57.071
69.441,measure,3466,0.819
69.477,measure,3468,35.836
69.478,measure,3468,0.774
69.502,measure,3468,24.270
69.520,measure,3470,18.343
69.538,measure,3471,17.760
69.558,measure,3472,19.350
69.578,measure,3473,20.940
69.603,measure,3474,24.391
69.621,measure,3475,18.094
69.638,measure,3476,17.119
69.657,measure,3477,18.961
69.678,measure,3478,20.813
69.682,measure,3478,4.412
69.722,measure,3480,39.881
69.739,measure,3481,17.030
69.757,measure,3482,18.240
69.778,measure,3483,20.651
69.783,measure,3483,5.242
69.840,measure,3486,56.980
69.841,measure,3486,0.784
69.862,measure,3487,21.016
69.878,measure,3488,16.009
69.919,measure,3490,41.024
69.920,measure,3490,0.677
69.938,measure,3491,17.849
69.958,measure,3492,20.561
69.977,measure,3493,19.223
69.982,measure,3493,4.861
70.020,measure,3495,37.749
70.038,measure,3496,17.904
70.057,measure,3497,19.371
70.078,measure,3498,20.716
70.083,measure,3498,5.235
70.121,measure,3500,37.814
70.138,measure,3501,17.353
70.158,measure,3502,19.523
70.180,measure,3503,21.621
70.182,measure,3503,2.691
70.240,measure,3506,57.416
70.240,measure,3506,0.753
70.261,measure,3507,20.299
70.278,measure,3508,17.333
70.283,measure,3508,5.122
70.320,measure,3510,36.501
70.338,measure,3511,17.831
70.358,measure,3512,20.804
70.378,measure,3513,19.626
70.383,measure,3513,5.249
70.420,measure,3515,37.022
70.438,measure,3516,17.732
70.458,measure,3517,20.415
70.478,measure,3518,19.499
70.483,measure,3518,5.388
70.521,measure,3520,38.011
70.539,measure,3521,17.579
70.558,measure,3522,19.239
70.578,measure,3523,19.650
70.621,measure,3525,43.746
70.622,measure,3525,0.725
70.658,measure,3527,35.411
70.658,measure,3527,0.317
70.679,measure,3528,20.940
70.682,measure,3528,3.360
70.720,measure,3530,37.385
70.738,measure,3531,18.632
70.757,measure,3532,19.155
70.778,measure,3533,20.828
70.782,measure,3533,4.019
70.821,measure,3535,38.784
70.838,measure,3536,16.820
70.859,measure,3537,20.883
70.878,measure,3538,19.613
70.922,measure,3540,43.821
70.940,measure,3541,17.386
70.940,measure,3541,0.762
70.958,measure,3542,17.424
70.979,measure,3543,20.952
71.008,measure,3543,29.351
71.041,measure,3546,33.107
71.042,measure,3546,0.733
71.081,measure,3548,38.823
71.081,measure,3548,0.641
71.098,measure,3549,16.327
71.120,measure,3549,22.449
71.138,measure,3551,18.190
71.158,measure,3552,19.617
71.178,measure,3553,20.288
71.197,measure,3554,19.152
71.200,measure,3554,2.554
71.239,measure,3556,39.159
71.258,measure,3557,18.534
71.278,measure,3558,20.221
71.283,measure,3558,5.352
71.300,measure,3559,16.549
71.340,measure,3561,40.392
71.357,measure,3562,16.760
71.378,measure,3563,21.399
71.420,measure,3565,41.634
71.421,measure,3565,0.731
71.462,measure,3567,41.022
71.462,measure,3567,0.487
71.478,measure,3568,15.805
71.483,measure,3568,5.314
71.500,measure,3569,16.523
71.539,measure,3571,38.983
71.557,measure,3572,18.598
71.578,measure,3573,20.419
71.583,measure,3573,5.406
71.601,measure,3574,17.538
71.639,measure,3576,38.565
71.658,measure,3577,18.486
71.678,measure,3578,20.136
71.722,measure,3580,44.077
71.739,measure,3581,17.219
71.740,measure,3581,0.699
71.758,measure,3582,18.149
71.778,measure,3583,19.473
71.807,measure,3583,29.801
71.841,measure,3586,33.272
71.841,measure,3586,0.854
71.860,measure,3587,18.903
71.878,measure,3588,17.212
71.901,measure,3588,23.572
71.920,measure,3590,18.564
71.938,measure,3591,18.189
71.959,measure,3592,20.697
71.978,measure,3593,19.846
71.982,measure,3593,3.793
72.021,measure,3595,38.457
72.038,measure,3596,17.242
72.059,measure,3597,20.773
72.078,measure,3598,19.340
72.083,measure,3598,5.192
72.122,measure,3600,38.871
72.140,measure,3601,17.650
72.157,measure,3602,17.251
72.177,measure,3603,20.403
72.208,measure,3603,30.643
72.242,measure,3606,33.429
72.242,measure,3606,0.708
72.281,measure,3608,38.591
72.281,measure,3608,0.682
72.298,measure,3609,16.617
72.320,measure,3609,22.335
72.339,measure,3611,18.132
72.358,measure,3612,19.283
72.378,measure,3613,20.372
72.398,measure,3614,19.302
72.400,measure,3614,2.373
72.439,measure,3616,38.790
72.457,measure,3617,18.546
72.478,measure,3618,20.430
72.482,measure,3618,4.608
72.501,measure,3619,18.454
72.540,measure,3621,39.556
72.557,measure,3622,17.030
72.577,measure,3623,19.899
72.606,measure,3623,28.277
72.639,measure,3626,33.337
72.640,measure,3626,0.717
72.661,measure,3627,21.262
72.678,measure,3628,17.547
72.702,measure,3629,23.744
72.720,measure,3630,17.613
72.738,measure,3631,18.281
72.758,measure,3632,20.226
72.778,measure,3633,19.712
72.801,measure,3633,23.466
72.820,measure,3635,18.836
72.839,measure,3636,18.331
72.858,measure,3637,19.867
72.879,measure,3638,20.239
72.882,measure,3638,3.587
72.921,measure,3640,39.184
72.939,measure,3641,17.871
72.958,measure,3642,19.014
72.979,measure,3643,20.204
73.007,measure,3643,28.437
73.039,measure,3646,32.042
73.040,measure,3646,0.734
73.058,measure,3647,18.092
73.081,measure,3648,22.756
73.082,measure,3648,1.667
73.141,measure,3651,58.434
73.141,measure,3651,0.783
73.161,measure,3652,19.202
73.179,measure,3653,18.511
73.182,measure,3653,3.082
73.221,measure,3655,38.264
73.238,measure,3656,17.791
73.258,measure,3657,19.903
73.278,measure,3658,20.208
73.302,measure,3659,23.565
73.321,measure,3660,19.077
73.338,measure,3661,17.400
73.359,measure,3662,20.227
73.379,measure,3663,20.086
73.383,measure,3663,4.461
73.422,measure,3665,38.810
73.439,measure,3666,17.285
73.459,measure,3667,19.194
73.478,measure,3668,19.938
73.504,measure,3668,25.061
73.521,measure,3670,17.100
73.538,measure,3671,17.459
73.558,measure,3672,20.346
73.580,measure,3673,21.582
73.582,measure,3673,2.244
73.642,measure,3676,59.421
73.642,measure,3676,0.774
73.658,measure,3677,16.019
73.679,measure,3678,20.453
73.702,measure,3678,23.105
73.719,measure,3680,17.316
73.740,measure,3681,20.557
73.760,measure,3682,20.249
73.803,measure,3684,42.634
73.820,measure,3685,16.834
73.820,measure,3685,0.676
73.840,measure,3686,19.607
73.858,measure,3687,17.753
73.906,measure,3689,47.942
73.921,measure,3690,14.986
73.921,measure,3690,0.724
73.941,measure,3691,19.953
73.959,measure,3692,17.399
74.003,measure,3694,44.498
74.019,measure,3695,15.987
74.020,measure,3695,0.670
74.039,measure,3696,18.852
74.059,measure,3697,20.708
74.103,measure,3699,43.908
74.120,measure,3700,16.580
74.121,measure,3700,0.691
74.139,measure,3701,18.495
74.158,measure,3702,19.223
74.179,measure,3703,20.324
74.182,measure,3703,3.691
74.220,measure,3705,37.704
74.240,measure,3706,19.819
74.259,measure,3707,18.990
74.303,measure,3709,43.973
74.321,measure,3710,18.379
74.322,measure,3710,0.642
74.338,measure,3711,16.536
74.358,measure,3712,19.377
74.409,measure,3714,51.175
74.424,measure,3715,15.333
74.439,measure,3716,15.043
74.440,measure,3716,0.656
74.458,measure,3717,18.271
74.503,measure,3719,44.969
74.520,measure,3720,17.184
74.521,measure,3720,0.645
74.539,measure,3721,18.166
74.562,measure,3722,22.772
74.579,measure,3723,16.949
74.583,measure,3723,4.295
74.620,measure,3725,37.038
74.639,measure,3726,18.294
74.684,measure,3728,45.734
74.704,measure,3729,20.053
74.720,measure,3730,15.779
74.721,measure,3730,0.716
74.738,measure,3731,17.519
74.759,measure,3732,20.194
74.779,measure,3733,20.282
74.803,measure,3733,23.728
74.820,measure,3735,17.880
74.839,measure,3736,18.444
74.858,measure,3737,19.370
74.878,measure,3738,20.046
74.882,measure,3738,3.992
74.922,measure,3740,39.837
74.939,measure,3741,16.897
74.959,measure,3742,20.123
74.978,measure,3743,18.876
74.983,measure,3743,5.255
75.019,measure,3745,36.116
75.039,measure,3746,19.204
75.059,measure,3747,20.108
75.081,measure,3748,22.166
75.083,measure,3748,2.402
75.120,measure,3750,37.152
75.138,measure,3751,18.050
75.159,measure,3752,20.286
75.178,measure,3753,19.754
75.207,measure,3753,28.272
75.240,measure,3756,33.415
75.241,measure,3756,0.754
75.258,measure,3757,17.422
75.278,measure,3758,19.424
75.283,measure,3758,5.519
75.320,measure,3760,36.980
75.338,measure,3761,17.252
75.359,measure,3762,21.005
75.378,measure,3763,19.177
75.383,measure,3763,5.472
75.418,measure,3765,35.251
75.438,measure,3766,19.333
75.457,measure,3767,19.280
75.478,measure,3768,21.158
75.502,measure,3769,23.508
75.519,measure,3770,17.350
75.537,measure,3771,18.133
75.556,measure,3772,18.958
75.577,measure,3773,20.830
75.583,measure,3773,6.332
75.620,measure,3775,36.747
75.638,measure,3776,17.525
75.658,measure,3777,20.023
75.678,measure,3778,19.993
75.683,measure,3778,5.610
75.738,measure,3781,54.523
75.738,measure,3781,0.725
75.759,measure,3782,20.363
75.778,measure,3783,18.713
75.782,measure,3783,4.763
75.819,measure,3785,36.571
75.837,measure,3786,17.973
75.857,measure,3787,19.737
75.878,measure,3788,21.596
75.903,measure,3789,24.588
75.922,measure,3790,19.416
75.937,measure,3791,14.715
75.958,measure,3792,20.841
75.978,measure,3793,19.850
76.003,measure,3793,25.470
76.022,measure,3795,18.878
76.040,measure,3796,17.722
76.057,measure,3797,17.747
76.077,measure,3798,19.688
76.083,measure,3798,6.181
76.120,measure,3800,36.837
76.137,measure,3801,16.720
76.156,measure,3802,19.618
76.177,measure,3803,20.486
76.183,measure,3803,6.300
76.218,measure,3805,34.971
76.237,measure,3806,18.377
76.257,measure,3807,20.298
76.277,measure,3808,20.112
76.283,measure,3808,6.239
76.319,measure,3810,36.031
76.337,measure,3811,17.414
76.357,measure,3812,20.331
76.378,measure,3813,20.609
76.406,measure,3813,28.493
76.437,measure,3816,30.657
76.437,measure,3816,0.664
76.458,measure,3817,20.496
76.477,measure,3818,18.873
76.483,measure,3818,6.372
76.518,measure,3820,34.728
76.536,measure,3821,18.080
76.557,measure,3822,20.853
76.577,measure,3823,20.135
76.582,measure,3823,5.294
76.619,measure,3825,36.928
76.636,measure,3826,17.181
76.656,measure,3827,19.649
76.677,measure,3828,21.424
76.683,measure,3828,5.779
76.722,measure,3830,38.816
76.740,measure,3831,17.594
76.756,measure,3832,16.737
76.777,measure,3833,20.587
76.783,measure,3833,6.287
76.820,measure,3835,36.502
76.836,measure,3836,16.077
76.857,measure,3837,21.021
76.877,measure,3838,20.055
76.883,measure,3838,6.343
76.918,measure,3840,34.887
76.936,measure,3841,18.343
76.956,measure,3842,19.786
76.976,measure,3843,20.079
77.003,measure,3844,26.171
77.019,measure,3845,16.826
77.037,measure,3846,17.717
77.056,measure,3847,19.285
77.077,measure,3848,20.293
77.083,measure,3848,6.607
77.137,measure,3851,53.284
77.137,measure,3851,0.765
77.156,measure,3852,18.910
77.176,measure,3853,20.225
77.183,measure,3853,6.773
77.218,measure,3855,34.719
77.236,measure,3856,18.397
77.256,measure,3857,20.156
77.277,measure,3858,20.094
77.302,measure,3858,25.515
77.319,measure,3860,17.115
77.336,measure,3861,17.203
77.356,measure,3862,20.091
77.377,measure,3863,20.384
77.382,measure,3863,5.373
77.437,measure,3866,54.625
77.438,measure,3866,0.716
77.459,measure,3867,21.784
77.476,measure,3868,16.484
77.495,measure,3868,19.304
77.501,measure,3869,5.550
77.537,measure,3871,36.723
77.557,measure,3872,19.371
77.577,measure,3873,19.807
77.582,measure,3873,5.683
77.601,measure,3874,18.440
77.638,measure,3876,37.610
77.657,measure,3877,18.203
77.677,measure,3878,20.177
77.683,measure,3878,6.513
77.722,measure,3880,38.935
77.740,measure,3881,17.501
77.757,measure,3882,16.958
77.777,measure,3883,20.777
77.782,measure,3883,4.892
77.820,measure,3885,37.835
77.836,measure,3886,16.059
77.856,measure,3887,20.167
77.876,measure,3888,19.243
77.883,measure,3888,7.656
77.918,measure,3890,35.053
77.937,measure,3891,18.391
77.957,measure,3892,20.020
77.977,measure,3893,20.183
77.982,measure,3893,5.350
78.019,measure,3895,37.083
78.037,measure,3896,17.744
78.056,measure,3897,18.584
78.077,measure,3898,21.543
78.082,measure,3898,5.016
78.136,measure,3901,53.961
78.137,measure,3901,0.733
78.156,measure,3902,19.177
78.176,measure,3903,19.788
78.183,measure,3903,7.327
78.218,measure,3905,34.953
78.236,measure,3906,17.994
78.256,measure,3907,20.235
78.276,measure,3908,19.818
78.282,measure,3908,6.217
78.319,measure,3910,36.902
78.337,measure,3911,17.255
78.356,measure,3912,19.908
78.377,measure,3913,20.698
78.406,measure,3913,28.440
78.436,measure,3916,30.865
78.437,measure,3916,0.687
78.458,measure,3917,21.024
78.476,measure,3918,17.893
78.483,measure,3918,7.158
78.518,measure,3920,34.757
78.536,measure,3921,18.340
78.556,measure,3922,20.017
78.577,measure,3923,20.191
78.603,measure,3924,26.121
78.619,measure,3925,16.693
78.637,measure,3926,17.700
78.656,measure,3927,18.933
78.676,measure,3928,20.434
78.683,measure,3928,6.805
78.722,measure,3930,38.905
78.740,measure,3931,17.773
78.756,measure,3932,16.146
78.777,measure,3933,20.516
78.783,measure,3933,6.661
78.820,measure,3935,36.561
78.836,measure,3936,16.100
78.857,measure,3937,21.077
78.876,measure,3938,19.166
78.901,measure,3938,24.385
78.918,measure,3940,17.632
78.937,measure,3941,18.446
78.957,measure,3942,19.969
78.977,measure,3943,20.120
78.983,measure,3943,6.535
79.019,measure,3945,36.108
79.037,measure,3946,17.775
79.056,measure,3947,19.167
79.076,measure,3948,20.030
79.083,measure,3948,6.894
79.136,measure,3951,53.020
79.137,measure,3951,0.684
79.156,measure,3952,19.221
79.177,measure,3953,20.519
79.182,measure,3953,5.575
79.218,measure,3955,35.861
79.236,measure,3956,18.299
79.256,measure,3957,20.088
79.277,measure,3958,20.086
79.283,measure,3958,6.700
79.319,measure,3960,35.895
79.336,measure,3961,17.350
79.357,measure,3962,20.456
79.378,measure,3963,20.631
79.405,measure,3963,27.762
79.436,measure,3966,31.020
79.437,measure,3966,0.748
79.459,measure,3967,22.127
79.476,measure,3968,16.551
79.483,measure,3968,7.456
79.501,measure,3969,17.412
79.537,measure,3971,36.505
79.555,measure,3972,18.285
79.577,measure,3973,21.052
79.583,measure,3973,6.719
79.601,measure,3974,17.528
79.636,measure,3976,35.742
79.657,measure,3977,20.201
79.677,measure,3978,20.638
79.704,measure,3978,26.357
79.722,measure,3980,18.273
79.740,measure,3981,17.710
79.756,measure,3982,16.551
79.777,measure,3983,20.572
79.783,measure,3983,6.433
79.820,measure,3985,36.517
79.836,measure,3986,16.223
79.856,measure,3987,19.709
79.877,measure,3988,20.960
79.883,measure,3988,6.585
79.918,measure,3990,34.994
79.937,measure,3991,18.530
79.956,measure,3992,19.344
79.976,measure,3993,20.127
80.002,measure,3993,25.726
80.019,measure,3995,17.450
80.037,measure,3996,17.982
80.056,measure,3997,18.601
80.075,measure,3998,19.387
80.083,measure,3998,7.848
80.136,measure,4001,53.103
80.137,measure,4001,0.697
80.156,measure,4002,19.133
80.176,measure,4003,20.347
80.183,measure,4003,6.691
80.218,measure,4005,34.876
80.236,measure,4006,18.372
80.257,measure,4007,20.460
80.276,measure,4008,19.386
80.282,measure,4008,5.953
80.319,measure,4010,37.076
80.337,measure,4011,17.256
80.356,measure,4012,19.669
80.376,measure,4013,20.173
80.383,measure,4013,6.791
80.437,measure,4016,53.331
80.437,measure,4016,0.700
80.458,measure,4017,20.811
80.477,measure,4018,18.926
80.482,measure,4018,5.299
80.518,measure,4020,35.768
80.537,measure,4021,18.503
80.556,measure,4022,19.436
80.576,measure,4023,20.497
80.602,measure,4024,25.997
80.619,measure,4025,16.802
80.637,measure,4026,17.406
80.657,measure,4027,20.059
80.677,measure,4028,20.603
80.704,measure,4028,26.277
80.722,measure,4030,18.381
80.740,measure,4031,17.631
80.756,measure,4032,16.862
80.777,measure,4033,20.429
80.783,measure,4033,6.302
80.820,measure,4035,36.528
80.836,measure,4036,16.240
80.856,measure,4037,20.213
80.876,measure,4038,19.744
80.883,measure,4038,7.294
80.918,measure,4040,35.193
80.937,measure,4041,18.130
80.956,measure,4042,19.909
80.977,measure,4043,20.174
80.982,measure,4043,5.561
81.019,measure,4045,37.259
81.037,measure,4046,17.801
81.057,measure,4047,19.258
81.077,measure,4048,20.559
81.120,measure,4050,42.967
81.121,measure,4050,0.740
81.141,measure,4051,20.539
81.156,measure,4052,14.778
81.176,measure,4053,20.244
81.183,measure,4053,6.847
81.218,measure,4055,34.923
81.236,measure,4056,18.193
81.256,measure,4057,20.124
81.277,measure,4058,20.326
81.283,measure,4058,6.381
81.319,measure,4060,36.046
81.337,measure,4061,17.383
81.357,measure,4062,20.007
81.377,measure,4063,20.636
81.405,measure,4063,27.495
81.440,measure,4066,35.334
81.441,measure,4066,0.800
81.456,measure,4067,15.180
81.477,measure,4068,20.839
81.483,measure,4068,6.392
81.520,measure,4070,36.542
81.536,measure,4071,16.228
81.556,measure,4072,20.034
81.576,measure,4073,20.153
81.602,measure,4074,25.292
81.618,measure,4075,16.764
81.637,measure,4076,18.560
81.657,measure,4077,19.774
81.677,measure,4078,20.619
81.682,measure,4078,4.997
81.720,measure,4080,37.933
81.738,measure,4081,17.466
81.757,measure,4082,19.788
81.777,measure,4083,19.753
81.819,measure,4085,42.238
81.820,measure,4085,0.724
81.842,measure,4086,21.587
81.857,measure,4087,14.973
81.877,measure,4088,20.813
81.901,measure,4088,23.362
81.919,measure,4090,17.979
81.937,measure,4091,17.752
81.957,measure,4092,20.672
81.977,measure,4093,19.618
82.002,measure,4093,24.878
82.020,measure,4095,18.153
82.037,measure,4096,16.883
82.056,measure,4097,19.505
82.077,measure,4098,20.678
82.122,measure,4100,45.209
82.139,measure,4101,17.312
82.140,measure,4101,0.737
82.156,measure,4102,16.076
82.177,measure,4103,20.684
82.182,measure,4103,5.241
82.221,measure,4105,38.286
82.237,measure,4106,16.521
82.257,measure,4107,19.694
82.278,measure,4108,20.795
82.300,measure,4108,22.954
82.319,measure,4110,18.096
82.338,measure,4111,19.043
82.357,measure,4112,19.625
82.377,measure,4113,19.643
82.383,measure,4113,6.372
82.420,measure,4115,36.593
82.437,measure,4116,16.809
82.457,measure,4117,20.287
82.477,measure,4118,19.672
82.505,measure,4118,28.752
82.537,measure,4121,31.561
82.538,measure,4121,0.720
82.559,measure,4122,21.010
82.577,measure,4123,18.445
82.582,measure,4123,5.170
82.619,measure,4125,36.367
82.637,measure,4126,17.908
82.657,measure,4127,20.631
82.677,measure,4128,19.785
82.683,measure,4128,6.372
82.720,measure,4130,36.478
82.737,measure,4131,16.833
82.757,measure,4132,20.283
82.778,measure,4133,20.682
82.783,measure,4133,5.634
82.821,measure,4135,37.870
82.839,measure,4136,17.668
82.857,measure,4137,17.899
82.877,measure,4138,20.794
82.919,measure,4140,41.694
82.920,measure,4140,0.739
82.936,measure,4141,16.085
82.956,measure,4142,19.857
82.976,measure,4143,20.624
82.983,measure,4143,6.685
83.018,measure,4145,34.945
83.037,measure,4146,18.450
83.057,measure,4147,20.380
83.077,measure,4148,19.890
83.083,measure,4148,6.326
83.119,measure,4150,36.146
83.137,measure,4151,17.481
83.156,measure,4152,19.229
83.176,measure,4153,20.297
83.183,measure,4153,6.878
83.237,measure,4156,53.734
83.238,measure,4156,0.696
83.258,measure,4157,20.287
83.277,measure,4158,18.951
83.283,measure,4158,6.317
83.318,measure,4160,34.828
83.336,measure,4161,18.333
83.357,measure,4162,20.282
83.377,measure,4163,20.029
83.402,measure,4163,25.164
83.419,measure,4165,17.417
83.437,measure,4166,17.614
83.456,measure,4167,18.973
83.478,measure,4168,21.696
83.483,measure,4168,5.714
83.522,measure,4170,38.810
83.540,measure,4171,17.765
83.556,measure,4172,16.184
83.578,measure,4173,21.894
83.583,measure,4173,5.326
83.620,measure,4175,36.635
83.636,measure,4176,16.174
83.656,measure,4177,20.039
83.676,measure,4178,20.146
83.701,measure,4178,24.493
83.718,measure,4180,17.599
83.737,measure,4181,18.580
83.757,measure,4182,19.972
83.777,measure,4183,20.345
83.803,measure,4184,25.355
83.819,measure,4185,16.772
83.837,measure,4186,17.659
83.856,measure,4187,18.860
83.877,measure,4188,21.540
83.883,measure,4188,5.856
83.936,measure,4191,53.223
83.937,measure,4191,0.677
83.956,measure,4192,18.923
83.976,measure,4193,19.781
84.000,measure,4193,24.531
84.018,measure,4195,17.617
84.036,measure,4196,18.381
84.056,measure,4197,19.962
84.076,measure,4198,20.045
84.083,measure,4198,6.844
84.119,measure,4200,36.080
84.137,measure,4201,17.403
84.156,measure,4202,19.016
84.177,measure,4203,21.546
84.223,measure,4205,46.064
84.237,measure,4206,13.188
84.237,measure,4206,0.759
84.258,measure,4207,20.770
84.277,measure,4208,18.915
84.283,measure,4208,6.183
84.318,measure,4210,34.902
84.336,measure,4211,18.331
84.356,measure,4212,20.007
84.377,measure,4213,20.166
84.383,measure,4213,6.641
84.419,measure,4215,36.075
84.436,measure,4216,17.056
84.456,measure,4217,20.176
84.477,measure,4218,20.605
84.522,measure,4220,44.433
84.522,measure,4220,0.655
84.540,measure,4221,17.632
84.557,measure,4222,16.960
84.578,measure,4223,20.725
84.607,measure,4223,29.421
84.620,measure,4225,13.192
84.636,measure,4226,16.302
84.657,measure,4227,20.120
84.676,measure,4228,19.575
84.682,measure,4228,6.088
84.718,measure,4230,35.878
84.736,measure,4231,18.382
84.757,measure,4232,20.101
84.777,measure,4233,20.024
84.782,measure,4233,5.623
84.819,measure,4235,37.186
84.837,measure,4236,17.688
84.856,measure,4237,19.084
84.876,measure,4238,20.163
84.883,measure,4238,6.866
84.936,measure,4241,53.083
84.937,measure,4241,0.670
84.957,measure,4242,20.309
84.976,measure,4243,19.030
85.000,measure,4243,24.091
85.018,measure,4245,17.621
85.036,measure,4246,18.391
85.057,measure,4247,20.153
85.076,measure,4248,19.502
85.102,measure,4248,25.856
85.119,measure,4250,17.242
85.137,measure,4251,17.531
85.156,measure,4252,19.296
85.177,measure,4253,21.164
85.182,measure,4253,5.066
85.237,measure,4256,54.418
85.237,measure,4256,0.675
85.258,measure,4257,20.713
85.277,measure,4258,18.890
85.282,measure,4258,5.356
85.318,measure,4260,35.764
85.336,measure,4261,18.324
85.357,measure,4262,20.372
85.377,measure,4263,20.113
85.383,measure,4263,6.371
85.419,measure,4265,35.940
85.437,measure,4266,17.577
85.456,measure,4267,19.345
85.476,measure,4268,19.586
85.483,measure,4268,7.568
85.522,measure,4270,38.517
85.539,measure,4271,17.696
85.557,measure,4272,17.605
85.576,measure,4273,19.179
85.607,measure,4273,30.446
85.620,measure,4275,13.330
85.636,measure,4276,16.311
85.657,measure,4277,20.494
85.677,measure,4278,20.235
85.682,measure,4278,5.199
85.718,measure,4280,35.858
85.736,measure,4281,18.393
85.757,measure,4282,20.029
85.777,measure,4283,20.082
85.782,measure,4283,5.618
85.819,measure,4285,37.056
85.837,measure,4286,17.652
85.856,measure,4287,19.102
85.877,measure,4288,21.471
85.883,measure,4288,5.738
85.936,measure,4291,52.745
85.937,measure,4291,0.730
85.957,measure,4292,20.339
85.976,measure,4293,18.713
85.982,measure,4293,6.520
86.018,measure,4295,35.726
86.036,measure,4296,18.407
86.056,measure,4297,20.038
86.077,measure,4298,20.167
86.083,measure,4298,6.580
86.119,measure,4300,35.994
86.136,measure,4301,17.275
86.157,measure,4302,20.395
86.178,measure,4303,20.655
86.205,measure,4303,27.759
86.236,measure,4306,31.011
86.237,measure,4306,0.725
86.258,measure,4307,21.378
86.276,measure,4308,17.774
86.300,measure,4308,24.278
86.318,measure,4310,17.615
86.336,measure,4311,18.426
86.356,measure,4312,20.015
86.377,measure,4313,20.142
86.383,measure,4313,6.567
86.419,measure,4315,36.145
86.437,measure,4316,17.444
86.457,measure,4317,20.011
86.478,measure,4318,20.795
86.483,measure,4318,5.623
86.522,measure,4320,38.627
86.540,measure,4321,17.799
86.557,measure,4322,17.011
86.577,measure,4323,20.706
86.607,measure,4323,29.312
86.620,measure,4325,13.177
86.636,measure,4326,16.261
86.657,measure,4327,20.395
86.677,measure,4328,20.068
86.682,measure,4328,5.630
86.718,measure,4330,35.979
86.737,measure,4331,18.426
86.757,measure,4332,20.092
86.777,measure,4333,20.385
86.802,measure,4334,25.403
86.819,measure,4335,16.830
86.837,measure,4336,18.001
86.857,measure,4337,19.213
86.877,measure,4338,20.611
86.920,measure,4340,42.695
86.921,measure,4340,0.771
86.941,measure,4341,20.450
86.955,measure,4342,14.338
86.977,measure,4343,21.300
86.983,measure,4343,6.443
87.018,measure,4345,34.915
87.036,measure,4346,18.335
87.057,measure,4347,20.162
87.077,measure,4348,20.025
87.082,measure,4348,5.641
87.119,measure,4350,37.082
87.137,measure,4351,17.422
87.155,measure,4352,18.578
87.177,measure,4353,21.495
87.182,measure,4353,5.425
87.240,measure,4356,57.855
87.241,measure,4356,0.738
87.257,measure,4357,15.850
87.277,measure,4358,20.783
87.282,measure,4358,4.772
87.320,measure,4360,37.499
87.336,measure,4361,16.127
87.357,measure,4362,21.044
87.377,measure,4363,20.209
87.383,measure,4363,6.114
87.418,measure,4365,34.967
87.437,measure,4366,18.711
87.456,measure,4367,19.358
87.476,measure,4368,19.928
87.502,measure,4368,25.733
87.519,measure,4370,17.355
87.537,measure,4371,17.603
87.557,measure,4372,19.969
87.578,measure,4373,20.692
87.582,measure,4373,4.653
87.637,measure,4376,54.656
87.638,measure,4376,0.687
87.658,measure,4377,20.403
87.677,measure,4378,18.926
87.683,measure,4378,6.331
87.718,measure,4380,34.797
87.736,measure,4381,18.321
87.756,measure,4382,20.160
87.776,measure,4383,19.980
87.782,measure,4383,5.763
87.819,measure,4385,37.009
87.836,measure,4386,17.266
87.857,measure,4387,20.089
87.877,measure,4388,20.557
87.922,measure,4390,44.405
87.922,measure,4390,0.671
87.940,measure,4391,17.526
87.957,measure,4392,17.014
87.977,measure,4393,20.714
88.007,measure,4393,29.138
88.020,measure,4395,13.217
88.036,measure,4396,16.230
88.056,measure,4397,20.157
88.076,measure,4398,20.027
88.101,measure,4398,24.340
88.118,measure,4400,17.560
88.137,measure,4401,18.390
88.157,measure,4402,20.340
88.177,measure,4403,20.302
88.202,measure,4404,25.267
88.219,measure,4405,16.964
88.237,measure,4406,17.523
88.256,measure,4407,19.032
88.277,measure,4408,21.504
88.283,measure,4408,5.789
88.336,measure,4411,52.908
88.337,measure,4411,0.674
88.356,measure,4412,19.289
88.376,measure,4413,20.203
88.400,measure,4413,24.104
88.418,measure,4415,17.581
88.436,measure,4416,18.338
88.456,measure,4417,19.305
88.477,measure,4418,21.179
88.483,measure,4418,5.878
88.519,measure,4420,36.430
88.536,measure,4421,17.234
88.556,measure,4422,19.980
88.577,measure,4423,20.416
88.583,measure,4423,6.471
88.637,measure,4426,53.606
88.638,measure,4426,0.708
88.658,measure,4427,20.688
88.676,measure,4428,17.777
88.683,measure,4428,7.247
88.718,measure,4430,34.708
88.736,measure,4431,18.276
88.756,measure,4432,20.119
88.776,measure,4433,20.064
88.782,measure,4433,5.796
88.819,measure,4435,36.997
88.837,measure,4436,17.415
88.857,measure,4437,19.979
88.877,measure,4438,20.586
88.904,measure,4438,26.686
88.922,measure,4440,18.245
88.940,measure,4441,17.685
88.956,measure,4442,16.274
88.977,measure,4443,20.487
88.983,measure,4443,6.653
89.020,measure,4445,36.519
89.036,measure,4446,16.098
89.056,measure,4447,20.092
89.077,measure,4448,21.048
89.101,measure,4449,24.390
89.118,measure,4450,16.900
89.137,measure,4451,18.436
89.156,measure,4452,19.209
89.177,measure,4453,21.054
89.203,measure,4454,25.725
89.219,measure,4455,16.776
89.237,measure,4456,17.769
89.256,measure,4457,18.971
89.276,measure,4458,19.813
89.320,measure,4460,43.651
89.320,measure,4460,0.704
89.341,measure,4461,20.651
89.355,measure,4462,14.467
89.377,measure,4463,21.318
89.383,measure,4463,6.359
89.418,measure,4465,34.989
89.437,measure,4466,18.576
89.457,measure,4467,19.980
89.477,measure,4468,20.168
89.483,measure,4468,6.329
89.519,measure,4470,36.176
89.537,measure,4471,17.330
89.556,measure,4472,19.297
89.578,measure,4473,21.540
89.583,measure,4473,5.615
89.640,measure,4476,56.596
89.641,measure,4476,0.769
89.657,measure,4477,16.123
89.677,measure,4478,20.661
89.719,measure,4480,41.981
89.720,measure,4480,0.769
89.736,measure,4481,16.008
89.756,measure,4482,20.099
89.777,measure,4483,20.396
89.783,measure,4483,6.456
89.818,measure,4485,35.026
89.836,measure,4486,18.344
89.857,measure,4487,20.305
89.877,measure,4488,20.095
89.883,measure,4488,6.345
89.919,measure,4490,36.163
89.937,measure,4491,17.463
89.957,measure,4492,19.982
89.978,measure,4493,20.760
89.982,measure,4493,4.740
90.037,measure,4496,54.514
90.037,measure,4496,0.644
90.058,measure,4497,20.546
90.077,measure,4498,18.955
90.083,measure,4498,6.256
90.118,measure,4500,34.868
90.136,measure,4501,18.337
90.157,measure,4502,20.304
90.176,measure,4503,19.646
90.202,measure,4503,25.259
90.219,measure,4505,17.777
90.237,measure,4506,17.379
90.256,measure,4507,19.257
90.276,measure,4508,20.410
90.282,measure,4508,5.814
90.322,measure,4510,39.574
90.339,measure,4511,17.673
90.357,measure,4512,17.647
90.376,measure,4513,18.652
90.383,measure,4513,7.448
90.420,measure,4515,36.729
90.436,measure,4516,16.311
90.457,measure,4517,20.305
90.477,measure,4518,20.026
90.483,measure,4518,6.659
90.518,measure,4520,34.887
90.537,measure,4521,18.419
90.557,measure,4522,20.046
90.576,measure,4523,19.860
90.583,measure,4523,6.750
90.620,measure,4525,36.321
90.637,measure,4526,17.768
90.657,measure,4527,19.288
90.677,measure,4528,20.569
90.720,measure,4530,42.511
90.720,measure,4530,0.725
90.741,measure,4531,20.884
90.756,measure,4532,14.610
90.777,measure,4533,21.162
90.783,measure,4533,6.091
90.818,measure,4535,34.779
90.836,measure,4536,18.289
90.856,measure,4537,19.478
90.877,measure,4538,21.203
90.883,measure,4538,6.310
90.919,measure,4540,36.031
90.937,measure,4541,17.392
90.957,measure,4542,20.121
90.977,measure,4543,20.629
91.005,measure,4543,27.147
91.040,measure,4546,35.316
91.041,measure,4546,0.760
91.057,measure,4547,16.085
91.076,measure,4548,19.589
91.106,measure,4548,30.110
91.120,measure,4550,13.322
91.136,measure,4551,16.177
91.156,measure,4552,20.273
91.177,measure,4553,20.466
91.183,measure,4553,6.579
91.218,measure,4555,35.163
91.237,measure,4556,18.335
91.256,measure,4557,19.736
91.276,measure,4558,19.499
91.283,measure,4558,7.260
91.319,measure,4560,36.292
91.337,measure,4561,17.934
91.357,measure,4562,19.336
91.377,measure,4563,20.643
91.382,measure,4563,4.773
91.436,measure,4566,53.884
91.437,measure,4566,0.710
91.456,measure,4567,19.029
91.477,measure,4568,21.125
91.483,measure,4568,6.082
91.518,measure,4570,34.971
91.536,measure,4571,18.425
91.556,measure,4572,19.988
91.577,measure,4573,20.136
91.582,measure,4573,5.653
91.620,measure,4575,37.393
91.638,measure,4576,18.499
91.657,measure,4577,19.374
91.677,measure,4578,20.004
91.705,measure,4578,28.056
91.736,measure,4581,30.913
91.737,measure,4581,0.675
91.758,measure,4582,21.009
91.776,measure,4583,18.010
91.801,measure,4584,25.106
91.818,measure,4585,16.812
91.836,measure,4586,18.319
91.857,measure,4587,20.339
91.876,measure,4588,19.635
91.901,measure,4588,25.075
91.919,measure,4590,17.708
91.936,measure,4591,17.236
91.956,measure,4592,19.819
91.976,measure,4593,20.258
91.983,measure,4593,6.789
92.022,measure,4595,38.487
92.039,measure,4596,17.713
92.057,measure,4597,17.678
92.076,measure,4598,19.244
92.082,measure,4598,5.935
92.136,measure,4601,54.000
92.137,measure,4601,0.680
92.156,measure,4602,18.897
92.177,measure,4603,21.523
92.201,measure,4603,23.176
92.218,measure,4605,17.475
92.236,measure,4606,18.348
92.257,measure,4607,20.457
92.277,measure,4608,20.111
92.283,measure,4608,6.316
92.319,measure,4610,36.024
92.337,measure,4611,17.322
92.357,measure,4612,20.033
92.377,measure,4613,20.794
92.405,measure,4613,27.621
92.436,measure,4616,31.008
92.437,measure,4616,0.729
92.458,measure,4617,21.497
92.476,measure,4618,17.913
92.482,measure,4618,6.043
92.518,measure,4620,35.796
92.536,measure,4621,18.402
92.557,measure,4622,20.237
92.577,measure,4623,20.118
92.582,measure,4623,5.433
92.619,measure,4625,36.836
92.636,measure,4626,17.346
92.657,measure,4627,20.133
92.676,measure,4628,19.567
92.682,measure,4628,6.120
92.722,measure,4630,39.597
92.740,measure,4631,17.927
92.756,measure,4632,16.767
92.777,measure,4633,20.730
92.819,measure,4635,41.993
92.820,measure,4635,0.722
92.836,measure,4636,16.002
92.856,measure,4637,20.471
92.877,measure,4638,20.147
92.883,measure,4638,6.564
92.918,measure,4640,34.953
92.937,measure,4641,18.731
92.957,measure,4642,19.917
92.977,measure,4643,20.197
92.983,measure,4643,6.273
93.019,measure,4645,35.921
93.037,measure,4646,17.514
93.055,measure,4647,18.678
93.077,measure,4648,21.381
93.083,measure,4648,6.538
93.137,measure,4651,53.628
93.138,measure,4651,0.716
93.158,measure,4652,20.735
93.176,measure,4653,17.782
93.182,measure,4653,6.163
93.218,measure,4655,35.807
93.236,measure,4656,18.407
93.256,measure,4657,19.972
93.277,measure,4658,20.164
93.283,measure,4658,6.607
93.319,measure,4660,35.999
93.337,measure,4661,17.481
93.357,measure,4662,19.944
93.377,measure,4663,20.744
93.421,measure,4665,43.794
93.422,measure,4665,0.679
93.440,measure,4666,17.783
93.458,measure,4667,18.341
93.477,measure,4668,19.392
93.507,measure,4668,29.194
93.520,measure,4670,13.231
93.536,measure,4671,15.752
93.556,measure,4672,20.170
93.577,measure,4673,21.162
93.583,measure,4673,6.284
93.618,measure,4675,35.105
93.637,measure,4676,18.469
93.656,measure,4677,19.185
93.676,measure,4678,20.271
93.682,measure,4678,5.948
93.719,measure,4680,37.348
93.737,measure,4681,17.791
93.757,measure,4682,19.418
93.777,measure,4683,20.636
93.806,measure,4683,29.088
93.836,measure,4686,29.649
93.837,measure,4686,0.693
93.856,measure,4687,19.207
93.877,measure,4688,21.204
93.901,measure,4689,24.305
93.918,measure,4690,16.647
93.937,measure,4691,18.530
93.957,measure,4692,20.009
93.976,measure,4693,19.790
93.982,measure,4693,5.714
94.019,measure,4695,37.043
94.037,measure,4696,17.567
94.056,measure,4697,19.134
94.076,measure,4698,20.202
94.105,measure,4698,29.197
94.136,measure,4701,30.936
94.137,measure,4701,0.735
94.158,measure,4702,21.094
94.177,measure,4703,19.074
94.201,measure,4704,24.201
94.218,measure,4705,16.769
94.236,measure,4706,18.257
94.257,measure,4707,20.320
94.277,measure,4708,20.056
94.282,measure,4708,5.449
94.319,measure,4710,36.831
94.336,measure,4711,17.236
94.356,measure,4712,19.456
94.377,measure,4713,21.521
94.404,measure,4713,26.404
94.422,measure,4715,18.161
94.439,measure,4716,17.659
94.457,measure,4717,17.699
94.476,measure,4718,19.187
94.482,measure,4718,5.874
94.520,measure,4720,37.395
94.537,measure,4721,17.238
94.557,measure,4722,20.053
94.577,measure,4723,20.232
94.601,measure,4724,24.312
94.618,measure,4725,16.744
94.641,measure,4726,22.800
94.656,measure,4727,14.989
94.678,measure,4728,22.031
94.682,measure,4728,4.202
94.721,measure,4730,38.611
94.737,measure,4731,16.474
94.757,measure,4732,19.365
94.778,measure,4733,20.862
94.782,measure,4733,4.680
94.820,measure,4735,37.842
94.838,measure,4736,17.845
94.857,measure,4737,19.334
94.877,measure,4738,19.609
94.882,measure,4738,5.361
94.920,measure,4740,37.656
94.937,measure,4741,16.764
94.957,measure,4742,20.841
94.977,measure,4743,19.587
94.983,measure,4743,6.160
95.040,measure,4746,56.713
95.041,measure,4746,0.784
95.057,measure,4747,16.228
95.078,measure,4748,20.856
95.083,measure,4748,5.399
95.120,measure,4750,36.883
95.137,measure,4751,16.695
95.156,measure,4752,19.553
95.177,measure,4753,20.488
95.183,measure,4753,6.360
95.219,measure,4755,35.547
95.237,measure,4756,17.821
95.258,measure,4757,20.987
95.277,measure,4758,19.536
95.303,measure,4759,25.585
95.320,measure,4760,17.181
95.337,measure,4761,17.225
95.356,measure,4762,19.342
95.377,measure,4763,20.828
95.406,measure,4763,28.644
95.437,measure,4766,31.463
95.438,measure,4766,0.706
95.460,measure,4767,21.581
95.477,measure,4768,16.893
95.483,measure,4768,6.616
95.501,measure,4769,17.483
95.538,measure,4771,37.264
95.557,measure,4772,18.684
95.577,measure,4773,20.123
95.583,measure,4773,6.495
95.601,measure,4774,17.523
95.637,measure,4776,36.206
95.657,measure,4777,19.724
95.678,measure,4778,20.962
95.682,measure,4778,4.593
95.722,measure,4780,39.682
95.739,measure,4781,17.634
95.756,measure,4782,16.951
95.777,measure,4783,20.767
95.819,measure,4785,41.977
95.820,measure,4785,0.705
95.836,measure,4786,16.020
95.856,measure,4787,20.445
95.876,measure,4788,20.059
95.883,measure,4788,6.727
95.918,measure,4790,34.940
95.937,measure,4791,18.635
95.957,measure,4792,20.002
95.977,measure,4793,19.980
95.982,measure,4793,5.439
96.019,measure,4795,37.102
96.037,measure,4796,17.406
96.057,measure,4797,20.055
96.077,measure,4798,20.625
96.119,measure,4800,41.321
96.119,measure,4800,0.737
96.141,measure,4801,21.777
96.156,measure,4802,14.489
96.177,measure,4803,21.226
96.182,measure,4803,5.374
96.218,measure,4805,35.833
96.236,measure,4806,18.359
96.257,measure,4807,20.448
96.277,measure,4808,20.242
96.303,measure,4809,25.516
96.319,measure,4810,16.586
96.337,measure,4811,17.460
96.356,measure,4812,19.368
96.376,measure,4813,20.268
96.383,measure,4813,6.838
96.440,measure,4816,56.678
96.441,measure,4816,0.767
96.457,measure,4817,16.154
96.477,measure,4818,20.637
96.507,measure,4818,29.242
96.520,measure,4820,13.390
96.536,measure,4821,16.105
96.556,measure,4822,20.008
96.576,measure,4823,20.171
96.583,measure,4823,6.873
96.618,measure,4825,35.079
96.637,measure,4826,18.600
96.656,measure,4827,19.266
96.676,measure,4828,20.101
96.682,measure,4828,5.916
96.720,measure,4830,37.499
96.737,measure,4831,17.551
96.756,measure,4832,18.993
96.776,measure,4833,20.125
96.783,measure,4833,6.839
96.836,measure,4836,52.917
96.837,measure,4836,0.677
96.857,measure,4837,20.037
96.877,measure,4838,20.230
96.883,measure,4838,6.118
96.918,measure,4840,34.924
96.936,measure,4841,18.349
96.956,measure,4842,19.468
96.977,measure,4843,21.097
97.003,measure,4844,25.609
97.019,measure,4845,16.655
97.037,measure,4846,17.447
97.057,measure,4847,20.378
97.076,measure,4848,19.129
97.105,measure,4848,29.119
97.136,measure,4851,31.095
97.137,measure,4851,0.751
97.158,measure,4852,20.886
97.176,measure,4853,17.812
97.183,measure,4853,7.276
97.218,measure,4855,34.845
97.236,measure,4856,18.350
97.256,measure,4857,20.119
97.277,measure,4858,20.072
97.283,measure,4858,6.561
97.319,measure,4860,36.098
97.336,measure,4861,17.307
97.357,measure,4862,20.357
97.377,measure,4863,20.617
97.382,measure,4863,4.646
97.422,measure,4865,39.867
97.440,measure,4866,17.788
97.458,measure,4867,18.116
97.477,measure,4868,19.517
97.506,measure,4868,29.082
97.520,measure,4870,13.185
97.536,measure,4871,16.243
97.557,measure,4872,20.919
97.577,measure,4873,20.184
97.600,measure,4873,23.317
97.618,measure,4875,17.777
97.637,measure,4876,18.513
97.657,measure,4877,20.363
97.677,measure,4878,20.286
97.703,measure,4879,25.541
97.719,measure,4880,16.416
97.737,measure,4881,17.458
97.757,measure,4882,20.039
97.777,measure,4883,20.697
97.806,measure,4883,28.622
97.837,measure,4886,30.585
97.837,measure,4886,0.689
97.858,measure,4887,20.722
97.877,measure,4888,18.754
97.883,measure,4888,6.306
97.918,measure,4890,34.893
97.936,measure,4891,18.145
97.956,measure,4892,20.064
97.976,measure,4893,19.997
97.983,measure,4893,6.938
98.019,measure,4895,36.006
98.037,measure,4896,17.362
98.057,measure,4897,20.291
98.077,measure,4898,20.046
98.103,measure,4898,26.607
98.122,measure,4900,18.532
98.140,measure,4901,17.621
98.156,measure,4902,16.791
98.177,measure,4903,20.638
98.183,measure,4903,6.169
98.220,measure,4905,36.868
98.236,measure,4906,16.252
98.257,measure,4907,20.357
98.277,measure,4908,20.015
98.283,measure,4908,6.523
98.318,measure,4910,34.940
98.336,measure,4911,18.201
98.356,measure,4912,20.104
98.377,measure,4913,20.154
98.403,measure,4914,26.127
98.419,measure,4915,16.589
98.437,measure,4916,17.631
98.456,measure,4917,19.406
98.477,measure,4918,20.668
98.520,measure,4920,42.603
98.520,measure,4920,0.765
98.541,measure,4921,20.758
98.556,measure,4922,14.655
98.577,measure,4923,21.311
98.601,measure,4924,24.025
98.618,measure,4925,16.839
98.636,measure,4926,18.007
98.656,measure,4927,20.108
98.676,measure,4928,20.174
98.683,measure,4928,6.853
98.719,measure,4930,36.104
98.737,measure,4931,17.264
98.757,measure,4932,20.280
98.778,measure,4933,20.763
98.782,measure,4933,4.859
98.840,measure,4936,57.541
98.841,measure,4936,0.875
98.860,measure,4937,18.847
98.879,measure,4938,19.616
98.882,measure,4938,2.948
98.919,measure,4940,36.763
98.937,measure,4941,17.769
98.956,measure,4942,19.543
98.976,measure,4943,20.020
98.983,measure,4943,6.873
99.001,measure,4944,17.442
99.039,measure,4946,38.263
99.056,measure,4947,17.290
99.076,measure,4948,19.998
99.095,measure,4949,19.188
99.100,measure,4949,4.411
99.138,measure,4951,38.426
99.157,measure,4952,18.477
99.177,measure,4953,20.205
99.183,measure,4953,6.330
99.238,measure,4956,55.063
99.239,measure,4956,0.657
99.261,measure,4957,21.854
99.276,measure,4958,15.337
99.295,measure,4958,18.995
99.301,measure,4959,5.409
99.339,measure,4961,38.146
99.357,measure,4962,17.843
99.377,measure,4963,20.153
99.383,measure,4963,6.498
99.401,measure,4964,17.412
99.437,measure,4966,36.518
99.456,measure,4967,19.309
99.477,measure,4968,20.369
99.482,measure,4968,5.371
99.540,measure,4971,57.524
99.540,measure,4971,0.797
99.556,measure,4972,15.792
99.577,measure,4973,20.570
99.582,measure,4973,5.341
99.639,measure,4976,56.337
99.639,measure,4976,0.708
99.662,measure,4977,23.149
99.680,measure,4978,17.904
99.698,measure,4979,17.322
99.726,measure,4979,28.314
99.739,measure,4981,13.172
99.756,measure,4982,17.020
99.776,measure,4983,20.059
99.795,measure,4983,18.889
99.801,measure,4984,5.490
99.836,measure,4986,35.374
99.856,measure,4987,20.059
99.877,measure,4988,21.128
99.895,measure,4988,18.140
99.901,measure,4989,5.411
99.937,measure,4991,35.951
99.957,measure,4992,20.022
99.977,measure,4993,20.335
99.983,measure,4993,6.241
100.036,measure,4996,53.216
100.037,measure,4996,0.707
100.058,measure,4997,20.970
100.077,measure,4998,18.803
100.082,measure,4998,5.313
100.118,measure,5000,35.866
100.136,measure,5001,18.326
100.156,measure,5002,19.984
100.177,measure,5003,20.107
100.182,measure,5003,5.667
100.219,measure,5005,36.988
100.236,measure,5006,17.259
100.257,measure,5007,20.102
100.277,measure,5008,20.554
100.282,measure,5008,5.069
100.322,measure,5010,39.870
100.340,measure,5011,17.990
100.356,measure,5012,16.225
100.377,measure,5013,20.552
100.383,measure,5013,6.396
100.420,measure,5015,36.806
100.436,measure,5016,16.317
100.456,measure,5017,20.027
100.476,measure,5018,19.567
100.482,measure,5018,6.250
100.518,measure,5020,36.000
100.537,measure,5021,18.424
100.557,measure,5022,19.983
100.577,measure,5023,20.163
100.583,measure,5023,6.473
100.620,measure,5025,36.392
100.637,measure,5026,17.675
100.656,measure,5027,19.017
100.676,measure,5028,20.068
100.683,measure,5028,6.796
100.736,measure,5031,53.000
100.737,measure,5031,0.650
100.757,measure,5032,20.222
100.776,measure,5033,19.336
100.800,measure,5033,24.122
100.818,measure,5035,17.574
100.836,measure,5036,18.282
100.856,measure,5037,20.013
100.876,measure,5038,20.015
100.883,measure,5038,6.832
100.919,measure,5040,36.082
100.937,measure,5041,17.424
100.956,measure,5042,19.445
100.976,measure,5043,20.250
100.982,measure,5043,5.777
101.037,measure,5046,54.487
101.037,measure,5046,0.676
101.058,measure,5047,20.856
101.076,measure,5048,17.904
101.100,measure,5048,24.142
101.118,measure,5050,17.760
101.136,measure,5051,18.411
101.157,measure,5052,20.220
101.177,measure,5053,20.179
101.183,measure,5053,6.393
101.219,measure,5055,35.997
101.237,measure,5056,17.489
101.256,measure,5057,19.371
101.276,measure,5058,20.169
101.283,measure,5058,6.916
101.322,measure,5060,38.770
101.340,measure,5061,17.682
101.356,measure,5062,16.868
101.377,measure,5063,20.808
101.419,measure,5065,41.916
101.420,measure,5065,0.704
101.436,measure,5066,16.378
101.457,measure,5067,20.643
101.477,measure,5068,20.196
101.482,measure,5068,5.119
101.518,measure,5070,35.772
101.536,measure,5071,18.459
101.557,measure,5072,20.864
101.577,measure,5073,19.290
101.582,measure,5073,5.608
101.620,measure,5075,37.626
101.637,measure,5076,17.064
101.657,measure,5077,19.898
101.678,measure,5078,21.281
101.683,measure,5078,5.040
101.737,measure,5081,54.174
101.738,measure,5081,0.668
101.787,measure,5083,48.564
101.808,measure,5084,21.102
101.813,measure,5084,5.755
101.840,measure,5086,26.761
101.841,measure,5086,0.798
101.856,measure,5087,15.550
101.878,measure,5088,21.102
101.901,measure,5088,22.990
101.919,measure,5090,18.107
101.937,measure,5091,18.410
101.957,measure,5092,19.684
101.978,measure,5093,21.200
101.982,measure,5093,4.186
102.020,measure,5095,37.831
102.037,measure,5096,16.944
102.058,measure,5097,20.983
102.078,measure,5098,20.262
102.123,measure,5100,45.043
102.137,measure,5101,13.915
102.138,measure,5101,0.858
102.159,measure,5102,21.019
102.178,measure,5103,19.100
102.183,measure,5103,4.970
102.219,measure,5105,35.876
102.237,measure,5106,18.340
102.258,measure,5107,20.585
102.278,measure,5108,20.343
102.283,measure,5108,4.331
102.320,measure,5110,37.397
102.337,measure,5111,17.379
102.357,measure,5112,19.860
102.378,measure,5113,21.004
102.382,measure,5113,3.979
102.422,measure,5115,40.223
102.439,measure,5116,17.029
102.458,measure,5117,18.821
102.478,measure,5118,19.904
102.483,measure,5118,5.041
102.522,measure,5120,38.736
102.538,measure,5121,15.770
102.558,measure,5122,20.591
102.578,measure,5123,19.885
102.583,measure,5123,4.893
102.621,measure,5125,37.641
102.638,measure,5126,17.496
102.658,measure,5127,20.141
102.679,measure,5128,20.330
102.683,measure,5128,4.456
102.722,measure,5130,39.142
102.739,measure,5131,16.490
102.758,measure,5132,19.145
102.807,measure,5134,48.729
102.822,measure,5135,14.859
102.822,measure,5135,0.724
102.838,measure,5136,16.255
102.859,measure,5137,20.368
102.904,measure,5139,44.859
102.921,measure,5140,17.221
102.922,measure,5140,0.661
102.959,measure,5142,37.484
102.960,measure,5142,0.730
103.001,measure,5144,41.364
103.002,measure,5144,0.664
103.021,measure,5145,18.772
103.043,measure,5146,22.063
103.059,measure,5147,16.326
103.103,measure,5149,43.679
103.119,measure,5150,16.668
103.120,measure,5150,0.682
103.139,measure,5151,18.786
103.159,measure,5152,19.745
103.203,measure,5154,44.128
103.219,measure,5155,15.890
103.219,measure,5155,0.639
103.239,measure,5156,19.710
103.258,measure,5157,19.110
103.304,measure,5159,46.426
103.320,measure,5160,15.391
103.321,measure,5160,0.662
103.339,measure,5161,18.535
103.358,measure,5162,19.195
103.378,measure,5163,20.180
103.419,measure,5165,40.936
103.420,measure,5165,0.676
103.439,measure,5166,18.737
103.458,measure,5167,19.634
103.481,measure,5168,22.308
103.482,measure,5168,1.436
103.521,measure,5170,38.827
103.539,measure,5171,18.144
103.558,measure,5172,18.950
103.579,measure,5173,20.584
103.582,measure,5173,3.500
103.641,measure,5176,58.411
103.642,measure,5176,1.047
103.661,measure,5177,19.556
103.703,measure,5179,42.055
103.719,measure,5180,16.150
103.720,measure,5180,0.667
103.739,measure,5181,18.764
103.759,measure,5182,20.033
103.804,measure,5184,45.049
103.820,measure,5185,15.867
103.820,measure,5185,0.676
103.839,measure,5186,18.307
103.858,measure,5187,18.825
103.879,measure,5188,21.806
103.918,measure,5190,38.452
103.918,measure,5190,0.660
103.939,measure,5191,20.737
103.958,measure,5192,18.829
104.004,measure,5194,46.065
104.020,measure,5195,15.498
104.020,measure,5195,0.653
104.039,measure,5196,18.645
104.059,measure,5197,19.678
104.078,measure,5198,19.729
104.121,measure,5200,42.705
104.122,measure,5200,0.693
104.139,measure,5201,17.238
104.158,measure,5202,19.169
104.210,measure,5204,51.386
104.224,measure,5205,14.468
104.239,measure,5206,14.897
104.240,measure,5206,0.750
104.260,measure,5207,20.646
104.278,measure,5208,17.869
104.282,measure,5208,4.026
104.320,measure,5210,37.774
104.338,measure,5211,18.179
104.360,measure,5212,22.310
104.378,measure,5213,17.593
104.383,measure,5213,5.092
104.421,measure,5215,37.773
104.437,measure,5216,16.605
104.459,measure,5217,21.463
104.479,measure,5218,20.131
104.483,measure,5218,4.132
104.520,measure,5220,36.887
104.539,measure,5221,18.669
104.557,measure,5222,18.409
104.578,measure,5223,20.858
104.583,measure,5223,5.139
104.618,measure,5225,35.137
104.639,measure,5226,20.301
104.659,measure,5227,20.193
104.678,measure,5228,19.543
104.682,measure,5228,3.796
104.738,measure,5231,55.676
104.739,measure,5231,0.714
104.759,measure,5232,20.138
104.779,measure,5233,19.855
104.782,measure,5233,3.650
104.837,measure,5236,54.820
104.838,measure,5236,0.862
104.858,measure,5237,19.882
104.878,measure,5238,20.355
104.898,measure,5239,19.492
104.900,measure,5239,2.192
104.939,measure,5241,38.928
104.958,measure,5242,19.337
104.978,measure,5243,19.509
104.982,measure,5243,4.595
105.001,measure,5244,18.560
105.040,measure,5246,39.349
105.058,measure,5247,17.485
105.078,measure,5248,20.337
105.105,measure,5248,27.452
105.138,measure,5251,33.151
105.139,measure,5251,0.809
105.160,measure,5252,20.612
105.179,measure,5253,18.960
105.183,measure,5253,4.307
105.220,measure,5255,36.483
105.237,measure,5256,17.759
105.258,measure,5257,20.854
105.278,measure,5258,19.686
105.283,measure,5258,5.149
105.320,measure,5260,36.746
105.338,measure,5261,17.858
105.358,measure,5262,20.757
105.378,measure,5263,19.736
105.383,measure,5263,4.997
105.421,measure,5265,37.755
105.438,measure,5266,17.112
105.458,measure,5267,19.906
105.480,measure,5268,21.983
105.483,measure,5268,3.184
105.539,measure,5271,56.155
105.540,measure,5271,0.699
105.561,measure,5272,20.543
105.578,measure,5273,17.580
105.583,measure,5273,4.982
105.620,measure,5275,36.565
105.638,measure,5276,17.853
105.658,measure,5277,20.608
105.678,measure,5278,19.713
105.683,measure,5278,5.306
105.720,measure,5280,37.224
105.739,measure,5281,18.174
105.758,measure,5282,19.784
105.778,measure,5283,19.713
105.783,measure,5283,5.122
105.821,measure,5285,38.076
105.839,measure,5286,17.558
105.858,measure,5287,18.819
105.878,measure,5288,20.863
105.907,measure,5288,28.438
105.940,measure,5291,33.086
105.941,measure,5291,0.803
105.960,measure,5292,19.476
105.978,measure,5293,17.492
105.983,measure,5293,5.331
106.020,measure,5295,36.530
106.038,measure,5296,18.734
106.058,measure,5297,19.954
106.078,measure,5298,19.759
106.083,measure,5298,5.069
106.121,measure,5300,37.519
106.138,measure,5301,17.180
106.157,measure,5302,19.172
106.178,measure,5303,21.157
106.183,measure,5303,4.986
106.222,measure,5305,38.969
106.240,measure,5306,17.490
106.258,measure,5307,18.768
106.278,measure,5308,19.695
106.283,measure,5308,5.071
106.341,measure,5311,58.056
106.342,measure,5311,0.774
106.360,measure,5312,18.430
106.378,measure,5313,17.403
106.383,measure,5313,5.284
106.420,measure,5315,36.522
106.439,measure,5316,18.988
106.458,measure,5317,19.479
106.482,measure,5318,24.330
106.502,measure,5319,19.861
106.521,measure,5320,18.375
106.538,measure,5321,17.085
106.559,measure,5322,20.812
106.578,measure,5323,19.864
106.621,measure,5325,42.807
106.622,measure,5325,0.696
106.639,measure,5326,17.577
106.658,measure,5327,18.490
106.679,measure,5328,21.421
106.723,measure,5330,43.503
106.743,measure,5331,20.239
106.760,measure,5332,16.699
106.761,measure,5332,0.872
106.778,measure,5333,17.660
106.802,measure,5334,23.197
106.820,measure,5335,18.139
106.838,measure,5336,17.905
106.858,measure,5337,20.872
106.878,measure,5338,19.899
106.902,measure,5339,24.050
106.921,measure,5340,18.159
106.939,measure,5341,17.906
106.958,measure,5342,19.919
106.978,measure,5343,19.992
107.021,measure,5345,42.741
107.022,measure,5345,0.665
107.039,measure,5346,17.660
107.058,measure,5347,18.553
107.079,measure,5348,20.952
107.082,measure,5348,3.179
107.141,measure,5351,58.698
107.142,measure,5351,0.771
107.161,measure,5352,19.053
107.178,measure,5353,17.462
107.183,measure,5353,4.952
107.220,measure,5355,36.676
107.238,measure,5356,17.882
107.257,measure,5357,19.700
107.278,measure,5358,20.931
107.302,measure,5359,23.575
107.320,measure,5360,18.251
107.338,measure,5361,18.175
107.358,measure,5362,19.378
107.378,measure,5363,20.716
107.421,measure,5365,42.238
107.421,measure,5365,0.664
107.439,measure,5366,17.528
107.457,measure,5367,18.661
107.478,measure,5368,20.890
107.522,measure,5370,43.129
107.522,measure,5370,0.719
107.558,measure,5372,35.350
107.558,measure,5372,0.527
107.580,measure,5373,22.209
107.602,measure,5374,21.866
107.620,measure,5375,17.464
107.638,measure,5376,18.787
107.658,measure,5377,19.710
107.678,measure,5378,19.534
107.683,measure,5378,5.429
107.721,measure,5380,37.817
107.738,measure,5381,16.943
107.759,measure,5382,20.930
107.779,measure,5383,19.890
107.804,measure,5383,25.082
107.839,measure,5386,35.678
107.840,measure,5386,0.742
107.858,measure,5387,17.580
107.878,measure,5388,20.288
107.908,measure,5388,29.954
107.938,measure,5391,29.548
107.938,measure,5391,0.738
107.957,measure,5392,18.750
107.977,measure,5393,20.309
107.982,measure,5393,4.748
108.001,measure,5394,18.540
108.039,measure,5396,37.984
108.057,measure,5397,18.681
108.077,measure,5398,20.169
108.083,measure,5398,5.680
108.101,measure,5399,17.484
108.140,measure,5401,39.431
108.157,measure,5402,17.436
108.178,measure,5403,20.312
108.183,measure,5403,5.338
108.239,measure,5406,55.754
108.240,measure,5406,0.703
108.261,measure,5407,20.898
108.278,measure,5408,17.181
108.282,measure,5408,4.519
108.320,measure,5410,37.353
108.338,measure,5411,18.728
108.358,measure,5412,19.628
108.379,measure,5413,20.868
108.382,measure,5413,3.396
108.420,measure,5415,37.944
108.438,measure,5416,17.685
108.458,measure,5417,19.766
108.478,measure,5418,20.524
108.483,measure,5418,5.037
108.521,measure,5420,38.017
108.539,measure,5421,17.631
108.558,measure,5422,19.395
108.578,measure,5423,19.779
108.607,measure,5423,29.027
108.640,measure,5426,32.950
108.641,measure,5426,0.818
108.661,measure,5427,20.142
108.678,measure,5428,17.215
108.683,measure,5428,5.010
108.720,measure,5430,36.424
108.738,measure,5431,18.764
108.758,measure,5432,19.822
108.777,measure,5433,18.852
108.783,measure,5433,6.239
108.820,measure,5435,36.903
108.838,measure,5436,17.716
108.858,measure,5437,20.600
108.878,measure,5438,19.583
108.882,measure,5438,4.138
108.921,measure,5440,38.919
108.939,measure,5441,17.584
108.958,measure,5442,19.250
108.979,measure,5443,21.026
108.983,measure,5443,4.205
109.040,measure,5446,56.670
109.041,measure,5446,0.732
109.061,measure,5447,20.270
109.078,measure,5448,17.118
109.083,measure,5448,5.149
109.120,measure,5450,36.527
109.138,measure,5451,17.923
109.158,measure,5452,20.862
109.178,measure,5453,19.721
109.183,measure,5453,4.987
109.220,measure,5455,37.064
109.238,measure,5456,17.837
109.257,measure,5457,19.462
109.278,measure,5458,20.723
109.283,measure,5458,4.964
109.321,measure,5460,37.971
109.339,measure,5461,17.806
109.358,measure,5462,18.704
109.379,measure,5463,20.927
109.407,measure,5463,28.335
109.440,measure,5466,33.102
109.441,measure,5466,0.774
109.462,measure,5467,21.026
109.478,measure,5468,15.775
109.483,measure,5468,5.528
109.501,measure,5469,17.541
109.539,measure,5471,37.975
109.558,measure,5472,19.217
109.578,measure,5473,20.261
109.596,measure,5474,18.395
109.600,measure,5474,3.313
109.639,measure,5476,39.406
109.658,measure,5477,18.622
109.678,measure,5478,19.978
109.683,measure,5478,5.346
109.739,measure,5481,56.248
109.740,measure,5481,0.714
109.758,measure,5482,17.521
109.778,measure,5483,20.451
109.798,measure,5484,19.965
109.799,measure,5484,0.708
109.861,measure,5487,61.750
109.861,measure,5487,0.438
109.883,measure,5488,21.765
109.903,measure,5489,19.806
109.921,measure,5490,18.796
109.939,measure,5491,17.196
109.958,measure,5492,19.575
109.977,measure,5493,19.277
109.983,measure,5493,5.789
110.001,measure,5494,17.466
110.039,measure,5496,38.119
110.058,measure,5497,19.112
110.078,measure,5498,20.554
110.082,measure,5498,3.751
110.100,measure,5499,17.456
110.140,measure,5501,40.435
110.157,measure,5502,17.312
110.178,measure,5503,20.351
110.182,measure,5503,4.507
110.240,measure,5506,57.413
110.240,measure,5506,0.764
110.261,measure,5507,20.462
110.278,measure,5508,17.103
110.283,measure,5508,5.128
110.320,measure,5510,36.552
110.338,measure,5511,18.551
110.358,measure,5512,19.366
110.379,measure,5513,20.995
110.383,measure,5513,4.013
110.420,measure,5515,37.423
110.438,measure,5516,18.174
110.458,measure,5517,19.561
110.479,measure,5518,20.954
110.503,measure,5518,23.885
110.521,measure,5520,18.598
110.539,measure,5521,17.688
110.558,measure,5522,19.154
110.580,measure,5523,21.639
110.582,measure,5523,2.525
110.640,measure,5526,57.759
110.641,measure,5526,0.823
110.660,measure,5527,19.563
110.678,measure,5528,17.419
110.682,measure,5528,4.462
110.720,measure,5530,37.350
110.738,measure,5531,18.693
110.758,measure,5532,19.357
110.779,measure,5533,20.936
110.802,measure,5533,23.123
110.821,measure,5535,18.978
110.838,measure,5536,17.705
110.858,measure,5537,19.385
110.879,measure,5538,20.932
110.903,measure,5538,24.283
110.922,measure,5540,18.970
110.940,measure,5541,17.644
110.958,measure,5542,18.278
110.979,measure,5543,20.763
111.022,measure,5545,43.775
111.043,measure,5546,20.723
111.060,measure,5547,16.963
111.061,measure,5547,0.633
111.078,measure,5548,17.407
111.083,measure,5548,4.961
111.120,measure,5550,36.490
111.138,measure,5551,18.767
111.158,measure,5552,20.052
111.178,measure,5553,19.525
111.183,measure,5553,5.306
111.221,measure,5555,37.381
111.238,measure,5556,17.813
111.258,measure,5557,19.333
111.279,measure,5558,20.821
111.303,measure,5558,24.252
111.322,measure,5560,19.222
111.339,measure,5561,17.422
111.358,measure,5562,18.452
111.379,measure,5563,20.844
111.383,measure,5563,4.394
111.441,measure,5566,57.930
111.442,measure,5566,0.770
111.461,measure,5567,19.037
111.478,measure,5568,17.416
111.497,measure,5569,18.933
111.500,measure,5569,2.619
111.539,measure,5571,38.700
111.558,measure,5572,19.183
111.578,measure,5573,19.998
111.583,measure,5573,5.445
111.601,measure,5574,17.483
111.640,measure,5576,38.959
111.658,measure,5577,18.349
111.678,measure,5578,20.435
111.722,measure,5580,43.134
111.722,measure,5580,0.657
111.740,measure,5581,17.533
111.757,measure,5582,17.117
111.779,measure,5583,21.938
111.783,measure,5583,4.395
111.841,measure,5586,57.634
111.841,measure,5586,0.659
111.863,measure,5587,21.464
111.881,measure,5588,17.919
111.898,measure,5588,16.701
111.920,measure,5589,21.979
111.938,measure,5591,18.761
111.957,measure,5592,19.211
111.977,measure,5593,19.726
111.996,measure,5593,19.251
112.001,measure,5594,4.118
112.039,measure,5596,37.963
112.058,measure,5597,19.653
112.077,measure,5598,19.099
112.083,measure,5598,5.865
112.101,measure,5599,17.506
112.140,measure,5601,39.367
112.157,measure,5602,17.175
112.177,measure,5603,19.690
112.183,measure,5603,6.250
112.239,measure,5606,55.498
112.239,measure,5606,0.696
112.260,measure,5607,20.831
112.278,measure,5608,17.848
112.283,measure,5608,5.099
112.337,measure,5611,53.779
112.338,measure,5611,0.745
112.359,measure,5612,20.893
112.378,measure,5613,19.224
112.383,measure,5613,5.361
112.419,measure,5615,36.334
112.438,measure,5616,18.575
112.458,measure,5617,19.504
112.478,measure,5618,20.777
112.520,measure,5620,42.000
112.521,measure,5620,0.662
112.538,measure,5621,16.788
112.558,measure,5622,20.504
112.578,measure,5623,19.575
112.583,measure,5623,5.303
112.639,measure,5626,55.398
112.639,measure,5626,0.684
112.660,measure,5627,20.609
112.678,measure,5628,18.361
112.722,measure,5630,43.888
112.736,measure,5631,14.206
112.737,measure,5631,0.752
112.757,measure,5632,20.414
112.778,measure,5633,20.934
112.802,measure,5634,23.392
112.820,measure,5635,17.738
112.838,measure,5636,18.624
112.858,measure,5637,19.378
112.878,measure,5638,20.737
112.903,measure,5639,24.541
112.921,measure,5640,18.227
112.938,measure,5641,16.662
112.957,measure,5642,19.613
112.978,measure,5643,20.869
112.983,measure,5643,4.998
113.038,measure,5646,54.873
113.039,measure,5646,0.738
113.060,measure,5647,20.916
113.079,measure,5648,18.851
113.101,measure,5648,22.491
113.119,measure,5650,18.405
113.138,measure,5651,18.731
113.158,measure,5652,19.686
113.179,measure,5653,20.853
113.182,measure,5653,3.456
113.220,measure,5655,37.616
113.238,measure,5656,17.727
113.258,measure,5657,20.917
113.278,measure,5658,19.427
113.283,measure,5658,5.287
113.321,measure,5660,37.826
113.338,measure,5661,17.026
113.357,measure,5662,19.309
113.378,measure,5663,20.630
113.383,measure,5663,5.161
113.439,measure,5666,56.220
113.440,measure,5666,0.756
113.462,measure,5667,21.706
113.478,measure,5668,15.854
113.497,measure,5669,19.604
113.500,measure,5669,2.585
113.538,measure,5671,38.624
113.558,measure,5672,19.706
113.578,measure,5673,20.189
113.596,measure,5673,18.038
113.601,measure,5674,4.230
113.639,measure,5676,38.559
113.657,measure,5677,18.242
113.678,measure,5678,20.181
113.683,measure,5678,5.545
113.739,measure,5681,56.175
113.740,measure,5681,0.665
113.757,measure,5682,16.807
113.779,measure,5683,21.909
113.783,measure,5683,4.435
113.840,measure,5686,57.025
113.841,measure,5686,1.016
113.862,measure,5687,21.150
113.880,measure,5688,17.874
113.898,measure,5689,17.663
113.927,measure,5689,28.860
113.941,measure,5691,13.910
113.957,measure,5692,16.410
113.977,measure,5693,19.723
113.983,measure,5693,6.378
114.000,measure,5694,17.365
114.038,measure,5696,37.783
114.057,measure,5697,18.483
114.078,measure,5698,21.063
114.082,measure,5698,4.353
114.101,measure,5699,18.363
114.140,measure,5701,39.032
114.158,measure,5702,18.243
114.178,measure,5703,19.736
114.183,measure,5703,5.601
114.237,measure,5706,54.281
114.238,measure,5706,0.756
114.259,measure,5707,20.790
114.279,measure,5708,19.901
114.283,measure,5708,4.253
114.319,measure,5710,35.955
114.337,measure,5711,18.349
114.357,measure,5712,20.017
114.378,measure,5713,20.327
114.383,measure,5713,5.349
114.419,measure,5715,36.251
114.438,measure,5716,18.228
114.458,measure,5717,20.774
114.477,measure,5718,19.006
114.502,measure,5718,25.033
114.521,measure,5720,18.191
114.538,measure,5721,17.308
114.558,measure,5722,19.896
114.578,measure,5723,20.629
114.607,measure,5723,28.110
114.639,measure,5726,32.693
114.640,measure,5726,0.705
114.660,measure,5727,20.092
114.679,measure,5728,19.004
114.683,measure,5728,4.071
114.719,measure,5730,35.844
114.737,measure,5731,18.144
114.758,measure,5732,20.429
114.778,measure,5733,20.184
114.783,measure,5733,5.361
114.819,measure,5735,36.284
114.838,measure,5736,18.275
114.858,measure,5737,20.142
114.878,measure,5738,20.163
114.883,measure,5738,5.230
114.921,measure,5740,37.347
114.938,measure,5741,17.521
114.957,measure,5742,18.961
114.977,measure,5743,20.459
115.006,measure,5743,28.885
115.039,measure,5746,32.571
115.040,measure,5746,0.751
115.060,measure,5747,20.510
115.079,measure,5748,19.071
115.121,measure,5750,41.963
115.122,measure,5750,0.704
115.137,measure,5751,14.866
115.157,measure,5752,20.287
115.177,measure,5753,20.363
115.201,measure,5753,23.118
115.219,measure,5755,18.616
115.238,measure,5756,18.368
115.258,measure,5757,20.067
115.278,measure,5758,20.236
115.283,measure,5758,5.287
115.321,measure,5760,37.498
115.338,measure,5761,17.790
115.358,measure,5762,19.790
115.378,measure,5763,19.464
115.383,measure,5763,5.513
115.439,measure,5766,55.450
115.439,measure,5766,0.705
115.461,measure,5767,21.703
115.478,measure,5768,17.240
115.497,measure,5769,19.014
115.500,measure,5769,2.496
115.539,measure,5771,38.792
115.558,measure,5772,19.304
115.578,measure,5773,20.233
115.597,measure,5774,18.887
115.599,measure,5774,1.808
115.639,measure,5776,40.253
115.658,measure,5777,18.529
115.677,measure,5778,19.547
115.702,measure,5778,25.103
115.721,measure,5780,18.938
115.740,measure,5781,19.017
115.757,measure,5782,16.834
115.777,measure,5783,19.956
115.783,measure,5783,6.156
115.841,measure,5786,57.374
115.841,measure,5786,0.827
115.860,measure,5787,18.910
115.877,measure,5788,17.135
115.882,measure,5788,4.805
115.919,measure,5790,37.178
115.938,measure,5791,18.756
115.958,measure,5792,19.635
115.978,measure,5793,20.502
115.982,measure,5793,3.897
116.021,measure,5795,38.459
116.038,measure,5796,17.652
116.056,measure,5797,17.368
116.078,measure,5798,22.669
116.103,measure,5798,24.565
116.122,measure,5800,19.181
116.140,measure,5801,17.620
116.157,measure,5802,17.143
116.179,measure,5803,22.203
116.183,measure,5803,4.097
116.241,measure,5806,57.404
116.241,measure,5806,0.803
116.260,measure,5807,18.902
116.277,measure,5808,16.993
116.282,measure,5808,4.964
116.319,measure,5810,37.304
116.338,measure,5811,18.529
116.357,measure,5812,19.070
116.378,measure,5813,20.451
116.382,measure,5813,4.617
116.421,measure,5815,38.381
116.438,measure,5816,17.414
116.458,measure,5817,20.491
116.478,measure,5818,19.694
116.483,measure,5818,4.996
116.522,measure,5820,38.851
116.539,measure,5821,17.514
116.558,measure,5822,18.572
116.579,measure,5823,20.689
116.583,measure,5823,4.371
116.641,measure,5826,57.881
116.642,measure,5826,0.737
116.663,measure,5827,21.116
116.681,measure,5828,18.297
116.697,measure,5829,15.879
116.721,measure,5829,23.557
116.738,measure,5831,17.791
116.758,measure,5832,19.332
116.778,measure,5833,20.528
116.797,measure,5833,18.646
116.801,measure,5834,3.779
116.839,measure,5836,37.950
116.858,measure,5837,19.589
116.877,measure,5838,19.086
116.882,measure,5838,4.811
116.901,measure,5839,18.455
116.940,measure,5841,39.371
116.958,measure,5842,18.329
116.977,measure,5843,19.197
117.006,measure,5843,28.728
117.039,measure,5846,33.157
117.040,measure,5846,0.749
117.061,measure,5847,20.644
117.078,measure,5848,17.125
117.082,measure,5848,4.295
117.120,measure,5850,37.348
117.138,measure,5851,18.709
117.158,measure,5852,19.910
117.179,measure,5853,20.491
117.201,measure,5853,22.867
117.220,measure,5855,18.590
117.238,measure,5856,17.702
117.258,measure,5857,20.694
117.278,measure,5858,19.520
117.283,measure,5858,5.133
117.321,measure,5860,38.084
117.339,measure,5861,17.544
117.358,measure,5862,19.217
117.379,measure,5863,20.906
117.382,measure,5863,3.237
117.440,measure,5866,57.896
117.441,measure,5866,0.772
117.462,measure,5867,21.190
117.478,measure,5868,15.864
117.482,measure,5868,4.362
117.501,measure,5869,18.354
117.539,measure,5871,38.027
117.558,measure,5872,19.135
117.578,measure,5873,20.342
117.597,measure,5874,19.047
117.599,measure,5874,1.693
117.639,measure,5876,40.262
117.657,measure,5877,18.136
117.677,measure,5878,20.301
117.682,measure,5878,4.671
117.722,measure,5880,39.942
117.740,measure,5881,17.785
117.757,measure,5882,17.212
117.777,measure,5883,20.360
117.783,measure,5883,5.679
117.840,measure,5886,57.262
117.841,measure,5886,0.793
117.860,measure,5887,19.130
117.878,measure,5888,17.196
117.882,measure,5888,4.667
117.919,measure,5890,37.248
117.938,measure,5891,18.769
117.958,measure,5892,19.483
117.978,measure,5893,20.609
118.002,measure,5894,24.117
118.021,measure,5895,18.139
118.038,measure,5896,17.784
118.058,measure,5897,19.476
118.078,measure,5898,19.994
118.082,measure,5898,4.327
118.122,measure,5900,39.851
118.140,measure,5901,17.548
118.158,measure,5902,18.204
118.179,measure,5903,20.789
118.182,measure,5903,3.619
118.241,measure,5906,58.953
118.242,measure,5906,0.665
118.263,measure,5907,21.125
118.281,measure,5908,17.959
118.297,measure,5908,16.308
118.319,measure,5909,22.175
118.338,measure,5911,19.026
118.358,measure,5912,19.362
118.378,measure,5913,19.876
118.383,measure,5913,5.550
118.401,measure,5914,17.496
118.439,measure,5916,37.888
118.458,measure,5917,19.052
118.478,measure,5918,20.220
118.482,measure,5918,4.326
118.501,measure,5919,18.377
118.540,measure,5921,39.322
118.558,measure,5922,17.865
118.578,measure,5923,20.156
118.583,measure,5923,5.273
118.639,measure,5926,55.518
118.639,measure,5926,0.742
118.660,measure,5927,20.801
118.678,measure,5928,17.812
118.683,measure,5928,5.112
118.738,measure,5931,54.476
118.738,measure,5931,0.708
118.757,measure,5932,19.150
118.778,measure,5933,20.098
118.783,measure,5933,5.533
118.801,measure,5934,17.490
118.839,measure,5936,37.954
118.858,measure,5937,19.017
118.878,measure,5938,19.986
118.883,measure,5938,5.595
118.901,measure,5939,17.499
118.940,measure,5941,39.244
118.957,measure,5942,17.108
118.977,measure,5943,20.491
119.006,measure,5943,28.109
119.039,measure,5946,33.103
119.039,measure,5946,0.702
119.061,measure,5947,21.136
119.078,measure,5948,17.081
119.083,measure,5948,5.521
119.119,measure,5950,36.347
119.138,measure,5951,18.730
119.158,measure,5952,19.658
119.179,measure,5953,20.725
119.182,measure,5953,3.930
119.220,measure,5955,37.611
119.238,measure,5956,17.602
119.257,measure,5957,19.573
119.278,measure,5958,20.791
119.283,measure,5958,5.032
119.321,measure,5960,38.051
119.339,measure,5961,17.563
119.358,measure,5962,19.432
119.378,measure,5963,19.748
119.383,measure,5963,5.226
119.440,measure,5966,56.847
119.441,measure,5966,0.782
119.462,measure,5967,20.953
119.478,measure,5968,16.065
119.483,measure,5968,5.354
119.501,measure,5969,17.467
119.539,measure,5971,38.042
119.558,measure,5972,19.173
119.579,measure,5973,20.951
119.583,measure,5973,4.374
119.601,measure,5974,17.443
119.639,measure,5976,38.402
119.657,measure,5977,18.179
119.677,measure,5978,19.771
119.722,measure,5980,45.322
119.739,measure,5981,16.922
119.740,measure,5981,0.735
119.758,measure,5982,17.937
119.779,measure,5983,20.776
119.807,measure,5983,28.636
119.840,measure,5986,32.972
119.841,measure,5986,0.787
119.860,measure,5987,19.402
119.878,measure,5988,17.202
119.902,measure,5989,24.463
119.920,measure,5990,17.511
119.938,measure,5991,18.760
119.958,measure,5992,19.448
119.979,measure,5993,20.841
120.002,measure,5993,22.949
120.020,measure,5995,18.858
120.038,measure,5996,17.947
120.057,measure,5997,18.793
120.078,measure,5998,20.925
120.083,measure,5998,5.020
120.122,measure,6000,38.788
120.139,measure,6001,17.500
120.158,measure,6002,18.542
120.179,measure,6003,20.881
120.182,measure,6003,3.291
120.241,measure,6006,58.899
120.242,measure,6006,0.765
120.260,measure,6007,18.564
120.278,measure,6008,17.272
120.283,measure,6008,5.395
120.319,measure,6010,36.458
120.338,measure,6011,18.735
120.358,measure,6012,19.356
120.378,measure,6013,20.805
120.403,measure,6014,24.243
120.421,measure,6015,17.877
120.438,measure,6016,17.503
120.458,measure,6017,19.636
120.479,measure,6018,20.896
120.503,measure,6018,24.277
120.522,measure,6020,19.123
120.540,measure,6021,17.579
120.557,measure,6022,17.689
120.578,measure,6023,20.739
120.583,measure,6023,5.152
120.641,measure,6026,58.084
120.642,measure,6026,0.705
120.680,measure,6028,38.595
120.681,measure,6028,0.634
120.698,measure,6029,16.593
120.719,measure,6029,21.284
120.738,measure,6031,19.318
120.758,measure,6032,19.515
120.778,measure,6033,20.252
120.797,measure,6034,19.269
120.799,measure,6034,1.445
120.838,measure,6036,39.686
120.858,measure,6037,19.417
120.878,measure,6038,20.334
120.882,measure,6038,3.911
120.900,measure,6039,17.404
120.940,measure,6041,40.630
120.957,measure,6042,16.979
120.978,measure,6043,20.629
120.983,measure,6043,5.319
121.038,measure,6046,55.385
121.039,measure,6046,0.721
121.060,measure,6047,21.040
121.078,measure,6048,17.842
121.083,measure,6048,5.020
121.193,measure,6051,109.922
121.208,measure,6052,14.590
121.208,measure,6052,0.732
121.254,measure,6054,45.242
121.270,measure,6055,16.785
121.271,measure,6055,0.672
121.288,measure,6056,17.066
121.309,measure,6057,20.598
121.356,measure,6059,46.792
121.374,measure,6060,18.241
121.388,measure,6061,14.313
121.389,measure,6061,0.712
121.410,measure,6062,20.890
121.453,measure,6064,43.702
121.469,measure,6065,15.528
121.470,measure,6065,0.659
121.489,measure,6066,19.300
121.509,measure,6067,19.911
121.552,measure,6069,43.407
121.553,measure,6069,0.653
121.570,measure,6070,17.050
121.589,measure,6071,18.850
121.609,measure,6072,20.549
121.630,measure,6073,20.582
121.633,measure,6073,3.344
121.671,measure,6075,37.775
121.689,measure,6076,18.216
121.708,measure,6077,19.146
121.731,measure,6078,22.440
121.733,measure,6078,2.330
121.790,measure,6081,56.795
121.791,measure,6081,0.691
121.810,measure,6082,19.633
121.834,measure,6083,23.556
121.852,measure,6083,18.200
121.870,measure,6085,17.606
121.889,measure,6086,19.195
121.909,measure,6087,20.554
121.929,measure,6088,19.685
121.933,measure,6088,4.132
121.971,measure,6090,37.561
121.989,measure,6091,18.471
122.008,measure,6092,18.946
122.029,measure,6093,21.034
122.033,measure,6093,3.998
122.072,measure,6095,39.220
122.090,measure,6096,17.534
122.110,measure,6097,19.858
122.154,measure,6099,44.125
122.176,measure,6100,22.178
122.190,measure,6101,14.354
122.191,measure,6101,0.815
122.209,measure,6102,17.342
122.252,measure,6104,43.641
122.253,measure,6104,0.734
122.270,measure,6105,16.790
122.289,measure,6106,19.024
122.309,measure,6107,19.771
122.333,measure,6108,24.795
122.333,measure,6108,0.146
122.371,measure,6110,37.503
122.390,measure,6111,18.666
122.410,measure,6112,19.863
122.431,measure,6113,21.564
122.432,measure,6113,1.072
122.488,measure,6116,56.095
122.489,measure,6116,0.667
122.510,measure,6117,21.276
122.529,measure,6118,18.728
122.533,measure,6118,4.125
122.570,measure,6120,36.475
122.589,measure,6121,19.633
122.609,measure,6122,19.531
122.630,measure,6123,20.857
122.633,measure,6123,3.653
122.670,measure,6125,36.814
122.690,measure,6126,19.548
122.709,measure,6127,19.004
122.754,measure,6129,45.151
122.770,measure,6130,16.675
122.771,measure,6130,0.683
122.789,measure,6131,18.119
122.809,measure,6132,19.754
122.858,measure,6134,48.908
122.859,measure,6134,0.920
122.893,measure,6136,34.082
122.894,measure,6136,0.772
122.909,measure,6137,15.290
122.953,measure,6139,43.687
122.953,measure,6139,0.660
122.970,measure,6140,16.456
122.989,measure,6141,19.219
123.010,measure,6142,21.042
123.053,measure,6144,43.361
123.071,measure,6145,17.439
123.071,measure,6145,0.449
123.089,measure,6146,17.642
123.110,measure,6147,20.802
123.155,measure,6149,45.183
123.173,measure,6150,17.791
123.173,measure,6150,0.685
123.189,measure,6151,15.271
123.209,measure,6152,20.488
123.255,measure,6154,45.529
123.272,measure,6155,17.046
123.272,measure,6155,0.771
123.289,measure,6156,16.694
123.310,measure,6157,20.866
123.354,measure,6159,43.887
123.376,measure,6160,22.569
123.391,measure,6161,14.544
123.392,measure,6161,0.744
123.409,measure,6162,16.927
123.454,measure,6164,44.950
123.471,measure,6165,17.605
123.472,measure,6165,0.315
123.489,measure,6166,17.618
123.509,measure,6167,19.872
123.552,measure,6169,43.286
123.553,measure,6169,0.700
123.570,measure,6170,16.876
123.589,measure,6171,19.259
123.609,measure,6172,19.424
123.652,measure,6174,43.240
123.653,measure,6174,0.704
123.672,measure,6175,19.270
123.690,measure,6176,17.976
123.710,measure,6177,20.283
123.731,measure,6178,20.647
123.733,measure,6178,2.397
123.788,measure,6181,55.161
123.789,measure,6181,0.708
123.811,measure,6182,21.604
123.853,measure,6184,42.654
123.854,measure,6184,0.715
123.870,measure,6185,16.068
123.894,measure,6186,23.586
123.909,measure,6187,15.393
123.955,measure,6189,46.327
123.971,measure,6190,15.257
123.971,measure,6190,0.730
123.989,measure,6191,17.993
124.011,measure,6192,21.299
124.055,measure,6194,44.012
124.070,measure,6195,15.438
124.071,measure,6195,0.732
124.110,measure,6197,38.738
124.110,measure,6197,0.739
124.152,measure,6199,41.746
124.153,measure,6199,0.681
124.170,measure,6200,17.810
124.190,measure,6201,19.588
124.210,measure,6202,19.555
124.252,measure,6204,42.114
124.252,measure,6204,0.703
124.270,measure,6205,18.017
124.289,measure,6206,18.753
124.309,measure,6207,20.069
124.352,measure,6209,43.143
124.353,measure,6209,0.684
124.370,measure,6210,17.382
124.389,measure,6211,19.002
124.410,measure,6212,20.246
124.452,measure,6214,42.113
124.453,measure,6214,0.680
124.472,measure,6215,19.753
124.490,measure,6216,17.549
124.511,measure,6217,21.122
124.554,measure,6219,43.108
124.569,measure,6220,15.145
124.570,measure,6220,0.722
124.593,measure,6221,22.821
124.611,measure,6222,17.960
124.655,measure,6224,43.988
124.671,measure,6225,15.987
124.671,measure,6225,0.726
124.710,measure,6227,38.312
124.710,measure,6227,0.774
124.752,measure,6229,41.596
124.753,measure,6229,0.677
124.770,measure,6230,17.384
124.793,measure,6231,22.906
124.810,measure,6232,17.297
124.852,measure,6234,41.828
124.853,measure,6234,0.665
124.870,measure,6235,16.727
124.889,measure,6236,19.867
124.909,measure,6237,19.729
124.952,measure,6239,43.267
124.953,measure,6239,0.683
124.969,measure,6240,16.141
124.989,measure,6241,19.794
125.010,measure,6242,20.540
125.052,measure,6244,42.713
125.053,measure,6244,0.713
125.069,measure,6245,16.067
125.090,measure,6246,21.121
125.109,measure,6247,18.935
125.154,measure,6249,45.303
125.170,measure,6250,15.649
125.171,measure,6250,0.680
125.189,measure,6251,18.498
125.209,measure,6252,19.916
125.230,measure,6253,20.951
125.233,measure,6253,2.972
125.269,measure,6255,36.366
125.289,measure,6256,19.260
125.309,measure,6257,20.132
125.352,measure,6259,43.551
125.353,measure,6259,0.744
125.368,measure,6260,15.152
125.392,measure,6261,23.829
125.409,measure,6262,16.555
125.453,measure,6264,44.018
125.454,measure,6264,0.836
125.469,measure,6265,15.314
125.488,measure,6266,19.464
125.509,measure,6267,20.485
125.530,measure,6268,21.393
125.533,measure,6268,2.809
125.569,measure,6270,35.777
125.588,measure,6271,19.525
125.608,measure,6272,19.606
125.629,measure,6273,21.233
125.633,measure,6273,3.877
125.670,measure,6275,37.139
125.688,measure,6276,17.410
125.708,measure,6277,20.744
125.728,measure,6278,19.318
125.733,measure,6278,5.521
125.772,measure,6280,39.010
125.790,measure,6281,17.549
125.808,measure,6282,18.447
125.828,measure,6283,20.174
125.833,measure,6283,4.704
125.871,measure,6285,37.462
125.888,measure,6286,16.996
125.908,measure,6287,20.794
125.930,measure,6288,22.093
125.933,measure,6288,2.729
125.969,measure,6290,35.768
125.988,measure,6291,18.980
126.008,measure,6292,20.145
126.029,measure,6293,20.585
126.033,measure,6293,4.539
126.070,measure,6295,36.616
126.088,measure,6296,18.190
126.108,measure,6297,20.476
126.128,measure,6298,19.679
126.132,measure,6298,4.008
126.187,measure,6301,55.094
126.188,measure,6301,0.735
126.209,measure,6302,20.604
126.228,measure,6303,19.590
126.233,measure,6303,4.897
126.268,measure,6305,34.976
126.288,measure,6306,20.036
126.307,measure,6307,18.920
126.328,measure,6308,21.489
126.333,measure,6308,4.739
126.369,measure,6310,35.929
126.387,measure,6311,17.865
126.408,measure,6312,20.772
126.428,measure,6313,20.542
126.433,measure,6313,4.811
126.472,measure,6315,38.961
126.490,measure,6316,17.743
126.508,measure,6317,18.027
126.529,measure,6318,20.743
126.533,measure,6318,4.508
126.568,measure,6320,34.859
126.588,measure,6321,19.987
126.608,measure,6322,19.923
126.628,measure,6323,20.163
126.633,measure,6323,5.004
126.669,measure,6325,35.650
126.687,measure,6326,18.597
126.707,measure,6327,19.961
126.728,measure,6328,20.546
126.733,measure,6328,5.337
126.771,measure,6330,37.380
126.788,measure,6331,17.581
126.807,measure,6332,18.900
126.828,measure,6333,21.454
126.833,measure,6333,4.620
126.870,measure,6335,36.682
126.887,measure,6336,17.509
126.907,measure,6337,20.066
126.927,measure,6338,20.036
126.933,measure,6338,5.768
126.968,measure,6340,35.199
126.987,measure,6341,18.987
127.007,measure,6342,19.960
127.027,measure,6343,19.997
127.033,measure,6343,5.843
127.070,measure,6345,36.545
127.088,measure,6346,17.960
127.108,measure,6347,20.171
127.128,measure,6348,20.539
127.133,measure,6348,4.743
127.186,measure,6351,52.701
127.186,measure,6351,0.715
127.207,measure,6352,20.564
127.227,measure,6353,20.426
127.233,measure,6353,5.535
127.268,measure,6355,34.872
127.287,measure,6356,19.141
127.307,measure,6357,19.872
127.328,measure,6358,21.404
127.333,measure,6358,4.804
127.369,measure,6360,36.091
127.387,measure,6361,17.660
127.408,measure,6362,21.181
127.427,measure,6363,19.342
127.433,measure,6363,5.719
127.474,measure,6365,40.946
127.488,measure,6366,13.589
127.508,measure,6367,20.675
127.527,measure,6368,18.997
127.533,measure,6368,5.747
127.568,measure,6370,34.883
127.587,measure,6371,19.090
127.607,measure,6372,19.985
127.627,measure,6373,20.030
127.633,measure,6373,6.051
127.669,measure,6375,36.176
127.687,measure,6376,17.657
127.708,measure,6377,21.169
127.727,measure,6378,19.413
127.733,measure,6378,5.651
127.772,measure,6380,39.129
127.790,measure,6381,17.520
127.808,measure,6382,18.076
127.828,measure,6383,20.604
127.833,measure,6383,4.630
127.870,measure,6385,36.613
127.887,measure,6386,17.411
127.907,measure,6387,20.044
127.927,measure,6388,20.059
127.933,measure,6388,5.800
127.968,measure,6390,35.261
127.987,measure,6391,19.146
128.007,measure,6392,19.561
128.028,measure,6393,21.450
128.032,measure,6393,3.677
128.070,measure,6395,37.504
128.087,measure,6396,17.781
128.107,measure,6397,19.963
128.127,measure,6398,19.957
128.133,measure,6398,5.485
128.186,measure,6401,52.752
128.186,measure,6401,0.720
128.207,measure,6402,20.595
128.228,measure,6403,21.196
128.233,measure,6403,4.950
128.268,measure,6405,35.010
128.287,measure,6406,19.067
128.307,measure,6407,19.976
128.327,measure,6408,20.071
128.333,measure,6408,6.031
128.369,measure,6410,35.950
128.387,measure,6411,17.861
128.408,measure,6412,21.119
128.428,measure,6413,19.611
128.433,measure,6413,5.368
128.474,measure,6415,40.940
128.488,measure,6416,13.665
128.509,measure,6417,20.882
128.528,measure,6418,19.003
128.533,measure,6418,5.416
128.568,measure,6420,35.079
128.588,measure,6421,20.179
128.606,measure,6422,18.109
128.627,measure,6423,20.306
128.633,measure,6423,6.388
128.669,measure,6425,36.189
128.687,measure,6426,17.785
128.707,measure,6427,19.985
128.728,measure,6428,20.533
128.733,measure,6428,5.549
128.772,measure,6430,38.954
128.790,measure,6431,17.811
128.808,measure,6432,18.353
128.828,measure,6433,20.075
128.833,measure,6433,4.866
128.871,measure,6435,37.467
128.889,measure,6436,17.896
128.908,measure,6437,19.258
128.928,measure,6438,19.918
128.933,measure,6438,5.435
128.969,measure,6440,35.865
128.988,measure,6441,19.058
129.007,measure,6442,18.947
129.027,measure,6443,20.432
129.032,measure,6443,4.694
129.070,measure,6445,38.251
129.088,measure,6446,17.554
129.108,measure,6447,19.996
129.129,measure,6448,20.584
129.133,measure,6448,4.564
129.189,measure,6451,56.061
129.190,measure,6451,0.698
129.210,measure,6452,19.991
129.228,measure,6453,18.536
129.233,measure,6453,4.704
129.272,measure,6455,38.513
129.289,measure,6456,16.924
129.307,measure,6457,18.891
129.327,measure,6458,19.943
129.333,measure,6458,5.700
129.370,measure,6460,36.489
129.388,measure,6461,17.983
129.408,measure,6462,20.087
129.428,measure,6463,20.439
129.433,measure,6463,5.070
129.471,measure,6465,37.912
129.489,measure,6466,17.764
129.508,measure,6467,18.958
129.528,measure,6468,20.528
129.533,measure,6468,4.245
129.571,measure,6470,38.628
129.588,measure,6471,17.004
129.607,measure,6472,18.866
129.627,measure,6473,19.671
129.633,measure,6473,6.386
129.669,measure,6475,36.056
129.687,measure,6476,17.925
129.707,measure,6477,19.992
129.728,measure,6478,21.212
129.733,measure,6478,4.853
129.770,measure,6480,37.239
129.788,measure,6481,17.642
129.807,measure,6482,19.025
129.827,measure,6483,20.459
129.832,measure,6483,4.657
129.888,measure,6486,55.367
129.888,measure,6486,0.685
129.907,measure,6487,18.649
129.929,measure,6488,21.790
129.933,measure,6488,4.399
129.968,measure,6490,35.211
129.987,measure,6491,18.659
130.008,measure,6492,21.181
130.027,measure,6493,18.846
130.032,measure,6493,5.224
130.069,measure,6495,37.147
130.087,measure,6496,17.570
130.108,measure,6497,20.655
130.128,measure,6498,20.547
130.133,measure,6498,5.007
130.174,measure,6500,40.903
130.188,measure,6501,13.598
130.208,measure,6502,20.087
130.228,measure,6503,20.367
130.232,measure,6503,4.055
130.268,measure,6505,35.955
130.287,measure,6506,19.398
130.307,measure,6507,19.707
130.327,measure,6508,20.088
130.333,measure,6508,5.787
130.369,measure,6510,36.082
130.387,measure,6511,17.886
130.407,measure,6512,20.166
130.428,measure,6513,20.620
130.432,measure,6513,4.330
130.472,measure,6515,39.978
130.490,measure,6516,17.626
130.508,measure,6517,18.119
130.530,measure,6518,22.301
130.533,measure,6518,2.946
130.570,measure,6520,36.541
130.587,measure,6521,17.615
130.607,measure,6522,19.962
130.627,measure,6523,19.945
130.632,measure,6523,5.056
130.668,measure,6525,36.093
130.687,measure,6526,19.043
130.707,measure,6527,19.488
130.728,measure,6528,21.392
130.733,measure,6528,4.831
130.769,measure,6530,36.446
130.787,measure,6531,18.004
130.807,measure,6532,19.205
130.829,measure,6533,21.975
130.833,measure,6533,4.412
130.886,measure,6536,52.687
130.886,measure,6536,0.665
130.908,measure,6537,21.182
130.928,measure,6538,20.383
130.933,measure,6538,5.024
130.968,measure,6540,34.857
130.987,measure,6541,19.117
131.008,measure,6542,21.203
131.027,measure,6543,18.934
131.033,measure,6543,5.971
131.069,measure,6545,36.079
131.087,measure,6546,17.673
131.107,measure,6547,20.113
131.130,measure,6548,23.387
131.133,measure,6548,2.728
131.186,measure,6551,53.143
131.187,measure,6551,0.706
131.209,measure,6552,21.579
131.228,measure,6553,19.289
131.233,measure,6553,5.233
131.268,measure,6555,34.958
131.287,measure,6556,19.177
131.307,measure,6557,19.986
131.327,measure,6558,19.961
131.333,measure,6558,5.913
131.369,measure,6560,36.021
131.387,measure,6561,17.934
131.408,measure,6562,20.705
131.428,measure,6563,20.692
131.433,measure,6563,4.694
131.472,measure,6565,39.021
131.490,measure,6566,17.899
131.508,measure,6567,17.635
131.530,measure,6568,22.268
131.532,measure,6568,2.208
131.570,measure,6570,37.448
131.587,measure,6571,17.607
131.607,measure,6572,20.047
131.628,measure,6573,20.530
131.633,measure,6573,5.429
131.669,measure,6575,35.640
131.688,measure,6576,19.131
131.709,measure,6577,20.787
131.728,measure,6578,19.511
131.733,measure,6578,4.863
131.770,measure,6580,36.713
131.788,measure,6581,17.843
131.808,measure,6582,20.605
131.828,measure,6583,19.630
131.833,measure,6583,5.176
131.875,measure,6585,41.841
131.889,measure,6586,13.736
131.908,measure,6587,19.699
131.928,measure,6588,19.408
131.933,measure,6588,5.268
131.969,measure,6590,35.681
131.988,measure,6591,19.064
132.008,measure,6592,20.604
132.028,measure,6593,19.635
132.033,measure,6593,5.085
132.070,measure,6595,36.651
132.088,measure,6596,17.945
132.108,measure,6597,20.487
132.128,measure,6598,19.706
132.133,measure,6598,5.164
132.172,measure,6600,39.073
132.190,measure,6601,17.763
132.208,measure,6602,18.615
132.228,measure,6603,19.726
132.233,measure,6603,4.845
132.270,measure,6605,37.159
132.287,measure,6606,17.052
132.307,measure,6607,19.799
132.328,measure,6608,20.538
132.333,measure,6608,5.512
132.369,measure,6610,35.522
132.388,measure,6611,19.094
132.408,measure,6612,20.530
132.428,measure,6613,19.536
132.433,measure,6613,5.294
132.470,measure,6615,36.732
132.488,measure,6616,18.030
132.508,measure,6617,20.375
132.528,measure,6618,19.711
132.533,measure,6618,5.173
132.587,measure,6621,53.969
132.588,measure,6621,0.663
132.608,measure,6622,20.736
132.628,measure,6623,19.121
132.633,measure,6623,5.388
132.669,measure,6625,35.959
132.688,measure,6626,18.796
132.708,measure,6627,20.440
132.728,measure,6628,19.455
132.733,measure,6628,5.373
132.770,measure,6630,36.760
132.788,measure,6631,18.129
132.808,measure,6632,20.454
132.828,measure,6633,19.722
132.833,measure,6633,5.030
132.872,measure,6635,38.912
132.890,measure,6636,17.598
132.907,measure,6637,17.775
132.928,measure,6638,20.550
132.933,measure,6638,5.130
132.970,measure,6640,36.763
132.987,measure,6641,17.395
133.006,measure,6642,19.266
133.028,measure,6643,21.110
133.033,measure,6643,5.447
133.068,measure,6645,35.281
133.087,measure,6646,18.884
133.107,measure,6647,19.939
133.127,measure,6648,20.085
133.133,measure,6648,5.879
133.169,measure,6650,36.355
133.187,measure,6651,17.938
133.207,measure,6652,19.464
133.230,measure,6653,23.245
133.233,measure,6653,2.972
133.286,measure,6656,52.695
133.286,measure,6656,0.669
133.307,measure,6657,20.781
133.328,measure,6658,20.416
133.333,measure,6658,5.347
133.368,measure,6660,35.018
133.388,measure,6661,19.834
133.408,measure,6662,20.085
133.428,measure,6663,20.323
133.433,measure,6663,4.838
133.469,measure,6665,36.136
133.487,measure,6666,17.599
133.508,measure,6667,21.148
133.530,measure,6668,22.118
133.533,measure,6668,2.897
133.574,measure,6670,41.014
133.588,measure,6671,13.568
133.608,measure,6672,20.685
133.627,measure,6673,18.994
133.632,measure,6673,4.820
133.668,measure,6675,35.918
133.687,measure,6676,19.252
133.707,measure,6677,19.988
133.727,measure,6678,19.979
133.732,measure,6678,4.902
133.769,measure,6680,37.000
133.787,measure,6681,17.736
133.808,measure,6682,21.121
133.828,measure,6683,20.140
133.833,measure,6683,4.999
133.872,measure,6685,38.956
133.890,measure,6686,17.736
133.908,measure,6687,17.837
133.928,measure,6688,20.577
133.933,measure,6688,4.840
133.970,measure,6690,36.491
133.987,measure,6691,17.841
134.007,measure,6692,19.761
134.027,measure,6693,20.059
134.033,measure,6693,5.806
134.068,measure,6695,35.142
134.087,measure,6696,19.055
134.107,measure,6697,20.076
134.127,measure,6698,20.024
134.133,measure,6698,5.787
134.170,measure,6700,36.433
134.188,measure,6701,17.996
134.207,measure,6702,19.413
134.231,measure,6703,23.773
134.233,measure,6703,2.343
134.286,measure,6706,53.103
134.287,measure,6706,0.708
134.308,measure,6707,21.128
134.328,measure,6708,20.299
134.333,measure,6708,4.739
134.368,measure,6710,34.906
134.388,measure,6711,19.625
134.407,measure,6712,19.528
134.427,measure,6713,20.238
134.433,measure,6713,5.736
134.469,measure,6715,36.124
134.487,measure,6716,17.656
134.508,measure,6717,21.155
134.530,measure,6718,22.098
134.533,measure,6718,2.964
134.574,measure,6720,40.963
134.588,measure,6721,13.601
134.609,measure,6722,20.997
134.628,measure,6723,19.284
134.633,measure,6723,5.083
134.668,measure,6725,35.011
134.688,measure,6726,20.150
134.707,measure,6727,18.410
134.728,measure,6728,21.551
134.733,measure,6728,4.903
134.769,measure,6730,36.165
134.787,measure,6731,17.669
134.808,measure,6732,20.651
134.828,measure,6733,20.735
134.833,measure,6733,4.851
134.872,measure,6735,39.035
134.890,measure,6736,17.748
134.908,measure,6737,18.106
134.930,measure,6738,21.577
134.933,measure,6738,3.543
134.968,measure,6740,34.748
134.987,measure,6741,19.327
135.007,measure,6742,19.385
135.028,measure,6743,21.188
135.033,measure,6743,5.264
135.069,measure,6745,35.834
135.087,measure,6746,18.513
135.107,measure,6747,20.030
135.128,measure,6748,20.593
135.133,measure,6748,5.079
135.170,measure,6750,37.292
135.188,measure,6751,17.681
135.208,measure,6752,19.876
135.230,measure,6753,22.210
135.233,measure,6753,2.946
135.270,measure,6755,37.072
135.287,measure,6756,16.713
135.308,measure,6757,21.051
135.328,measure,6758,20.446
135.333,measure,6758,4.669
135.368,measure,6760,35.311
135.387,measure,6761,18.903
135.407,measure,6762,20.122
135.428,measure,6763,20.480
135.433,measure,6763,5.233
135.470,measure,6765,36.548
135.487,measure,6766,17.844
135.508,measure,6767,20.065
135.528,measure,6768,20.585
135.533,measure,6768,4.866
135.586,measure,6771,52.950
135.587,measure,6771,0.686
135.608,measure,6772,20.999
135.628,measure,6773,20.680
135.632,measure,6773,3.835
135.668,measure,6775,35.821
135.687,measure,6776,19.497
135.707,measure,6777,20.014
135.728,measure,6778,20.337
135.733,measure,6778,5.296
135.769,measure,6780,36.342
135.787,measure,6781,18.006
135.808,measure,6782,20.141
135.829,measure,6783,21.122
135.833,measure,6783,4.360
135.887,measure,6786,53.485
135.887,measure,6786,0.718
135.908,measure,6787,20.436
135.927,measure,6788,19.603
135.933,measure,6788,5.689
135.968,measure,6790,35.093
135.988,measure,6791,20.144
136.007,measure,6792,18.873
136.027,measure,6793,19.887
136.033,measure,6793,6.091
136.069,measure,6795,36.237
136.087,measure,6796,17.643
136.108,measure,6797,21.228
136.128,measure,6798,19.448
136.132,measure,6798,4.455
136.172,measure,6800,40.218
136.190,measure,6801,17.646
136.208,measure,6802,17.844
136.230,measure,6803,22.342
136.233,measure,6803,2.922
136.270,measure,6805,36.541
136.287,measure,6806,17.612
136.307,measure,6807,19.957
136.327,measure,6808,20.119
136.333,measure,6808,5.757
136.368,measure,6810,35.223
136.387,measure,6811,18.987
136.407,measure,6812,20.067
136.427,measure,6813,20.063
136.433,measure,6813,5.717
136.470,measure,6815,36.447
136.487,measure,6816,17.834
136.507,measure,6817,19.942
136.528,measure,6818,20.575
136.533,measure,6818,5.090
136.586,measure,6821,52.797
136.587,measure,6821,0.704
136.607,measure,6822,20.246
136.628,measure,6823,21.698
136.633,measure,6823,4.565
136.668,measure,6825,35.035
136.688,measure,6826,20.009
136.707,measure,6827,18.836
136.728,measure,6828,21.417
136.733,measure,6828,4.750
136.769,measure,6830,36.182
136.787,measure,6831,17.656
136.808,measure,6832,21.159
136.827,measure,6833,19.419
136.833,measure,6833,5.522
136.874,measure,6835,41.032
136.888,measure,6836,13.526
136.908,measure,6837,20.757
136.927,measure,6838,18.954
136.932,measure,6838,4.817
136.968,measure,6840,35.865
136.987,measure,6841,19.112
137.007,measure,6842,19.506
137.028,measure,6843,21.272
137.033,measure,6843,5.232
137.069,measure,6845,36.057
137.087,measure,6846,17.772
137.108,measure,6847,21.103
137.127,measure,6848,19.460
137.133,measure,6848,5.574
137.172,measure,6850,39.176
137.190,measure,6851,17.562
137.208,measure,6852,18.126
137.229,measure,6853,21.574
137.233,measure,6853,3.545
137.270,measure,6855,36.571
137.287,measure,6856,17.763
137.307,measure,6857,19.297
137.327,measure,6858,20.517
137.333,measure,6858,5.908
137.368,measure,6860,35.070
137.387,measure,6861,18.813
137.408,measure,6862,21.199
137.427,measure,6863,18.925
137.433,measure,6863,6.011
137.470,measure,6865,36.418
137.487,measure,6866,17.886
137.507,measure,6867,19.522
137.528,measure,6868,21.565
137.533,measure,6868,4.584
137.586,measure,6871,53.339
137.587,measure,6871,0.736
137.607,measure,6872,19.963
137.628,measure,6873,20.611
137.633,measure,6873,4.859
137.668,measure,6875,35.409
137.688,measure,6876,20.192
137.707,measure,6877,18.535
137.727,measure,6878,20.200
137.733,measure,6878,6.174
137.769,measure,6880,36.097
137.787,measure,6881,17.715
137.808,measure,6882,20.828
137.829,measure,6883,20.784
137.833,measure,6883,4.567
137.887,measure,6886,53.588
137.887,measure,6886,0.716
137.908,measure,6887,20.553
137.928,measure,6888,19.771
137.933,measure,6888,5.303
137.968,measure,6890,35.009
137.987,measure,6891,19.120
138.006,measure,6892,19.269
138.027,measure,6893,20.895
138.033,measure,6893,5.724
138.069,measure,6895,36.157
138.087,measure,6896,17.728
138.108,measure,6897,21.083
138.130,measure,6898,21.735
138.132,measure,6898,2.351
138.172,measure,6900,40.024
138.190,measure,6901,17.811
138.208,measure,6902,18.047
138.230,measure,6903,22.240
138.233,measure,6903,2.831
138.270,measure,6905,36.629
138.287,measure,6906,17.581
138.307,measure,6907,19.459
138.328,measure,6908,21.371
138.333,measure,6908,4.934
138.368,measure,6910,35.111
138.387,measure,6911,18.756
138.408,measure,6912,21.219
138.427,measure,6913,18.893
138.432,measure,6913,5.110
138.470,measure,6915,37.444
138.488,measure,6916,17.999
138.507,measure,6917,19.917
138.528,measure,6918,20.691
138.533,measure,6918,4.909
138.586,measure,6921,52.808
138.587,measure,6921,0.679
138.607,measure,6922,20.346
138.629,measure,6923,21.667
138.633,measure,6923,4.449
138.668,measure,6925,35.003
138.687,measure,6926,19.187
138.707,measure,6927,19.935
138.727,measure,6928,19.726
138.733,measure,6928,6.247
138.769,measure,6930,36.025
138.787,measure,6931,17.694
138.808,measure,6932,20.854
138.828,measure,6933,20.570
138.832,measure,6933,3.850
138.874,measure,6935,41.830
138.887,measure,6936,13.562
138.908,measure,6937,20.201
138.928,measure,6938,20.341
138.933,measure,6938,4.981
138.968,measure,6940,34.968
138.988,measure,6941,20.105
139.006,measure,6942,18.114
139.027,measure,6943,20.769
139.033,measure,6943,6.076
139.069,measure,6945,36.176
139.087,measure,6946,17.684
139.108,measure,6947,21.115
139.128,measure,6948,20.405
139.133,measure,6948,4.630
139.172,measure,6950,38.910
139.190,measure,6951,17.759
139.208,measure,6952,17.946
139.228,measure,6953,20.780
139.232,measure,6953,3.647
139.270,measure,6955,37.551
139.287,measure,6956,17.520
139.307,measure,6957,19.592
139.328,measure,6958,21.375
139.333,measure,6958,4.833
139.368,measure,6960,35.255
139.387,measure,6961,18.602
139.408,measure,6962,21.120
139.427,measure,6963,19.414
139.433,measure,6963,5.719
139.470,measure,6965,37.349
139.487,measure,6966,16.766
139.507,measure,6967,19.967
139.528,measure,6968,20.579
139.532,measure,6968,4.744
139.586,measure,6971,53.172
139.586,measure,6971,0.684
139.607,measure,6972,21.123
139.628,measure,6973,20.306
139.633,measure,6973,5.242
139.668,measure,6975,35.035
139.688,measure,6976,20.065
139.707,measure,6977,18.873
139.728,measure,6978,21.459
139.733,measure,6978,4.636
139.769,measure,6980,36.130
139.787,measure,6981,17.670
139.808,measure,6982,21.044
139.830,measure,6983,22.110
139.833,measure,6983,3.023
139.886,measure,6986,53.441
139.887,measure,6986,0.719
139.908,measure,6987,20.489
139.928,measure,6988,20.364
139.933,measure,6988,4.908
139.968,measure,6990,35.037
139.988,measure,6991,19.875
140.008,measure,6992,19.982
140.028,measure,6993,20.147
140.032,measure,6993,4.305
140.069,measure,6995,36.742
140.087,measure,6996,17.786
140.107,measure,6997,20.281
140.128,measure,6998,20.513
140.133,measure,6998,5.407
140.172,measure,7000,39.017
140.190,measure,7001,17.610
140.208,measure,7002,17.958
140.228,measure,7003,20.399
140.233,measure,7003,5.027
140.270,measure,7005,36.821
140.287,measure,7006,17.328
140.307,measure,7007,19.306
140.328,measure,7008,21.358
140.332,measure,7008,4.202
140.368,measure,7010,36.077
140.387,measure,7011,19.119
140.407,measure,7012,19.945
140.427,measure,7013,20.093
140.433,measure,7013,5.742
140.470,measure,7015,36.498
140.488,measure,7016,17.986
140.508,measure,7017,20.239
140.528,measure,7018,19.987
140.533,measure,7018,5.290
140.586,measure,7021,53.136
140.587,measure,7021,0.777
140.607,measure,7022,19.988
140.629,measure,7023,21.729
140.633,measure,7023,4.337
140.668,measure,7025,34.989
140.688,measure,7026,20.042
140.707,measure,7027,18.805
140.728,measure,7028,21.414
140.733,measure,7028,4.792
140.769,measure,7030,35.978
140.787,measure,7031,17.760
140.808,measure,7032,21.358
140.827,measure,7033,19.300
140.833,measure,7033,5.607
140.874,measure,7035,41.102
140.888,measure,7036,13.591
140.908,measure,7037,20.563
140.927,measure,7038,19.088
140.933,measure,7038,5.605
140.968,measure,7040,34.899
140.988,measure,7041,20.171
141.007,measure,7042,18.795
141.028,measure,7043,21.477
141.032,measure,7043,3.737
141.069,measure,7045,37.098
141.087,measure,7046,17.790
141.108,measure,7047,20.786
141.128,measure,7048,20.546
141.133,measure,7048,4.729
141.172,measure,7050,39.125
141.190,measure,7051,17.744
141.208,measure,7052,18.148
141.228,measure,7053,20.391
141.233,measure,7053,4.605
141.270,measure,7055,36.483
141.287,measure,7056,17.676
141.306,measure,7057,19.279
141.328,measure,7058,21.273
141.333,measure,7058,5.225
141.368,measure,7060,35.182
141.387,measure,7061,18.893
141.407,measure,7062,20.032
141.426,measure,7063,19.287
141.433,measure,7063,6.697
141.470,measure,7065,37.381
141.487,measure,7066,16.719
141.507,measure,7067,19.999
141.528,measure,7068,20.682
141.533,measure,7068,5.175
141.574,measure,7070,41.003
141.587,measure,7071,13.054
141.607,measure,7072,20.001
141.627,measure,7073,20.163
141.632,measure,7073,4.826
141.668,measure,7075,35.823
141.687,measure,7076,19.415
141.707,measure,7077,20.061
141.727,measure,7078,19.993
141.732,measure,7078,4.724
141.769,measure,7080,37.054
141.787,measure,7081,17.689
141.808,measure,7082,21.150
141.830,measure,7083,22.049
141.833,measure,7083,2.998
141.886,measure,7086,53.384
141.887,measure,7086,0.745
141.908,measure,7087,20.428
141.928,measure,7088,20.327
141.933,measure,7088,5.071
141.968,measure,7090,34.841
141.987,measure,7091,19.370
142.006,measure,7092,19.157
142.027,measure,7093,21.067
142.033,measure,7093,5.598
142.069,measure,7095,36.076
142.087,measure,7096,17.682
142.108,measure,7097,21.167
142.129,measure,7098,20.690
142.132,measure,7098,3.438
142.172,measure,7100,40.106
142.190,measure,7101,17.595
142.208,measure,7102,17.972
142.229,measure,7103,21.418
142.233,measure,7103,3.909
142.270,measure,7105,36.504
142.287,measure,7106,17.567
142.307,measure,7107,19.877
142.328,measure,7108,21.373
142.333,measure,7108,4.596
142.368,measure,7110,35.178
142.387,measure,7111,18.723
142.408,measure,7112,21.314
142.427,measure,7113,18.969
142.433,measure,7113,5.881
142.469,measure,7115,36.358
142.487,measure,7116,18.045
142.507,measure,7117,19.927
142.528,measure,7118,20.630
142.533,measure,7118,5.007
142.586,measure,7121,52.866
142.587,measure,7121,0.689
142.607,measure,7122,20.739
142.628,measure,7123,20.221
142.633,measure,7123,5.413
142.668,measure,7125,35.121
142.688,measure,7126,20.317
142.707,measure,7127,18.880
142.727,measure,7128,19.743
142.733,measure,7128,6.045
142.769,measure,7130,36.115
142.787,measure,7131,17.714
142.808,measure,7132,21.145
142.827,measure,7133,19.441
142.833,measure,7133,5.601
142.874,measure,7135,40.900
142.888,measure,7136,13.660
142.908,measure,7137,19.982
142.928,measure,7138,20.395
142.933,measure,7138,4.944
142.968,measure,7140,34.971
142.987,measure,7141,19.192
143.007,measure,7142,20.078
143.027,measure,7143,20.122
143.033,measure,7143,5.679
143.069,measure,7145,36.169
143.087,measure,7146,17.812
143.108,measure,7147,20.720
143.128,measure,7148,20.780
143.132,measure,7148,3.581
143.172,measure,7150,40.062
143.190,measure,7151,17.619
143.208,measure,7152,17.848
143.228,measure,7153,20.659
143.233,measure,7153,4.780
143.270,measure,7155,36.660
143.287,measure,7156,17.443
143.307,measure,7157,19.549
143.328,measure,7158,21.503
143.333,measure,7158,4.797
143.368,measure,7160,35.175
143.387,measure,7161,19.131
143.407,measure,7162,20.028
143.428,measure,7163,20.274
143.432,measure,7163,4.486
143.469,measure,7165,37.362
143.487,measure,7166,17.980
143.507,measure,7167,20.014
143.528,measure,7168,20.705
143.533,measure,7168,4.882
143.586,measure,7171,52.946
143.587,measure,7171,0.705
143.607,measure,7172,20.645
143.628,measure,7173,20.187
143.633,measure,7173,5.498
143.668,measure,7175,34.955
143.688,measure,7176,20.064
143.707,measure,7177,18.840
143.728,measure,7178,21.384
143.733,measure,7178,4.783
143.769,measure,7180,36.120
143.787,measure,7181,17.638
143.807,measure,7182,20.308
143.828,measure,7183,20.666
143.833,measure,7183,5.311
143.887,measure,7186,53.982
143.888,measure,7186,0.666
143.908,measure,7187,20.672
143.928,measure,7188,19.114
143.933,measure,7188,5.512
143.968,measure,7190,34.889
143.988,measure,7191,20.067
144.008,measure,7192,20.051
144.027,measure,7193,18.938
144.032,measure,7193,5.149
144.069,measure,7195,36.891
144.087,measure,7196,17.941
144.107,measure,7197,20.424
144.127,measure,7198,19.849
144.133,measure,7198,5.820
144.172,measure,7200,39.085
144.190,measure,7201,17.845
144.208,measure,7202,17.546
144.229,measure,7203,21.586
144.233,measure,7203,3.959
144.270,measure,7205,36.792
144.287,measure,7206,17.448
144.307,measure,7207,20.001
144.327,measure,7208,19.962
144.333,measure,7208,5.788
144.368,measure,7210,35.139
144.387,measure,7211,19.071
144.407,measure,7212,19.963
144.427,measure,7213,20.100
144.433,measure,7213,5.753
144.470,measure,7215,36.538
144.487,measure,7216,17.831
144.507,measure,7217,19.874
144.528,measure,7218,20.742
144.532,measure,7218,4.419
144.587,measure,7221,54.549
144.588,measure,7221,0.639
144.609,measure,7222,20.833
144.628,measure,7223,19.680
144.633,measure,7223,4.807
144.669,measure,7225,35.615
144.688,measure,7226,19.245
144.709,measure,7227,20.668
144.728,measure,7228,19.530
144.733,measure,7228,5.016
144.770,measure,7230,36.766
144.788,measure,7231,17.747
144.808,measure,7232,20.390
144.829,measure,7233,20.589
144.833,measure,7233,4.478
144.874,measure,7235,40.882
144.888,measure,7236,13.789
144.908,measure,7237,20.583
144.928,measure,7238,19.534
144.933,measure,7238,5.174
144.969,measure,7240,35.563
144.987,measure,7241,18.739
145.008,measure,7242,20.592
145.028,measure,7243,20.558
145.033,measure,7243,4.553
145.070,measure,7245,37.061
145.088,measure,7246,18.310
145.107,measure,7247,19.049
145.128,measure,7248,20.498
145.133,measure,7248,5.138
145.172,measure,7250,38.955
145.190,measure,7251,17.656
145.208,measure,7252,18.591
145.228,measure,7253,19.701
145.233,measure,7253,5.088
145.271,measure,7255,37.514
145.288,measure,7256,17.037
145.308,measure,7257,20.350
145.329,measure,7258,20.669
145.333,measure,7258,4.433
145.369,measure,7260,35.721
145.388,measure,7261,18.771
145.408,measure,7262,20.412
145.428,measure,7263,20.183
145.433,measure,7263,4.927
145.470,measure,7265,36.579
145.488,measure,7266,18.003
145.508,measure,7267,20.503
145.528,measure,7268,19.646
145.532,measure,7268,4.667
145.587,measure,7271,54.401
145.588,measure,7271,0.676
145.608,measure,7272,20.632
145.628,measure,7273,19.882
145.633,measure,7273,4.912
145.669,measure,7275,35.674
145.688,measure,7276,19.176
145.708,measure,7277,20.570
145.728,measure,7278,19.766
145.733,measure,7278,4.854
145.770,measure,7280,36.817
145.788,measure,7281,17.887
145.808,measure,7282,20.077
145.828,measure,7283,20.673
145.833,measure,7283,4.577
145.871,measure,7285,38.364
145.889,measure,7286,17.569
145.908,measure,7287,18.923
145.928,measure,7288,20.070
145.933,measure,7288,5.056
145.969,measure,7290,36.406
145.987,measure,7291,17.850
146.007,measure,7292,20.038
146.027,measure,7293,20.044
146.033,measure,7293,5.695
146.068,measure,7295,35.070
146.087,measure,7296,19.201
146.107,measure,7297,20.071
146.128,measure,7298,20.218
146.133,measure,7298,5.412
146.169,measure,7300,36.414
146.187,measure,7301,18.008
146.207,measure,7302,19.350
146.229,measure,7303,21.920
146.233,measure,7303,4.316
146.286,measure,7306,53.196
146.287,measure,7306,0.715
146.308,measure,7307,21.069
146.328,measure,7308,20.102
146.333,measure,7308,4.849
146.368,measure,7310,34.895
146.387,measure,7311,19.318
146.407,measure,7312,19.949
146.427,measure,7313,20.246
146.433,measure,7313,5.729
146.469,measure,7315,35.867
146.488,measure,7316,18.910
146.508,measure,7317,20.206
146.530,measure,7318,21.898
146.533,measure,7318,3.047
146.574,measure,7320,40.984
146.588,measure,7321,13.592
146.608,measure,7322,20.708
146.628,measure,7323,19.747
146.633,measure,7323,5.068
146.668,measure,7325,34.868
146.688,measure,7326,19.741
146.707,measure,7327,19.396
146.727,measure,7328,20.013
146.733,measure,7328,5.913
146.769,measure,7330,36.071
146.787,measure,7331,17.768
146.808,measure,7332,21.038
146.828,measure,7333,20.389
146.833,measure,7333,4.557
146.872,measure,7335,39.103
146.890,measure,7336,17.848
146.908,measure,7337,18.106
146.930,measure,7338,22.287
146.933,measure,7338,2.795
146.970,measure,7340,36.789
146.987,measure,7341,17.436
147.007,measure,7342,19.824
147.028,measure,7343,21.358
147.033,measure,7343,4.554
147.068,measure,7345,35.218
147.087,measure,7346,18.986
147.106,measure,7347,19.290
147.128,measure,7348,21.247
147.133,measure,7348,5.307
147.169,measure,7350,36.466
147.187,measure,7351,17.813
147.207,measure,7352,19.473
147.230,measure,7353,23.302
147.233,measure,7353,2.946
147.286,measure,7356,52.832
147.287,measure,7356,0.762
147.308,measure,7357,21.366
147.329,measure,7358,20.517
147.333,measure,7358,4.453
147.368,measure,7360,35.057
147.387,measure,7361,19.356
147.407,measure,7362,20.065
147.428,measure,7363,20.250
147.433,measure,7363,5.382
147.469,measure,7365,36.216
147.487,measure,7366,17.530
147.508,measure,7367,21.007
147.528,measure,7368,20.545
147.533,measure,7368,4.661
147.574,measure,7370,40.953
147.588,measure,7371,13.628
147.608,measure,7372,20.676
147.627,measure,7373,19.003
147.633,measure,7373,5.675
147.668,measure,7375,34.922
147.688,measure,7376,20.076
147.708,measure,7377,20.069
147.727,measure,7378,18.740
147.733,measure,7378,6.249
147.769,measure,7380,36.089
147.787,measure,7381,17.676
147.808,measure,7382,21.126
147.828,measure,7383,20.285
147.833,measure,7383,4.774
147.872,measure,7385,39.033
147.890,measure,7386,17.790
147.908,measure,7387,17.902
147.930,measure,7388,22.330
147.933,measure,7388,2.965
147.970,measure,7390,36.713
147.987,measure,7391,17.595
148.007,measure,7392,19.999
148.027,measure,7393,19.879
148.033,measure,7393,5.898
148.068,measure,7395,35.099
148.087,measure,7396,18.717
148.108,measure,7397,21.045
148.128,measure,7398,20.343
148.132,measure,7398,3.785
148.169,measure,7400,37.406
148.187,measure,7401,17.874
148.208,measure,7402,20.158
148.228,measure,7403,20.620
148.233,measure,7403,4.912
148.286,measure,7406,52.962
148.287,measure,7406,0.713
148.308,measure,7407,21.281
148.328,measure,7408,20.448
148.333,measure,7408,4.506
148.368,measure,7410,35.146
148.388,measure,7411,19.941
148.407,measure,7412,18.849
148.428,measure,7413,21.309
148.433,measure,7413,4.843
148.469,measure,7415,36.158
148.487,measure,7416,17.673
148.508,measure,7417,20.862
148.528,measure,7418,20.716
148.533,measure,7418,4.633
148.574,measure,7420,40.855
148.588,measure,7421,13.644
148.608,measure,7422,20.490
148.627,measure,7423,19.022
148.633,measure,7423,5.895
148.668,measure,7425,35.052
148.688,measure,7426,20.001
148.707,measure,7427,19.001
148.728,measure,7428,21.274
148.733,measure,7428,4.779
148.769,measure,7430,36.146
148.787,measure,7431,17.630
148.808,measure,7432,21.097
148.830,measure,7433,22.329
148.833,measure,7433,2.750
148.872,measure,7435,39.081
148.890,measure,7436,17.518
148.908,measure,7437,18.207
148.928,measure,7438,20.606
148.933,measure,7438,4.551
148.970,measure,7440,36.556
148.987,measure,7441,17.627
149.007,measure,7442,19.584
149.028,measure,7443,21.523
149.033,measure,7443,4.676
149.068,measure,7445,35.189
149.087,measure,7446,18.690
149.108,measure,7447,21.218
149.127,measure,7448,18.937
149.133,measure,7448,6.045
149.169,measure,7450,36.401
149.187,measure,7451,18.033
149.207,measure,7452,19.179
149.228,measure,7453,21.580
149.233,measure,7453,4.820
149.274,measure,7455,40.919
149.287,measure,7456,13.499
149.308,measure,7457,20.692
149.328,measure,7458,19.636
149.333,measure,7458,5.208
149.386,measure,7461,52.843
149.387,measure,7461,0.664
149.408,measure,7462,21.086
149.428,measure,7463,20.480
149.433,measure,7463,4.891
149.468,measure,7465,34.908
149.487,measure,7466,19.081
149.508,measure,7467,21.045
149.529,measure,7468,20.515
149.533,measure,7468,4.468
149.569,measure,7470,36.309
149.587,measure,7471,17.610
149.608,measure,7472,20.639
149.628,measure,7473,20.784
149.632,measure,7473,3.743
149.674,measure,7475,41.900
149.688,measure,7476,13.671
149.708,measure,7477,20.355
149.729,measure,7478,20.523
149.733,measure,7478,4.426
149.768,measure,7480,34.844
149.787,measure,7481,19.253
149.807,measure,7482,20.070
149.827,measure,7483,20.240
149.833,measure,7483,5.286
149.869,measure,7485,36.458
149.888,measure,7486,18.750
149.908,measure,7487,20.012
149.929,measure,7488,21.530
149.933,measure,7488,3.618
149.972,measure,7490,39.008
149.990,measure,7491,17.688
150.007,measure,7492,17.742
150.028,measure,7493,20.659
150.033,measure,7493,4.958
150.070,measure,7495,36.547
150.087,measure,7496,17.603
150.107,measure,7497,19.993
150.127,measure,7498,19.910
150.133,measure,7498,5.959
150.168,measure,7500,35.046
150.187,measure,7501,18.766
150.207,measure,7502,20.495
150.228,measure,7503,20.454
150.233,measure,7503,5.190
150.269,measure,7505,36.426
150.288,measure,7506,18.094
150.307,measure,7507,19.854
150.328,measure,7508,20.604
150.333,measure,7508,5.004
150.374,measure,7510,40.995
150.387,measure,7511,13.182
150.407,measure,7512,20.099
150.428,measure,7513,20.286
150.433,measure,7513,5.370
150.468,measure,7515,34.908
150.487,measure,7516,19.336
150.507,measure,7517,19.568
150.528,measure,7518,21.387
150.533,measure,7518,4.907
150.569,measure,7520,36.083
150.587,measure,7521,17.684
150.607,measure,7522,20.226
150.628,measure,7523,20.656
150.633,measure,7523,5.302
150.687,measure,7526,54.167
150.688,measure,7526,0.697
150.709,measure,7527,20.740
150.727,measure,7528,18.834
150.732,measure,7528,4.660
150.768,measure,7530,35.820
150.787,measure,7531,19.177
150.807,measure,7532,20.051
150.827,measure,7533,20.052
150.833,measure,7533,5.782
150.869,measure,7535,35.990
150.888,measure,7536,18.961
150.908,measure,7537,20.084
150.927,measure,7538,19.443
150.932,measure,7538,4.527
150.972,measure,7540,40.176
150.990,measure,7541,17.759
151.008,measure,7542,17.935
151.030,measure,7543,21.669
151.033,measure,7543,3.480
151.070,measure,7545,36.917
151.087,measure,7546,17.316
151.107,measure,7547,19.936
151.127,measure,7548,19.514
151.133,measure,7548,6.229
151.168,measure,7550,35.168
151.187,measure,7551,19.060
151.207,measure,7552,19.601
151.228,measure,7553,21.473
151.233,measure,7553,4.803
151.269,measure,7555,36.432
151.287,measure,7556,17.958
151.308,measure,7557,20.228
151.328,measure,7558,19.932
151.333,measure,7558,5.436
151.386,measure,7561,53.033
151.387,measure,7561,0.715
151.408,measure,7562,21.060
151.428,measure,7563,20.612
151.433,measure,7563,4.520
151.468,measure,7565,34.908
151.487,measure,7566,19.293
151.508,measure,7567,20.622
151.529,measure,7568,20.799
151.533,measure,7568,4.507
151.570,measure,7570,36.652
151.588,measure,7571,17.954
151.608,measure,7572,20.482
151.628,measure,7573,19.682
151.633,measure,7573,5.153
151.687,measure,7576,54.135
151.688,measure,7576,0.713
151.709,measure,7577,20.931
151.739,measure,7578,30.529
151.754,measure,7579,14.371
151.769,measure,7580,15.107
151.788,measure,7581,18.957
151.808,measure,7582,20.061
151.829,measure,7583,20.747
151.833,measure,7583,4.460
151.870,measure,7585,36.892
151.888,measure,7586,18.108
151.909,measure,7587,20.832
151.929,measure,7588,19.985
151.933,measure,7588,4.224
151.972,measure,7590,39.088
151.990,measure,7591,17.521
152.008,measure,7592,18.776
152.029,measure,7593,20.292
152.033,measure,7593,4.242
152.071,measure,7595,38.159
152.088,measure,7596,16.438
152.109,measure,7597,21.164
152.151,measure,7599,42.087
152.152,measure,7599,0.754
152.169,measure,7600,17.151
152.188,measure,7601,19.383
152.208,measure,7602,20.010
152.228,measure,7603,20.299
152.233,measure,7603,4.566
152.270,measure,7605,36.945
152.289,measure,7606,18.594
152.308,measure,7607,19.685
152.329,measure,7608,20.324
152.333,measure,7608,4.474
152.388,measure,7611,55.320
152.389,measure,7611,0.675
152.410,measure,7612,20.901
152.431,measure,7613,20.933
152.433,measure,7613,2.173
152.470,measure,7615,36.596
152.489,measure,7616,19.444
152.509,measure,7617,19.663
152.553,measure,7619,44.183
152.554,measure,7619,0.719
152.572,measure,7620,18.105
152.589,measure,7621,17.017
152.610,measure,7622,21.098
152.655,measure,7624,44.674
152.672,measure,7625,17.414
152.673,measure,7625,0.682
152.690,measure,7626,16.998
152.710,measure,7627,20.655
152.759,measure,7629,48.363
152.774,measure,7630,15.168
152.789,measure,7631,15.135
152.790,measure,7631,0.726
152.810,measure,7632,20.556
152.855,measure,7634,45.036
152.871,measure,7635,15.404
152.871,measure,7635,0.733
152.911,measure,7637,39.613
152.912,measure,7637,0.792
152.953,measure,7639,40.788
152.953,measure,7639,0.686
152.971,measure,7640,17.685
153.009,measure,7642,37.721
153.009,measure,7642,0.758
153.057,measure,7644,47.209
153.072,measure,7645,15.548
153.073,measure,7645,0.721
153.090,measure,7646,17.267
153.110,measure,7647,20.134
153.153,measure,7649,42.218
153.153,measure,7649,0.692
153.171,measure,7650,17.827
153.191,measure,7651,19.465
153.210,measure,7652,19.511
153.252,measure,7654,42.249
153.253,measure,7654,0.674
153.270,measure,7655,17.040
153.293,measure,7656,23.344
153.310,measure,7657,16.661
153.354,measure,7659,43.786
153.371,measure,7660,17.467
153.372,measure,7660,0.672
153.390,measure,7661,18.087
153.412,measure,7662,21.540
153.455,measure,7664,43.172
153.471,measure,7665,16.071
153.471,measure,7665,0.720
153.489,measure,7666,17.816
153.509,measure,7667,20.090
153.552,measure,7669,42.717
153.553,measure,7669,0.663
153.570,measure,7670,17.454
153.589,measure,7671,18.914
153.609,measure,7672,20.228
153.654,measure,7674,44.559
153.669,measure,7675,15.250
153.670,measure,7675,0.665
153.690,measure,7676,20.465
153.709,measure,7677,19.137
153.752,measure,7679,42.488
153.753,measure,7679,0.699
153.770,measure,7680,17.490
153.789,measure,7681,18.945
153.809,measure,7682,20.267
153.855,measure,7684,45.221
153.870,measure,7685,15.906
153.871,measure,7685,0.668
153.889,measure,7686,17.965
153.909,measure,7687,19.427
153.952,measure,7689,43.095
153.952,measure,7689,0.659
153.971,measure,7690,18.783
153.989,measure,7691,17.734
154.010,measure,7692,21.289
154.053,measure,7694,43.343
154.069,measure,7695,15.554
154.070,measure,7695,0.727
154.092,measure,7696,21.866
154.110,measure,7697,18.300
154.153,measure,7699,42.979
154.154,measure,7699,0.709
154.170,measure,7700,16.032
154.189,measure,7701,19.743
154.209,measure,7702,19.398
154.255,measure,7704,45.866
154.270,measure,7705,14.986
154.270,measure,7705,0.717
154.289,measure,7706,18.820
154.309,measure,7707,20.061
154.351,measure,7709,42.257
154.352,measure,7709,0.827
154.369,measure,7710,17.105
154.389,measure,7711,19.823
154.409,measure,7712,19.556
154.453,measure,7714,44.469
154.454,measure,7714,0.663
154.471,measure,7715,16.922
154.489,measure,7716,18.104
154.509,measure,7717,20.566
154.554,measure,7719,44.767
154.572,measure,7720,17.651
154.573,measure,7720,0.659
154.590,measure,7721,17.453
154.610,measure,7722,19.714
154.654,measure,7724,44.689
154.676,measure,7725,21.643
154.691,measure,7726,14.703
154.692,measure,7726,0.745
154.709,measure,7727,17.378
154.752,measure,7729,43.171
154.753,measure,7729,0.696
154.769,measure,7730,16.743
154.789,measure,7731,19.326
154.809,measure,7732,20.570
154.854,measure,7734,44.240
154.870,measure,7735,16.576
154.871,measure,7735,0.669
154.889,measure,7736,18.384
154.909,measure,7737,19.312
154.931,measure,7738,22.642
154.933,measure,7738,1.797
154.974,measure,7740,40.769
154.989,measure,7741,14.865
155.009,measure,7742,20.746
155.030,measure,7743,20.973
155.033,measure,7743,2.683
155.069,measure,7745,36.318
155.089,measure,7746,19.395
155.109,measure,7747,20.608
155.129,measure,7748,19.856
155.133,measure,7748,3.868
155.170,measure,7750,36.770
155.189,measure,7751,19.539
155.208,measure,7752,19.102
155.254,measure,7754,45.067
155.270,measure,7755,16.899
155.271,measure,7755,0.485
155.289,measure,7756,18.448
155.308,measure,7757,18.860
155.331,measure,7758,22.273
155.333,measure,7758,2.444
155.389,measure,7761,56.456
155.390,measure,7761,0.693
155.410,measure,7762,20.312
155.453,measure,7764,43.054
155.470,measure,7765,16.471
155.471,measure,7765,0.645
155.489,measure,7766,18.145
155.509,measure,7767,20.728
155.552,measure,7769,42.575
155.553,measure,7769,0.707
155.570,measure,7770,17.076
155.589,measure,7771,18.914
155.610,measure,7772,20.760
155.630,measure,7773,20.815
155.632,measure,7773,1.701
155.671,measure,7775,38.853
155.689,measure,7776,18.576
155.708,measure,7777,18.949
155.758,measure,7779,49.335
155.772,measure,7780,14.517
155.773,measure,7780,0.715
155.794,measure,7781,20.690
155.811,measure,7782,16.926
155.852,measure,7784,41.574
155.853,measure,7784,0.696
155.870,measure,7785,16.778
155.889,measure,7786,18.890
155.909,measure,7787,20.615
155.930,measure,7788,20.423
155.932,measure,7788,2.521
155.971,measure,7790,38.558
155.989,measure,7791,18.178
156.009,measure,7792,20.642
156.054,measure,7794,44.586
156.071,measure,7795,17.405
156.072,measure,7795,0.672
156.090,measure,7796,17.544
156.109,measure,7797,19.675
156.131,measure,7798,21.166
156.133,measure,7798,2.499
156.191,measure,7801,57.538
156.191,measure,7801,0.810
156.211,measure,7802,19.485
156.252,measure,7804,41.160
156.253,measure,7804,0.696
156.270,measure,7805,17.179
156.289,measure,7806,18.906
156.310,measure,7807,20.814
156.352,measure,7809,42.545
156.353,measure,7809,0.710
156.370,measure,7810,17.106
156.389,measure,7811,19.444
156.409,measure,7812,19.180
156.433,measure,7813,24.835
156.434,measure,7813,0.162
156.471,measure,7815,37.391
156.489,measure,7816,18.194
156.509,measure,7817,19.513
156.558,measure,7819,49.053
156.572,measure,7820,14.692
156.573,measure,7820,0.688
156.594,measure,7821,20.514
156.611,measure,7822,16.886
156.652,measure,7824,41.615
156.653,measure,7824,0.706
156.670,measure,7825,16.868
156.689,measure,7826,19.056
156.709,measure,7827,20.025
156.753,measure,7829,44.023
156.754,measure,7829,0.719
156.771,measure,7830,17.129
156.789,measure,7831,18.165
156.810,measure,7832,20.705
156.854,measure,7834,44.460
156.872,measure,7835,17.540
156.872,measure,7835,0.670
156.890,measure,7836,17.418
156.909,measure,7837,19.310
156.954,measure,7839,45.220
156.976,measure,7840,21.832
156.990,measure,7841,14.213
156.991,measure,7841,0.765
157.010,measure,7842,18.554
157.052,measure,7844,42.659
157.053,measure,7844,0.703
157.070,measure,7845,16.762
157.089,measure,7846,19.056
157.109,measure,7847,20.618
157.129,measure,7848,20.153
157.133,measure,7848,3.576
157.171,measure,7850,37.787
157.189,measure,7851,18.118
157.210,measure,7852,20.760
157.256,measure,7854,45.834
157.273,measure,7855,17.608
157.274,measure,7855,0.765
157.289,measure,7856,14.827
157.310,measure,7857,20.841
157.352,measure,7859,42.295
157.353,measure,7859,0.706
157.370,measure,7860,17.005
157.389,measure,7861,19.125
157.409,measure,7862,20.616
157.433,measure,7863,23.907
157.433,measure,7863,0.128
157.470,measure,7865,36.399
157.489,measure,7866,18.975
157.509,measure,7867,20.736
157.530,measure,7868,20.987
157.532,measure,7868,1.616
157.571,measure,7870,38.747
157.589,measure,7871,18.189
157.610,measure,7872,20.643
157.658,measure,7874,48.204
157.673,measure,7875,15.099
157.674,measure,7875,0.694
157.694,measure,7876,20.134
157.711,measure,7877,17.701
157.729,measure,7878,17.857
157.733,measure,7878,3.698
157.770,measure,7880,36.906
157.789,measure,7881,18.989
157.810,measure,7882,20.750
157.853,measure,7884,42.894
157.853,measure,7884,0.613
157.870,measure,7885,17.171
157.889,measure,7886,18.255
157.909,measure,7887,20.517
157.929,measure,7888,19.910
157.933,measure,7888,4.015
157.972,measure,7890,38.607
157.989,measure,7891,17.452
158.008,measure,7892,19.174
158.031,measure,7893,22.381
158.033,measure,7893,2.349
158.091,measure,7896,57.613
158.091,measure,7896,0.769
158.110,measure,7897,18.998
158.131,measure,7898,20.534
158.133,measure,7898,2.082
158.169,measure,7900,36.406
158.189,measure,7901,19.301
158.209,measure,7902,20.174
158.252,measure,7904,43.173
158.253,measure,7904,0.721
158.270,measure,7905,17.020
158.289,measure,7906,18.799
158.308,measure,7907,19.843
158.329,measure,7908,20.582
158.333,measure,7908,3.994
158.371,measure,7910,37.701
158.389,measure,7911,18.361
158.409,measure,7912,20.151
158.429,measure,7913,19.407
158.433,measure,7913,4.346
158.490,measure,7916,56.821
158.490,measure,7916,0.690
158.510,measure,7917,19.563
158.552,measure,7919,41.985
158.553,measure,7919,0.735
158.569,measure,7920,16.694
158.589,measure,7921,19.118
158.609,measure,7922,20.450
158.653,measure,7924,43.858
158.654,measure,7924,0.771
158.671,measure,7925,17.107
158.689,measure,7926,18.207
158.709,measure,7927,20.196
158.729,measure,7928,19.893
158.733,measure,7928,3.939
158.772,measure,7930,39.184
158.790,measure,7931,17.562
158.810,measure,7932,20.066
158.856,measure,7934,46.293
158.881,measure,7935,24.621
158.896,measure,7936,15.725
158.911,measure,7937,14.378
158.912,measure,7937,0.847
158.929,measure,7938,17.422
158.948,measure,7938,19.108
158.972,measure,7939,24.137
158.990,measure,7941,17.930
159.009,measure,7942,18.810
159.028,measure,7943,19.292
159.033,measure,7943,4.689
159.072,measure,7945,39.408
159.091,measure,7946,18.231
159.109,measure,7947,18.133
159.130,measure,7948,20.698
159.133,measure,7948,3.458
159.188,measure,7951,54.648
159.188,measure,7951,0.712
159.211,measure,7952,22.855
159.231,measure,7953,20.039
159.233,measure,7953,1.751
159.250,measure,7954,17.449
159.310,measure,7957,59.621
159.311,measure,7957,0.652
159.348,measure,7958,37.662
159.372,measure,7959,23.243
159.389,measure,7961,17.113
159.409,measure,7962,20.496
159.429,measure,7963,19.696
159.433,measure,7963,4.069
159.471,measure,7965,37.651
159.489,measure,7966,18.206
159.509,measure,7967,20.572
159.529,measure,7968,19.853
159.533,measure,7968,3.647
159.572,measure,7970,38.862
159.589,measure,7971,17.259
159.608,measure,7972,19.265
159.629,measure,7973,20.835
159.633,measure,7973,3.825
159.691,measure,7976,58.362
159.692,measure,7976,0.761
159.712,measure,7977,20.045
159.729,measure,7978,16.423
159.733,measure,7978,4.473
159.773,measure,7980,39.660
159.788,measure,7981,15.559
159.808,measure,7982,20.208
159.829,measure,7983,20.829
159.833,measure,7983,3.709
159.871,measure,7985,37.999
159.890,measure,7986,19.341
159.908,measure,7987,17.962
159.954,measure,7989,45.224
159.970,measure,7990,16.942
159.971,measure,7990,0.680
159.989,measure,7991,17.602
160.010,measure,7992,21.562
160.029,measure,7993,18.610
160.033,measure,7993,4.077
160.091,measure,7996,57.496
160.091,measure,7996,0.807
160.110,measure,7997,18.722
160.152,measure,7999,42.006
160.153,measure,7999,0.671
160.169,measure,8000,16.638
160.189,measure,8001,19.281
160.209,measure,8002,20.656
160.229,measure,8003,19.851
160.233,measure,8003,3.924
160.271,measure,8005,37.745
160.289,measure,8006,18.246
160.309,measure,8007,19.667
160.354,measure,8009,45.482
160.372,measure,8010,17.584
160.372,measure,8010,0.460
160.390,measure,8011,17.455
160.409,measure,8012,19.484
160.430,measure,8013,21.230
160.432,measure,8013,1.573
160.490,measure,8016,57.904
160.491,measure,8016,0.730
160.510,measure,8017,19.390
160.552,measure,8019,42.083
160.553,measure,8019,0.732
160.569,measure,8020,16.628
160.589,measure,8021,19.263
160.610,measure,8022,20.814
160.653,measure,8024,43.042
160.653,measure,8024,0.769
160.671,measure,8025,17.383
160.689,measure,8026,18.094
160.709,measure,8027,20.611
160.731,measure,8028,21.153
160.733,measure,8028,2.463
160.772,measure,8030,39.183
160.790,measure,8031,17.444
160.809,measure,8032,19.382
160.829,measure,8033,19.711
160.833,measure,8033,4.214
160.890,measure,8036,57.202
160.891,measure,8036,0.733
160.910,measure,8037,19.142
160.952,measure,8039,41.863
160.953,measure,8039,0.741
160.969,measure,8040,16.836
160.988,measure,8041,18.923
161.008,measure,8042,19.800
161.029,measure,8043,21.120
161.033,measure,8043,3.695
161.070,measure,8045,37.409
161.088,measure,8046,18.041
161.109,measure,8047,20.405
161.154,measure,8049,45.040
161.172,measure,8050,17.595
161.172,measure,8050,0.684
161.190,measure,8051,17.430
161.209,measure,8052,19.794
161.231,measure,8053,21.367
161.233,measure,8053,2.192
161.291,measure,8056,57.684
161.291,measure,8056,0.793
161.311,measure,8057,19.038
161.331,measure,8058,20.014
161.333,measure,8058,2.414
161.369,measure,8060,36.360
161.389,measure,8061,19.342
161.409,measure,8062,20.477
161.429,measure,8063,19.604
161.432,measure,8063,3.346
161.470,measure,8065,37.701
161.489,measure,8066,18.941
161.508,measure,8067,19.649
161.529,measure,8068,20.702
161.533,measure,8068,3.997
161.571,measure,8070,37.858
161.589,measure,8071,18.365
161.608,measure,8072,19.074
161.631,measure,8073,22.272
161.632,measure,8073,1.411
161.690,measure,8076,58.204
161.691,measure,8076,0.759
161.710,measure,8077,19.105
161.729,measure,8078,19.222
161.732,measure,8078,2.771
161.769,measure,8080,37.284
161.789,measure,8081,19.221
161.809,measure,8082,20.474
161.829,measure,8083,19.539
161.833,measure,8083,4.449
161.871,measure,8085,37.596
161.889,measure,8086,18.080
161.909,measure,8087,20.320
161.929,measure,8088,19.594
161.933,measure,8088,4.373
161.972,measure,8090,39.256
161.990,measure,8091,17.423
162.009,measure,8092,19.725
162.058,measure,8094,48.323
162.072,measure,8095,14.745
162.073,measure,8095,0.695
162.094,measure,8096,20.457
162.110,measure,8097,16.744
162.130,measure,8098,19.811
162.133,measure,8098,2.809
162.170,measure,8100,36.535
162.189,measure,8101,19.137
162.209,measure,8102,20.037
162.230,measure,8103,21.776
162.233,measure,8103,2.478
162.271,measure,8105,37.672
162.289,measure,8106,17.965
162.309,measure,8107,20.585
162.329,measure,8108,19.564
162.333,measure,8108,4.252
162.372,measure,8110,39.195
162.390,measure,8111,17.542
162.409,measure,8112,19.527
162.430,measure,8113,21.122
162.433,measure,8113,2.580
162.491,measure,8116,57.748
162.491,measure,8116,0.730
162.510,measure,8117,19.008
162.531,measure,8118,20.256
162.533,measure,8118,2.264
162.569,measure,8120,36.240
162.589,measure,8121,19.327
162.609,measure,8122,20.381
162.652,measure,8124,43.197
162.653,measure,8124,0.698
162.670,measure,8125,17.047
162.689,measure,8126,19.512
162.708,measure,8127,18.911
162.729,measure,8128,20.659
162.733,measure,8128,4.085
162.771,measure,8130,37.784
162.789,measure,8131,18.093
162.809,measure,8132,20.015
162.858,measure,8134,48.833
162.872,measure,8135,14.594
162.873,measure,8135,0.722
162.894,measure,8136,20.574
162.910,measure,8137,16.794
162.929,measure,8138,18.554
162.933,measure,8138,4.021
162.969,measure,8140,36.382
162.989,measure,8141,19.197
163.010,measure,8142,20.935
163.031,measure,8143,21.392
163.033,measure,8143,2.031
163.071,measure,8145,37.740
163.089,measure,8146,17.968
163.109,measure,8147,20.493
163.129,measure,8148,19.698
163.133,measure,8148,4.175
163.172,measure,8150,39.174
163.190,measure,8151,17.547
163.209,measure,8152,19.590
163.231,measure,8153,21.178
163.232,measure,8153,1.502
163.290,measure,8156,58.418
163.291,measure,8156,0.769
163.310,measure,8157,19.065
163.330,measure,8158,20.059
163.333,measure,8158,2.628
163.369,measure,8160,36.390
163.389,measure,8161,19.278
163.408,measure,8162,19.722
163.432,measure,8163,23.631
163.433,measure,8163,1.052
163.470,measure,8165,36.727
163.489,measure,8166,18.773
163.509,measure,8167,20.378
163.553,measure,8169,44.516
163.570,measure,8170,16.729
163.571,measure,8170,0.677
163.589,measure,8171,18.132
163.609,measure,8172,20.428
163.657,measure,8174,47.927
163.672,measure,8175,14.643
163.672,measure,8175,0.450
163.693,measure,8176,20.727
163.710,measure,8177,17.200
163.730,measure,8178,20.129
163.751,measure,8178,20.924
163.769,measure,8180,17.513
163.789,measure,8181,19.632
163.808,measure,8182,19.762
163.829,measure,8183,20.313
163.832,measure,8183,3.873
163.869,measure,8185,36.775
163.888,measure,8186,18.862
163.908,measure,8187,19.975
163.928,measure,8188,20.260
163.933,measure,8188,4.689
163.971,measure,8190,37.458
163.988,measure,8191,17.729
164.008,measure,8192,19.749
164.057,measure,8194,49.480
164.072,measure,8195,14.473
164.073,measure,8195,0.683
164.093,measure,8196,20.261
164.108,measure,8197,15.547
164.152,measure,8199,43.201
164.152,measure,8199,0.674
164.169,measure,8200,16.796
164.188,measure,8201,18.593
164.209,measure,8202,21.605
164.228,measure,8203,19.190
164.233,measure,8203,4.490
164.271,measure,8205,37.656
164.288,measure,8206,17.736
164.308,measure,8207,20.113
164.333,measure,8208,24.366
164.333,measure,8208,0.205
164.373,measure,8210,40.078
164.388,measure,8211,14.845
164.409,measure,8212,21.485
164.431,measure,8213,21.939
164.433,measure,8213,1.536
164.469,measure,8215,36.041
164.488,measure,8216,19.389
164.508,measure,8217,19.874
164.528,measure,8218,19.891
164.533,measure,8218,4.840
164.570,measure,8220,36.556
164.588,measure,8221,18.661
164.608,measure,8222,19.804
164.653,measure,8224,45.099
164.670,measure,8225,17.204
164.671,measure,8225,0.521
164.689,measure,8226,17.812
164.709,measure,8227,20.107
164.731,measure,8228,21.836
164.733,measure,8228,2.424
164.790,measure,8231,56.567
164.790,measure,8231,0.675
164.810,measure,8232,19.413
164.832,measure,8233,22.490
164.832,measure,8233,0.158
164.869,measure,8235,36.917
164.888,measure,8236,18.556
164.909,measure,8237,21.117
164.929,measure,8238,20.071
164.933,measure,8238,4.014
164.970,measure,8240,37.416
164.988,measure,8241,17.939
165.009,measure,8242,20.184
165.031,measure,8243,22.187
165.033,measure,8243,2.316
165.072,measure,8245,39.220
165.090,measure,8246,17.549
165.109,measure,8247,19.107
165.159,measure,8249,49.718
165.173,measure,8250,14.543
165.174,measure,8250,0.769
165.193,measure,8251,19.489
165.208,measure,8252,14.943
165.252,measure,8254,43.834
165.253,measure,8254,0.737
165.270,measure,8255,16.855
165.289,measure,8256,18.874
165.309,measure,8257,20.583
165.329,measure,8258,19.352
165.333,measure,8258,4.375
165.371,measure,8260,37.963
165.389,measure,8261,18.469
165.408,measure,8262,18.998
165.455,measure,8264,46.456
165.473,measure,8265,17.878
165.473,measure,8265,0.338
165.488,measure,8266,15.393
165.509,measure,8267,20.354
165.554,measure,8269,45.055
165.569,measure,8270,14.805
165.569,measure,8270,0.768
165.588,measure,8271,18.987
165.609,measure,8272,20.643
165.652,measure,8274,42.850
165.653,measure,8274,0.698
165.670,measure,8275,16.983
165.689,measure,8276,19.041
165.709,measure,8277,20.600
165.729,measure,8278,19.829
165.733,measure,8278,3.976
165.771,measure,8280,37.867
165.789,measure,8281,18.248
165.808,measure,8282,18.746
165.857,measure,8284,49.273
165.872,measure,8285,14.848
165.873,measure,8285,0.724
165.893,measure,8286,20.412
165.911,measure,8287,17.606
165.931,measure,8288,19.746
165.933,measure,8288,2.446
165.969,measure,8290,36.302
165.989,measure,8291,19.253
166.009,measure,8292,20.616
166.052,measure,8294,43.117
166.053,measure,8294,0.737
166.070,measure,8295,16.854
166.089,measure,8296,18.726
166.109,measure,8297,20.237
166.154,measure,8299,44.747
166.170,measure,8300,16.633
166.171,measure,8300,0.697
166.189,measure,8301,18.006
166.210,measure,8302,20.688
166.258,measure,8304,48.191
166.273,measure,8305,14.850
166.273,measure,8305,0.428
166.294,measure,8306,20.524
166.310,measure,8307,16.835
166.330,measure,8308,19.957
166.333,measure,8308,2.604
166.370,measure,8310,36.572
166.389,measure,8311,19.065
166.409,measure,8312,20.285
166.453,measure,8314,43.760
166.453,measure,8314,0.673
166.470,measure,8315,17.172
166.489,measure,8316,18.114
166.509,measure,8317,20.350
166.554,measure,8319,45.056
166.571,measure,8320,17.466
166.572,measure,8320,0.678
166.590,measure,8321,17.564
166.609,measure,8322,19.436
166.630,measure,8323,21.160
166.633,measure,8323,2.651
166.692,measure,8326,58.874
166.693,measure,8326,0.760
166.711,measure,8327,18.232
166.753,measure,8329,42.435
166.754,measure,8329,0.728
166.770,measure,8330,15.528
166.789,measure,8331,19.051
166.809,measure,8332,20.545
166.852,measure,8334,42.912
166.853,measure,8334,0.653
166.869,measure,8335,16.808
166.889,measure,8336,19.106
166.909,measure,8337,20.398
166.953,measure,8339,44.374
166.970,measure,8340,17.033
166.971,measure,8340,0.478
166.989,measure,8341,18.179
167.009,measure,8342,20.413
167.031,measure,8343,21.083
167.032,measure,8343,1.409
167.089,measure,8346,57.252
167.090,measure,8346,0.721
167.110,measure,8347,20.311
167.129,measure,8348,18.550
167.133,measure,8348,4.182
167.169,measure,8350,36.245
167.189,measure,8351,19.394
167.209,measure,8352,20.818
167.229,measure,8353,19.636
167.233,measure,8353,3.973
167.270,measure,8355,36.741
167.289,measure,8356,18.809
167.309,measure,8357,20.259
167.353,measure,8359,44.450
167.354,measure,8359,0.666
167.371,measure,8360,16.983
167.389,measure,8361,18.253
167.408,measure,8362,18.969
167.430,measure,8363,21.346
167.433,measure,8363,3.422
167.491,measure,8366,58.143
167.492,measure,8366,0.751
167.511,measure,8367,18.706
167.531,measure,8368,20.033
167.533,measure,8368,2.468
167.569,measure,8370,36.402
167.589,measure,8371,19.455
167.609,measure,8372,20.448
167.628,measure,8373,18.852
167.633,measure,8373,4.729
167.670,measure,8375,36.799
167.689,measure,8376,19.066
167.709,measure,8377,19.942
167.753,measure,8379,44.628
167.770,measure,8380,16.813
167.771,measure,8380,0.687
167.789,measure,8381,18.230
167.808,measure,8382,19.227
167.829,measure,8383,20.524
167.833,measure,8383,4.106
167.876,measure,8385,43.418
167.892,measure,8386,15.280
167.910,measure,8387,18.472
167.928,measure,8388,18.255
167.933,measure,8388,4.513
167.969,measure,8390,36.578
167.988,measure,8391,18.944
168.009,measure,8392,20.232
168.030,measure,8393,21.065
168.033,measure,8393,3.283
168.070,measure,8395,37.486
168.089,measure,8396,18.087
168.109,measure,8397,20.477
168.129,measure,8398,19.602
168.133,measure,8398,4.329
168.172,measure,8400,39.271
168.190,measure,8401,17.509
168.209,measure,8402,19.303
168.254,measure,8404,45.196
168.276,measure,8405,21.688
168.290,measure,8406,14.228
168.291,measure,8406,0.775
168.309,measure,8407,18.511
168.331,measure,8408,21.123
168.333,measure,8408,2.487
168.369,measure,8410,36.343
168.389,measure,8411,19.147
168.409,measure,8412,20.472
168.428,measure,8413,19.270
168.433,measure,8413,4.620
168.471,measure,8415,37.907
168.489,measure,8416,17.689
168.509,measure,8417,20.136
168.534,measure,8418,25.179
168.555,measure,8418,21.516
168.574,measure,8420,18.434
168.589,measure,8421,14.921
168.609,measure,8422,20.726
168.631,measure,8423,21.712
168.633,measure,8423,1.817
168.669,measure,8425,36.424
168.689,measure,8426,19.371
168.709,measure,8427,19.912
168.733,measure,8428,24.693
168.733,measure,8428,0.123
168.770,measure,8430,36.291
168.788,measure,8431,18.669
168.809,measure,8432,20.339
168.831,measure,8433,21.917
168.832,measure,8433,1.322
168.871,measure,8435,38.916
168.889,measure,8436,17.982
168.909,measure,8437,19.783
168.958,measure,8439,49.082
168.972,measure,8440,14.532
168.973,measure,8440,0.691
168.994,measure,8441,20.500
169.011,measure,8442,17.102
169.030,measure,8443,19.860
169.032,measure,8443,1.590
169.069,measure,8445,37.382
169.089,measure,8446,19.113
169.109,measure,8447,20.513
169.153,measure,8449,43.636
169.153,measure,8449,0.702
169.171,measure,8450,17.131
169.189,measure,8451,18.175
169.209,measure,8452,20.554
169.229,measure,8453,19.704
169.233,measure,8453,4.010
169.272,measure,8455,39.208
169.290,measure,8456,17.421
169.309,measure,8457,19.259
169.358,measure,8459,49.430
169.373,measure,8460,14.834
169.374,measure,8460,0.482
169.410,measure,8462,35.996
169.410,measure,8462,0.772
169.433,measure,8463,22.656
169.433,measure,8463,0.121
169.469,measure,8465,36.223
169.489,measure,8466,19.213
169.508,measure,8467,19.816
169.529,measure,8468,20.592
169.532,measure,8468,3.002
169.570,measure,8470,38.454
169.589,measure,8471,18.187
169.609,measure,8472,20.146
169.654,measure,8474,45.185
169.672,measure,8475,17.654
169.672,measure,8475,0.689
169.690,measure,8476,17.408
169.709,measure,8477,18.776
169.758,measure,8479,49.831
169.773,measure,8480,14.554
169.774,measure,8480,0.721
169.794,measure,8481,20.149
169.811,measure,8482,16.784
169.830,measure,8483,19.911
169.833,measure,8483,2.531
169.869,measure,8485,36.433
169.889,measure,8486,19.130
169.909,measure,8487,20.143
169.929,measure,8488,20.137
169.933,measure,8488,4.190
169.971,measure,8490,37.577
169.989,measure,8491,18.036
170.009,measure,8492,20.592
170.029,measure,8493,19.799
170.033,measure,8493,4.007
170.072,measure,8495,39.126
170.090,measure,8496,17.586
170.109,measure,8497,19.574
170.129,measure,8498,19.817
170.133,measure,8498,3.834
170.191,measure,8501,57.682
170.191,measure,8501,0.730
170.210,measure,8502,18.798
170.229,measure,8503,18.748
170.233,measure,8503,4.098
170.269,measure,8505,36.357
170.289,measure,8506,19.195
170.309,measure,8507,20.714
170.329,measure,8508,20.046
170.333,measure,8508,3.652
170.370,measure,8510,37.447
170.389,measure,8511,18.434
170.409,measure,8512,20.372
170.429,measure,8513,20.097
170.433,measure,8513,3.663
170.472,measure,8515,39.173
170.490,measure,8516,17.516
170.509,measure,8517,18.972
170.558,measure,8519,49.165
170.573,measure,8520,14.980
170.573,measure,8520,0.463
170.610,measure,8522,36.392
170.610,measure,8522,0.765
170.631,measure,8523,20.080
170.633,measure,8523,2.490
170.670,measure,8525,36.719
170.689,measure,8526,19.009
170.709,measure,8527,20.692
170.730,measure,8528,20.589
170.733,measure,8528,3.078
170.770,measure,8530,37.407
170.789,measure,8531,18.254
170.809,measure,8532,20.591
170.832,measure,8533,23.151
170.833,measure,8533,0.414
170.872,measure,8535,39.469
170.890,measure,8536,17.475
170.909,measure,8537,19.021
170.958,measure,8539,49.210
170.973,measure,8540,14.664
170.973,measure,8540,0.669
170.994,measure,8541,20.181
171.010,measure,8542,16.905
171.031,measure,8543,20.038
171.033,measure,8543,2.441
171.070,measure,8545,36.608
171.089,measure,8546,19.074
171.109,measure,8547,20.078
171.153,measure,8549,43.991
171.153,measure,8549,0.739
171.171,measure,8550,17.151
171.189,measure,8551,18.021
171.209,measure,8552,20.744
171.229,measure,8553,19.691
171.233,measure,8553,3.935
171.272,measure,8555,39.172
171.290,measure,8556,17.644
171.309,measure,8557,19.665
171.358,measure,8559,48.182
171.372,measure,8560,14.616
171.373,measure,8560,0.707
171.393,measure,8561,20.390
171.411,measure,8562,17.860
171.429,measure,8563,17.504
171.433,measure,8563,4.226
171.471,measure,8565,37.773
171.489,measure,8566,17.935
171.509,measure,8567,20.701
171.530,measure,8568,21.072
171.532,measure,8568,2.048
171.570,measure,8570,37.730
171.588,measure,8571,18.101
171.609,measure,8572,20.515
171.653,measure,8574,44.592
171.671,measure,8575,17.404
171.672,measure,8575,0.681
171.689,measure,8576,17.454
171.710,measure,8577,20.691
171.753,measure,8579,43.745
171.776,measure,8580,22.618
171.790,measure,8581,14.200
171.791,measure,8581,0.766
171.810,measure,8582,18.672
171.852,measure,8584,42.437
171.853,measure,8584,0.687
171.869,measure,8585,16.668
171.889,measure,8586,19.315
171.909,measure,8587,20.668
171.929,measure,8588,19.602
171.933,measure,8588,3.923
171.971,measure,8590,37.842
171.989,measure,8591,18.445
172.008,measure,8592,19.125
172.055,measure,8594,46.753
172.073,measure,8595,18.142
172.074,measure,8595,0.508
172.089,measure,8596,14.842
172.110,measure,8597,21.061
172.154,measure,8599,44.392
172.169,measure,8600,14.662
172.170,measure,8600,0.780
172.189,measure,8601,19.240
172.209,measure,8602,20.550
172.233,measure,8603,23.940
172.233,measure,8603,0.123
172.270,measure,8605,36.242
172.289,measure,8606,19.249
172.309,measure,8607,20.487
172.333,measure,8608,23.768
172.333,measure,8608,0.191
172.371,measure,8610,37.641
172.389,measure,8611,18.403
172.408,measure,8612,19.005
172.457,measure,8614,48.792
172.472,measure,8615,14.680
172.473,measure,8615,0.756
172.493,measure,8616,20.628
172.511,measure,8617,17.865
172.554,measure,8619,42.479
172.569,measure,8620,15.267
172.570,measure,8620,0.739
172.589,measure,8621,19.289
172.610,measure,8622,20.679
172.652,measure,8624,42.556
172.653,measure,8624,0.724
172.670,measure,8625,16.799
172.689,measure,8626,19.229
172.710,measure,8627,20.764
172.754,measure,8629,43.947
172.771,measure,8630,17.237
172.771,measure,8630,0.692
172.789,measure,8631,17.450
172.809,measure,8632,20.025
172.857,measure,8634,48.184
172.872,measure,8635,14.541
172.872,measure,8635,0.744
172.893,measure,8636,21.021
172.911,measure,8637,17.942
172.952,measure,8639,40.557
172.953,measure,8639,0.746
172.970,measure,8640,17.091
172.989,measure,8641,18.935
173.010,measure,8642,20.915
173.052,measure,8644,42.313
173.053,measure,8644,0.709
173.070,measure,8645,17.583
173.089,measure,8646,18.337
173.109,measure,8647,20.821
173.154,measure,8649,44.524
173.171,measure,8650,16.694
173.171,measure,8650,0.662
173.189,measure,8651,17.522
173.210,measure,8652,21.340
173.258,measure,8654,48.068
173.274,measure,8655,15.976
173.293,measure,8656,19.084
173.294,measure,8656,0.782
173.310,measure,8657,16.395
173.353,measure,8659,42.304
173.353,measure,8659,0.688
173.370,measure,8660,16.119
173.389,measure,8661,19.192
173.410,measure,8662,20.874
173.454,measure,8664,44.271
173.472,measure,8665,18.569
173.473,measure,8665,0.470
173.489,measure,8666,16.025
173.510,measure,8667,21.265
173.554,measure,8669,43.908
173.571,measure,8670,16.577
173.571,measure,8670,0.667
173.589,measure,8671,17.414
173.610,measure,8672,21.235
173.653,measure,8674,42.698
173.653,measure,8674,0.715
173.673,measure,8675,19.578
173.689,measure,8676,15.655
173.710,measure,8677,21.665
173.755,measure,8679,44.865
173.770,measure,8680,15.204
173.771,measure,8680,0.681
173.789,measure,8681,18.041
173.809,measure,8682,19.707
173.856,measure,8684,47.154
173.872,measure,8685,15.709
173.872,measure,8685,0.748
173.889,measure,8686,16.537
173.911,measure,8687,21.593
173.953,measure,8689,42.008
173.970,measure,8690,17.590
173.971,measure,8690,0.861
173.992,measure,8691,20.478
174.010,measure,8692,18.650
174.055,measure,8694,44.350
174.070,measure,8695,15.547
174.071,measure,8695,0.667
174.090,measure,8696,18.908
174.109,measure,8697,19.870
174.152,measure,8699,42.875
174.153,measure,8699,0.693
174.171,measure,8700,17.875
174.191,measure,8701,19.626
174.209,measure,8702,18.752
174.256,measure,8704,46.621
174.272,measure,8705,16.110
174.273,measure,8705,0.724
174.289,measure,8706,16.585
174.309,measure,8707,19.865
174.356,measure,8709,46.489
174.371,measure,8710,15.529
174.372,measure,8710,0.796
174.390,measure,8711,18.446
174.437,measure,8713,46.434
174.452,measure,8714,15.439
174.453,measure,8714,0.709
174.471,measure,8715,17.856
174.490,measure,8716,19.332
174.510,measure,8717,19.665
174.552,measure,8719,42.525
174.553,measure,8719,0.725
174.571,measure,8720,17.841
174.590,measure,8721,19.265
174.610,measure,8722,19.260
174.652,measure,8724,42.718
174.653,measure,8724,0.707
174.671,measure,8725,18.014
174.691,measure,8726,19.657
174.710,measure,8727,19.333
174.752,measure,8729,42.307
174.753,measure,8729,0.693
174.771,measure,8730,18.226
174.790,measure,8731,18.471
174.810,measure,8732,20.109
174.854,measure,8734,44.501
174.870,measure,8735,15.839
174.871,measure,8735,0.643
174.890,measure,8736,18.851
174.909,measure,8737,19.887
174.952,measure,8739,42.782
174.953,measure,8739,0.661
174.972,measure,8740,18.994
174.990,measure,8741,17.664
175.010,measure,8742,20.763
175.054,measure,8744,43.284
175.070,measure,8745,16.313
175.071,measure,8745,0.717
175.108,measure,8747,37.153
175.109,measure,8747,0.769
175.153,measure,8749,44.265
175.154,measure,8749,0.705
175.170,measure,8750,16.839
175.189,measure,8751,18.230
175.209,measure,8752,20.702
175.252,measure,8754,42.985
175.253,measure,8754,0.636
175.269,measure,8755,16.069
175.288,measure,8756,19.379
175.309,measure,8757,20.398
175.350,measure,8759,41.545
175.351,measure,8759,0.695
175.370,measure,8760,18.865
175.389,measure,8761,19.085
175.409,measure,8762,20.470
175.430,measure,8763,20.794
175.433,measure,8763,2.703
175.473,measure,8765,40.353
175.488,measure,8766,14.240
175.508,measure,8767,20.752
175.529,measure,8768,20.620
175.532,measure,8768,3.558
175.573,measure,8770,40.704
175.587,measure,8771,14.037
175.608,measure,8772,20.909
175.628,measure,8773,19.730
175.633,measure,8773,5.093
175.672,measure,8775,38.961
175.692,measure,8776,19.627
175.707,measure,8777,15.826
175.729,measure,8778,21.161
175.733,measure,8778,4.412
175.769,measure,8780,35.628
175.788,measure,8781,19.271
175.809,measure,8782,20.823
175.828,measure,8783,19.519
175.833,measure,8783,4.733
175.870,measure,8785,36.963
175.888,measure,8786,17.904
175.908,measure,8787,20.682
175.928,measure,8788,19.884
175.933,measure,8788,4.594
175.973,measure,8790,39.993
175.988,measure,8791,15.166
176.009,measure,8792,20.602
176.028,measure,8793,19.695
176.033,measure,8793,4.570
176.070,measure,8795,37.347
176.087,measure,8796,16.893
176.107,measure,8797,19.672
176.129,measure,8798,22.156
176.133,measure,8798,3.964
176.169,measure,8800,35.556
176.188,measure,8801,19.060
176.208,measure,8802,20.522
176.228,measure,8803,19.566
176.232,measure,8803,4.295
176.269,measure,8805,37.286
176.287,measure,8806,17.696
176.308,measure,8807,21.114
176.327,measure,8808,19.374
176.333,measure,8808,5.452
176.374,measure,8810,41.054
176.387,measure,8811,13.187
176.407,measure,8812,20.159
176.428,measure,8813,20.347
176.432,measure,8813,4.272
176.468,measure,8815,35.895
176.487,measure,8816,19.236
176.507,measure,8817,19.982
176.527,measure,8818,20.035
176.533,measure,8818,5.878
176.569,measure,8820,36.056
176.588,measure,8821,18.796
176.607,measure,8822,19.457
176.628,measure,8823,20.494
176.633,measure,8823,5.171
176.674,measure,8825,41.074
176.688,measure,8826,13.708
176.708,measure,8827,20.682
176.727,measure,8828,18.193
176.733,measure,8828,6.284
176.768,measure,8830,35.152
176.787,measure,8831,18.910
176.808,measure,8832,21.125
176.827,measure,8833,18.833
176.833,measure,8833,6.030
176.869,measure,8835,36.153
176.888,measure,8836,18.555
176.908,measure,8837,20.041
176.928,measure,8838,20.603
176.932,measure,8838,3.702
176.972,measure,8840,40.062
176.990,measure,8841,17.557
177.008,measure,8842,18.095
177.029,measure,8843,20.997
177.033,measure,8843,4.242
177.070,measure,8845,36.711
177.087,measure,8846,17.686
177.107,measure,8847,20.129
177.127,measure,8848,19.130
177.133,measure,8848,6.327
177.168,measure,8850,35.170
177.187,measure,8851,18.947
177.207,measure,8852,19.561
177.227,measure,8853,20.610
177.232,measure,8853,4.785
177.269,measure,8855,37.456
177.287,measure,8856,18.008
177.307,measure,8857,20.017
177.328,measure,8858,20.611
177.333,measure,8858,4.839
177.374,measure,8860,41.010
177.387,measure,8861,13.222
177.406,measure,8862,19.187
177.428,measure,8863,21.776
177.433,measure,8863,4.770
177.468,measure,8865,35.004
177.488,measure,8866,19.965
177.508,measure,8867,19.709
177.528,measure,8868,20.020
177.533,measure,8868,5.281
177.569,measure,8870,36.123
177.588,measure,8871,18.841
177.608,measure,8872,19.869
177.628,measure,8873,20.406
177.633,measure,8873,4.831
177.674,measure,8875,40.945
177.688,measure,8876,13.766
177.708,measure,8877,20.646
177.727,measure,8878,19.097
177.732,measure,8878,4.538
177.768,measure,8880,35.931
177.788,measure,8881,19.988
177.808,measure,8882,20.000
177.828,measure,8883,20.265
177.833,measure,8883,4.781
177.869,measure,8885,36.206
177.887,measure,8886,17.615
177.908,measure,8887,21.019
177.929,measure,8888,20.935
177.933,measure,8888,4.302
177.972,measure,8890,39.014
177.990,measure,8891,17.572
178.007,measure,8892,17.838
178.028,measure,8893,21.061
178.033,measure,8893,4.497
178.070,measure,8895,36.640
178.087,measure,8896,17.545
178.107,measure,8897,19.893
178.127,measure,8898,19.617
178.133,measure,8898,6.316
178.168,measure,8900,35.051
178.188,measure,8901,20.020
178.207,measure,8902,18.699
178.228,measure,8903,21.414
178.232,measure,8903,3.839
178.269,measure,8905,37.447
178.287,measure,8906,17.958
178.307,measure,8907,20.013
178.328,measure,8908,20.671
178.333,measure,8908,4.838
178.374,measure,8910,41.159
178.387,measure,8911,12.979
178.407,measure,8912,19.661
178.428,measure,8913,21.597
178.433,measure,8913,4.538
178.468,measure,8915,35.235
178.487,measure,8916,18.809
178.508,measure,8917,21.061
178.528,measure,8918,20.409
178.533,measure,8918,4.568
178.569,measure,8920,35.963
178.588,measure,8921,19.020
178.608,measure,8922,19.975
178.630,measure,8923,22.160
178.633,measure,8923,2.862
178.674,measure,8925,41.020
178.688,measure,8926,13.742
178.708,measure,8927,20.682
178.728,measure,8928,19.278
178.733,measure,8928,5.233
178.768,measure,8930,34.927
178.788,measure,8931,19.969
178.808,measure,8932,20.035
178.828,measure,8933,20.363
178.833,measure,8933,4.851
178.869,measure,8935,35.930
178.888,measure,8936,18.724
178.907,measure,8937,19.233
178.930,measure,8938,23.346
178.933,measure,8938,2.691
178.972,measure,8940,38.989
178.990,measure,8941,17.692
179.007,measure,8942,17.631
179.028,measure,8943,20.670
179.032,measure,8943,4.066
179.070,measure,8945,37.750
179.087,measure,8946,17.490
179.107,measure,8947,19.699
179.128,measure,8948,21.314
179.133,measure,8948,4.643
179.168,measure,8950,35.254
179.187,measure,8951,19.247
179.207,measure,8952,19.191
179.228,measure,8953,21.435
179.233,measure,8953,4.927
179.269,measure,8955,36.414
179.287,measure,8956,17.927
179.307,measure,8957,19.974
179.328,measure,8958,20.640
179.333,measure,8958,5.053
179.374,measure,8960,40.970
179.387,measure,8961,13.080
179.408,measure,8962,21.330
179.428,measure,8963,19.290
179.432,measure,8963,4.325
179.468,measure,8965,35.978
179.488,measure,8966,19.964
179.507,measure,8967,19.465
179.527,measure,8968,20.117
179.533,measure,8968,5.062
179.569,measure,8970,36.638
179.587,measure,8971,17.682
179.608,measure,8972,21.075
179.630,measure,8973,21.809
179.632,measure,8973,2.267
179.674,measure,8975,41.956
179.688,measure,8976,13.735
179.708,measure,8977,20.704
179.727,measure,8978,19.074
179.733,measure,8978,5.386
179.768,measure,8980,35.070
179.788,measure,8981,19.962
179.808,measure,8982,19.957
179.828,measure,8983,20.266
179.833,measure,8983,4.899
179.869,measure,8985,36.157
179.887,measure,8986,17.638
179.907,measure,8987,20.218
179.930,measure,8988,23.252
179.933,measure,8988,2.708
179.972,measure,8990,38.962
179.990,measure,8991,17.645
180.008,measure,8992,18.059
180.028,measure,8993,20.792
180.033,measure,8993,4.500
180.070,measure,8995,36.777
180.087,measure,8996,17.310
180.107,measure,8997,20.052
180.127,measure,8998,20.145
180.133,measure,8998,5.715
180.168,measure,9000,35.245
180.187,measure,9001,18.799
180.208,measure,9002,21.069
180.227,measure,9003,19.072
180.233,measure,9003,5.832
180.269,measure,9005,36.537
180.287,measure,9006,17.954
180.307,measure,9007,19.929
180.328,measure,9008,20.698
180.333,measure,9008,4.876
180.374,measure,9010,41.089
180.387,measure,9011,13.366
180.407,measure,9012,20.040
180.427,measure,9013,19.617
180.433,measure,9013,5.811
180.468,measure,9015,35.055
180.487,measure,9016,18.999
180.508,measure,9017,21.042
180.528,measure,9018,20.389
180.533,measure,9018,4.543
180.569,measure,9020,35.993
180.588,measure,9021,18.912
180.608,measure,9022,20.084
180.630,measure,9023,22.135
180.633,measure,9023,2.896
180.674,measure,9025,40.959
180.688,measure,9026,13.717
180.708,measure,9027,20.418
180.729,measure,9028,20.733
180.732,measure,9028,3.282
180.768,measure,9030,35.900
180.788,measure,9031,20.017
180.808,measure,9032,19.934
180.828,measure,9033,20.270
180.832,measure,9033,3.973
180.869,measure,9035,36.875
180.888,measure,9036,18.888
180.907,measure,9037,19.586
180.928,measure,9038,20.574
180.933,measure,9038,4.881
180.972,measure,9040,39.056
180.990,measure,9041,17.528
181.008,measure,9042,18.195
181.029,measure,9043,21.095
181.033,measure,9043,4.127
181.070,measure,9045,36.919
181.088,measure,9046,17.731
181.108,measure,9047,19.984
181.182,measure,9048,74.114
181.202,measure,9048,20.376
181.217,measure,9050,15.183
181.256,measure,9052,38.454
181.276,measure,9053,20.368
181.282,measure,9053,5.883
181.336,measure,9056,54.489
181.337,measure,9056,0.934
181.358,measure,9057,20.478
181.376,measure,9058,18.639
181.383,measure,9058,6.395
181.418,measure,9060,34.892
181.436,measure,9061,18.383
181.456,measure,9062,20.040
181.476,measure,9063,19.316
181.482,measure,9063,6.423
181.519,measure,9065,37.020
181.536,measure,9066,17.163
181.556,measure,9067,20.213
181.577,measure,9068,20.795
181.583,measure,9068,5.837
181.639,measure,9071,56.348
181.640,measure,9071,0.712
181.656,measure,9072,16.008
181.676,measure,9073,20.330
181.683,measure,9073,6.586
181.720,measure,9075,37.028
181.737,measure,9076,16.543
181.756,measure,9077,19.817
181.777,measure,9078,20.578
181.800,measure,9078,23.519
181.819,measure,9080,18.105
181.836,measure,9081,17.876
181.856,measure,9082,19.762
181.877,measure,9083,20.535
181.902,measure,9084,25.779
181.920,measure,9085,17.153
181.937,measure,9086,17.310
181.957,measure,9087,19.651
181.977,measure,9088,20.802
182.006,measure,9088,28.181
182.037,measure,9091,31.288
182.038,measure,9091,0.646
182.058,measure,9092,20.944
182.076,measure,9093,18.044
182.083,measure,9093,6.356
182.118,measure,9095,35.516
182.136,measure,9096,17.942
182.157,measure,9097,20.795
182.177,measure,9098,19.493
182.182,measure,9098,5.409
182.220,measure,9100,37.569
182.236,measure,9101,16.722
182.257,measure,9102,20.723
182.277,measure,9103,19.769
182.321,measure,9105,43.917
182.321,measure,9105,0.656
182.339,measure,9106,17.560
182.357,measure,9107,17.793
182.376,measure,9108,19.613
182.382,measure,9108,5.637
182.437,measure,9111,55.044
182.438,measure,9111,0.710
182.456,measure,9112,18.081
182.477,measure,9113,20.711
182.483,measure,9113,6.451
182.518,measure,9115,35.519
182.536,measure,9116,17.700
182.557,measure,9117,20.813
182.576,measure,9118,19.504
182.583,measure,9118,6.474
182.620,measure,9120,36.714
182.636,measure,9121,16.772
182.656,measure,9122,19.627
182.677,measure,9123,20.941
182.705,measure,9123,27.543
182.736,measure,9126,31.702
182.737,measure,9126,0.737
182.758,measure,9127,21.395
182.777,measure,9128,18.168
182.782,measure,9128,5.419
182.818,measure,9130,36.291
182.837,measure,9131,18.738
182.856,measure,9132,19.097
182.877,measure,9133,20.389
182.883,measure,9133,6.422
182.920,measure,9135,36.671
182.936,measure,9136,16.754
182.957,measure,9137,20.594
182.977,measure,9138,19.954
183.021,measure,9140,44.038
183.022,measure,9140,0.690
183.039,measure,9141,17.203
183.056,measure,9142,17.429
183.077,measure,9143,20.591
183.119,measure,9145,42.215
183.120,measure,9145,0.732
183.136,measure,9146,16.122
183.156,measure,9147,19.755
183.177,measure,9148,21.371
183.200,measure,9148,23.140
183.218,measure,9150,17.581
183.236,measure,9151,18.367
183.256,measure,9152,20.323
183.276,measure,9153,19.480
183.282,measure,9153,6.403
183.319,measure,9155,36.631
183.336,measure,9156,17.369
183.356,measure,9157,20.062
183.377,measure,9158,20.732
183.406,measure,9158,28.545
183.437,measure,9161,30.858
183.437,measure,9161,0.691
183.459,measure,9162,21.750
183.476,measure,9163,16.564
183.482,measure,9163,6.439
183.500,measure,9164,18.365
183.537,measure,9166,36.466
183.556,measure,9167,18.916
183.576,measure,9168,19.924
183.595,measure,9169,19.846
183.600,measure,9169,4.083
183.636,measure,9171,36.534
183.656,measure,9172,19.955
183.677,measure,9173,20.435
183.683,measure,9173,6.350
183.722,measure,9175,39.140
183.740,measure,9176,17.583
183.756,measure,9177,16.221
183.776,measure,9178,20.530
183.782,measure,9178,5.700
183.820,measure,9180,37.488
183.836,measure,9181,16.232
183.856,measure,9182,20.090
183.876,measure,9183,20.124
183.900,measure,9183,24.305
183.918,measure,9185,17.643
183.936,measure,9186,18.118
183.956,measure,9187,19.914
183.975,measure,9188,19.513
183.983,measure,9188,7.432
184.019,measure,9190,36.206
184.037,measure,9191,17.914
184.057,measure,9192,19.543
184.077,measure,9193,20.584
184.106,measure,9193,29.036
184.136,measure,9196,29.733
184.137,measure,9196,0.738
184.156,measure,9197,19.065
184.176,measure,9198,20.265
184.200,measure,9198,24.211
184.218,measure,9200,17.490
184.236,measure,9201,18.382
184.256,measure,9202,19.691
184.277,measure,9203,21.172
184.302,measure,9203,24.643
184.319,measure,9205,17.300
184.336,measure,9206,17.341
184.356,measure,9207,20.087
184.377,measure,9208,20.328
184.383,measure,9208,6.279
184.436,measure,9211,53.274
184.437,measure,9211,0.657
184.458,measure,9212,20.780
184.477,measure,9213,18.940
184.500,measure,9213,23.550
184.518,measure,9215,17.567
184.536,measure,9216,18.297
184.556,measure,9217,19.970
184.576,measure,9218,20.118
184.583,measure,9218,6.878
184.619,measure,9220,35.948
184.636,measure,9221,17.261
184.656,measure,9222,19.635
184.677,measure,9223,21.531
184.683,measure,9223,5.591
184.722,measure,9225,39.100
184.740,measure,9226,17.571
184.757,measure,9227,16.948
184.777,measure,9228,20.789
184.783,measure,9228,5.615
184.820,measure,9230,37.025
184.836,measure,9231,16.060
184.856,measure,9232,20.169
184.876,measure,9233,19.799
184.901,measure,9234,25.143
184.918,measure,9235,16.861
184.936,measure,9236,18.382
184.957,measure,9237,20.297
184.977,measure,9238,20.124
185.002,measure,9239,25.504
185.019,measure,9240,16.656
185.037,measure,9241,17.814
185.056,measure,9242,19.052
185.076,measure,9243,20.232
185.083,measure,9243,6.874
185.136,measure,9246,52.971
185.137,measure,9246,0.723
185.155,measure,9247,18.499
185.176,measure,9248,21.088
185.183,measure,9248,6.667
185.218,measure,9250,35.008
185.236,measure,9251,18.282
185.256,measure,9252,20.307
185.276,measure,9253,19.903
185.282,measure,9253,5.598
185.319,measure,9255,36.975
185.336,measure,9256,17.252
185.356,measure,9257,20.008
185.377,measure,9258,20.393
185.382,measure,9258,5.327
185.436,measure,9261,54.476
185.437,measure,9261,0.729
185.459,measure,9262,22.018
185.476,measure,9263,16.906
185.482,measure,9263,5.941
185.500,measure,9264,18.373
185.537,measure,9266,36.500
185.556,measure,9267,19.321
185.576,measure,9268,19.948
185.583,measure,9268,6.761
185.600,measure,9269,17.435
185.636,measure,9271,36.080
185.655,measure,9272,19.042
185.677,measure,9273,21.705
185.704,measure,9273,26.402
185.722,measure,9275,18.270
185.740,measure,9276,17.732
185.757,measure,9277,16.973
185.777,measure,9278,20.702
185.806,measure,9278,29.172
185.820,measure,9280,13.128
185.836,measure,9281,16.018
185.856,measure,9282,20.328
185.876,measure,9283,20.204
185.883,measure,9283,6.849
185.918,measure,9285,34.952
185.936,measure,9286,18.433
185.956,measure,9287,19.993
185.977,measure,9288,20.331
185.983,measure,9288,6.265
186.019,measure,9290,36.317
186.037,measure,9291,17.824
186.055,measure,9292,18.440
186.077,measure,9293,21.604
186.082,measure,9293,4.824
186.136,measure,9296,53.925
186.137,measure,9296,0.692
186.156,measure,9297,19.272
186.176,measure,9298,20.353
186.183,measure,9298,6.699
186.218,measure,9300,34.965
186.236,measure,9301,18.284
186.256,measure,9302,19.717
186.277,measure,9303,20.970
186.302,measure,9304,25.150
186.319,measure,9305,16.783
186.336,measure,9306,17.263
186.356,measure,9307,19.938
186.376,measure,9308,20.184
186.383,measure,9308,6.786
186.436,measure,9311,53.432
186.437,measure,9311,0.701
186.458,measure,9312,20.808
186.476,measure,9313,17.803
186.483,measure,9313,7.283
186.518,measure,9315,34.785
186.536,measure,9316,18.256
186.556,measure,9317,20.013
186.576,measure,9318,19.826
186.582,measure,9318,6.128
186.619,measure,9320,36.993
186.636,measure,9321,17.529
186.656,measure,9322,19.185
186.676,measure,9323,20.616
186.683,measure,9323,6.636
186.722,measure,9325,39.074
186.740,measure,9326,17.647
186.756,measure,9327,16.313
186.776,measure,9328,20.484
186.783,measure,9328,6.524
186.819,measure,9330,36.532
186.836,measure,9331,16.057
186.857,measure,9332,21.036
186.876,measure,9333,19.648
186.883,measure,9333,6.707
186.918,measure,9335,34.897
186.936,measure,9336,18.488
186.956,measure,9337,19.877
186.976,measure,9338,20.044
186.983,measure,9338,6.675
187.019,measure,9340,36.118
187.037,measure,9341,17.691
187.056,measure,9342,19.579
187.076,measure,9343,19.576
187.082,measure,9343,6.071
187.136,measure,9346,53.847
187.136,measure,9346,0.717
187.156,measure,9347,19.129
187.177,measure,9348,21.087
187.182,measure,9348,5.240
187.218,measure,9350,35.863
187.236,measure,9351,18.399
187.256,measure,9352,20.017
187.276,measure,9353,20.033
187.283,measure,9353,6.646
187.319,measure,9355,36.204
187.336,measure,9356,17.288
187.356,measure,9357,20.055
187.376,measure,9358,19.335
187.382,measure,9358,6.128
187.436,measure,9361,53.974
187.437,measure,9361,0.781
187.458,measure,9362,21.120
187.477,measure,9363,18.888
187.482,measure,9363,5.300
187.518,measure,9365,35.697
187.536,measure,9366,18.393
187.556,measure,9367,19.990
187.575,measure,9368,19.257
187.583,measure,9368,7.582
187.619,measure,9370,36.068
187.636,measure,9371,17.386
187.655,measure,9372,19.135
187.677,measure,9373,21.533
187.683,measure,9373,5.861
187.722,measure,9375,38.922
187.740,measure,9376,17.750
187.757,measure,9377,16.968
187.777,measure,9378,20.743
187.783,measure,9378,5.636
187.820,measure,9380,36.636
187.836,measure,9381,16.168
187.856,measure,9382,20.099
187.876,measure,9383,20.092
187.900,measure,9383,24.424
187.918,measure,9385,17.517
187.936,measure,9386,18.476
187.957,measure,9387,20.257
187.977,measure,9388,20.161
188.001,measure,9388,24.714
188.019,measure,9390,17.488
188.037,measure,9391,17.766
188.056,measure,9392,18.995
188.076,measure,9393,20.195
188.106,measure,9393,30.446
188.136,measure,9396,29.596
188.137,measure,9396,0.687
188.156,measure,9397,19.233
188.176,measure,9398,20.177
188.200,measure,9398,24.113
188.218,measure,9400,17.796
188.236,measure,9401,18.344
188.256,measure,9402,20.197
188.277,measure,9403,20.055
188.301,measure,9403,24.834
188.319,measure,9405,17.396
188.336,measure,9406,17.186
188.355,measure,9407,19.406
188.377,measure,9408,21.698
188.383,measure,9408,5.774
188.436,measure,9411,53.106
188.437,measure,9411,0.736
188.458,measure,9412,20.928
188.477,measure,9413,18.934
188.483,measure,9413,6.326
188.518,measure,9415,34.848
188.536,measure,9416,18.348
188.556,measure,9417,20.115
188.576,measure,9418,19.935
188.583,measure,9418,6.779
188.619,measure,9420,36.019
188.636,measure,9421,17.229
188.656,measure,9422,19.952
188.676,measure,9423,20.415
188.704,measure,9423,27.164
188.722,measure,9425,18.160
188.740,measure,9426,17.736
188.756,measure,9427,16.845
188.777,measure,9428,20.781
188.806,measure,9428,29.211
188.820,measure,9430,13.912
188.837,measure,9431,16.606
188.858,measure,9432,21.564
188.876,measure,9433,17.716
188.901,measure,9433,24.997
188.919,measure,9435,17.489
188.936,measure,9436,17.531
188.956,measure,9437,20.158
188.976,measure,9438,19.972
188.983,measure,9438,6.578
189.020,measure,9440,37.057
189.037,measure,9441,17.219
189.057,measure,9442,19.504
189.077,measure,9443,20.656
189.083,measure,9443,5.592
189.137,measure,9446,54.442
189.138,measure,9446,0.688
189.159,measure,9447,21.344
189.176,measure,9448,16.643
189.183,measure,9448,6.907
189.200,measure,9449,17.524
189.217,measure,9450,16.532
189.256,measure,9452,39.479
189.277,measure,9453,20.057
189.283,measure,9453,6.356
189.300,measure,9454,17.435
189.339,measure,9456,38.613
189.356,measure,9457,17.512
189.377,measure,9458,20.474
189.395,measure,9458,18.352
189.399,measure,9459,4.069
189.441,measure,9461,41.423
189.456,measure,9462,14.992
189.477,measure,9463,21.689
189.483,measure,9463,5.424
189.527,measure,9464,43.731
189.557,measure,9467,30.455
189.558,measure,9467,0.670
189.579,measure,9468,21.647
189.602,measure,9468,22.694
189.618,measure,9470,15.503
189.638,measure,9471,20.546
189.656,measure,9472,18.318
189.676,measure,9473,19.750
189.683,measure,9473,6.680
189.720,measure,9475,36.979
189.737,measure,9476,16.680
189.756,measure,9477,19.412
189.776,measure,9478,19.928
189.782,measure,9478,5.971
189.800,measure,9479,18.499
189.837,measure,9481,36.411
189.856,measure,9482,18.977
189.876,measure,9483,20.139
189.896,measure,9484,20.230
189.900,measure,9484,3.429
189.940,measure,9485,40.868
189.956,measure,9487,15.327
189.976,measure,9488,20.087
190.000,measure,9488,24.216
190.018,measure,9490,17.567
190.036,measure,9491,18.308
190.056,measure,9492,19.913
190.076,measure,9493,20.201
190.083,measure,9493,6.858
190.119,measure,9495,36.138
190.137,measure,9496,17.600
190.156,measure,9497,19.142
190.176,measure,9498,20.222
190.182,measure,9498,5.871
190.240,measure,9501,57.912
190.241,measure,9501,0.829
190.255,measure,9502,14.896
190.277,measure,9503,21.779
190.283,measure,9503,5.600
190.319,measure,9505,36.452
190.336,measure,9506,17.155
190.356,measure,9507,19.122
190.377,measure,9508,21.073
190.382,measure,9508,5.243
190.418,measure,9510,35.975
190.436,measure,9511,18.404
190.456,measure,9512,20.000
190.476,measure,9513,20.030
190.482,measure,9513,5.593
190.519,measure,9515,37.238
190.537,measure,9516,17.666
190.556,measure,9517,19.088
190.576,measure,9518,20.142
190.583,measure,9518,6.851
190.636,measure,9521,52.883
190.636,measure,9521,0.672
190.657,measure,9522,20.282
190.677,measure,9523,20.042
190.701,measure,9524,24.360
190.718,measure,9525,16.666
190.736,measure,9526,18.388
190.756,measure,9527,19.996
190.776,measure,9528,20.143
190.782,measure,9528,5.578
190.819,measure,9530,36.964
190.836,measure,9531,17.456
190.856,measure,9532,19.555
190.876,measure,9533,20.195
190.882,measure,9533,5.817
190.936,measure,9536,54.381
190.937,measure,9536,0.691
190.958,measure,9537,20.777
190.977,measure,9538,18.813
190.983,measure,9538,6.270
191.018,measure,9540,34.930
191.036,measure,9541,18.388
191.056,measure,9542,19.815
191.076,measure,9543,20.118
191.082,measure,9543,5.836
191.119,measure,9545,37.042
191.136,measure,9546,17.264
191.156,measure,9547,20.109
191.177,measure,9548,20.750
191.182,measure,9548,4.796
191.222,measure,9550,39.666
191.239,measure,9551,17.737
191.256,measure,9552,16.926
191.277,measure,9553,20.322
191.283,measure,9553,6.340
191.320,measure,9555,36.749
191.336,measure,9556,16.013
191.357,measure,9557,21.163
191.376,measure,9558,19.075
191.400,measure,9558,24.155
191.418,measure,9560,17.738
191.436,measure,9561,18.506
191.456,measure,9562,20.204
191.477,measure,9563,20.145
191.483,measure,9563,6.304
191.519,measure,9565,36.006
191.536,measure,9566,17.501
191.557,measure,9567,20.096
191.577,measure,9568,20.631
191.582,measure,9568,4.768
191.636,measure,9571,54.421
191.637,measure,9571,0.679
191.658,measure,9572,20.508
191.677,measure,9573,19.088
191.683,measure,9573,6.307
191.718,measure,9575,34.759
191.736,measure,9576,18.387
191.756,measure,9577,19.934
191.776,measure,9578,20.062
191.783,measure,9578,6.792
191.819,measure,9580,36.035
191.836,measure,9581,17.237
191.856,measure,9582,20.111
191.876,measure,9583,19.267
191.882,measure,9583,6.835
191.922,measure,9585,39.515
191.939,measure,9586,17.582
191.956,measure,9587,16.975
191.977,measure,9588,20.721
192.006,measure,9588,29.253
192.020,measure,9590,13.290
192.036,measure,9591,16.082
192.055,measure,9592,19.541
192.076,measure,9593,21.084
192.082,measure,9593,5.526
192.118,measure,9595,36.072
192.136,measure,9596,18.449
192.156,measure,9597,19.236
192.177,measure,9598,20.968
192.202,measure,9599,25.543
192.219,measure,9600,17.047
192.237,measure,9601,17.738
192.256,measure,9602,19.294
192.276,measure,9603,19.312
192.282,measure,9603,6.317
192.336,measure,9606,53.859
192.336,measure,9606,0.665
192.356,measure,9607,19.733
192.376,measure,9608,20.172
192.382,measure,9608,5.628
192.418,measure,9610,35.839
192.436,measure,9611,18.220
192.456,measure,9612,20.240
192.476,measure,9613,20.014
192.502,measure,9614,25.897
192.519,measure,9615,16.803
192.536,measure,9616,17.352
192.556,measure,9617,19.972
192.577,measure,9618,20.637
192.618,measure,9620,41.487
192.619,measure,9620,0.712
192.641,measure,9621,21.605
192.655,measure,9622,14.643
192.677,measure,9623,21.258
192.683,measure,9623,6.229
192.718,measure,9625,34.927
192.736,measure,9626,18.433
192.757,measure,9627,20.369
192.777,measure,9628,20.346
192.802,measure,9629,25.223
192.819,measure,9630,16.810
192.836,measure,9631,16.869
192.856,measure,9632,19.990
192.876,measure,9633,20.165
192.904,measure,9633,28.259
192.940,measure,9636,35.325
192.940,measure,9636,0.759
192.956,measure,9637,15.787
192.977,measure,9638,20.693
192.982,measure,9638,5.108
193.019,measure,9640,37.507
193.036,measure,9641,16.116
193.055,measure,9642,19.515
193.076,measure,9643,20.519
193.083,measure,9643,7.336
193.118,measure,9645,35.027
193.136,measure,9646,18.554
193.155,measure,9647,18.915
193.176,measure,9648,21.053
193.182,measure,9648,5.437
193.219,measure,9650,37.326
193.237,measure,9651,17.689
193.256,measure,9652,18.892
193.276,measure,9653,20.198
193.283,measure,9653,6.873
193.336,measure,9656,52.838
193.336,measure,9656,0.672
193.357,measure,9657,20.116
193.377,measure,9658,19.997
193.383,measure,9658,6.344
193.418,measure,9660,34.709
193.436,measure,9661,18.361
193.456,measure,9662,20.123
193.476,measure,9663,20.049
193.482,measure,9663,5.821
193.519,measure,9665,37.011
193.536,measure,9666,17.291
193.556,measure,9667,19.299
193.577,measure,9668,21.557
193.583,measure,9668,5.838
193.636,measure,9671,53.411
193.637,measure,9671,0.689
193.658,measure,9672,20.659
193.676,measure,9673,18.742
193.683,measure,9673,6.428
193.718,measure,9675,35.000
193.736,measure,9676,18.341
193.756,measure,9677,19.989
193.776,measure,9678,20.134
193.783,measure,9678,6.562
193.819,measure,9680,36.076
193.836,measure,9681,17.336
193.857,measure,9682,20.312
193.877,measure,9683,20.572
193.903,measure,9683,26.022
193.922,measure,9685,18.425
193.939,measure,9686,17.635
193.956,measure,9687,17.122
193.977,measure,9688,20.601
194.006,measure,9688,29.382
194.020,measure,9690,13.287
194.036,measure,9691,16.279
194.056,measure,9692,20.009
194.076,measure,9693,20.196
194.083,measure,9693,6.777
194.118,measure,9695,35.026
194.136,measure,9696,18.428
194.156,measure,9697,19.479
194.176,measure,9698,20.234
194.183,measure,9698,6.803
194.219,measure,9700,36.355
194.237,measure,9701,17.591
194.256,measure,9702,19.236
194.276,measure,9703,19.629
194.306,measure,9703,30.723
194.336,measure,9706,29.899
194.337,measure,9706,0.667
194.358,measure,9707,21.284
194.376,measure,9708,18.184
194.383,measure,9708,6.434
194.418,measure,9710,35.564
194.436,measure,9711,17.781
194.457,measure,9712,20.425
194.478,measure,9713,20.889
194.482,measure,9713,4.386
194.520,measure,9715,37.662
194.536,measure,9716,16.881
194.556,measure,9717,19.444
194.576,measure,9718,20.183
194.583,measure,9718,6.802
194.622,measure,9720,38.642
194.639,measure,9721,17.591
194.657,measure,9722,17.653
194.676,measure,9723,19.636
194.719,measure,9725,43.002
194.720,measure,9725,0.701
194.737,measure,9726,16.533
194.757,measure,9727,20.422
194.777,measure,9728,19.605
194.783,measure,9728,6.332
194.818,measure,9730,35.369
194.836,measure,9731,17.757
194.857,measure,9732,20.636
194.876,measure,9733,19.456
194.883,measure,9733,6.714
194.920,measure,9735,36.699
194.936,measure,9736,16.812
194.957,measure,9737,20.371
194.977,measure,9738,19.852
194.983,measure,9738,6.239
195.037,measure,9741,53.689
195.037,measure,9741,0.745
195.058,measure,9742,21.078
195.077,measure,9743,18.410
195.101,measure,9744,24.303
195.118,measure,9745,17.302
195.136,measure,9746,17.822
195.157,measure,9747,20.717
195.176,measure,9748,19.287
195.182,measure,9748,5.711
195.220,measure,9750,37.654
195.236,measure,9751,16.697
195.257,measure,9752,20.364
195.276,measure,9753,19.654
195.283,measure,9753,6.619
195.322,measure,9755,38.603
195.339,measure,9756,17.451
195.357,measure,9757,17.655
195.376,measure,9758,19.709
195.382,measure,9758,5.571
195.437,measure,9761,55.288
195.438,measure,9761,0.708
195.457,measure,9762,18.727
195.477,measure,9763,20.731
195.483,measure,9763,5.440
195.518,measure,9765,35.569
195.536,measure,9766,17.796
195.557,measure,9767,20.334
195.577,measure,9768,20.801
195.583,measure,9768,5.540
195.620,measure,9770,36.648
195.636,measure,9771,16.841
195.656,measure,9772,19.455
195.677,measure,9773,20.823
195.723,measure,9775,45.992
195.736,measure,9776,13.516
195.737,measure,9776,0.887
195.758,measure,9777,21.377
195.777,measure,9778,18.414
195.801,measure,9779,24.283
195.818,measure,9780,17.357
195.836,measure,9781,17.812
195.857,measure,9782,20.241
195.877,measure,9783,20.140
195.883,measure,9783,6.252
195.919,measure,9785,35.674
195.936,measure,9786,17.271
195.956,measure,9787,20.040
195.976,measure,9788,20.111
195.983,measure,9788,6.852
196.020,measure,9790,37.436
196.038,measure,9791,17.853
196.056,measure,9792,17.870
196.077,measure,9793,20.539
196.083,measure,9793,6.269
196.120,measure,9795,37.035
196.136,measure,9796,16.179
196.156,measure,9797,19.974
196.176,measure,9798,20.115
196.183,measure,9798,6.739
196.218,measure,9800,34.987
196.236,measure,9801,18.416
196.256,measure,9802,20.139
196.277,measure,9803,20.209
196.282,measure,9803,5.285
196.319,measure,9805,36.997
196.337,measure,9806,17.792
196.356,measure,9807,19.282
196.376,measure,9808,20.076
196.383,measure,9808,6.809
196.436,measure,9811,52.852
196.436,measure,9811,0.664
196.456,measure,9812,19.402
196.476,measure,9813,20.189
196.482,measure,9813,5.947
196.518,measure,9815,35.652
196.536,measure,9816,18.368
196.556,measure,9817,19.972
196.576,measure,9818,20.052
196.583,measure,9818,6.913
196.619,measure,9820,35.974
196.636,measure,9821,16.897
196.656,measure,9822,20.083
196.676,measure,9823,20.197
196.683,measure,9823,6.856
196.736,measure,9826,53.562
196.737,measure,9826,0.659
196.758,measure,9827,20.494
196.777,measure,9828,18.958
196.783,measure,9828,6.292
196.818,measure,9830,34.987
196.836,measure,9831,18.396
196.856,measure,9832,20.052
196.876,measure,9833,20.071
196.883,measure,9833,6.534
196.919,measure,9835,35.955
196.936,measure,9836,17.150
196.956,measure,9837,20.345
196.977,measure,9838,20.705
197.003,measure,9838,26.105
197.021,measure,9840,18.347
197.039,measure,9841,17.865
197.057,measure,9842,17.496
197.076,measure,9843,19.102
197.106,measure,9843,30.369
197.120,measure,9845,13.217
197.136,measure,9846,16.333
197.156,measure,9847,20.102
197.176,measure,9848,20.159
197.183,measure,9848,6.735
197.218,measure,9850,35.024
197.236,measure,9851,18.372
197.256,measure,9852,19.740
197.276,measure,9853,20.063
197.283,measure,9853,6.808
197.319,measure,9855,36.162
197.337,measure,9856,17.781
197.356,measure,9857,19.052
197.376,measure,9858,20.128
197.382,measure,9858,5.883
197.436,measure,9861,54.130
197.437,measure,9861,0.728
197.456,measure,9862,19.198
197.476,measure,9863,20.246
197.482,measure,9863,5.727
197.518,measure,9865,35.843
197.536,measure,9866,18.534
197.556,measure,9867,20.086
197.577,measure,9868,20.347
197.582,measure,9868,5.186
197.620,measure,9870,37.621
197.636,measure,9871,16.883
197.657,measure,9872,20.094
197.677,measure,9873,20.791
197.682,measure,9873,4.760
197.736,measure,9876,53.640
197.736,measure,9876,0.753
197.758,measure,9877,21.160
197.777,measure,9878,19.092
197.783,measure,9878,6.165
197.818,measure,9880,34.938
197.836,measure,9881,18.191
197.856,measure,9882,20.173
197.876,measure,9883,19.463
197.883,measure,9883,7.113
197.919,measure,9885,36.328
197.936,measure,9886,17.196
197.956,measure,9887,19.651
197.976,measure,9888,20.470
197.983,measure,9888,6.462
198.022,measure,9890,38.916
198.040,measure,9891,17.805
198.057,measure,9892,17.593
198.076,measure,9893,19.187
198.083,measure,9893,6.564
198.120,measure,9895,36.726
198.136,measure,9896,16.257
198.156,measure,9897,20.151
198.176,measure,9898,20.155
198.182,measure,9898,5.694
198.218,measure,9900,36.084
198.236,measure,9901,17.959
198.256,measure,9902,20.078
198.276,measure,9903,20.212
198.283,measure,9903,6.571
198.319,measure,9905,36.370
198.337,measure,9906,17.736
198.356,measure,9907,18.610
198.377,measure,9908,21.582
198.383,measure,9908,5.778
198.436,measure,9911,53.319
198.437,measure,9911,0.703
198.456,measure,9912,19.280
198.476,measure,9913,20.110
198.483,measure,9913,6.544
198.518,measure,9915,34.878
198.536,measure,9916,18.209
198.556,measure,9917,20.033
198.576,measure,9918,20.143
198.583,measure,9918,6.752
198.619,measure,9920,35.982
198.636,measure,9921,17.168
198.656,measure,9922,20.134
198.676,measure,9923,20.279
198.683,measure,9923,6.433
198.736,measure,9926,53.524
198.737,measure,9926,0.701
198.758,measure,9927,20.660
198.777,measure,9928,18.941
198.782,measure,9928,5.246
198.818,measure,9930,35.875
198.836,measure,9931,18.257
198.856,measure,9932,20.054
198.876,measure,9933,20.072
198.883,measure,9933,6.686
198.919,measure,9935,36.046
198.936,measure,9936,17.430
198.956,measure,9937,20.020
198.977,measure,9938,20.765
199.003,measure,9938,26.070
199.022,measure,9940,18.353
199.039,measure,9941,17.826
199.057,measure,9942,17.646
199.076,measure,9943,19.336
199.083,measure,9943,6.564
199.119,measure,9945,36.580
199.136,measure,9946,16.365
199.156,measure,9947,20.073
199.176,measure,9948,20.082
199.182,measure,9948,5.887
199.218,measure,9950,36.014
199.236,measure,9951,17.948
199.256,measure,9952,20.053
199.276,measure,9953,20.227
199.283,measure,9953,6.709
199.319,measure,9955,36.165
199.337,measure,9956,17.980
199.356,measure,9957,19.191
199.377,measure,9958,20.331
199.382,measure,9958,5.368
199.436,measure,9961,53.975
199.437,measure,9961,0.690
199.456,measure,9962,19.275
199.476,measure,9963,20.183
199.483,measure,9963,6.789
199.518,measure,9965,34.855
199.536,measure,9966,18.321
199.556,measure,9967,19.981
199.576,measure,9968,20.182
199.583,measure,9968,6.720
199.619,measure,9970,36.071
199.636,measure,9971,17.318
199.656,measure,9972,19.760
199.676,measure,9973,20.218
199.719,measure,9975,42.433
199.719,measure,9975,0.730
199.741,measure,9976,21.312
199.755,measure,9977,14.470
199.776,measure,9978,21.190
199.783,measure,9978,6.455
199.818,measure,9980,34.829
199.836,measure,9981,18.412
199.856,measure,9982,20.000
199.876,measure,9983,20.094
199.883,measure,9983,6.684
199.919,measure,9985,36.072
199.936,measure,9986,17.130
199.956,measure,9987,20.210
199.977,measure,9988,20.594
200.005,measure,9988,27.786
200.040,measure,9991,35.069
200.040,measure,9991,0.778
200.056,measure,9992,15.886
200.077,measure,9993,20.857
200.119,measure,9995,41.623
200.120,measure,9995,0.745
200.141,measure,9996,21.259
200.156,measure,9997,14.679
200.177,measure,9998,21.228
200.200,measure,9998,23.413
200.218,measure,10000,17.592
200.236,measure,10001,18.381
200.257,measure,10002,20.444
200.277,measure,10003,20.126
200.283,measure,10003,6.147
200.319,measure,10005,35.898
200.336,measure,10006,17.240
200.356,measure,10007,20.042
200.376,measure,10008,19.857
200.383,measure,10008,6.941
200.440,measure,10011,56.705
200.440,measure,10011,0.772
200.456,measure,10012,15.882
200.477,measure,10013,20.631
200.519,measure,10015,42.284
200.520,measure,10015,0.738
200.536,measure,10016,16.039
200.556,measure,10017,20.304
200.576,measure,10018,20.209
200.583,measure,10018,6.425
200.618,measure,10020,34.885
200.636,measure,10021,18.501
200.657,measure,10022,20.376
200.677,measure,10023,20.202
200.682,measure,10023,5.681
200.719,measure,10025,36.497
200.736,measure,10026,17.470
200.756,measure,10027,20.050
200.777,measure,10028,20.718
200.783,measure,10028,5.637
200.836,measure,10031,53.617
200.837,measure,10031,0.702
200.858,measure,10032,20.692
200.876,measure,10033,17.959
200.901,measure,10034,25.145
200.918,measure,10035,16.767
200.936,measure,10036,18.440
200.956,measure,10037,19.745
200.976,measure,10038,20.063
200.983,measure,10038,6.885
201.019,measure,10040,36.092
201.037,measure,10041,17.640
201.056,measure,10042,19.317
201.076,measure,10043,20.513
201.082,measure,10043,5.424
201.122,measure,10045,39.871
201.139,measure,10046,17.776
201.156,measure,10047,16.273
201.176,measure,10048,20.616
201.183,measure,10048,6.502
201.220,measure,10050,36.898
201.236,measure,10051,16.134
201.256,measure,10052,20.014
201.276,measure,10053,20.366
201.283,measure,10053,6.575
201.318,measure,10055,35.048
201.337,measure,10056,18.641
201.356,measure,10057,19.918
201.377,measure,10058,20.191
201.383,measure,10058,6.232
201.419,measure,10060,36.143
201.437,measure,10061,17.672
201.456,measure,10062,19.398
201.477,measure,10063,20.605
201.519,measure,10065,42.402
201.520,measure,10065,0.713
201.541,measure,10066,21.521
201.556,measure,10067,14.777
201.577,measure,10068,20.732
201.601,measure,10069,24.339
201.618,measure,10070,17.291
201.637,measure,10071,18.206
201.657,measure,10072,19.955
201.688,measure,10073,31.331
201.719,measure,10075,31.319
201.720,measure,10075,0.677
201.737,measure,10076,16.989
201.757,measure,10077,20.230
201.777,measure,10078,19.573
201.782,measure,10078,5.133
201.822,measure,10080,40.361
201.840,measure,10081,17.543
201.856,measure,10082,16.414
201.877,measure,10083,21.207
201.882,measure,10083,4.476
201.937,measure,10086,55.378
201.938,measure,10086,0.691
201.956,measure,10087,18.515
201.978,measure,10088,21.367
201.983,measure,10088,4.948
202.018,measure,10090,35.575
202.037,measure,10091,18.327
202.057,measure,10092,20.367
202.077,measure,10093,20.177
202.102,measure,10093,24.446
202.120,measure,10095,17.979
202.137,measure,10096,17.342
202.157,measure,10097,20.229
202.178,measure,10098,20.612
202.183,measure,10098,5.021
202.237,measure,10101,53.720
202.237,measure,10101,0.812
202.259,measure,10102,21.383
202.279,measure,10103,20.154
202.320,measure,10105,41.455
202.321,measure,10105,0.742
202.338,measure,10106,16.403
202.357,measure,10107,19.948
202.378,measure,10108,20.627
202.382,measure,10108,4.108
202.420,measure,10110,37.302
202.437,measure,10111,17.563
202.458,measure,10112,20.896
202.478,measure,10113,19.655
202.483,measure,10113,5.217
202.521,measure,10115,37.948
202.539,measure,10116,18.340
202.558,measure,10117,18.881
202.580,measure,10118,22.131
202.621,measure,10120,40.959
202.622,measure,10120,0.734
202.638,measure,10121,16.270
202.659,measure,10122,21.137
202.680,measure,10123,20.976
202.705,measure,10123,24.500
202.720,measure,10125,15.259
202.738,measure,10126,18.160
202.760,measure,10127,21.855
202.804,measure,10129,43.550
202.819,measure,10130,15.328
202.820,measure,10130,0.693
202.859,measure,10132,39.737
202.860,measure,10132,0.713
202.878,measure,10133,18.219
202.882,measure,10133,3.604
202.920,measure,10135,38.410
202.959,measure,10137,38.691
202.959,measure,10137,0.521
203.002,measure,10139,42.285
203.002,measure,10139,0.672
203.018,measure,10140,15.995
203.038,measure,10141,19.562
203.059,measure,10142,21.436
203.102,measure,10144,42.763
203.118,measure,10145,15.918
203.119,measure,10145,0.709
203.138,measure,10146,19.375
203.159,measure,10147,21.033
203.203,measure,10149,43.590
203.220,measure,10150,17.453
203.221,measure,10150,0.700
203.238,measure,10151,17.151
203.258,measure,10152,20.236
203.303,measure,10154,45.141
203.319,measure,10155,15.710
203.320,measure,10155,0.669
203.339,measure,10156,19.016
203.358,measure,10157,18.805
203.402,measure,10159,44.111
203.402,measure,10159,0.646
203.438,measure,10161,35.885
203.439,measure,10161,0.754
203.459,measure,10162,19.702
203.478,measure,10163,19.561
203.483,measure,10163,4.560
203.538,measure,10166,55.163
203.539,measure,10166,0.737
203.558,measure,10167,19.084
203.578,measure,10168,19.886
203.583,measure,10168,5.082
203.619,measure,10170,35.680
203.640,measure,10171,21.671
203.659,measure,10172,18.490
203.705,measure,10174,46.478
203.720,measure,10175,15.245
203.721,measure,10175,0.749
203.739,measure,10176,17.482
203.758,measure,10177,19.249
203.778,measure,10178,20.310
203.782,measure,10178,3.707
203.819,measure,10180,37.526
203.838,measure,10181,18.285
203.858,measure,10182,20.426
203.879,measure,10183,20.503
203.883,measure,10183,4.150
203.920,measure,10185,36.947
203.939,measure,10186,18.930
203.957,measure,10187,18.551
204.002,measure,10189,44.380
204.002,measure,10189,0.687
204.020,measure,10190,17.202
204.038,measure,10191,18.221
204.058,measure,10192,20.306
204.079,measure,10193,20.616
204.083,measure,10193,4.210
204.122,measure,10195,38.732
204.137,measure,10196,15.694
204.159,measure,10197,21.964
204.178,measure,10198,19.133
204.183,measure,10198,4.465
204.220,measure,10200,37.061
204.242,measure,10201,21.723
204.257,measure,10202,15.448
204.278,measure,10203,21.203
204.301,measure,10203,22.550
204.319,measure,10205,18.560
204.338,measure,10206,18.453
204.358,measure,10207,19.699
204.379,measure,10208,21.221
204.383,measure,10208,4.007
204.421,measure,10210,37.769
204.438,measure,10211,17.008
204.458,measure,10212,19.995
204.484,measure,10213,26.026
204.504,measure,10213,20.317
204.522,measure,10215,18.251
204.540,measure,10216,17.584
204.557,measure,10217,17.293
204.578,measure,10218,21.191
204.622,measure,10220,43.840
204.636,measure,10221,14.421
204.637,measure,10221,0.748
204.658,measure,10222,21.079
204.678,measure,10223,19.698
204.702,measure,10224,23.622
204.719,measure,10225,17.740
204.738,measure,10226,18.687
204.758,measure,10227,19.931
204.778,measure,10228,19.642
204.783,measure,10228,5.228
204.821,measure,10230,37.927
204.838,measure,10231,16.880
204.857,measure,10232,19.673
204.878,measure,10233,20.431
204.883,measure,10233,5.077
204.938,measure,10236,54.921
204.938,measure,10236,0.683
204.959,measure,10237,20.405
204.977,measure,10238,18.607
204.983,measure,10238,5.326
205.037,measure,10241,53.849
205.037,measure,10241,0.773
205.059,measure,10242,21.252
205.078,measure,10243,19.585
205.101,measure,10243,22.574
205.119,measure,10245,18.452
205.138,measure,10246,18.722
205.158,measure,10247,19.833
205.177,measure,10248,19.653
205.183,measure,10248,5.386
205.221,measure,10250,38.025
205.238,measure,10251,16.927
205.257,measure,10252,19.572
205.279,measure,10253,21.434
205.324,measure,10255,44.709
205.338,measure,10256,14.669
205.339,measure,10256,0.766
205.360,measure,10257,20.555
205.378,measure,10258,18.770
205.382,measure,10258,3.603
205.419,measure,10260,37.202
205.438,measure,10261,18.791
205.458,measure,10262,19.999
205.478,measure,10263,19.839
205.483,measure,10263,5.061
205.519,measure,10265,36.598
205.537,measure,10266,17.479
205.557,measure,10267,20.619
205.578,measure,10268,20.813
205.603,measure,10269,24.248
205.621,measure,10270,18.204
205.638,measure,10271,17.007
205.658,measure,10272,20.000
205.679,measure,10273,21.247
205.721,measure,10275,41.630
205.721,measure,10275,0.770
205.760,measure,10277,38.861
205.761,measure,10277,0.742
205.777,measure,10278,16.358
205.783,measure,10278,5.422
205.819,measure,10280,36.452
205.838,measure,10281,18.945
205.858,measure,10282,19.937
205.878,measure,10283,19.831
205.882,measure,10283,3.936
205.920,measure,10285,38.029
205.938,measure,10286,18.023
205.958,measure,10287,20.091
205.978,measure,10288,19.698
205.983,measure,10288,5.125
206.021,measure,10290,37.996
206.038,measure,10291,17.565
206.058,measure,10292,19.462
206.078,measure,10293,19.867
206.083,measure,10293,5.147
206.140,measure,10296,56.782
206.140,measure,10296,0.727
206.160,measure,10297,19.573
206.178,measure,10298,17.653
206.183,measure,10298,5.169
206.219,measure,10300,36.583
206.237,measure,10301,17.913
206.259,measure,10302,21.281
206.278,measure,10303,19.656
206.301,measure,10303,23.116
206.320,measure,10305,18.924
206.338,measure,10306,17.794
206.358,measure,10307,19.484
206.379,measure,10308,21.154
206.383,measure,10308,4.209
206.422,measure,10310,38.736
206.439,measure,10311,17.689
206.457,measure,10312,17.908
206.478,measure,10313,20.980
206.522,measure,10315,43.751
206.543,measure,10316,20.618
206.561,measure,10317,18.134
206.561,measure,10317,0.497
206.577,measure,10318,15.978
206.582,measure,10318,4.768
206.619,measure,10320,37.271
206.638,measure,10321,18.814
206.658,measure,10322,19.857
206.677,measure,10323,19.488
206.683,measure,10323,5.139
206.720,measure,10325,37.348
206.738,measure,10326,17.829
206.757,measure,10327,19.420
206.778,measure,10328,21.029
206.802,measure,10328,23.895
206.821,measure,10330,18.803
206.838,measure,10331,17.617
206.857,measure,10332,18.795
206.878,measure,10333,20.945
206.921,measure,10335,42.820
206.922,measure,10335,0.723
206.957,measure,10337,35.010
206.958,measure,10337,0.761
206.979,measure,10338,21.110
206.982,measure,10338,3.276
207.019,measure,10340,37.452
207.037,measure,10341,18.064
207.056,measure,10342,18.113
207.078,measure,10343,22.764
207.083,measure,10343,4.540
207.121,measure,10345,37.935
207.138,measure,10346,16.731
207.157,measure,10347,19.818
207.178,measure,10348,20.884
207.222,measure,10350,43.862
207.240,measure,10351,17.456
207.240,measure,10351,0.745
207.257,measure,10352,17.001
207.278,measure,10353,20.930
207.282,measure,10353,3.684
207.337,measure,10356,54.785
207.337,measure,10356,0.760
207.357,measure,10357,19.838
207.378,measure,10358,20.367
207.397,measure,10359,19.425
207.399,measure,10359,2.416
207.439,measure,10361,39.150
207.458,measure,10362,19.247
207.477,measure,10363,19.244
207.483,measure,10363,5.747
207.500,measure,10364,17.468
207.540,measure,10366,39.391
207.557,measure,10367,16.804
207.578,measure,10368,21.489
207.605,measure,10368,27.261
207.638,measure,10371,33.092
207.639,measure,10371,0.688
207.660,measure,10372,20.735
207.678,measure,10373,18.031
207.683,measure,10373,5.008
207.737,measure,10376,54.228
207.738,measure,10376,0.741
207.758,measure,10377,20.010
207.777,measure,10378,19.614
207.782,measure,10378,4.499
207.819,measure,10380,37.324
207.838,measure,10381,18.667
207.857,measure,10382,19.211
207.878,measure,10383,20.924
207.903,measure,10384,24.563
207.921,measure,10385,18.041
207.938,measure,10386,16.933
207.958,measure,10387,20.709
207.978,measure,10388,19.838
208.005,measure,10388,26.985
208.038,measure,10391,32.994
208.039,measure,10391,0.725
208.060,measure,10392,20.872
208.079,measure,10393,18.869
208.101,measure,10393,22.097
208.119,measure,10395,18.494
208.138,measure,10396,18.834
208.158,measure,10397,19.822
208.178,measure,10398,19.683
208.183,measure,10398,5.252
208.219,measure,10400,36.618
208.237,measure,10401,17.973
208.258,measure,10402,20.934
208.278,measure,10403,19.664
208.320,measure,10405,42.050
208.321,measure,10405,0.688
208.338,measure,10406,17.104
208.358,measure,10407,19.736
208.378,measure,10408,20.799
208.406,measure,10408,27.641
208.439,measure,10411,32.870
208.440,measure,10411,0.697
208.460,measure,10412,20.923
208.478,measure,10413,17.387
208.483,measure,10413,4.930
208.519,measure,10415,36.385
208.538,measure,10416,18.652
208.557,measure,10417,19.423
208.578,measure,10418,20.895
208.602,measure,10419,23.461
208.620,measure,10420,18.224
208.638,measure,10421,17.911
208.657,measure,10422,19.175
208.678,measure,10423,20.854
208.683,measure,10423,5.048
208.721,measure,10425,38.124
208.738,measure,10426,17.488
208.758,measure,10427,19.630
208.777,measure,10428,19.393
208.783,measure,10428,5.375
208.840,measure,10431,56.905
208.841,measure,10431,0.812
208.860,measure,10432,19.492
208.877,measure,10433,17.320
208.883,measure,10433,5.462
208.919,measure,10435,36.504
208.938,measure,10436,18.677
208.958,measure,10437,19.906
208.977,measure,10438,19.596
208.983,measure,10438,5.355
209.020,measure,10440,37.449
209.038,measure,10441,17.809
209.058,measure,10442,19.681
209.104,measure,10444,45.725
209.121,measure,10445,17.388
209.122,measure,10445,0.721
209.139,measure,10446,17.533
209.158,measure,10447,18.366
209.179,measure,10448,21.247
209.222,measure,10450,43.450
209.243,measure,10451,20.350
209.261,measure,10452,18.082
209.261,measure,10452,0.558
209.277,measure,10453,15.856
209.301,measure,10453,23.649
209.319,measure,10455,18.640
209.337,measure,10456,17.508
209.357,measure,10457,20.380
209.378,measure,10458,20.942
209.401,measure,10458,22.848
209.420,measure,10460,18.779
209.438,measure,10461,17.845
209.458,measure,10462,19.887
209.478,measure,10463,20.837
209.520,measure,10465,41.807
209.521,measure,10465,0.661
209.538,measure,10466,17.555
209.557,measure,10467,18.849
209.578,measure,10468,20.727
209.621,measure,10470,43.150
209.622,measure,10470,0.721
209.656,measure,10472,34.624
209.657,measure,10472,0.712
209.678,measure,10473,20.874
209.702,measure,10474,23.465
209.719,measure,10475,17.782
209.738,measure,10476,18.746
209.757,measure,10477,19.312
209.778,measure,10478,20.756
209.802,measure,10478,23.905
209.821,measure,10480,18.610
209.837,measure,10481,16.773
209.857,measure,10482,19.580
209.878,measure,10483,20.637
209.882,measure,10483,4.263
209.939,measure,10486,57.325
209.940,measure,10486,0.733
209.957,measure,10487,17.054
209.978,measure,10488,21.030
210.022,measure,10490,43.544
210.022,measure,10490,0.697
210.038,measure,10491,15.400
210.056,measure,10492,17.970
210.078,measure,10493,22.184
210.083,measure,10493,5.040
210.119,measure,10495,36.394
210.138,measure,10496,18.737
210.158,measure,10497,19.896
210.177,measure,10498,19.610
210.202,measure,10498,24.872
210.221,measure,10500,18.416
210.238,measure,10501,16.773
210.257,measure,10502,19.553
210.278,measure,10503,20.739
210.282,measure,10503,4.032
210.338,measure,10506,55.667
210.338,measure,10506,0.788
210.359,measure,10507,20.964
210.378,measure,10508,18.605
210.382,measure,10508,3.970
210.422,measure,10510,39.827
210.437,measure,10511,15.760
210.457,measure,10512,19.739
210.478,measure,10513,20.392
210.483,measure,10513,5.265
210.519,measure,10515,36.386
210.538,measure,10516,18.598
210.557,measure,10517,19.331
210.578,measure,10518,20.931
210.620,measure,10520,41.787
210.621,measure,10520,0.680
210.638,measure,10521,16.975
210.657,measure,10522,19.706
210.678,measure,10523,20.933
210.682,measure,10523,3.703
210.738,measure,10526,56.204
210.739,measure,10526,0.704
210.760,measure,10527,21.028
210.778,measure,10528,17.835
210.783,measure,10528,5.206
210.837,measure,10531,53.679
210.837,measure,10531,0.721
210.858,measure,10532,20.537
210.877,measure,10533,19.555
210.883,measure,10533,5.420
210.919,measure,10535,36.351
210.938,measure,10536,18.580
210.957,measure,10537,19.236
210.978,measure,10538,20.977
210.983,measure,10538,4.953
211.021,measure,10540,37.651
211.038,measure,10541,17.104
211.057,measure,10542,19.433
211.078,measure,10543,20.695
211.083,measure,10543,5.082
211.138,measure,10546,55.198
211.139,measure,10546,0.673
211.160,measure,10547,20.847
211.179,measure,10548,18.958
211.182,measure,10548,3.352
211.219,measure,10550,37.277
211.238,measure,10551,18.707
211.257,measure,10552,19.355
211.278,measure,10553,20.878
211.301,measure,10554,23.183
211.319,measure,10555,18.191
211.337,measure,10556,17.748
211.358,measure,10557,20.958
211.378,measure,10558,19.339
211.382,measure,10558,4.373
211.421,measure,10560,38.665
211.438,measure,10561,17.171
211.457,measure,10562,19.630
211.478,measure,10563,20.802
211.506,measure,10563,27.768
211.539,measure,10566,32.839
211.539,measure,10566,0.736
211.560,measure,10567,20.733
211.577,measure,10568,17.056
211.583,measure,10568,5.608
211.619,measure,10570,36.301
211.638,measure,10571,18.693
211.657,measure,10572,19.540
211.678,measure,10573,20.744
211.701,measure,10573,22.853
211.720,measure,10575,18.709
211.738,measure,10576,17.811
211.758,measure,10577,20.417
211.778,measure,10578,19.555
211.783,measure,10578,5.335
211.821,measure,10580,37.934
211.838,measure,10581,17.647
211.858,measure,10582,19.553
211.877,measure,10583,19.470
211.883,measure,10583,5.397
211.940,measure,10586,56.715
211.940,measure,10586,0.778
211.960,measure,10587,19.648
211.977,measure,10588,17.199
211.982,measure,10588,4.721
212.019,measure,10590,37.222
212.038,measure,10591,18.886
212.057,measure,10592,19.359
212.078,measure,10593,20.729
212.101,measure,10593,23.078
212.120,measure,10595,19.071
212.138,measure,10596,17.747
212.158,measure,10597,19.700
212.179,measure,10598,20.809
212.183,measure,10598,4.398
212.222,measure,10600,38.811
212.239,measure,10601,17.544
212.258,measure,10602,18.513
212.279,measure,10603,21.050
212.322,measure,10605,42.852
212.342,measure,10606,20.728
212.360,measure,10607,17.622
212.361,measure,10607,0.845
212.377,measure,10608,16.068
212.401,measure,10608,23.685
212.419,measure,10610,18.699
212.437,measure,10611,17.665
212.457,measure,10612,20.502
212.478,measure,10613,20.856
212.501,measure,10613,22.635
212.520,measure,10615,18.859
212.538,measure,10616,17.880
212.557,measure,10617,19.690
212.578,measure,10618,20.751
212.583,measure,10618,4.380
212.621,measure,10620,38.344
212.639,measure,10621,17.637
212.657,measure,10622,18.743
212.678,measure,10623,20.857
212.707,measure,10623,28.638
212.740,measure,10626,32.970
212.741,measure,10626,0.786
212.760,measure,10627,19.473
212.777,measure,10628,17.268
212.783,measure,10628,5.604
212.819,measure,10630,36.358
212.838,measure,10631,18.801
212.858,measure,10632,19.764
212.878,measure,10633,20.710
212.902,measure,10633,23.104
212.920,measure,10635,18.676
212.938,measure,10636,17.711
212.957,measure,10637,19.328
212.978,measure,10638,20.711
213.021,measure,10640,42.979
213.022,measure,10640,0.676
213.039,measure,10641,17.589
213.058,measure,10642,18.718
213.077,measure,10643,19.496
213.083,measure,10643,5.342
213.141,measure,10646,58.422
213.142,measure,10646,0.719
213.180,measure,10648,38.076
213.181,measure,10648,0.654
213.197,measure,10649,16.317
213.227,measure,10649,30.024
213.257,measure,10652,29.583
213.257,measure,10652,0.713
213.278,measure,10653,20.418
213.297,measure,10654,19.558
213.299,measure,10654,1.201
213.338,measure,10656,39.746
213.357,measure,10657,19.108
213.377,measure,10658,19.784
213.396,measure,10658,18.804
213.400,measure,10659,4.347
213.440,measure,10661,39.761
213.458,measure,10662,17.556
213.478,measure,10663,20.279
213.523,measure,10665,44.794
213.540,measure,10666,17.632
213.541,measure,10666,0.718
213.556,measure,10667,15.383
213.578,measure,10668,21.240
213.597,measure,10669,19.704
213.599,measure,10669,2.103
213.637,measure,10670,37.506
213.656,measure,10672,19.259
213.678,measure,10673,21.349
213.683,measure,10673,5.245
213.719,measure,10675,36.086
213.737,measure,10676,18.272
213.758,measure,10677,20.487
213.778,measure,10678,19.931
213.783,measure,10678,5.289
213.820,measure,10680,37.445
213.837,measure,10681,16.770
213.857,measure,10682,20.339
213.878,measure,10683,20.290
213.883,measure,10683,5.089
213.938,measure,10686,55.255
213.939,measure,10686,0.689
213.959,measure,10687,20.668
213.978,measure,10688,18.723
214.021,measure,10690,42.781
214.022,measure,10690,0.666
214.036,measure,10691,14.893
214.057,measure,10692,20.189
214.078,measure,10693,21.259
214.101,measure,10694,23.115
214.119,measure,10695,17.885
214.137,measure,10696,18.320
214.158,measure,10697,20.586
214.177,measure,10698,19.260
214.202,measure,10698,25.040
214.220,measure,10700,18.187
214.237,measure,10701,17.018
214.258,measure,10702,20.420
214.278,measure,10703,20.718
214.283,measure,10703,4.347
214.338,measure,10706,54.960
214.339,measure,10706,0.709
214.359,measure,10707,20.907
214.378,measure,10708,18.694
214.400,measure,10708,22.329
214.419,measure,10710,18.213
214.437,measure,10711,18.171
214.457,measure,10712,19.910
214.477,measure,10713,20.218
214.500,measure,10713,23.498
214.519,measure,10715,18.666
214.537,measure,10716,18.378
214.557,measure,10717,19.943
214.577,measure,10718,19.920
214.582,measure,10718,4.843
214.620,measure,10720,38.019
214.638,measure,10721,17.477
214.656,measure,10722,18.621
214.678,measure,10723,21.366
214.706,measure,10723,28.517
214.739,measure,10726,32.593
214.739,measure,10726,0.686
214.760,measure,10727,20.313
214.777,measure,10728,17.364
214.783,measure,10728,5.661
214.822,measure,10730,38.738
214.838,measure,10731,15.989
214.857,measure,10732,19.764
214.877,measure,10733,19.800
214.896,measure,10733,18.587
214.900,measure,10734,4.677
214.938,measure,10736,37.646
214.957,measure,10737,19.188
214.977,measure,10738,19.766
214.996,measure,10739,19.239
215.000,measure,10739,3.315
215.039,measure,10741,39.766
215.057,measure,10742,17.913
215.077,measure,10743,20.023
215.083,measure,10743,5.609
215.139,measure,10746,56.119
215.140,measure,10746,0.668
215.160,measure,10747,20.783
215.178,measure,10748,17.424
215.183,measure,10748,4.933
215.219,measure,10750,36.559
215.238,measure,10751,18.541
215.258,measure,10752,19.858
215.278,measure,10753,20.590
215.283,measure,10753,4.476
215.320,measure,10755,37.083
215.337,measure,10756,17.573
215.358,measure,10757,20.414
215.377,measure,10758,19.440
215.383,measure,10758,5.534
215.421,measure,10760,38.046
215.439,measure,10761,17.731
215.457,measure,10762,18.846
215.477,measure,10763,20.022
215.482,measure,10763,4.407
215.539,measure,10766,57.620
215.540,measure,10766,0.779
215.560,measure,10767,19.671
215.577,measure,10768,17.134
215.583,measure,10768,5.671
215.619,measure,10770,36.468
215.638,measure,10771,18.520
215.657,measure,10772,19.549
215.678,measure,10773,20.705
215.702,measure,10774,24.213
215.720,measure,10775,18.290
215.738,measure,10776,17.493
215.757,measure,10777,18.812
215.778,measure,10778,20.801
215.783,measure,10778,5.273
215.822,measure,10780,38.751
215.839,measure,10781,17.546
215.858,measure,10782,18.381
215.877,measure,10783,19.865
215.882,measure,10783,4.434
215.941,measure,10786,58.651
215.941,measure,10786,0.688
215.963,measure,10787,21.426
215.981,measure,10788,18.188
215.997,measure,10789,15.966
216.020,measure,10789,22.782
216.038,measure,10791,18.636
216.057,measure,10792,19.301
216.078,measure,10793,20.401
216.082,measure,10793,4.005
216.100,measure,10794,18.406
216.138,measure,10796,38.099
216.157,measure,10797,18.183
216.178,measure,10798,21.363
216.196,measure,10798,18.367
216.200,measure,10799,3.895
216.239,measure,10801,38.728
216.257,measure,10802,18.508
216.278,measure,10803,20.123
216.283,measure,10803,5.226
216.300,measure,10804,17.400
216.359,measure,10807,58.416
216.359,measure,10807,0.632
216.380,measure,10808,21.102
216.382,measure,10808,1.505
216.421,measure,10810,39.307
216.438,measure,10811,17.038
216.458,measure,10812,19.575
216.477,measure,10813,19.207
216.483,measure,10813,5.826
216.500,measure,10814,17.445
216.538,measure,10816,38.058
216.557,measure,10817,19.186
216.578,measure,10818,20.257
216.597,measure,10819,19.050
216.599,measure,10819,1.752
216.639,measure,10821,40.762
216.657,measure,10822,17.875
216.677,measure,10823,20.240
216.682,measure,10823,4.449
216.739,measure,10826,57.555
216.740,measure,10826,0.750
216.761,measure,10827,20.618
216.778,measure,10828,16.961
216.782,measure,10828,4.130
216.819,measure,10830,37.302
216.838,measure,10831,18.619
216.857,measure,10832,19.352
216.877,measure,10833,20.274
216.883,measure,10833,5.377
216.920,measure,10835,37.050
216.938,measure,10836,17.664
216.958,measure,10837,20.491
216.977,measure,10838,19.426
216.983,measure,10838,5.392
217.021,measure,10840,38.005
217.039,measure,10841,17.692
217.057,measure,10842,18.654
217.077,measure,10843,20.163
217.082,measure,10843,4.470
217.140,measure,10846,57.944
217.141,measure,10846,0.742
217.160,measure,10847,19.447
217.177,measure,10848,17.303
217.183,measure,10848,5.521
217.219,measure,10850,36.401
217.238,measure,10851,18.641
217.257,measure,10852,19.375
217.278,measure,10853,20.729
217.302,measure,10854,24.082
217.320,measure,10855,18.313
217.338,measure,10856,17.785
217.358,measure,10857,19.499
217.378,measure,10858,20.506
217.403,measure,10858,24.425
217.422,measure,10860,19.045
217.439,measure,10861,17.571
217.458,measure,10862,18.910
217.478,measure,10863,19.620
217.483,measure,10863,5.069
217.540,measure,10866,57.718
217.541,measure,10866,0.775
217.560,measure,10867,18.690
217.577,measure,10868,17.103
217.582,measure,10868,4.817
217.619,measure,10870,37.328
217.638,measure,10871,18.927
217.658,measure,10872,19.425
217.678,measure,10873,20.637
217.701,measure,10873,23.290
217.720,measure,10875,18.788
217.738,measure,10876,17.832
217.757,measure,10877,19.235
217.778,measure,10878,20.861
217.782,measure,10878,3.670
217.822,measure,10880,39.801
217.839,measure,10881,17.604
217.858,measure,10882,18.316
217.878,measure,10883,20.752
217.883,measure,10883,4.477
217.941,measure,10886,58.188
217.942,measure,10886,0.718
217.980,measure,10888,38.523
217.981,measure,10888,0.675
217.997,measure,10889,16.199
218.019,measure,10889,22.237
218.038,measure,10891,18.678
218.057,measure,10892,19.181
218.077,measure,10893,20.001
218.083,measure,10893,5.632
218.100,measure,10894,17.411
218.138,measure,10896,37.983
218.158,measure,10897,19.555
218.177,measure,10898,19.211
218.183,measure,10898,5.813
218.200,measure,10899,17.400
218.240,measure,10901,39.455
218.257,measure,10902,17.221
218.277,measure,10903,20.261
218.283,measure,10903,5.668
218.338,measure,10906,55.452
218.339,measure,10906,0.708
218.360,measure,10907,20.789
218.378,measure,10908,17.974
218.382,measure,10908,4.118
218.422,measure,10910,40.591
218.438,measure,10911,15.484
218.457,measure,10912,19.196
218.477,measure,10913,20.042
218.497,measure,10914,19.580
218.499,measure,10914,2.686
218.538,measure,10916,38.930
218.557,measure,10917,18.272
218.578,measure,10918,21.250
218.582,measure,10918,3.998
218.600,measure,10919,18.420
218.640,measure,10921,39.322
218.657,measure,10922,17.042
218.678,measure,10923,21.135
218.720,measure,10925,41.815
218.720,measure,10925,0.743
218.743,measure,10926,22.331
218.761,measure,10927,18.122
218.777,measure,10928,16.112
218.801,measure,10928,23.618
218.820,measure,10930,19.090
218.838,measure,10931,18.253
218.861,measure,10932,22.718
218.878,measure,10933,17.374
218.882,measure,10933,4.014
218.921,measure,10935,39.090
218.938,measure,10936,16.773
218.957,measure,10937,19.320
218.978,measure,10938,20.855
219.003,measure,10938,24.896
219.022,measure,10940,18.862
219.039,measure,10941,17.092
219.058,measure,10942,18.847
219.079,measure,10943,21.024
219.083,measure,10943,4.047
219.140,measure,10946,57.237
219.141,measure,10946,0.811
219.162,measure,10947,20.906
219.177,measure,10948,15.720
219.202,measure,10948,24.318
219.220,measure,10950,18.390
219.238,measure,10951,17.716
219.257,measure,10952,19.370
219.278,measure,10953,20.929
219.301,measure,10953,23.233
219.320,measure,10955,19.005
219.338,measure,10956,17.194
219.358,measure,10957,20.568
219.377,measure,10958,19.174
219.383,measure,10958,5.438
219.422,measure,10960,38.950
219.439,measure,10961,17.063
219.458,measure,10962,18.796
219.478,measure,10963,20.697
219.506,measure,10963,27.929
219.540,measure,10966,33.552
219.541,measure,10966,0.754
219.562,measure,10967,21.072
219.578,measure,10968,16.147
219.597,measure,10969,19.416
219.599,measure,10969,2.288
219.640,measure,10971,40.219
219.657,measure,10972,17.068
219.677,measure,10973,20.444
219.683,measure,10973,5.658
219.721,measure,10975,37.883
219.738,measure,10976,17.243
219.757,measure,10977,18.981
219.778,measure,10978,20.768
219.782,measure,10978,4.124
219.822,measure,10980,40.120
219.839,measure,10981,17.361
219.858,measure,10982,18.488
219.877,measure,10983,19.223
219.882,measure,10983,4.824
219.939,measure,10986,57.003
219.940,measure,10986,0.725
219.962,measure,10987,22.731
219.980,measure,10988,18.095
219.983,measure,10988,2.377
220.000,measure,10989,17.503
220.038,measure,10991,37.941
220.057,measure,10992,19.202
220.078,measure,10993,20.369
220.097,measure,10994,19.169
220.099,measure,10994,2.485
220.139,measure,10996,39.035
220.157,measure,10997,18.442
220.177,measure,10998,20.330
220.182,measure,10998,4.585
220.200,measure,10999,18.333
220.239,measure,11001,38.770
220.257,measure,11002,18.507
220.278,measure,11003,20.206
220.298,measure,11004,20.026
220.299,measure,11004,1.733
220.359,measure,11007,59.730
220.360,measure,11007,0.475
220.380,measure,11008,20.744
220.401,measure,11008,20.265
220.421,measure,11010,20.600
220.438,measure,11011,16.965
220.458,measure,11012,19.363
220.477,measure,11013,19.912
220.483,measure,11013,5.303
220.500,measure,11014,17.483
220.538,measure,11016,38.068
220.557,measure,11017,19.019
220.578,measure,11018,20.311
220.582,measure,11018,4.173
220.600,measure,11019,18.381
220.640,measure,11021,39.622
220.657,measure,11022,17.268
220.677,measure,11023,20.024
220.683,measure,11023,5.637
220.740,measure,11026,56.723
220.740,measure,11026,0.715
220.760,measure,11027,20.233
220.778,measure,11028,17.271
220.782,measure,11028,4.140
220.819,measure,11030,37.435
220.838,measure,11031,18.717
220.858,measure,11032,19.847
220.878,measure,11033,19.674
220.883,measure,11033,5.336
220.920,measure,11035,36.946
220.938,measure,11036,17.775
220.958,measure,11037,19.957
220.978,measure,11038,20.523
221.002,measure,11038,23.782
221.021,measure,11040,18.970
221.038,measure,11041,17.619
221.057,measure,11042,18.561
221.078,measure,11043,20.675
221.082,measure,11043,4.159
221.140,measure,11046,58.181
221.141,measure,11046,0.878
221.160,measure,11047,18.989
221.177,measure,11048,17.416
221.183,measure,11048,5.564
221.219,measure,11050,36.441
221.238,measure,11051,18.754
221.258,measure,11052,19.849
221.277,measure,11053,19.471
221.283,measure,11053,5.486
221.320,measure,11055,37.355
221.338,measure,11056,17.858
221.357,measure,11057,19.178
221.378,measure,11058,21.060
221.403,measure,11058,24.355
221.422,measure,11060,18.911
221.439,measure,11061,17.606
221.458,measure,11062,18.942
221.478,measure,11063,19.479
221.483,measure,11063,5.161
221.541,measure,11066,57.913
221.541,measure,11066,0.761
221.560,measure,11067,18.629
221.578,measure,11068,17.432
221.583,measure,11068,5.216
221.619,measure,11070,36.589
221.637,measure,11071,17.991
221.658,measure,11072,21.102
221.678,measure,11073,19.793
221.701,measure,11073,23.203
221.720,measure,11075,18.938
221.738,measure,11076,17.185
221.758,measure,11077,20.750
221.778,measure,11078,19.930
221.803,measure,11078,24.401
221.822,measure,11080,18.989
221.839,measure,11081,17.895
221.858,measure,11082,18.389
221.878,measure,11083,19.763
221.883,measure,11083,5.145
221.941,measure,11086,58.102
221.942,measure,11086,0.741
221.960,measure,11087,18.373
221.978,measure,11088,17.509
221.983,measure,11088,5.245
222.019,measure,11090,36.459
222.038,measure,11091,18.942
222.058,measure,11092,19.368
222.078,measure,11093,20.526
222.102,measure,11094,24.239
222.120,measure,11095,17.968
222.138,measure,11096,18.016
222.158,measure,11097,20.056
222.178,measure,11098,19.684
222.221,measure,11100,42.857
222.222,measure,11100,0.660
222.239,measure,11101,17.655
222.258,measure,11102,18.356
222.278,measure,11103,20.920
222.283,measure,11103,4.301
222.341,measure,11106,58.207
222.342,measure,11106,0.757
222.361,measure,11107,18.802
222.378,measure,11108,17.570
222.401,measure,11108,22.612
222.419,measure,11110,18.488
222.438,measure,11111,19.122
222.458,measure,11112,19.537
222.478,measure,11113,19.744
222.483,measure,11113,5.282
222.520,measure,11115,36.932
222.538,measure,11116,18.123
222.558,measure,11117,19.695
222.579,measure,11118,21.174
222.620,measure,11120,41.408
222.621,measure,11120,0.693
222.639,measure,11121,17.599
222.658,measure,11122,19.441
222.678,measure,11123,19.763
222.683,measure,11123,5.090
222.740,measure,11126,56.852
222.740,measure,11126,0.757
222.760,measure,11127,19.707
222.778,measure,11128,17.865
222.801,measure,11129,23.512
222.819,measure,11130,17.701
222.838,measure,11131,19.135
222.858,measure,11132,19.721
222.878,measure,11133,20.174
222.882,measure,11133,3.950
222.920,measure,11135,38.052
222.939,measure,11136,18.278
222.958,measure,11137,19.441
222.978,measure,11138,20.212
223.003,measure,11138,24.995
223.021,measure,11140,18.104
223.039,measure,11141,18.087
223.058,measure,11142,18.630
223.078,measure,11143,19.943
223.122,measure,11145,44.247
223.143,measure,11146,20.683
223.159,measure,11147,16.062
223.160,measure,11147,0.743
223.202,measure,11149,42.224
223.203,measure,11149,0.649
223.220,measure,11150,17.155
223.238,measure,11151,18.145
223.258,measure,11152,19.883
223.302,measure,11154,44.670
223.319,measure,11155,17.057
223.320,measure,11155,0.653
223.338,measure,11156,17.967
223.358,measure,11157,20.296
223.378,measure,11158,19.764
223.402,measure,11158,24.238
223.422,measure,11160,19.462
223.439,measure,11161,17.019
223.458,measure,11162,18.972
223.502,measure,11164,44.493
223.521,measure,11165,18.277
223.521,measure,11165,0.659
223.538,measure,11166,17.226
223.559,measure,11167,20.834
223.579,measure,11168,19.406
223.583,measure,11168,4.142
223.619,measure,11170,36.422
223.639,measure,11171,19.575
223.661,measure,11172,22.293
223.678,measure,11173,16.967
223.709,measure,11173,31.293
223.740,measure,11176,30.261
223.740,measure,11176,0.751
223.758,measure,11177,17.991
223.803,measure,11179,44.639
223.820,measure,11180,16.893
223.821,measure,11180,0.654
223.838,measure,11181,17.443
223.859,measure,11182,21.217
223.902,measure,11184,42.566
223.902,measure,11184,0.689
223.920,measure,11185,17.323
223.938,measure,11186,18.267
223.958,measure,11187,20.244
224.005,measure,11189,46.953
224.020,measure,11190,14.875
224.021,measure,11190,0.716
224.038,measure,11191,17.300
224.058,measure,11192,20.251
224.102,measure,11194,43.958
224.120,measure,11195,17.590
224.121,measure,11195,0.723
224.138,measure,11196,17.532
224.159,measure,11197,21.068
224.183,measure,11198,23.487
224.203,measure,11198,19.854
224.220,measure,11200,17.373
224.240,measure,11201,19.581
224.258,measure,11202,18.356
224.280,measure,11203,22.470
224.283,measure,11203,2.437
224.339,measure,11206,56.533
224.340,measure,11206,0.719
224.361,measure,11207,20.682
224.402,measure,11209,41.443
224.419,measure,11210,17.149
224.420,measure,11210,0.661
224.438,measure,11211,18.131
224.483,measure,11213,45.286
224.502,measure,11214,18.080
224.502,measure,11214,0.668
224.520,measure,11215,17.634
224.539,measure,11216,19.054
224.559,measure,11217,19.781
224.603,measure,11219,43.867
224.619,measure,11220,16.681
224.620,measure,11220,0.697
224.639,measure,11221,18.588
224.659,measure,11222,20.128
224.703,measure,11224,43.935
224.719,measure,11225,16.200
224.719,measure,11225,0.650
224.738,measure,11226,18.785
224.759,measure,11227,20.394
224.805,measure,11229,46.421
224.820,measure,11230,14.629
224.820,measure,11230,0.714
224.839,measure,11231,18.221
224.858,measure,11232,19.761
224.902,measure,11234,43.846
224.922,measure,11235,19.632
224.937,measure,11236,15.068
224.938,measure,11236,0.727
224.959,measure,11237,21.554
224.978,measure,11238,19.304
224.983,measure,11238,4.346
225.019,measure,11240,36.635
225.039,measure,11241,19.106
225.058,measure,11242,19.483
225.078,measure,11243,20.372
225.107,measure,11243,28.819
225.136,measure,11246,29.240
225.137,measure,11246,0.754
225.160,measure,11247,23.156
225.178,measure,11248,17.521
225.201,measure,11249,23.037
225.219,measure,11250,17.808
225.238,measure,11251,19.197
225.260,measure,11252,21.955
225.278,measure,11253,17.831
225.283,measure,11253,5.095
225.319,measure,11255,36.190
225.338,measure,11256,18.588
225.358,measure,11257,20.694
225.378,measure,11258,19.466
225.383,measure,11258,4.932
225.419,measure,11260,35.904
225.438,measure,11261,18.948
225.457,measure,11262,19.615
225.478,measure,11263,20.379
225.482,measure,11263,4.240
225.517,measure,11265,35.685
225.537,measure,11266,19.700
225.557,measure,11267,20.154
225.578,measure,11268,20.200
225.582,measure,11268,4.319
225.618,measure,11270,36.041
225.638,measure,11271,20.005
225.657,measure,11272,19.045
225.677,measure,11273,20.204
225.706,measure,11273,28.951
225.737,measure,11276,31.189
225.738,measure,11276,0.733
225.757,measure,11277,18.873
225.777,measure,11278,20.109
225.800,measure,11278,23.352
225.818,measure,11280,18.075
225.837,measure,11281,18.193
225.857,measure,11282,19.904
225.878,measure,11283,21.057
225.883,measure,11283,5.226
225.920,measure,11285,36.724
225.936,measure,11286,16.951
225.957,measure,11287,20.839
225.979,measure,11288,21.876
225.982,measure,11288,2.667
226.036,measure,11291,53.646
226.036,measure,11291,0.732
226.058,measure,11292,22.037
226.077,measure,11293,18.350
226.083,measure,11293,6.128
226.121,measure,11295,37.776
226.136,measure,11296,15.609
226.157,measure,11297,20.692
226.176,measure,11298,19.586
226.183,measure,11298,6.394
226.218,measure,11300,35.659
226.236,measure,11301,17.693
226.257,measure,11302,20.458
226.277,measure,11303,20.803
226.283,measure,11303,5.358
226.319,measure,11305,36.087
226.336,measure,11306,17.348
226.356,measure,11307,20.216
226.376,measure,11308,19.760
226.383,measure,11308,6.655
226.436,measure,11311,53.424
226.437,measure,11311,0.666
226.457,measure,11312,20.535
226.476,measure,11313,18.916
226.483,measure,11313,6.324
226.518,measure,11315,34.796
226.536,measure,11316,18.308
226.556,measure,11317,19.989
226.576,measure,11318,20.089
226.582,measure,11318,6.118
226.619,measure,11320,36.744
226.636,measure,11321,17.136
226.656,measure,11322,20.130
226.676,measure,11323,20.399
226.683,measure,11323,6.292
226.722,measure,11325,39.062
226.739,measure,11326,17.663
226.756,measure,11327,16.942
226.777,measure,11328,20.686
226.806,measure,11328,29.282
226.820,measure,11330,13.164
226.836,measure,11331,16.024
226.857,measure,11332,20.971
226.877,measure,11333,20.344
226.883,measure,11333,5.943
226.918,measure,11335,34.978
226.936,measure,11336,18.414
226.956,measure,11337,19.548
226.976,measure,11338,20.110
227.001,measure,11338,25.604
227.019,measure,11340,17.416
227.037,measure,11341,17.735
227.056,measure,11342,19.302
227.076,measure,11343,20.081
227.083,measure,11343,6.792
227.136,measure,11346,53.031
227.137,measure,11346,0.700
227.156,measure,11347,19.182
227.176,measure,11348,20.201
227.183,measure,11348,6.871
227.218,measure,11350,34.927
227.236,measure,11351,18.274
227.256,measure,11352,20.184
227.276,measure,11353,19.584
227.301,measure,11353,25.740
227.319,measure,11355,17.228
227.336,measure,11356,17.200
227.356,measure,11357,19.952
227.376,measure,11358,20.141
227.383,measure,11358,6.802
227.436,measure,11361,53.501
227.437,measure,11361,0.736
227.459,measure,11362,21.817
227.475,measure,11363,16.585
227.483,measure,11363,7.411
227.500,measure,11364,17.303
227.537,measure,11366,36.752
227.556,measure,11367,18.971
227.575,measure,11368,19.118
227.583,measure,11368,7.777
227.600,measure,11369,17.443
227.636,measure,11371,35.970
227.656,measure,11372,20.070
227.677,measure,11373,20.797
227.703,measure,11373,26.146
227.722,measure,11375,18.318
227.739,measure,11376,17.833
227.756,measure,11377,16.793
227.777,measure,11378,20.799
227.806,measure,11378,29.495
227.820,measure,11380,13.224
227.836,measure,11381,16.196
227.855,measure,11382,19.479
227.876,measure,11383,20.937
227.900,measure,11383,23.916
227.918,measure,11385,17.570
227.936,measure,11386,18.705
227.956,measure,11387,19.973
227.977,measure,11388,20.285
227.983,measure,11388,6.066
228.019,measure,11390,36.092
228.037,measure,11391,17.831
228.056,measure,11392,19.034
228.076,measure,11393,20.267
228.106,measure,11393,30.392
228.136,measure,11396,29.634
228.137,measure,11396,0.692
228.156,measure,11397,19.248
228.176,measure,11398,20.108
228.183,measure,11398,6.646
228.218,measure,11400,34.863
228.236,measure,11401,18.299
228.255,measure,11402,19.490
228.276,measure,11403,21.068
228.282,measure,11403,5.327
228.319,measure,11405,36.980
228.336,measure,11406,17.375
228.356,measure,11407,19.667
228.376,measure,11408,19.906
228.405,measure,11408,29.778
228.436,measure,11411,30.667
228.437,measure,11411,0.676
228.458,measure,11412,20.855
228.477,measure,11413,18.874
228.483,measure,11413,6.175
228.518,measure,11415,34.897
228.536,measure,11416,18.248
228.556,measure,11417,19.983
228.576,measure,11418,20.108
228.583,measure,11418,6.854
228.619,measure,11420,36.027
228.636,measure,11421,17.473
228.656,measure,11422,19.705
228.676,measure,11423,20.261
228.683,measure,11423,6.473
228.722,measure,11425,38.923
228.739,measure,11426,17.806
228.756,measure,11427,16.204
228.778,measure,11428,21.873
228.782,measure,11428,4.271
228.819,measure,11430,37.584
228.836,measure,11431,16.156
228.856,measure,11432,20.838
228.877,measure,11433,20.234
228.883,measure,11433,6.187
228.918,measure,11435,34.938
228.936,measure,11436,18.380
228.956,measure,11437,20.149
228.976,measure,11438,20.135
228.983,measure,11438,6.317
229.019,measure,11440,36.020
229.036,measure,11441,17.504
229.056,measure,11442,20.175
229.077,measure,11443,20.589
229.106,measure,11443,28.559
229.136,measure,11446,30.894
229.137,measure,11446,0.729
229.158,measure,11447,20.310
229.177,measure,11448,19.034
229.182,measure,11448,5.302
229.218,measure,11450,35.805
229.236,measure,11451,18.176
229.255,measure,11452,19.606
229.276,measure,11453,21.056
229.282,measure,11453,5.318
229.319,measure,11455,36.969
229.336,measure,11456,17.007
229.356,measure,11457,20.102
229.376,measure,11458,20.115
229.383,measure,11458,6.767
229.422,measure,11460,38.990
229.440,measure,11461,17.779
229.458,measure,11462,18.132
229.477,measure,11463,19.467
229.483,measure,11463,5.566
229.519,measure,11465,36.682
229.535,measure,11466,15.997
229.556,measure,11467,20.932
229.576,measure,11468,20.047
229.600,measure,11468,23.641
229.618,measure,11470,17.609
229.636,measure,11471,18.512
229.656,measure,11472,19.875
229.676,measure,11473,20.017
229.683,measure,11473,6.710
229.719,measure,11475,36.137
229.737,measure,11476,17.657
229.757,measure,11477,20.147
229.776,measure,11478,19.088
229.782,measure,11478,6.116
229.836,measure,11481,54.342
229.837,measure,11481,0.698
229.858,measure,11482,20.807
229.877,measure,11483,19.045
229.883,measure,11483,5.878
229.918,measure,11485,35.080
229.936,measure,11486,18.310
229.956,measure,11487,20.073
229.976,measure,11488,20.071
230.002,measure,11489,25.904
230.019,measure,11490,16.732
230.036,measure,11491,17.325
230.056,measure,11492,20.049
230.077,measure,11493,20.660
230.104,measure,11493,26.698
230.122,measure,11495,18.238
230.139,measure,11496,17.563
230.155,measure,11497,15.861
230.177,measure,11498,21.728
230.219,measure,11500,42.232
230.220,measure,11500,0.720
230.241,measure,11501,20.781
230.255,measure,11502,14.400
230.276,measure,11503,21.231
230.283,measure,11503,6.412
230.317,measure,11505,34.762
230.336,measure,11506,18.293
230.355,measure,11507,19.277
230.376,measure,11508,21.210
230.383,measure,11508,6.512
230.419,measure,11510,35.976
230.436,measure,11511,17.075
230.456,measure,11512,20.057
230.476,measure,11513,20.412
230.483,measure,11513,6.436
230.540,measure,11516,56.987
230.541,measure,11516,0.808
230.555,measure,11517,14.913
230.577,measure,11518,21.883
230.583,measure,11518,5.422
230.620,measure,11520,36.870
230.636,measure,11521,16.188
230.656,measure,11522,20.234
230.675,measure,11523,19.325
230.682,measure,11523,6.477
230.718,measure,11525,36.010
230.736,measure,11526,18.390
230.756,measure,11527,20.032
230.776,measure,11528,19.458
230.782,measure,11528,6.027
230.819,measure,11530,37.233
230.837,measure,11531,17.917
230.856,measure,11532,19.158
230.876,measure,11533,20.359
230.883,measure,11533,6.353
230.936,measure,11536,53.417
230.937,measure,11536,0.987
230.957,measure,11537,19.497
230.976,measure,11538,19.198
231.001,measure,11539,25.207
231.018,measure,11540,16.534
231.036,measure,11541,18.683
231.056,measure,11542,19.962
231.076,measure,11543,19.296
231.082,measure,11543,6.254
231.119,measure,11545,37.104
231.136,measure,11546,17.328
231.156,measure,11547,19.994
231.176,measure,11548,19.456
231.182,measure,11548,6.133
231.236,measure,11551,54.317
231.237,measure,11551,0.712
231.258,measure,11552,20.718
231.277,measure,11553,19.137
231.283,measure,11553,6.035
231.318,measure,11555,34.912
231.336,measure,11556,17.944
231.356,measure,11557,20.834
231.377,measure,11558,20.133
231.383,measure,11558,6.227
231.419,measure,11560,35.985
231.436,measure,11561,17.391
231.456,measure,11562,20.311
231.477,measure,11563,20.584
231.482,measure,11563,4.778
231.521,measure,11565,39.238
231.539,measure,11566,18.389
231.556,measure,11567,16.968
231.577,measure,11568,20.821
231.583,measure,11568,5.498
231.637,measure,11571,54.077
231.638,measure,11571,0.710
231.656,measure,11572,18.433
231.676,measure,11573,20.467
231.683,measure,11573,6.328
231.718,measure,11575,35.383
231.737,measure,11576,18.872
231.757,measure,11577,19.837
231.777,measure,11578,19.661
231.783,measure,11578,6.343
231.819,measure,11580,36.537
231.836,measure,11581,16.671
231.856,measure,11582,20.385
231.877,measure,11583,20.890
231.883,measure,11583,5.385
231.936,measure,11586,52.860
231.936,measure,11586,0.720
231.958,measure,11587,21.555
231.976,measure,11588,18.309
231.983,measure,11588,6.562
232.018,measure,11590,35.522
232.037,measure,11591,19.036
232.057,measure,11592,19.242
232.077,measure,11593,20.733
232.083,measure,11593,5.477
232.119,measure,11595,36.333
232.137,measure,11596,17.759
232.157,measure,11597,19.730
232.177,measure,11598,20.879
232.182,measure,11598,4.371
232.220,measure,11600,38.420
232.238,measure,11601,17.750
232.257,measure,11602,18.800
232.276,measure,11603,19.412
232.283,measure,11603,6.588
232.337,measure,11606,53.982
232.337,measure,11606,0.705
232.356,measure,11607,18.547
232.377,measure,11608,20.494
232.383,measure,11608,6.301
232.418,measure,11610,35.396
232.436,measure,11611,18.240
232.457,measure,11612,20.483
232.477,measure,11613,19.612
232.482,measure,11613,5.318
232.519,measure,11615,37.524
232.536,measure,11616,16.725
232.556,measure,11617,20.008
232.577,measure,11618,20.727
232.604,measure,11618,27.292
232.636,measure,11621,31.485
232.636,measure,11621,0.703
232.658,measure,11622,21.931
232.677,measure,11623,18.271
232.683,measure,11623,6.214
232.718,measure,11625,35.488
232.737,measure,11626,18.684
232.756,measure,11627,19.018
232.776,measure,11628,20.440
232.782,measure,11628,5.456
232.819,measure,11630,37.610
232.836,measure,11631,16.712
232.857,measure,11632,20.463
232.878,measure,11633,20.905
232.883,measure,11633,5.270
232.921,measure,11635,38.646
232.939,measure,11636,17.682
232.956,measure,11637,17.351
232.977,measure,11638,20.925
232.982,measure,11638,4.400
233.037,measure,11641,55.056
233.038,measure,11641,0.714
233.056,measure,11642,18.412
233.076,measure,11643,20.511
233.083,measure,11643,6.293
233.118,measure,11645,35.553
233.137,measure,11646,18.871
233.157,measure,11647,19.679
233.175,measure,11648,18.608
233.183,measure,11648,7.314
233.219,measure,11650,36.023
233.236,measure,11651,16.857
233.256,measure,11652,20.151
233.276,measure,11653,20.041
233.282,measure,11653,5.971
233.340,measure,11656,57.837
233.340,measure,11656,0.742
233.356,measure,11657,15.979
233.376,measure,11658,19.798
233.383,measure,11658,6.565
233.420,measure,11660,36.765
233.436,measure,11661,16.129
233.456,measure,11662,20.332
233.476,measure,11663,20.094
233.483,measure,11663,6.702
233.518,measure,11665,34.973
233.536,measure,11666,18.502
233.557,measure,11667,20.349
233.577,measure,11668,20.193
233.602,measure,11669,25.242
233.619,measure,11670,17.016
233.636,measure,11671,17.419
233.656,measure,11672,19.148
233.676,measure,11673,20.827
233.683,measure,11673,6.298
233.736,measure,11676,53.088
233.737,measure,11676,0.686
233.756,measure,11677,19.313
233.776,measure,11678,19.845
233.783,measure,11678,7.050
233.818,measure,11680,34.837
233.836,measure,11681,18.373
233.856,measure,11682,20.121
233.876,measure,11683,19.906
233.883,measure,11683,6.782
233.919,measure,11685,36.062
233.936,measure,11686,17.299
233.957,measure,11687,20.395
233.977,measure,11688,20.681
234.005,measure,11688,27.617
234.036,measure,11691,30.919
234.036,measure,11691,0.731
234.058,measure,11692,21.394
234.076,measure,11693,17.891
234.083,measure,11693,6.959
234.118,measure,11695,34.899
234.136,measure,11696,18.242
234.156,measure,11697,19.677
234.177,measure,11698,21.054
234.183,measure,11698,6.172
234.219,measure,11700,36.078
234.236,measure,11701,17.370
234.256,measure,11702,20.249
234.277,measure,11703,20.669
234.283,measure,11703,5.641
234.322,measure,11705,38.852
234.339,measure,11706,17.669
234.356,measure,11707,16.886
234.377,measure,11708,20.734
234.406,measure,11708,29.333
234.420,measure,11710,13.290
234.436,measure,11711,16.207
234.456,measure,11712,20.172
234.476,measure,11713,19.980
234.483,measure,11713,6.869
234.518,measure,11715,35.030
234.536,measure,11716,18.385
234.556,measure,11717,19.813
234.576,measure,11718,20.115
234.582,measure,11718,5.700
234.619,measure,11720,37.156
234.637,measure,11721,17.808
234.656,measure,11722,18.756
234.677,measure,11723,21.655
234.683,measure,11723,5.560
234.736,measure,11726,52.800
234.736,measure,11726,0.694
234.757,measure,11727,20.308
234.777,measure,11728,19.995
234.782,measure,11728,5.329
234.818,measure,11730,35.786
234.836,measure,11731,18.295
234.856,measure,11732,19.620
234.876,measure,11733,20.514
234.883,measure,11733,6.729
234.919,measure,11735,35.972
234.936,measure,11736,17.375
234.956,measure,11737,19.694
234.976,measure,11738,20.143
234.983,measure,11738,6.779
235.036,measure,11741,53.368
235.037,measure,11741,0.699
235.058,measure,11742,20.862
235.077,measure,11743,19.015
235.083,measure,11743,5.982
235.118,measure,11745,34.919
235.136,measure,11746,18.508
235.156,measure,11747,20.066
235.176,measure,11748,20.014
235.183,measure,11748,6.562
235.219,measure,11750,36.153
235.236,measure,11751,17.238
235.256,measure,11752,20.052
235.277,measure,11753,20.855
235.283,measure,11753,5.630
235.321,measure,11755,38.751
235.339,measure,11756,17.828
235.356,measure,11757,16.776
235.377,measure,11758,20.571
235.382,measure,11758,5.201
235.436,measure,11761,54.323
235.437,measure,11761,0.763
235.456,measure,11762,19.234
235.476,measure,11763,20.090
235.482,measure,11763,5.613
235.518,measure,11765,35.690
235.536,measure,11766,18.407
235.556,measure,11767,20.064
235.576,measure,11768,20.092
235.583,measure,11768,6.635
235.619,measure,11770,36.021
235.636,measure,11771,17.281
235.656,measure,11772,20.085
235.676,measure,11773,20.317
235.683,measure,11773,6.298
235.736,measure,11776,53.465
235.737,measure,11776,0.720
235.758,measure,11777,20.608
235.776,measure,11778,18.881
235.782,measure,11778,5.663
235.818,measure,11780,35.634
235.836,measure,11781,18.333
235.856,measure,11782,20.061
235.876,measure,11783,20.304
235.883,measure,11783,6.375
235.919,measure,11785,36.063
235.936,measure,11786,17.291
235.956,measure,11787,20.157
235.977,measure,11788,20.724
235.982,measure,11788,4.764
236.021,measure,11790,39.699
236.039,measure,11791,17.670
236.056,measure,11792,16.804
236.077,measure,11793,20.743
236.082,measure,11793,5.094
236.120,measure,11795,37.722
236.136,measure,11796,16.078
236.156,measure,11797,19.972
236.177,measure,11798,21.114
236.201,measure,11799,24.505
236.218,measure,11800,16.687
236.236,measure,11801,18.389
236.256,measure,11802,20.132
236.276,measure,11803,19.431
236.282,measure,11803,6.013
236.319,measure,11805,37.110
236.337,measure,11806,17.711
236.356,measure,11807,19.078
236.376,measure,11808,20.143
236.382,measure,11808,5.926
236.436,measure,11811,53.989
236.436,measure,11811,0.668
236.456,measure,11812,19.228
236.475,measure,11813,19.685
236.483,measure,11813,7.356
236.518,measure,11815,34.861
236.536,measure,11816,18.435
236.556,measure,11817,19.973
236.576,measure,11818,20.058
236.602,measure,11819,26.196
236.619,measure,11820,16.576
236.636,measure,11821,17.533
236.657,measure,11822,20.350
236.677,measure,11823,20.689
236.683,measure,11823,5.370
236.736,measure,11826,52.895
236.736,measure,11826,0.733
236.757,measure,11827,21.079
236.777,measure,11828,19.060
236.782,measure,11828,5.293
236.817,measure,11830,35.637
236.836,measure,11831,18.417
236.856,measure,11832,20.068
236.876,measure,11833,20.027
236.883,measure,11833,6.788
236.919,measure,11835,35.997
236.936,measure,11836,17.212
236.956,measure,11837,19.816
236.976,measure,11838,20.139
236.982,measure,11838,5.882
237.022,measure,11840,39.937
237.039,measure,11841,17.696
237.055,measure,11842,15.919
237.077,measure,11843,21.795
237.082,measure,11843,4.650
237.120,measure,11845,37.733
237.136,measure,11846,16.043
237.155,measure,11847,19.817
237.176,measure,11848,21.098
237.183,measure,11848,6.257
237.218,measure,11850,35.138
237.236,measure,11851,18.456
237.256,measure,11852,20.012
237.277,measure,11853,20.161
237.282,measure,11853,5.298
237.319,measure,11855,36.929
237.337,measure,11856,17.920
237.357,measure,11857,19.938
237.377,measure,11858,20.800
237.383,measure,11858,5.351
237.436,measure,11861,53.256
237.437,measure,11861,0.705
237.456,measure,11862,18.959
237.477,measure,11863,21.395
237.483,measure,11863,5.609
237.518,measure,11865,34.880
237.536,measure,11866,18.180
237.556,measure,11867,20.044
237.576,measure,11868,20.219
237.583,measure,11868,6.748
237.619,measure,11870,35.962
237.636,measure,11871,17.484
237.656,measure,11872,20.200
237.677,measure,11873,20.705
237.683,measure,11873,5.652
237.736,measure,11876,53.015
237.736,measure,11876,0.733
237.758,measure,11877,21.036
237.776,measure,11878,18.918
237.783,measure,11878,6.239
237.818,measure,11880,34.849
237.836,measure,11881,17.969
237.856,measure,11882,20.093
237.876,measure,11883,20.752
237.883,measure,11883,6.402
237.919,measure,11885,35.989
237.936,measure,11886,17.321
237.955,measure,11887,19.324
237.977,measure,11888,21.624
237.983,measure,11888,5.726
238.022,measure,11890,38.958
238.039,measure,11891,17.722
238.057,measure,11892,17.666
238.076,measure,11893,19.102
238.082,measure,11893,5.631
238.119,measure,11895,37.520
238.136,measure,11896,16.388
238.156,measure,11897,19.957
238.176,measure,11898,20.101
238.183,measure,11898,6.954
238.218,measure,11900,35.088
238.236,measure,11901,18.076
238.256,measure,11902,20.139
238.276,measure,11903,20.192
238.283,measure,11903,6.521
238.319,measure,11905,36.323
238.337,measure,11906,17.826
238.356,measure,11907,19.238
238.377,measure,11908,20.612
238.406,measure,11908,29.497
238.436,measure,11911,29.334
238.436,measure,11911,0.667
238.456,measure,11912,19.945
238.476,measure,11913,20.081
238.483,measure,11913,6.409
238.517,measure,11915,34.753
238.536,measure,11916,18.557
238.556,measure,11917,19.915
238.576,measure,11918,20.038
238.583,measure,11918,6.789
238.619,measure,11920,35.917
238.636,measure,11921,17.377
238.656,measure,11922,20.166
238.676,measure,11923,19.956
238.683,measure,11923,6.627
238.736,measure,11926,52.897
238.736,measure,11926,0.716
238.756,measure,11927,19.968
238.777,measure,11928,20.667
238.782,measure,11928,4.757
238.819,measure,11930,37.636
238.835,measure,11931,16.071
238.857,measure,11932,21.036
238.877,measure,11933,20.206
238.883,measure,11933,6.028
238.918,measure,11935,34.913
238.936,measure,11936,18.365
238.956,measure,11937,20.193
238.976,measure,11938,20.079
238.983,measure,11938,6.442
239.019,measure,11940,36.149
239.037,measure,11941,17.731
239.057,measure,11942,20.285
239.076,measure,11943,19.156
239.083,measure,11943,6.701
239.136,measure,11946,53.716
239.137,measure,11946,0.708
239.158,measure,11947,20.405
239.177,measure,11948,18.911
239.182,measure,11948,5.298
239.218,measure,11950,35.871
239.236,measure,11951,18.282
239.256,measure,11952,19.745
239.277,measure,11953,21.055
239.301,measure,11953,24.583
239.319,measure,11955,17.403
239.336,measure,11956,17.243
239.356,measure,11957,19.719
239.375,measure,11958,19.515
239.382,measure,11958,6.481
239.422,measure,11960,40.015
239.439,measure,11961,17.692
239.458,measure,11962,18.352
239.477,measure,11963,19.558
239.506,measure,11963,28.786
239.519,measure,11965,13.083
239.536,measure,11966,17.190
239.557,measure,11967,20.179
239.576,measure,11968,19.586
239.583,measure,11968,6.578
